target,D,H,O,T,A_old,A_young,C_none,C_severe
9,7.46049498769272,-1,332.60675603439,4805.05336178205,1,0,0,0
3,0.0,1,53.6678320738615,279.334771657558,0,1,1,0
4,0.0,1,76.1755836839142,320.849127079586,0,1,1,0
9,6.86533493709177,-1,321.899687017389,2641.19280394782,1,0,1,0
0,0.0,1,185.127950213858,341.51068998908,0,0,0,0
9,8.94629314504934,-1,314.862343591176,5487.7493565723,1,0,0,0
3,0.0,1,156.445608815275,373.936474455928,0,0,1,0
4,0.0,1,177.480801050571,427.46499148323,0,0,1,0
3,0.0,1,64.6845434846259,282.991456153234,0,1,1,0
3,0.0,1,70.167989361738,277.207374769393,0,1,1,0
6,0.0,1,342.913575373812,608.937541097825,1,0,1,0
9,6.45194794686463,-1,353.96797807722,2559.95995908172,1,0,1,0
4,0.0,1,54.0044760533497,293.79742764593,0,1,1,0
8,6.02669132045254,-1,330.117774851951,2359.33400500872,1,0,1,0
7,0.0,1,351.76001801773,641.892886381837,1,0,1,0
5,0.0,1,67.8989808629384,317.552423172681,0,1,1,0
2,0.0,1,179.874711825319,409.805886356926,0,0,1,0
0,0.0,1,342.272366256578,529.592615671469,1,0,1,0
5,0.0,1,190.759739374358,441.33679580323,0,0,1,0
9,4.77071556330791,-1,154.189534971889,4089.37261243383,0,0,0,1
9,5.9192531215961,-1,434.623145728153,4071.77827979044,1,0,0,0
1,0.0,1,148.783839323376,351.191519005689,0,0,1,0
3,0.0,1,275.681694248066,507.873478805235,1,0,1,0
5,0.0,1,377.782541267428,654.530721823297,1,0,1,0
6,0.0,1,186.940614282042,475.169100324148,0,0,0,0
4,0.0,1,58.3096969289843,306.269525060451,0,1,1,0
0,0.0,1,62.9865436042547,214.186781007984,0,1,1,0
2,0.0,1,167.949058685893,385.468665308398,0,0,1,0
4,0.0,1,403.786442027816,657.647265636094,1,0,1,0
6,0.0,1,195.391440975692,470.623222205836,0,0,1,0
0,0.0,1,173.70395357357,253.157940920388,0,0,0,1
8,2.49558877436253,-1,165.083003489713,1152.34358246278,0,0,1,0
3,0.0,1,53.4102985858686,281.642696546885,0,1,1,0
2,0.0,1,40.9470838425965,241.864684072262,0,1,1,0
2,0.0,1,168.503456205359,390.864455140464,0,0,1,0
5,0.0,1,66.9004791698346,293.957222344678,0,1,1,0
1,0.0,1,323.275084947431,547.817850728835,1,0,0,0
2,0.0,1,373.401814161895,587.46477343479,1,0,0,0
8,3.2363800051507,-1,391.240063138563,2453.7248361433,1,0,0,0
6,0.0,1,153.014897004242,406.460527392577,0,0,0,1
5,0.0,1,196.037522658378,457.981894566928,0,0,1,0
3,0.0,1,147.210455430261,372.083883191595,0,0,1,0
4,0.0,1,205.800664878266,437.827661305489,0,0,1,0
9,8.39809857115879,-1,397.142083711219,3233.04088805234,1,0,1,0
2,0.0,1,70.8293664793992,267.209482053644,0,1,1,0
9,5.18598869243364,-1,180.094268431554,3341.16263490903,0,0,0,0
3,0.0,1,405.527694287365,643.26710326125,1,0,0,0
6,0.0,1,365.132586707549,618.994981067264,1,0,0,0
0,0.0,1,194.056206334812,366.237815453558,0,0,0,0
4,0.0,1,56.9468702662966,292.542120849754,0,1,1,0
3,0.0,1,181.791300863147,422.505859691624,0,0,1,0
2,0.0,1,349.776089730439,566.366568935647,1,0,1,0
6,0.0,1,357.651236820329,632.085179257808,1,0,0,0
5,0.0,1,45.4537198616705,270.427036638905,0,1,1,0
2,0.0,1,172.943120127045,387.197866448248,0,0,1,0
4,0.0,1,199.603903079514,430.864512632268,0,0,1,0
6,0.0,1,159.29796557112,437.798867631448,0,0,1,0
9,7.63927152573749,-1,363.416517312949,4798.51545345319,1,0,0,0
0,0.0,1,65.2132223766012,198.518360967018,0,1,1,0
7,0.0,1,58.2913249603005,354.304398004879,0,1,1,0
1,0.0,1,195.271226741973,386.534136046704,0,0,1,0
1,0.0,1,77.2019338853123,263.841659266568,0,1,1,0
7,0.0,1,185.307767114557,488.454489690605,0,0,1,0
8,2.84863550334097,-1,212.729212085374,1345.31663678962,0,0,1,0
6,0.0,1,71.5262130607858,336.036890537905,0,1,1,0
5,0.0,1,54.0227961514247,305.844779999951,0,1,1,0
6,0.0,1,402.394530609674,704.388895378989,1,0,0,0
6,0.0,1,61.4589510642437,332.386602871345,0,1,1,0
8,4.95136361933359,-1,187.351596651986,1888.49604879352,0,0,1,0
8,3.49063242569684,-1,178.082584223311,1497.1084992302,0,0,1,0
4,0.0,1,149.570029455587,402.880166489725,0,0,1,0
2,0.0,1,62.4002349190738,259.666647489287,0,1,1,0
1,0.0,1,55.7628752003637,249.998929901068,0,1,1,0
8,3.72295547521461,-1,193.912847057719,1566.89401579697,0,0,1,0
8,3.60943066265168,-1,169.064085690723,1431.71336748584,0,0,1,0
7,0.428986374033321,-1,42.8547229677483,413.334110234315,0,1,1,0
4,0.0,1,191.638081080157,430.080750198069,0,0,1,0
0,0.0,1,169.736626158257,353.918812562011,0,0,1,0
2,0.0,1,181.09162356044,391.345162489841,0,0,1,0
2,0.0,1,60.5306602213392,284.994187988958,0,1,1,0
8,4.77527910853485,-1,124.515377492244,1820.39689867913,0,0,1,0
5,0.0,1,351.898989235759,615.244392316236,1,0,0,0
1,0.0,1,52.5467917358717,228.230564697813,0,1,1,0
5,0.0,1,52.4643632360702,285.40457018488,0,1,1,0
0,0.0,1,201.683633828092,400.016514897246,0,0,1,0
8,5.33684540150883,-1,158.314517261772,2049.47880335084,0,0,1,0
6,0.0,1,143.573405943723,409.181683098158,0,0,0,0
9,7.3125401962023,-1,367.873792814413,6563.5632378532,1,0,0,1
0,0.0,1,186.04430423617,366.047425441057,0,0,1,0
7,0.0,1,64.478741659164,353.845900530688,0,1,1,0
9,8.73283896024527,-1,309.067537778278,5482.64633737667,1,0,0,0
3,0.0,1,53.5990517817908,280.92117774618,0,1,1,0
1,0.0,1,340.459494658201,541.099922631136,1,0,0,0
0,0.0,1,85.6818374346143,272.673321678948,0,1,1,0
1,0.0,1,156.809319460251,368.865669466185,0,0,1,0
3,0.0,1,337.877618036865,569.251917005064,1,0,1,0
9,8.1399537037904,-1,350.224504390723,5112.98971544223,1,0,0,0
7,0.0,1,57.2540611041434,317.638813009018,0,1,0,0
3,0.0,1,68.8759528969514,296.556856978504,0,1,1,0
3,0.0,1,55.8770234126665,262.879084877356,0,1,1,0
0,0.0,1,187.168009821343,366.584573894913,0,0,1,0
2,0.0,1,55.5054390121991,271.450937663977,0,1,0,0
4,0.0,1,200.347609419897,447.754921123477,0,0,0,0
4,0.0,1,175.696147982669,416.25067721489,0,0,1,0
4,0.0,1,47.7334107121793,294.458714826731,0,1,1,0
5,0.0,1,62.0384738151165,303.727337288015,0,1,1,0
7,0.0,1,80.5322440836338,375.563079522566,0,1,1,0
2,0.0,1,409.755712489371,641.251341561854,1,0,0,0
3,0.0,1,326.298550637919,550.126777479644,1,0,0,0
2,0.0,1,192.871922574423,409.072936225776,0,0,1,0
1,0.0,1,386.882557712331,602.390033366417,1,0,0,0
1,0.0,1,72.083089916057,269.461692941887,0,1,1,0
3,0.0,1,185.228340272516,412.315380558589,0,0,1,0
0,0.0,1,366.171965240831,540.704099346475,1,0,0,0
2,0.0,1,177.603603125091,388.424807182308,0,0,1,0
6,0.0,1,180.003793929804,443.882214622247,0,0,1,0
3,0.0,1,197.623706404146,425.059706142555,0,0,1,0
3,0.0,1,70.9796720589679,288.818579256204,0,1,1,0
3,0.0,1,211.138754878679,419.727738067214,0,0,1,0
5,0.0,1,181.573910648452,448.441770358426,0,0,1,0
9,4.70222161921319,-1,342.472646077507,3117.20221561275,1,0,0,0
3,0.0,1,74.8453606181983,303.680539709394,0,1,1,0
1,0.0,1,54.2315712921451,257.292600338973,0,1,1,0
7,0.0,1,152.490485554325,509.547429013905,0,0,0,0
6,0.0,1,54.4782062253173,331.076643581497,0,1,1,0
3,0.0,1,167.657028614208,388.81155970286,0,0,1,0
3,0.0,1,156.481446244909,371.143735616159,0,0,1,0
7,0.0,1,182.263326822727,476.617550582157,0,0,1,0
3,0.0,1,350.405431226468,585.323806484472,1,0,0,0
5,0.0,1,362.870045200525,621.448211321717,1,0,1,0
9,6.20568475430474,-1,421.481353477216,4087.77806981462,1,0,0,0
9,11.4493627862835,-1,343.471939573287,6988.29395772514,1,0,0,0
9,6.94532159131072,-1,335.825471821746,2666.47197354845,1,0,1,0
3,0.0,1,307.196046352577,520.238949364841,1,0,1,0
3,0.0,1,210.732742798028,455.071236228922,0,0,1,0
0,0.0,1,72.9460950012085,267.283217091867,0,1,1,0
3,0.0,1,56.6398808649307,290.721778742551,0,1,1,0
3,0.0,1,157.244141945033,369.95028281598,0,0,1,0
5,0.0,1,42.8159660423963,296.340559427339,0,1,1,0
5,0.0,1,362.187609066342,618.795854869705,1,0,1,0
8,4.32675024361167,-1,196.024115699393,1738.81545053968,0,0,1,0
4,0.0,1,204.516345149063,445.415592080545,0,0,1,0
2,0.0,1,163.814731807267,396.655535804895,0,0,1,0
3,0.0,1,189.076070086994,419.415929233909,0,0,1,0
4,0.0,1,221.86858998918,473.341734557975,0,0,1,0
4,0.0,1,369.553525193687,598.943948297727,1,0,1,0
0,0.0,1,59.6543433193628,218.712871489826,0,1,1,0
7,0.0,1,360.809193871011,641.21123033246,1,0,0,0
4,0.0,1,62.6983788314721,295.989471177821,0,1,1,0
5,0.0,1,200.546433538759,438.309074279596,0,0,1,0
6,0.0,1,175.363112509987,439.618718250371,0,0,0,0
4,0.0,1,173.58767159728,412.535675687568,0,0,1,0
5,0.0,1,163.094584782277,423.060163359868,0,0,1,0
2,0.0,1,207.50243161647,419.288244500479,0,0,1,0
3,0.0,1,159.033035973708,385.618887647237,0,0,1,0
9,7.54064777022525,-1,373.652976917293,4818.35719939784,1,0,0,0
6,0.0,1,168.407938604302,453.672888338042,0,0,1,0
7,0.0,1,413.354777279265,707.850329299378,1,0,1,0
6,0.0,1,83.9260165123743,342.23738159192,0,1,1,0
5,0.0,1,169.461134714089,405.530169390706,0,0,1,0
3,0.0,1,50.7750166100801,289.097669661517,0,1,1,0
2,0.0,1,57.3118472052026,271.64914263172,0,1,1,0
3,0.0,1,56.454461937908,281.078469589495,0,1,1,0
9,6.22729129722208,-1,390.396291608192,4033.13514356657,1,0,0,0
8,4.95533950991326,-1,180.706293832294,1927.39335866103,0,0,1,0
5,0.0,1,172.137147090851,439.316899646796,0,0,1,0
9,7.23955773608139,-1,393.494666570771,4776.07325756984,1,0,0,0
4,0.0,1,182.110437395619,434.941982715771,0,0,1,0
1,0.0,1,67.3894115102489,263.022816095266,0,1,1,0
1,0.0,1,67.8962341873785,256.023477091305,0,1,1,0
4,0.0,1,399.439584095949,644.868286149831,1,0,0,0
8,4.14679316129105,-1,147.062871202427,1651.38276142286,0,0,1,0
5,0.0,1,61.9299602900919,307.777938709163,0,1,1,0
6,0.0,1,174.287103984329,435.391990570657,0,0,0,0
0,0.0,1,59.2671388234018,234.257636145099,0,1,1,0
3,0.0,1,57.7690739179772,305.563168389734,0,1,1,0
8,2.1856663908586,-1,60.9000644314807,948.414598669671,0,1,1,0
0,0.0,1,338.955262589648,515.621978712977,1,0,0,0
2,0.0,1,79.1343559218085,305.40054117853,0,1,1,0
1,0.0,1,52.2423603483904,258.685828677019,0,1,1,0
0,0.0,1,65.6309103333317,247.899619997928,0,1,1,0
0,0.0,1,154.895592821404,339.956277990187,0,0,1,0
7,1.61827251436076,-1,66.6777321976699,808.17283650626,0,1,1,0
6,0.0,1,67.1340186495354,339.094783037308,0,1,1,0
0,0.0,1,172.075420935733,351.66108356304,0,0,1,0
8,3.70891860633877,-1,212.026844845721,1549.37738071512,0,0,1,0
0,0.0,1,156.962546254124,305.474497868277,0,0,0,0
9,4.54879778820738,-1,178.600061394604,4023.33129395987,0,0,0,1
5,0.0,1,201.109383038035,458.613089736155,0,0,1,0
5,0.0,1,346.010632205321,604.140131886386,1,0,0,0
0,0.0,1,58.6598690355494,223.658565676161,0,1,1,0
8,5.00901558967967,-1,145.49358559194,1999.59873483943,0,0,1,0
1,0.0,1,344.980145608768,566.259897326231,1,0,0,0
6,0.0,1,161.912345451182,433.994166690208,0,0,0,0
8,2.25681397204274,-1,130.993266418343,1060.32611523443,0,0,1,0
4,0.0,1,192.936109587376,445.248610660116,0,0,1,0
5,0.0,1,53.9982585494399,312.339776392307,0,1,1,0
5,0.0,1,388.055436752158,633.466770069394,1,0,1,0
6,0.0,1,205.130201027908,461.387950331184,0,0,1,0
8,4.62752347919539,-1,193.434151465858,1859.51404482289,0,0,1,0
0,0.0,1,421.056320615172,560.8062963244,1,0,0,1
6,0.0,1,57.2966367855998,282.120574440108,0,1,1,0
7,0.0,1,66.3019337216853,361.913362796763,0,1,1,0
7,0.0,1,350.442197541041,681.766678910225,1,0,0,0
1,0.0,1,155.32985556915,338.096790649507,0,0,1,0
9,8.06577691897037,-1,349.733448777569,5102.35808028226,1,0,0,0
4,0.0,1,185.492677222004,410.452568284144,0,0,1,0
7,0.0,1,162.912946631252,442.482609866019,0,0,0,0
4,0.0,1,157.436184083948,390.513847011201,0,0,1,0
9,7.21483391910743,-1,404.295955330162,2797.66714326936,1,0,1,0
6,0.0,1,194.114231946902,460.467350569707,0,0,1,0
1,0.0,1,165.680332066268,356.820608672846,0,0,0,1
4,0.0,1,181.848204435909,415.380500983644,0,0,1,0
7,0.0,1,50.8685106464231,337.282168221682,0,1,1,0
2,0.0,1,47.3865333605375,255.704846505223,0,1,1,0
7,0.0,1,58.4878254633106,353.274982096004,0,1,1,0
7,0.0,1,185.910439781286,480.02867563108,0,0,0,0
2,0.0,1,337.395023671965,560.243031235754,1,0,1,0
8,4.55682554563178,-1,200.367125601985,1850.11537227914,0,0,1,0
1,0.0,1,70.8074876402123,254.506840706644,0,1,1,0
5,0.0,1,53.2587909623302,295.002672232904,0,1,1,0
6,0.0,1,41.8815814425993,315.595733238955,0,1,1,0
1,0.0,1,60.8122370230929,242.780939486228,0,1,1,0
1,0.0,1,184.692406770378,384.005611306303,0,0,0,0
6,0.0,1,158.044219830426,420.40110327498,0,0,1,0
6,0.0,1,195.287339852,455.177108183785,0,0,1,0
2,0.0,1,54.5332693327273,262.777049198918,0,1,0,0
4,0.0,1,201.580911855787,435.900956226147,0,0,1,0
0,0.0,1,172.479290257878,340.755562435259,0,0,0,0
0,0.0,1,351.273764773471,541.429458285494,1,0,1,0
2,0.0,1,66.7584052654516,282.736561818279,0,1,1,0
4,0.0,1,57.4971429421673,304.959730797344,0,1,1,0
0,0.0,1,59.5619012074993,215.845079506584,0,1,1,0
4,0.0,1,81.7321732121383,315.285054238343,0,1,1,0
2,0.0,1,216.053981633331,436.194505249627,0,0,1,0
0,0.0,1,167.016082367438,334.240567472004,0,0,0,0
4,0.0,1,66.884670539796,291.643148095247,0,1,1,0
7,1.21598625476052,-1,69.6771904931599,638.933622416052,0,1,1,0
0,0.0,1,208.512186660735,382.466654619973,0,0,1,0
6,0.0,1,76.1214400664768,335.827778605231,0,1,1,0
9,6.46777911389933,-1,403.314247714093,2580.70761440882,1,0,1,0
7,0.754387974005867,-1,62.0565301159762,549.139561756536,0,1,1,0
1,0.0,1,65.2355606822531,239.647576966742,0,1,1,0
5,0.0,1,196.554539247782,443.969603502439,0,0,1,0
4,0.0,1,70.9164812647547,319.467728778559,0,1,1,0
1,0.0,1,171.187611815468,376.05568059048,0,0,1,0
9,7.24771954265253,-1,376.241332609943,2884.35571583402,1,0,1,0
2,0.0,1,52.6162629779104,258.872660878039,0,1,1,0
5,0.0,1,53.2186594508449,303.852045358686,0,1,1,0
1,0.0,1,49.5812124321711,248.787473577987,0,1,1,0
5,0.0,1,201.312524316226,451.085638192288,0,0,1,0
1,0.0,1,75.3034777244496,268.792595245115,0,1,1,0
7,0.265292122702806,-1,51.3943423631324,350.779073438248,0,1,1,0
2,0.0,1,204.776288114133,430.320850708474,0,0,1,0
6,0.0,1,55.5644737962059,304.642035737177,0,1,1,0
9,7.63913513105532,-1,354.994595330536,4846.52212451312,1,0,0,0
0,0.0,1,346.411822550533,533.101787294399,1,0,0,0
5,0.0,1,68.0409343933493,306.655230506833,0,1,1,0
3,0.0,1,181.332359603465,416.971084618664,0,0,1,0
7,0.0,1,171.120491975509,512.720774153318,0,0,0,0
9,7.04838155919749,-1,367.800048723174,4608.98462666226,1,0,0,0
6,0.0,1,76.7835388007862,351.135735027746,0,1,0,0
5,0.0,1,57.459028877552,297.017997193613,0,1,1,0
4,0.0,1,382.878364082228,641.611563235656,1,0,0,0
3,0.0,1,201.154199777527,424.457162791114,0,0,1,0
3,0.0,1,51.9606192802482,282.461695881778,0,1,1,0
7,0.690774357589526,-1,65.8931278880466,501.213051207068,0,1,1,0
0,0.0,1,55.9539513913459,228.39737842687,0,1,1,0
7,0.564235402482932,-1,71.4179126467063,465.3854954852,0,1,1,0
3,0.0,1,68.0138058566605,272.968264164924,0,1,1,0
6,0.0,1,36.4458311003162,309.366270656313,0,1,1,0
2,0.0,1,46.6962744752535,255.078143415746,0,1,1,0
6,0.0,1,56.1200949165092,322.53549158468,0,1,1,0
8,3.84990236866649,-1,163.004703944271,1579.21618493918,0,0,1,0
0,0.0,1,72.0412376782404,234.16991166715,0,1,1,0
7,0.267969349453017,-1,62.7088863883586,397.38360155008,0,1,1,0
8,5.38146317672752,-1,189.52661221463,2117.65734043466,0,0,1,0
9,6.37065143923696,-1,408.213335870879,2590.89327878523,1,0,1,0
4,0.0,1,50.448505771444,288.944599172113,0,1,1,0
7,0.0,1,357.196026064003,650.76191355116,1,0,0,0
7,0.0,1,52.1119138441936,345.844567450806,0,1,1,0
5,0.0,1,56.3854592511542,305.918251336012,0,1,1,0
8,4.72271202762321,-1,154.667028709837,1876.73862648577,0,0,1,0
3,0.0,1,49.5743348092826,263.942998588228,0,1,1,0
0,0.0,1,153.489668844853,309.37799910827,0,0,0,1
6,0.0,1,64.1143481589637,334.436421609012,0,1,1,0
8,3.52280431039179,-1,192.195677427082,1529.5296009183,0,0,1,0
5,0.0,1,68.4486694259684,324.294019658163,0,1,0,0
4,0.0,1,187.211079344754,435.393336224811,0,0,1,0
5,0.0,1,66.1395592869918,309.442421342979,0,1,0,0
0,0.0,1,61.6746313596932,236.113540238431,0,1,1,0
4,0.0,1,58.6374187425401,289.472250696093,0,1,1,0
7,0.0,1,192.633590613819,510.484879786723,0,0,0,0
4,0.0,1,127.64325160808,359.169566267211,0,0,1,0
2,0.0,1,177.324755091834,400.269984802715,0,0,1,0
3,0.0,1,173.695988537249,392.349564941971,0,0,1,0
6,0.0,1,373.7907934175,656.630961214002,1,0,1,0
6,0.0,1,49.0507423472431,328.71511013487,0,1,1,0
1,0.0,1,62.9425158061552,258.783793818761,0,1,1,0
3,0.0,1,63.9050147457571,293.706253692423,0,1,1,0
2,0.0,1,55.0037911460951,253.770302260617,0,1,1,0
8,2.35017239405287,-1,158.090913966149,1126.07598244317,0,0,1,0
1,0.0,1,194.291600845806,385.688572433635,0,0,1,0
0,0.0,1,169.146739254914,368.376237048096,0,0,0,0
4,0.0,1,56.4232727149286,259.71783717816,0,1,1,0
0,0.0,1,74.75120411579,231.658168539336,0,1,1,0
6,0.0,1,191.593158628066,465.984871040044,0,0,1,0
6,0.0,1,181.338277572502,447.931721797675,0,0,1,0
2,0.0,1,175.749975914184,388.789886454958,0,0,1,0
1,0.0,1,197.326298370684,400.589539240859,0,0,1,0
6,0.0,1,203.628218854516,463.938180133072,0,0,1,0
5,0.0,1,38.4283226407003,271.238667457675,0,1,1,0
4,0.0,1,59.3159596056119,306.309536327602,0,1,1,0
8,3.80344851583451,-1,190.626806934232,1637.70528957206,0,0,1,0
7,0.760800835594595,-1,73.2109363949373,725.869985888937,0,1,0,0
0,0.0,1,139.553700860139,336.327883552252,0,0,1,0
9,7.1042728104461,-1,247.220025861305,4518.01714551421,1,0,0,0
0,0.0,1,165.05720398239,348.846347315031,0,0,1,0
3,0.0,1,155.757524920137,375.134266017955,0,0,1,0
9,7.82072452627866,-1,347.338586461823,3017.89842387882,1,0,1,0
0,0.0,1,378.138617656938,563.312184270173,1,0,0,0
6,0.0,1,52.567489792124,317.86347598842,0,1,1,0
1,0.0,1,192.788700183105,399.9162704212,0,0,1,0
9,8.11378747384713,-1,375.154231699879,5180.48032351321,1,0,0,0
0,0.0,1,182.939703122031,375.208863110541,0,0,1,0
4,0.0,1,54.8884136986143,298.405100277309,0,1,1,0
6,0.0,1,309.276329889206,582.817615872421,1,0,1,0
9,7.22230222333789,-1,428.261620467211,2871.96559942792,1,0,1,0
7,0.0,1,197.606870962729,547.549268496532,0,0,0,0
9,7.74773340486886,-1,356.028809322383,2972.68419494928,1,0,1,0
1,0.0,1,168.997807637167,374.47356189994,0,0,1,0
3,0.0,1,48.4358072004426,279.9712418163,0,1,1,0
1,0.0,1,45.3429883552957,218.987250106715,0,1,0,0
8,2.71579064261377,-1,171.364095281523,1254.46779278282,0,0,1,0
8,4.44027636814514,-1,180.845699792455,1804.23799016234,0,0,1,0
3,0.0,1,190.752274745004,408.054019509604,0,0,1,0
7,0.0,1,329.171905931921,690.237773146647,1,0,0,0
5,0.0,1,49.0899437468904,301.003573879739,0,1,1,0
7,0.869197788417105,-1,69.6865279611369,586.1202057165,0,1,1,0
6,0.0,1,56.0223515930807,330.424495156041,0,1,1,0
6,0.0,1,185.954240877313,428.290087011612,0,0,1,0
5,0.0,1,187.874599803973,420.46391255982,0,0,1,0
8,3.41457760176572,-1,163.455540505106,1452.51124975381,0,0,1,0
8,4.53853656555321,-1,194.406845500701,1818.47994976376,0,0,1,0
5,0.0,1,164.723072852987,382.866238566504,0,0,1,0
2,0.0,1,53.3879022497822,259.537586811797,0,1,1,0
1,0.0,1,54.7488946676149,247.335972509386,0,1,1,0
7,0.0,1,175.718742929838,486.874576041935,0,0,1,0
9,10.9376687549929,-1,371.424582566944,3966.92882936547,1,0,1,0
4,0.0,1,73.345840797807,319.709575987426,0,1,1,0
0,0.0,1,187.409033963789,390.088557421294,0,0,1,0
5,0.0,1,174.942569948889,414.160643545642,0,0,1,0
3,0.0,1,314.216330409759,557.004017209309,1,0,1,0
1,0.0,1,175.182309078294,362.622532228846,0,0,0,0
6,0.0,1,53.5306718748689,309.937514756235,0,1,1,0
1,0.0,1,183.707384135415,396.85535642439,0,0,1,0
8,5.86005468458373,-1,355.294061161362,2404.81236187783,1,0,1,0
4,0.0,1,447.330419453435,690.316046723295,1,0,0,0
4,0.0,1,172.18115068627,399.099886768117,0,0,1,0
7,0.0,1,164.379282729924,462.621549491749,0,0,1,0
2,0.0,1,65.4867047346455,285.574928172934,0,1,1,0
7,0.0,1,61.1549640296274,320.858979133403,0,1,1,0
6,0.0,1,65.7542831368028,313.101559984298,0,1,1,0
4,0.0,1,204.144691583241,451.671939159328,0,0,0,0
3,0.0,1,372.03614177814,598.175766947249,1,0,0,0
5,0.0,1,190.618440999298,441.319564249235,0,0,1,0
1,0.0,1,177.289418087399,378.692180127553,0,0,1,0
0,0.0,1,363.133996617307,547.802291738988,1,0,0,0
5,0.0,1,173.245270553062,445.331438287973,0,0,1,0
7,0.0,1,177.864338200091,478.220761689409,0,0,1,0
8,3.31419513639413,-1,195.130842472887,1459.71789050019,0,0,1,0
5,0.0,1,58.2703776488041,310.954994804907,0,1,1,0
3,0.0,1,201.082854713535,438.962356134045,0,0,1,0
9,7.55539531253573,-1,397.752452533428,4955.47436111891,1,0,0,0
6,0.0,1,48.066678931168,323.721490740478,0,1,1,0
0,0.0,1,74.9975490739683,223.977248433443,0,1,0,0
4,0.0,1,65.9497913270678,287.180712664872,0,1,1,0
0,0.0,1,169.562337485421,319.627413525094,0,0,1,0
5,0.0,1,47.2357440641605,293.741102879179,0,1,0,0
7,0.0,1,55.0694784613572,370.655636150554,0,1,0,0
5,0.0,1,52.7683596907109,301.939112235957,0,1,1,0
4,0.0,1,73.5326190941769,298.702357285759,0,1,1,0
6,0.0,1,202.301856801652,461.609416785667,0,0,1,0
2,0.0,1,175.276987732217,380.827138751406,0,0,1,0
8,2.60189847347267,-1,181.91231185202,1235.0847611116,0,0,1,0
7,0.0,1,186.062445724314,478.549421356567,0,0,1,0
1,0.0,1,188.986235481764,387.46121517484,0,0,1,0
9,9.15429969520689,-1,387.64727794295,5830.89280577927,1,0,0,0
2,0.0,1,175.246567912313,413.226583044234,0,0,1,0
3,0.0,1,52.0141644628515,259.232515527177,0,1,1,0
1,0.0,1,196.75353772594,408.969525393107,0,0,1,0
6,0.0,1,58.8583820407682,318.406745776555,0,1,1,0
0,0.0,1,59.9872926918785,252.236720377627,0,1,0,0
5,0.0,1,45.5810911026741,291.927109567427,0,1,1,0
4,0.0,1,330.722933689938,566.552354342313,1,0,0,0
3,0.0,1,44.7467356573268,253.236648797376,0,1,1,0
9,7.51593558494562,-1,378.579748231739,2941.92495275542,1,0,1,0
6,0.0,1,189.798250904853,488.153680807504,0,0,1,0
4,0.0,1,282.702768662167,524.872729503895,1,0,0,0
7,1.71893398822185,-1,56.4970816303408,761.468466888525,0,1,1,0
7,0.0,1,169.011019101709,449.032977349603,0,0,1,0
9,4.32807750684469,-1,187.149126042215,2836.31401825722,0,0,0,0
2,0.0,1,372.807473577132,594.59972114058,1,0,0,0
5,0.0,1,55.9017076970466,288.402471859823,0,1,1,0
8,3.96078957887519,-1,184.272082315755,1614.4910167865,0,0,1,0
8,5.65152943375054,-1,177.235363885929,2148.17004074598,0,0,1,0
7,1.27767914261891,-1,57.5392297119518,687.089140962365,0,1,1,0
3,0.0,1,173.076214290029,381.494798281693,0,0,1,0
1,0.0,1,183.827694077447,376.17575936421,0,0,1,0
9,7.39635776451005,-1,357.55584519737,4691.91813161342,1,0,0,0
1,0.0,1,209.877196274008,401.917557867116,0,0,1,0
6,0.0,1,375.620865333992,645.534014019141,1,0,1,0
4,0.0,1,211.21426617742,457.013436307103,0,0,1,0
7,1.01491539672381,-1,77.9299216116549,611.919301997883,0,1,1,0
9,5.96844925686504,-1,409.521697646863,4085.24923953395,1,0,0,0
8,4.52737725768068,-1,188.754461630213,1817.42870439237,0,0,1,0
3,0.0,1,198.20749095137,426.683639552691,0,0,1,0
8,1.42222479966039,-1,53.9974322943419,1040.0254837193,0,1,0,0
2,0.0,1,66.8334920745828,272.110510736405,0,1,1,0
8,3.72982022427692,-1,198.348068856917,1544.46294006119,0,0,1,0
0,0.0,1,198.150369831429,366.671669567653,0,0,0,1
3,0.0,1,52.7402735353119,255.764188723931,0,1,1,0
1,0.0,1,186.976099338201,378.486906155982,0,0,1,0
5,0.0,1,55.3781769561948,294.796895328377,0,1,1,0
7,0.0,1,159.532135174261,467.772854773996,0,0,0,0
8,4.23000428552417,-1,217.031379952502,1754.98511408352,0,0,1,0
2,0.0,1,58.6504764543044,279.247877465555,0,1,1,0
1,0.0,1,82.9246116805479,278.838790568659,0,1,1,0
8,3.98177697558625,-1,177.533314894695,1591.93069366396,0,0,1,0
0,0.0,1,66.6162123540767,258.864787360172,0,1,1,0
3,0.0,1,178.68355577278,412.67002964407,0,0,1,0
6,0.0,1,351.299709505644,624.625941053969,1,0,1,0
2,0.0,1,54.0759494459065,259.336945146256,0,1,1,0
8,4.98920976181554,-1,303.707419040682,2039.91923034247,1,0,1,0
6,0.0,1,50.4717711105985,291.413318721756,0,1,1,0
1,0.0,1,186.790365579592,400.604589837264,0,0,1,0
9,8.08988838564209,-1,405.021528596787,5166.85797678149,1,0,0,0
8,4.90631382833946,-1,357.897454633651,2073.17078993079,1,0,1,0
9,7.78801899034045,-1,293.171474476001,4782.73649169539,1,0,0,0
0,0.0,1,167.096571062239,359.651963332536,0,0,1,0
5,0.0,1,168.328115731072,421.802115021954,0,0,1,0
4,0.0,1,449.427631335034,692.755974194883,1,0,0,0
1,0.0,1,418.177717952895,642.587524523984,1,0,0,0
6,0.0,1,183.644936593349,478.594195455302,0,0,1,0
4,0.0,1,211.62101397191,463.713016115886,0,0,0,0
6,0.0,1,155.421480344846,418.871651436704,0,0,1,0
3,0.0,1,403.250765839123,646.902348337804,1,0,1,0
8,3.81705749076719,-1,160.609964704592,1562.19103068064,0,0,1,0
0,0.0,1,58.8382845432697,205.831739630204,0,1,0,0
7,0.0,1,55.5100101303656,347.908726055345,0,1,1,0
4,0.0,1,175.104791798686,417.251907219622,0,0,1,0
6,0.0,1,193.740454002134,477.810112948832,0,0,0,1
9,7.99756167314717,-1,357.934775547373,3009.8813399369,1,0,1,0
6,0.0,1,186.198919715008,466.837023994662,0,0,1,0
3,0.0,1,50.0424153991021,288.364725304792,0,1,1,0
5,0.0,1,214.586234145525,481.18511065968,0,0,1,0
8,2.15881008642413,-1,166.982017490141,1057.41584337994,0,0,1,0
3,0.0,1,66.7370178071422,290.396523686058,0,1,1,0
2,0.0,1,174.007009339904,384.613537010119,0,0,0,0
6,0.0,1,148.892835703409,411.177739728624,0,0,1,0
3,0.0,1,67.2684386562245,283.150420544186,0,1,1,0
1,0.0,1,195.288649364359,391.017018961381,0,0,1,0
9,6.20316108349538,-1,304.870013826177,5584.75439928148,1,0,0,1
8,2.80945547429234,-1,172.838344594029,1919.96962813303,0,0,0,0
8,3.84964699774812,-1,163.379267551557,1545.52237012505,0,0,1,0
9,3.77860024439744,-1,175.569355500105,2607.05963366509,0,0,0,0
3,0.0,1,72.346833837457,322.036212863417,0,1,1,0
0,0.0,1,61.0928352802832,197.474722208234,0,1,1,0
5,0.0,1,41.3399295746012,292.868957977303,0,1,1,0
3,0.0,1,59.4723243781483,275.72917078477,0,1,1,0
2,0.0,1,62.6157024608347,269.621669051143,0,1,1,0
8,5.583545043936,-1,390.253651140683,2343.7240352216,1,0,1,0
9,4.45356383573659,-1,169.220253552476,2827.59114817404,0,0,0,0
6,0.0,1,70.1207097578894,319.36274199043,0,1,1,0
7,0.0,1,169.057463531401,448.64453433683,0,0,0,0
4,0.0,1,44.567542119842,283.625435344017,0,1,1,0
2,0.0,1,172.422500067182,391.207960237574,0,0,1,0
5,0.0,1,175.084865970718,425.372406427673,0,0,1,0
1,0.0,1,182.767627616905,371.580739033401,0,0,1,0
3,0.0,1,70.5725647760852,280.276573467003,0,1,0,1
4,0.0,1,180.659682933833,412.568106187845,0,0,1,0
8,5.12939699419291,-1,159.165906409092,1935.86957102133,0,0,1,0
8,4.2882978751181,-1,181.211270548194,1744.34763238946,0,0,1,0
4,0.0,1,62.5336669963492,295.687359834296,0,1,1,0
1,0.0,1,54.530853037952,241.013196042396,0,1,1,0
7,0.0,1,197.128342293694,496.548707143829,0,0,0,0
4,0.0,1,189.804276989872,438.864195775778,0,0,1,0
9,4.35518672272325,-1,211.083697786381,2959.8180974895,0,0,0,0
5,0.0,1,204.497928029815,450.519326732381,0,0,1,0
1,0.0,1,193.998821983926,376.314948669243,0,0,1,0
7,0.0,1,370.490763632041,664.666717365271,1,0,0,0
9,7.36251586288152,-1,394.678654190354,2910.82729042695,1,0,1,0
8,3.03827891377733,-1,164.931001793194,2116.08327370851,0,0,0,0
7,0.0,1,41.0540667159894,319.499965076638,0,1,1,0
5,0.0,1,235.545223256562,500.730276069029,0,0,1,0
0,0.0,1,182.910901341725,362.628165386992,0,0,1,0
2,0.0,1,379.766977311006,623.175252058186,1,0,1,0
3,0.0,1,69.1777231381377,307.901567438621,0,1,1,0
7,0.0,1,169.646454547933,522.13458420564,0,0,0,0
0,0.0,1,323.284019975692,512.193605459558,1,0,1,0
4,0.0,1,69.8012764941879,291.655392177544,0,1,1,0
2,0.0,1,157.687488295284,376.147323384739,0,0,1,0
8,3.90665040360697,-1,140.719476393469,1547.77904604842,0,0,1,0
0,0.0,1,181.413778470313,275.082776365378,0,0,0,0
7,0.707808106184445,-1,59.7267177623779,501.548763669039,0,1,1,0
1,0.0,1,54.9920689804241,235.665666361167,0,1,1,0
3,0.0,1,58.0195925900368,265.575136643176,0,1,1,0
8,3.98385823681177,-1,206.254525811064,1705.45061613616,0,0,1,0
8,3.75072003074335,-1,176.111264802668,1558.74509398141,0,0,1,0
2,0.0,1,57.4273933199268,272.671786153002,0,1,1,0
5,0.0,1,63.1047437231117,298.056729269373,0,1,1,0
6,0.0,1,55.6582705590282,330.475377122654,0,1,1,0
7,0.0,1,165.842756289671,486.284413715728,0,0,0,0
5,0.0,1,197.383059911108,449.234545406922,0,0,1,0
8,4.32252401955311,-1,152.675529000346,1732.27727904452,0,0,1,0
1,0.0,1,42.6511986948005,240.703476749336,0,1,1,0
7,1.33520059870825,-1,40.8961975002688,635.260510141417,0,1,1,0
5,0.0,1,163.374334007332,402.31006411181,0,0,1,0
6,0.0,1,55.131877465412,331.007170948651,0,1,1,0
6,0.0,1,374.794589836608,637.969671640582,1,0,0,0
8,4.8845814724848,-1,184.088125744224,1891.86566007623,0,0,1,0
8,5.16635628517371,-1,208.993486755276,1988.08946133164,0,0,1,0
2,0.0,1,66.9089500267272,273.198204430669,0,1,1,0
6,0.0,1,176.205286950203,446.875140289446,0,0,1,0
3,0.0,1,187.349842070395,405.747379935254,0,0,0,0
3,0.0,1,138.726993362209,367.579671997506,0,0,1,0
9,4.67622506873856,-1,212.951963429966,4241.51391643021,0,0,0,1
6,0.0,1,54.4663968409305,323.744623114932,0,1,1,0
8,4.83457511820424,-1,180.97026024115,1937.37933099058,0,0,1,0
6,0.0,1,174.818885558284,449.661964408147,0,0,0,0
8,2.15437922987936,-1,186.226531929827,1029.89894969295,0,0,1,0
0,0.0,1,182.740469385788,328.313642344631,0,0,0,1
6,0.0,1,64.8562536044581,325.636898268873,0,1,1,0
6,0.0,1,350.290235996271,644.663667939109,1,0,0,0
1,0.0,1,166.606708597595,356.977347421562,0,0,1,0
0,0.0,1,399.805928858186,568.650385628775,1,0,0,1
7,0.0,1,65.7362389833056,347.817301469068,0,1,1,0
9,9.0733638469978,-1,287.226612406169,5578.56307133447,1,0,0,0
9,6.24383432702555,-1,326.370784435614,4008.9905484629,1,0,0,0
5,0.0,1,64.322038720142,308.399909298689,0,1,1,0
5,0.0,1,177.575488395677,426.070117584635,0,0,1,0
9,4.49134827714363,-1,364.417187417339,3169.2037465914,1,0,0,0
4,0.0,1,167.622938885868,424.853643337397,0,0,1,0
9,4.3574619350168,-1,174.180738265408,2865.65512736507,0,0,0,0
2,0.0,1,74.8016415867596,295.7313818948,0,1,1,0
8,3.83064977873352,-1,203.619429621567,1634.53345737985,0,0,1,0
3,0.0,1,47.0133288286488,286.154363796256,0,1,1,0
5,0.0,1,193.681481978859,425.574263366155,0,0,1,0
1,0.0,1,176.957298941722,381.277309469896,0,0,1,0
0,0.0,1,179.503475034255,357.805752234595,0,0,1,0
2,0.0,1,404.379069419503,610.735030858008,1,0,0,0
8,5.66890714246197,-1,204.648244042078,2174.60975526382,0,0,1,0
5,0.0,1,176.031001371669,434.163175233802,0,0,1,0
4,0.0,1,149.149172586748,390.074342019563,0,0,1,0
2,0.0,1,420.08791617994,646.728816059226,1,0,1,0
6,0.0,1,187.738654011946,473.988558272075,0,0,1,0
6,0.0,1,61.1002276746336,316.298572098137,0,1,1,0
5,0.0,1,59.5813969864956,294.018764685201,0,1,1,0
5,0.0,1,53.0775420923994,302.804015962177,0,1,1,0
3,0.0,1,146.516521706697,366.065810707741,0,0,1,0
2,0.0,1,74.2877646535584,290.706454619703,0,1,1,0
1,0.0,1,71.0095165184194,274.766554738644,0,1,1,0
1,0.0,1,63.8547823692353,272.071523371062,0,1,1,0
6,0.0,1,266.871546833804,558.932034380781,1,0,0,0
0,0.0,1,78.4213013264983,284.195144100507,0,1,1,0
7,0.0,1,295.793171183784,638.876619945609,1,0,0,0
6,0.0,1,62.7613390654089,340.098732601159,0,1,0,0
4,0.0,1,53.8664954311794,270.011558117864,0,1,1,0
0,0.0,1,192.268555407044,391.874110622142,0,0,1,0
1,0.0,1,175.846523919826,374.580336057441,0,0,0,0
7,0.0,1,187.121952289547,466.061837320354,0,0,1,0
7,0.0,1,150.656699578544,454.685084848415,0,0,1,0
4,0.0,1,175.452004463278,412.956928256408,0,0,0,1
4,0.0,1,79.7747652758163,298.526068685694,0,1,1,0
1,0.0,1,332.531075043966,544.221472311358,1,0,0,0
6,0.0,1,417.718231379242,686.122184134507,1,0,1,0
5,0.0,1,48.3995358633059,289.873419741125,0,1,1,0
8,5.51003994223953,-1,336.540906103226,2200.86797053513,1,0,1,0
4,0.0,1,359.946972566132,623.227204918637,1,0,1,0
3,0.0,1,66.7807066610159,281.194931004215,0,1,1,0
2,0.0,1,169.820472617897,372.85274262928,0,0,1,0
9,8.98288350939269,-1,316.362544610395,3327.92289556856,1,0,1,0
5,0.0,1,49.6607204941615,292.012824518351,0,1,1,0
4,0.0,1,45.3295226791492,284.165935706008,0,1,1,0
8,5.89631312808384,-1,192.814619504609,2251.29211425081,0,0,1,0
4,0.0,1,62.2204908169165,318.459214194737,0,1,1,0
3,0.0,1,341.985093827754,573.089574082159,1,0,0,0
6,0.0,1,209.052811149251,475.747963398318,0,0,1,0
8,3.56736120338691,-1,162.758829337779,1485.29420661132,0,0,1,0
9,4.8454290093063,-1,215.969662460478,3108.297223439,0,0,0,0
7,0.0,1,62.3580733451121,337.428181382504,0,1,1,0
8,3.66942379017629,-1,185.323128631173,1558.87508674174,0,0,1,0
1,0.0,1,173.992337224347,384.030716227854,0,0,1,0
2,0.0,1,56.8702501052481,252.820350844414,0,1,1,0
9,3.79281314421421,-1,158.07966288142,2513.99380085748,0,0,0,0
6,0.0,1,63.3466684183793,307.053576398144,0,1,1,0
5,0.0,1,63.6539983658617,309.215151091474,0,1,1,0
7,0.0,1,71.7184662036815,346.910409785014,0,1,1,0
2,0.0,1,203.314061719926,416.217822178287,0,0,0,0
6,0.0,1,213.634170427351,485.165348858419,0,0,0,0
5,0.0,1,54.1015329666998,284.225820240111,0,1,1,0
6,0.0,1,330.913236834506,616.437273467084,1,0,0,0
8,4.84134667269204,-1,378.722861640751,2116.15146477818,1,0,1,0
8,3.07392686104518,-1,142.800104103669,1314.69838945043,0,0,1,0
5,0.0,1,193.86175770091,432.749486533502,0,0,1,0
1,0.0,1,61.6422434423761,251.369537155602,0,1,0,0
6,0.0,1,202.952027300099,452.822758173423,0,0,1,0
0,0.0,1,391.185008083805,558.059714143964,1,0,0,0
2,0.0,1,381.832854081743,594.729510671555,1,0,0,0
3,0.0,1,200.674706842335,452.075330319004,0,0,1,0
7,0.0,1,374.063273333837,668.668161805291,1,0,0,0
5,0.0,1,174.39099080071,422.565777464666,0,0,1,0
5,0.0,1,199.409620532881,453.715624305494,0,0,1,0
2,0.0,1,366.907136740613,614.60033475517,1,0,1,0
6,0.0,1,182.019927239514,455.645147887398,0,0,1,0
8,3.67966678518376,-1,151.716731299416,1473.85413990242,0,0,1,0
8,4.56660133323729,-1,190.999350751306,1832.49324311373,0,0,1,0
0,0.0,1,378.789819429887,585.214992996811,1,0,0,0
2,0.0,1,179.894958337398,414.759853277187,0,0,0,0
7,0.0,1,45.8335762943923,332.550706655094,0,1,1,0
3,0.0,1,65.3207128523518,284.623992930978,0,1,1,0
7,1.4619457024887,-1,86.6011099179121,783.491626648032,0,1,1,0
7,0.860564608507798,-1,67.4201978591301,542.26264959211,0,1,1,0
5,0.0,1,217.013461996942,474.911884422293,0,0,1,0
3,0.0,1,69.1826753052086,289.822632349255,0,1,1,0
9,6.40120347383796,-1,401.278141238596,4175.11217497427,1,0,0,0
8,3.23088795127008,-1,151.294426664207,1419.29902978296,0,0,1,0
6,0.0,1,195.410679535466,469.594745712702,0,0,1,0
9,6.73889846090169,-1,399.936388497035,2716.66206235799,1,0,1,0
8,5.06957538356336,-1,164.24903028309,1941.08796093361,0,0,1,0
3,0.0,1,184.973687966358,407.493900473291,0,0,1,0
5,0.0,1,164.001867092594,418.057069137701,0,0,0,0
7,0.944426725044559,-1,67.9468218721599,604.823963499573,0,1,1,0
9,5.24909963462372,-1,360.928515529446,3504.93528817714,1,0,0,0
8,5.18648148119561,-1,187.228542140046,1992.28614000788,0,0,1,0
2,0.0,1,416.144440377639,634.916003075387,1,0,0,0
8,2.9794283045151,-1,201.622600674217,1338.41235923412,0,0,1,0
3,0.0,1,168.827908360194,411.098674449247,0,0,1,0
7,1.0085451773386,-1,53.9783508889416,816.755104103424,0,1,0,0
5,0.0,1,35.3744127847411,295.571040758899,0,1,1,0
6,0.0,1,63.6318700825663,320.158345462883,0,1,1,0
5,0.0,1,214.966931409281,477.769427574599,0,0,0,0
8,3.84706800349893,-1,179.874286723261,1618.69073561355,0,0,1,0
3,0.0,1,172.895049286782,402.613701781983,0,0,1,0
2,0.0,1,206.711564571192,420.63725114665,0,0,1,0
2,0.0,1,154.222540986056,375.253921376065,0,0,1,0
4,0.0,1,52.9141635835416,285.926956359891,0,1,1,0
9,7.82318413395111,-1,395.072817384365,5029.19021766224,1,0,0,0
8,5.20578551527041,-1,374.788180955265,2178.99268581893,1,0,1,0
6,0.0,1,185.796995517507,446.03533599633,0,0,1,0
8,4.59378436371204,-1,188.25047487029,1830.33765817975,0,0,1,0
8,2.92990465799303,-1,211.105642025554,1286.96378197789,0,0,1,0
8,3.77258037458418,-1,170.319237993176,1574.49071437176,0,0,1,0
8,4.40357386771902,-1,187.885338882901,1769.16394890379,0,0,1,0
1,0.0,1,353.658291891632,550.652558883441,1,0,0,0
5,0.0,1,153.360930873537,406.97473978408,0,0,1,0
7,0.0,1,339.561347293919,649.431479438235,1,0,0,1
6,0.0,1,385.226941972996,653.722213119257,1,0,0,0
8,5.10581936053898,-1,338.928731371405,2067.80763327672,1,0,1,0
4,0.0,1,50.3896011157389,285.953355507112,0,1,1,0
6,0.0,1,162.197705822963,433.053382339468,0,0,1,0
1,0.0,1,363.221799230392,560.890583631393,1,0,0,0
7,0.0,1,372.8543304189,667.291920117692,1,0,0,1
7,0.54786076403573,-1,69.8382157437722,426.843834280407,0,1,1,0
9,8.25941201650642,-1,333.05605232407,5218.73967847475,1,0,0,0
0,0.0,1,209.673691058847,405.175615579882,0,0,1,0
2,0.0,1,170.887585863994,374.365268191683,0,0,0,0
3,0.0,1,197.348151703332,433.392906455333,0,0,1,0
0,0.0,1,179.36433320739,368.077771434135,0,0,1,0
5,0.0,1,332.464635613834,600.139801385791,1,0,1,0
2,0.0,1,187.028601070327,417.594645331251,0,0,1,0
0,0.0,1,54.1803310902931,193.36252089238,0,1,0,0
6,0.0,1,195.039961805833,441.631227932299,0,0,1,0
3,0.0,1,79.1904892718503,302.957026302151,0,1,1,0
9,8.02786011548886,-1,415.772720632427,3131.34185848435,1,0,1,0
8,3.84937095633831,-1,167.618426646347,1549.71950414206,0,0,1,0
7,0.0,1,157.650347125299,431.814169229942,0,0,1,0
5,0.0,1,144.014380753238,384.119951320959,0,0,1,0
5,0.0,1,53.4103573088096,285.796224681993,0,1,1,0
0,0.0,1,56.3629067207349,248.708068540441,0,1,1,0
7,0.0,1,215.0791001905,500.189828684036,0,0,1,0
4,0.0,1,68.1273727829338,281.830299098044,0,1,1,0
2,0.0,1,136.555222947119,350.575222817798,0,0,0,1
9,7.32223063176407,-1,297.287534478083,2724.39553874859,1,0,1,0
5,0.0,1,174.397351687101,423.155194848033,0,0,1,0
5,0.0,1,70.3069374738614,322.157269005104,0,1,1,0
6,0.0,1,153.653137865919,433.568212344026,0,0,1,0
6,0.0,1,69.1205186299832,312.546647868374,0,1,1,0
8,3.81814669614488,-1,151.82108369147,1501.54609609951,0,0,1,0
9,6.70912069215739,-1,359.785014124109,4271.99052955061,1,0,0,0
8,4.07217871878261,-1,164.630324705333,1609.15674633224,0,0,1,0
4,0.0,1,222.786225703208,461.589482790876,0,0,1,0
9,8.32235770538889,-1,385.518709212596,3188.70260738696,1,0,1,0
9,5.38065662466999,-1,192.737389926284,4838.82439909314,0,0,0,1
8,4.16605763994468,-1,171.819266163705,1679.17162296574,0,0,1,0
7,0.0,1,167.025422267838,450.253558615528,0,0,0,0
1,0.0,1,336.097777073701,525.64090975258,1,0,0,0
1,0.0,1,172.703670211758,393.823719457233,0,0,0,0
2,0.0,1,47.1078773034473,255.327938263515,0,1,1,0
1,0.0,1,203.502943470988,436.489380889401,0,0,0,0
7,0.0,1,58.1584570947548,343.650522210049,0,1,1,0
8,3.32605904020682,-1,182.612866168764,1418.19289279162,0,0,1,0
6,0.0,1,166.758449165404,420.565824884491,0,0,0,0
8,3.95312766585829,-1,164.253333812083,1590.1787188372,0,0,1,0
9,3.39498926679827,-1,142.894665472214,2313.88073141752,0,0,0,0
9,6.50107818644991,-1,337.491952139688,4248.25196863355,1,0,0,0
3,0.0,1,410.206084769659,645.635870667192,1,0,1,0
5,0.0,1,192.289625968172,455.193893955233,0,0,1,0
4,0.0,1,61.8517665112205,281.90423145227,0,1,1,0
7,1.37751765216333,-1,35.1959723445116,725.971790785565,0,1,1,0
2,0.0,1,82.3371090410582,297.016358011641,0,1,1,0
6,0.0,1,186.042316875305,438.705580167974,0,0,1,0
3,0.0,1,180.79704313042,414.537547438554,0,0,1,0
8,5.28470447831419,-1,158.941132659552,2008.94465296829,0,0,1,0
3,0.0,1,153.99734840759,376.331503060397,0,0,1,0
1,0.0,1,60.0256806174322,262.94384767225,0,1,1,0
5,0.0,1,157.682087609681,412.121167992719,0,0,1,0
9,5.29620064308863,-1,168.872043837663,3384.33777152182,0,0,0,0
4,0.0,1,45.7924926661808,277.175868235459,0,1,1,0
2,0.0,1,59.9095927368471,266.270193053279,0,1,1,0
4,0.0,1,175.276600019602,396.693182640186,0,0,1,0
1,0.0,1,204.127205386678,390.873044516774,0,0,0,0
2,0.0,1,381.818466364829,600.992011868405,1,0,0,0
5,0.0,1,193.535654012783,461.729834161752,0,0,1,0
7,0.0,1,55.801866427745,355.774430034208,0,1,1,0
4,0.0,1,184.089971859529,423.385754727666,0,0,1,0
0,0.0,1,133.022620173135,321.525011694939,0,0,1,0
9,5.45597127330536,-1,210.277657042859,3570.17045539688,0,0,0,0
4,0.0,1,64.020547387369,301.679680919654,0,1,1,0
7,1.43674222971799,-1,75.0910296354038,766.115963013905,0,1,1,0
0,0.0,1,178.497484172323,355.350009984505,0,0,0,0
1,0.0,1,69.1822848633134,286.04924186077,0,1,1,0
4,0.0,1,44.9064291624311,273.042362602038,0,1,1,0
5,0.0,1,63.6823218715104,316.138601337433,0,1,1,0
2,0.0,1,55.4759528734867,251.485397687513,0,1,1,0
2,0.0,1,393.315706263922,615.294127335369,1,0,1,0
9,8.00077608145055,-1,368.343756076225,5041.99084931477,1,0,0,0
1,0.0,1,66.1293439904711,254.774346768185,0,1,1,0
0,0.0,1,49.7039982977934,214.484580716196,0,1,0,0
0,0.0,1,84.5799043933394,257.058492986144,0,1,1,0
7,0.0,1,171.007229930451,451.804100942628,0,0,0,0
5,0.0,1,37.6779912391148,300.49596372498,0,1,1,0
1,0.0,1,167.343724994908,364.166882876842,0,0,1,0
6,0.0,1,369.816985515397,651.221736371465,1,0,0,0
2,0.0,1,180.446128209236,394.575000532577,0,0,1,0
8,4.22793090271652,-1,174.652375953724,1685.43459574539,0,0,1,0
8,5.02090819031855,-1,338.767915258517,2127.9703168491,1,0,1,0
5,0.0,1,55.664593772008,307.334261615644,0,1,1,0
1,0.0,1,65.9996896113138,272.450879460553,0,1,1,0
7,0.0,1,331.424374925636,619.391919023208,1,0,1,0
5,0.0,1,60.1749156925502,306.838276071422,0,1,1,0
4,0.0,1,150.035457584979,378.980588770868,0,0,1,0
6,0.0,1,407.127968676095,675.418369658267,1,0,1,0
9,8.31881291264554,-1,339.742471735122,3121.09545217536,1,0,1,0
0,0.0,1,187.919859303858,358.00172638524,0,0,0,1
5,0.0,1,161.265842469175,401.755390609293,0,0,1,0
7,1.75180868517773,-1,61.9438284499046,828.619313863255,0,1,1,0
9,3.89410356527086,-1,181.734266324341,2598.60222340986,0,0,0,0
8,2.70476806462428,-1,172.598408189254,1238.16467109112,0,0,1,0
3,0.0,1,53.217935321038,264.448762254549,0,1,1,0
3,0.0,1,192.483375506668,418.677042854348,0,0,1,0
0,0.0,1,197.747913262806,384.173475504669,0,0,1,0
8,5.33774995258488,-1,217.314127872168,2118.52455887507,0,0,1,0
5,0.0,1,65.1698516995814,304.66301705061,0,1,1,0
8,3.25532681305921,-1,161.26162427176,1395.81996328897,0,0,1,0
9,7.23835631065522,-1,345.60376938544,4654.62770753515,1,0,0,0
4,0.0,1,57.1635355803317,289.33873341733,0,1,1,0
3,0.0,1,56.0327153170074,280.94891519861,0,1,1,0
4,0.0,1,49.1966929173887,284.984261950674,0,1,1,0
9,5.69251851795555,-1,339.660255738054,3783.67003827158,1,0,0,0
0,0.0,1,372.717725282835,551.16745948499,1,0,0,0
9,4.18994666371692,-1,210.958936725706,3890.55967842233,0,0,0,1
0,0.0,1,434.803352875204,620.150286211695,1,0,0,0
2,0.0,1,180.749712245208,406.858023511393,0,0,1,0
0,0.0,1,194.367766830129,393.237291978115,0,0,0,1
0,0.0,1,52.0338044888611,231.341521807944,0,1,1,0
9,3.82184653376933,-1,188.131813095905,3563.91048425129,0,0,0,1
8,5.01896158134466,-1,152.943608502473,1916.92729007471,0,0,1,0
2,0.0,1,61.8257986277609,278.603639050992,0,1,1,0
6,0.0,1,201.850135341077,488.511928937764,0,0,1,0
8,3.21213741141137,-1,180.800338279931,1371.87962458407,0,0,1,0
0,0.0,1,54.313458959273,217.449871245252,0,1,1,0
8,4.08974374068096,-1,173.131928351009,1662.35369521397,0,0,1,0
4,0.0,1,62.5260386338691,293.093144381786,0,1,1,0
5,0.0,1,310.611390740785,561.858506972469,1,0,1,0
0,0.0,1,212.241136762867,327.554799243553,0,0,0,0
9,4.87472614520612,-1,203.146911049394,3110.0618051767,0,0,0,0
1,0.0,1,79.2198424737356,285.125273768446,0,1,1,0
0,0.0,1,420.973477724812,608.409249976802,1,0,1,0
0,0.0,1,364.095252773467,539.171501669584,1,0,0,0
2,0.0,1,137.016512781725,357.434448622045,0,0,1,0
1,0.0,1,160.449025449344,346.067958505794,0,0,1,0
7,1.35620766039735,-1,74.5600124587783,720.722400921824,0,1,1,0
4,0.0,1,160.777740334107,404.363939665424,0,0,0,0
5,0.0,1,181.569145140455,421.814901816585,0,0,0,0
7,0.934787425349639,-1,33.2009385235958,472.656712226467,0,1,1,0
0,0.0,1,50.0283758487113,229.153229625027,0,1,1,0
1,0.0,1,350.122525682612,561.550061215988,1,0,0,0
0,0.0,1,158.153402359535,331.128538107146,0,0,1,0
7,0.0,1,229.093046531746,518.530066720568,1,0,0,0
8,3.96366587999337,-1,137.951763991946,1586.15388614194,0,0,1,0
0,0.0,1,77.3010821163533,217.731522062012,0,1,0,0
5,0.0,1,65.3492237253968,321.346607786475,0,1,1,0
3,0.0,1,338.505677609619,558.066331306165,1,0,1,0
3,0.0,1,35.2968326127264,248.5176254849,0,1,1,0
0,0.0,1,168.476526674433,328.671002162642,0,0,1,0
7,0.0,1,64.730337118854,362.137433876254,0,1,1,0
4,0.0,1,57.030537873291,293.505198613153,0,1,1,0
4,0.0,1,190.175030946157,418.344671514509,0,0,0,0
8,4.49996659758014,-1,205.976455166042,1793.05670967897,0,0,1,0
0,0.0,1,358.228094291804,556.629084392967,1,0,0,0
9,7.54296564792365,-1,337.167383878882,4772.60084504935,1,0,0,0
8,4.11633889142478,-1,199.011466542398,1666.533126487,0,0,1,0
5,0.0,1,195.699101686415,463.165285236491,0,0,1,0
4,0.0,1,387.16035441492,636.034801734294,1,0,0,0
9,7.19563525458678,-1,413.245187359316,4703.21452405239,1,0,0,0
4,0.0,1,72.825171994851,286.90926732897,0,1,1,0
3,0.0,1,66.3670536198312,278.798574860477,0,1,1,0
0,0.0,1,338.891767635836,514.921533289876,1,0,0,0
2,0.0,1,138.734905759429,328.701574168612,0,0,0,0
3,0.0,1,55.2559056252623,254.727667531252,0,1,0,0
8,3.15006910884341,-1,205.30129325645,1368.7036012244,0,0,1,0
0,0.0,1,229.396175379154,406.696942519173,0,0,1,0
4,0.0,1,193.428683400658,432.403176110977,0,0,0,0
2,0.0,1,57.0078073777233,262.330615334813,0,1,1,0
9,6.94904989128978,-1,411.637487028539,2789.22641658546,1,0,1,0
9,3.84579373547985,-1,155.194599524785,2588.7239459484,0,0,0,0
7,0.996990442974197,-1,59.8581001884105,597.202913758821,0,1,1,0
8,4.42040938846715,-1,173.564929910416,1764.5462164329,0,0,1,0
5,0.0,1,175.084886673166,446.911582682619,0,0,1,0
2,0.0,1,412.613625435475,639.138083553667,1,0,1,0
3,0.0,1,78.416486433271,291.603408530401,0,1,1,0
1,0.0,1,48.1642584683684,250.343996968736,0,1,0,0
5,0.0,1,174.857230937444,408.040157029205,0,0,0,0
3,0.0,1,33.6197558581804,274.328730257837,0,1,1,0
9,5.88871927369032,-1,375.241699200608,2473.02798399766,1,0,1,0
6,0.0,1,168.652458852605,427.233867224131,0,0,1,0
5,0.0,1,45.4914563563872,305.278566332419,0,1,1,0
5,0.0,1,43.2724863680437,303.090542209259,0,1,1,0
0,0.0,1,193.840793813708,271.289623371161,0,0,0,1
8,4.13235453595006,-1,167.299322471681,1655.48260045273,0,0,1,0
9,4.61422464246869,-1,201.075831966628,2990.03856518448,0,0,0,0
6,0.0,1,172.480044655168,459.073538021061,0,0,1,0
7,0.0,1,358.548618400418,672.618930324528,1,0,0,0
1,0.0,1,152.402112693247,361.886480964453,0,0,1,0
3,0.0,1,56.0651550793857,271.228603667291,0,1,1,0
5,0.0,1,60.5800609420496,301.174158490304,0,1,0,0
8,2.65501931919195,-1,202.735322503027,1256.48705258073,0,0,1,0
2,0.0,1,190.156301913006,402.686857678376,0,0,1,0
6,0.0,1,193.879414363229,475.524510425313,0,0,1,0
1,0.0,1,168.693648463143,383.539741287135,0,0,0,1
0,0.0,1,391.082882663106,557.656816068243,1,0,0,0
8,2.68813055749073,-1,131.967505614423,1198.40195518199,0,0,1,0
6,0.0,1,220.925477010249,498.310526240924,0,0,1,0
3,0.0,1,69.5438255353601,291.660837541873,0,1,1,0
8,5.09077799309577,-1,410.577188933539,2230.46217236906,1,0,1,0
9,4.86751661140333,-1,176.38284331381,3176.5053034027,0,0,0,0
1,0.0,1,167.55168859694,364.552633199239,0,0,0,0
6,0.0,1,41.3979074455948,307.321921140189,0,1,1,0
4,0.0,1,61.3004992982865,301.397568090783,0,1,1,0
6,0.0,1,363.482443874096,620.865261730793,1,0,0,0
1,0.0,1,188.70768224568,399.044295885868,0,0,1,0
6,0.0,1,186.350639753656,484.816324194374,0,0,1,0
3,0.0,1,47.3449099205012,275.527010852079,0,1,1,0
6,0.0,1,55.4487354762935,317.861732375994,0,1,1,0
8,4.23578927573774,-1,380.034616980531,1914.87927605431,1,0,1,0
7,0.0,1,68.078128266043,353.824954549095,0,1,1,0
5,0.0,1,355.805684576925,611.929748802646,1,0,0,0
1,0.0,1,398.06716428381,618.337819873067,1,0,0,0
1,0.0,1,185.971077720835,393.660645634989,0,0,0,0
2,0.0,1,54.2865749867197,248.451128988599,0,1,1,0
4,0.0,1,157.067756828558,389.686939996756,0,0,1,0
5,0.0,1,55.3763853813857,294.493905851257,0,1,1,0
2,0.0,1,51.3726960438826,236.622902908928,0,1,1,0
1,0.0,1,42.0668068553987,245.919622426834,0,1,1,0
3,0.0,1,55.3034817870312,286.113591443838,0,1,1,0
6,0.0,1,59.7186419568517,331.101074809131,0,1,1,0
5,0.0,1,56.5273473950584,308.854773359358,0,1,1,0
6,0.0,1,220.712522789201,479.499065314102,0,0,1,0
0,0.0,1,190.955815381087,366.766067702562,0,0,0,0
2,0.0,1,183.708772680305,385.205251138325,0,0,1,0
4,0.0,1,65.7581243084149,317.380813417108,0,1,1,0
5,0.0,1,178.551868384995,436.512017259132,0,0,1,0
9,7.86695792902088,-1,332.645537876685,5007.93632262562,1,0,0,0
4,0.0,1,60.395090629661,270.609329399346,0,1,1,0
0,0.0,1,151.004804396913,288.532088554723,0,0,0,0
6,0.0,1,191.03187829312,479.273587598556,0,0,0,0
7,1.6657453230025,-1,70.4626403407541,803.008172556122,0,1,1,0
4,0.0,1,172.538464421391,421.817288801766,0,0,1,0
8,3.32301001624659,-1,152.649607615255,1363.83825778476,0,0,1,0
1,0.0,1,65.4840255522628,256.379212835782,0,1,1,0
2,0.0,1,160.085366512183,381.089972172949,0,0,1,0
5,0.0,1,219.171661595762,472.845811305774,0,0,1,0
3,0.0,1,158.46809059591,365.886158227536,0,0,1,0
8,3.95310588383292,-1,174.127464820796,1626.82877821035,0,0,1,0
0,0.0,1,178.298265361227,352.241062838771,0,0,1,0
4,0.0,1,169.615516244125,400.434663503025,0,0,1,0
7,0.0,1,69.3683882266614,390.513971267711,0,1,1,0
9,9.43027648704473,-1,308.057663078411,3433.62464411078,1,0,1,0
9,6.92117236459799,-1,355.609649081909,4374.13308016374,1,0,0,0
5,0.0,1,66.1479509152591,296.7255057038,0,1,1,0
3,0.0,1,77.7207951452377,290.02189969333,0,1,1,0
0,0.0,1,179.653167256405,338.481381928958,0,0,1,0
2,0.0,1,41.7770854346467,259.149681346677,0,1,1,0
3,0.0,1,203.550974762309,421.282758618413,0,0,1,0
8,1.78455050626051,-1,150.257128315191,1893.99904791147,0,0,0,1
9,3.67210230094693,-1,184.195286600247,3551.62475472984,0,0,0,1
6,0.0,1,65.575294964756,321.127952856084,0,1,1,0
9,6.53101086960399,-1,446.830872552806,2739.69678550308,1,0,1,0
6,0.0,1,74.8808859546799,327.773350266378,0,1,1,0
9,3.52856197578859,-1,204.514767265342,3358.9870137646,0,0,0,1
0,0.0,1,202.13344038788,343.111022510111,0,0,1,0
6,0.0,1,56.4708710760694,320.375936767342,0,1,1,0
5,0.0,1,60.7329277677286,309.104353687238,0,1,0,0
6,0.0,1,63.1306301086247,317.505100731384,0,1,1,0
8,4.54925457103316,-1,313.309633557703,1996.61990264896,1,0,1,0
7,0.0,1,320.460822492557,615.044966716654,1,0,1,0
7,0.0,1,171.470748782313,525.317379543175,0,0,0,1
3,0.0,1,353.527778153507,592.989799869135,1,0,0,0
1,0.0,1,182.958412754349,374.930113743944,0,0,1,0
5,0.0,1,59.8248687332643,308.032534950642,0,1,1,0
8,4.67152403326955,-1,235.157291007437,1903.12088326968,0,0,1,0
9,7.94880638896218,-1,366.544925295954,3078.00495056455,1,0,1,0
4,0.0,1,65.1852899199303,310.210620896351,0,1,0,0
8,4.93592038235337,-1,181.632458672592,1921.56571831298,0,0,1,0
6,0.0,1,58.8553396459841,318.709954070257,0,1,1,0
5,0.0,1,51.2908476347119,290.949043883423,0,1,1,0
2,0.0,1,69.1936405827046,270.776922529191,0,1,1,0
6,0.0,1,55.7023153958954,310.64910184618,0,1,1,0
1,0.0,1,161.68010208288,365.613291631119,0,0,1,0
4,0.0,1,351.353317647109,602.754272434655,1,0,0,0
6,0.0,1,49.2124392593376,304.382533877748,0,1,1,0
2,0.0,1,51.4473005399663,261.331513196388,0,1,1,0
5,0.0,1,170.401058147895,408.105932208156,0,0,1,0
0,0.0,1,176.640593707764,378.728914630623,0,0,1,0
3,0.0,1,61.4530861185958,264.817955082619,0,1,1,0
8,4.6648040234594,-1,155.676378810503,1794.28569785533,0,0,1,0
4,0.0,1,72.087045975624,297.694634656067,0,1,1,0
4,0.0,1,59.6214802897351,304.674521387468,0,1,1,0
9,7.21954420302678,-1,344.122394167965,4621.97643696981,1,0,0,0
8,4.94307352421329,-1,168.678460889208,1895.80747814885,0,0,1,0
3,0.0,1,153.163725854629,389.406720099448,0,0,1,0
5,0.0,1,403.656115720156,672.783272410847,1,0,0,0
1,0.0,1,63.2568957486972,258.683925429978,0,1,1,0
9,6.74775208698204,-1,289.366774888728,4397.64054996026,1,0,0,0
6,0.0,1,194.293992162585,470.220102504194,0,0,1,0
3,0.0,1,304.786938392874,511.917656983956,1,0,1,0
1,0.0,1,362.361759932447,559.033522795852,1,0,0,0
2,0.0,1,192.262234226372,413.456337218742,0,0,1,0
1,0.0,1,229.930260612686,417.535532196159,0,0,1,0
6,0.0,1,57.8165966920115,330.011827035721,0,1,1,0
6,0.0,1,415.569443740055,681.384246374784,1,0,1,0
0,0.0,1,40.1472201357703,223.007830111833,0,1,1,0
5,0.0,1,153.913909844865,391.44645357446,0,0,1,0
7,1.32834938959821,-1,63.5506677826544,681.852988627165,0,1,1,0
7,1.02494951906194,-1,58.5602941332108,651.504143139588,0,1,1,0
1,0.0,1,62.7867690295598,248.800002607579,0,1,1,0
7,0.0,1,286.001780477014,628.26926153104,1,0,0,0
6,0.0,1,57.9640656857349,314.08632143182,0,1,0,0
4,0.0,1,166.868775868116,410.605541664756,0,0,1,0
9,6.89859084715408,-1,173.958533088572,2444.4952778479,0,0,1,0
4,0.0,1,144.882426997924,387.201423138288,0,0,1,0
5,0.0,1,68.5517419287693,333.764944794229,0,1,1,0
0,0.0,1,68.7961398326489,262.148620391118,0,1,1,0
5,0.0,1,350.706934659616,611.177428007967,1,0,1,0
5,0.0,1,63.1260545009444,301.190442003268,0,1,1,0
3,0.0,1,206.46696776244,445.489439924146,0,0,1,0
6,0.0,1,182.375593224558,451.054411927605,0,0,0,0
4,0.0,1,178.142341794203,426.524328850772,0,0,1,0
8,3.98893423780987,-1,186.140559887456,1609.21985433072,0,0,1,0
7,0.0,1,57.358017601857,332.709857937566,0,1,1,0
1,0.0,1,193.172832911772,410.221527450788,0,0,1,0
8,3.51227578730833,-1,192.030077848946,1547.4279237551,0,0,1,0
0,0.0,1,152.411882511243,235.122900749344,0,0,0,0
9,3.7873893049019,-1,177.923446678606,2507.81593929524,0,0,0,0
2,0.0,1,80.6292731957004,279.188270474253,0,1,1,0
2,0.0,1,181.328308202196,391.249957976549,0,0,1,0
4,0.0,1,198.301276395498,453.911018459188,0,0,1,0
9,8.83407576848466,-1,357.495016345955,3290.69656188589,1,0,1,0
4,0.0,1,90.5361279820284,332.345599317303,0,1,1,0
3,0.0,1,193.565029406089,419.65427527261,0,0,0,1
3,0.0,1,56.1315349663206,273.566494337905,0,1,1,0
1,0.0,1,208.271673823943,429.997078648413,0,0,1,0
4,0.0,1,72.156420848028,294.274430032895,0,1,1,0
8,4.8008504918249,-1,163.609232486824,1854.8662889699,0,0,1,0
3,0.0,1,368.799615397279,601.027504340692,1,0,1,0
1,0.0,1,63.2886886093548,257.545730665888,0,1,1,0
2,0.0,1,55.85979668002,257.786139342862,0,1,1,0
2,0.0,1,62.4881431335166,274.810305467432,0,1,1,0
9,2.52127015890582,-1,210.784934521062,2653.16749938722,0,0,0,1
1,0.0,1,48.9842687302152,224.875458551073,0,1,0,0
3,0.0,1,55.9960689445067,274.223576258979,0,1,1,0
2,0.0,1,150.106645655094,358.070517827881,0,0,1,0
4,0.0,1,48.5741408912612,269.340069349881,0,1,1,0
2,0.0,1,214.279532138165,431.153741384772,0,0,1,0
3,0.0,1,74.1270623079367,279.119313837356,0,1,1,0
8,2.77151417098674,-1,210.360502001705,1321.45614983342,0,0,1,0
0,0.0,1,84.6729529347724,258.288642639532,0,1,1,0
0,0.0,1,205.329689637943,374.122538101098,0,0,1,0
9,4.51831227821221,-1,151.592013613574,2846.00235934597,0,0,0,0
