target,Altitude,blh,co,CVD60,Day,Hour,Latitude,Longitude,Month,no2,o3,pm10,pm2.5,ssr,t2m,tp,wd,ws,Year,Region_East of England,Region_Greater London Authority,Region_North East,Region_North West,Region_South East,Region_South West,Region_West Midlands,Region_Yorkshire and The Humber,Season_Spring,Season_Summer,Season_Winter,Type_Background Suburban,Type_Background Urban,Type_Industrial Suburban,Type_Industrial Urban,Type_Traffic Urban,Zone_Blackpool Urban Area,Zone_Brighton/Worthing/Littlehampton,Zone_Bristol Urban Area,Zone_Coventry/Bedworth,Zone_East Midlands,Zone_Eastern,Zone_Greater London Urban Area,Zone_Greater Manchester Urban Area,Zone_Kingston upon Hull,Zone_Leicester Urban Area,Zone_Liverpool Urban Area,Zone_North East,Zone_North West & Merseyside,Zone_Nottingham Urban Area,Zone_Portsmouth Urban Area,Zone_Preston Urban Area,Zone_Reading/Wokingham Urban Area,Zone_Sheffield Urban Area,Zone_South East,Zone_South West,Zone_Southampton Urban Area,Zone_Southend Urban Area,Zone_Teesside Urban Area,Zone_West Midlands,Zone_West Midlands Urban Area,Zone_West Yorkshire Urban Area,Zone_Yorkshire & Humberside
8,106.507798081506,920.216372045769,1.44258154591674,0.101954647216107,8,0,52.4600509868514,-1.65308266855967,2,76.2594000665082,17.7156892370618,36.4887750364599,18.6414443777699,1017747.16044184,280.049970482573,0.0005635618418549,223.34819144623,7.15559563397756,1994,0,1,0,0,0,0,0,0,1,0,0,0,1,0,0,0,0,0,0,0,0,0,0,0,0,0,0,0,0,0,0,0,0,0,0,0,0,0,0,0,0,0,1
3,118.213305323704,364.571245791685,1.44193552925513,0.192289945431017,4,7,51.9974918537497,0.79607628443169,7,76.3698826925238,17.7592187844516,36.4758638750923,18.639874265383,54409.2926703968,289.4020792158,-0.0001054418562977,43.8812537000975,6.51441672078703,1991,0,0,0,0,1,0,0,0,1,0,0,0,0,0,0,1,0,0,0,0,1,0,0,0,0,0,0,0,0,0,0,0,0,0,0,0,0,0,0,0,0,0,0
5,-22.8622268733263,862.193332007113,1.44297011744818,0.210125299476708,21,20,52.9392452840658,-0.980642803972619,7,76.3970870327377,17.7617552039955,36.4649331640068,18.6408957744803,4729582.1731089,289.393992333211,0.0019530004467154,296.472637072206,6.70864036936579,1981,0,0,0,0,0,0,0,0,1,0,0,0,1,0,0,0,0,0,0,0,0,1,0,0,0,0,0,0,0,0,0,0,0,0,0,0,0,0,0,0,0,0,0
8,-70.8360284054148,881.719408588449,0.789008452343429,0.154825998179065,7,11,53.6155438418468,-0.576438119893804,10,53.4840132492835,33.2507124056973,39.7764320320152,18.6414439861961,2628333.31093732,280.803762281642,-0.002174530213579,222.774223929917,8.00879749930276,1994,0,1,0,0,0,0,0,0,0,0,0,0,1,0,0,0,0,0,0,0,0,0,1,0,0,0,0,0,0,0,0,0,0,0,0,0,0,0,0,0,0,0,0
0,144.320961033271,1704.31471901643,1.28675316897492,0.178701928281834,1,12,52.2940826612622,-1.11281926446425,5,-1458418.45031271,8.68173898386295,34.4568356492825,18.6467233755839,-8649947830.02081,294.627385835985,2.48648218661981,108.163288611493,6.62240571288438,1990,0,0,0,1,0,0,0,0,1,0,0,1,0,0,0,0,0,0,0,0,0,0,0,1,0,0,0,0,0,0,0,0,0,0,0,0,0,0,0,0,0,0,0
1,-42.3863534822336,401.757250266017,1.14722842803778,0.232688126035553,8,19,53.1428985420545,-1.69000936246269,11,67.8578886244075,17.7419792012881,36.4764593767424,18.6476321034028,924936.277853929,278.349478669575,-0.0001097596002839,174.122464385103,3.33230269111033,1989,0,1,0,0,0,0,0,0,1,0,0,0,0,0,0,1,0,0,0,0,0,0,1,0,0,0,0,0,0,0,0,0,0,0,0,0,0,0,0,0,0,0,0
2,116.44395051229,1109.5341857664,1.44163565202126,0.169360002602725,25,5,53.3507748728518,-0.965232427427137,3,76.3346589113897,17.7538599930919,36.4578233778524,18.6448493296555,31681.3590178927,280.23915206967,0.0004562295182664,319.434387394759,9.81788211509182,1990,1,0,0,0,0,0,0,0,0,0,1,0,0,0,0,1,0,0,0,0,0,0,0,0,0,0,0,0,0,0,0,0,0,0,0,0,0,0,0,0,1,0,0
8,157.852319577441,652.766279789323,0.0420934268674606,0.199351518553873,29,7,51.7338490001838,-1.92286424502862,8,58.3598058023537,19.2952078072917,42.793103866216,18.6413790918148,117857.298444196,285.383018023654,0.0014796541675111,320.739220677888,7.24355689282933,1996,1,0,0,0,0,0,0,0,0,0,0,0,1,0,0,0,0,0,0,0,0,0,1,0,0,0,0,0,0,0,0,0,0,0,0,0,0,0,0,0,0,0,0
3,-74.6128695707879,607.788410510664,1.44260915879584,0.230006611851857,14,19,51.628643972712,-1.33636253069775,12,76.2743882705718,17.7406621211771,36.4704393562753,18.6450346370135,4324119.0117352,276.405031728277,-0.0037700978556848,288.10317805966,4.9451953439281,1982,0,0,0,0,1,0,0,0,1,0,0,0,1,0,0,0,0,0,0,0,0,1,0,0,0,0,0,0,0,0,0,0,0,0,0,0,0,0,0,0,0,0,0
1,42.4282540523505,12.7745530144565,1.44192830210526,0.229609972452522,24,12,52.8302995083561,0.336151609600923,1,46.6215192044686,20.3333895234498,36.4725059460287,18.6413945993396,-1260129.11225784,279.121987928751,0.004531983408132,207.429188076781,3.59866926949005,1992,1,0,0,0,0,0,0,0,1,0,0,0,0,0,0,0,0,0,0,0,0,0,0,0,0,0,0,0,0,0,0,0,0,0,1,0,0,0,0,0,0,0,0
7,200.321851133331,87.8558309624444,1.44932374016728,0.224297092322614,8,9,53.9345700096992,-1.66468884883429,11,76.2935971949534,17.6709063713986,37.9406066749469,18.651206579423,-338889.878451943,274.862278014097,0.0041405076078004,163.836044287427,1.86260764347092,1997,0,0,0,0,0,0,1,0,1,0,0,0,0,0,1,0,0,0,0,0,0,0,1,0,0,0,0,0,0,0,0,0,0,0,0,0,0,0,0,0,0,0,0
8,32.4091311688073,206.65174426174,1.63469139047042,0.126605323776766,29,22,51.1352221459187,-1.46816946421656,1,90.1816321896551,20.5403750264602,29.5242396215035,18.640668952978,2135283.14842259,277.482592317094,-3.64942063932564e-05,235.110345574535,3.48947317119791,1985,0,1,0,0,0,0,0,0,1,0,0,0,0,0,0,1,0,0,0,0,0,0,0,0,0,0,0,0,0,0,0,0,0,0,0,0,0,1,0,0,0,0,0
8,166.545523812142,650.388267214395,1.62331373832399,0.189583164156415,16,13,54.4583724916864,0.697424621072057,8,76.4172192211375,17.7511034546268,36.471127479917,18.6362335869627,5213462.53404001,290.507150529883,0.000841930699509,273.458022174604,6.48414698513817,1991,0,1,0,0,0,0,0,0,0,0,1,0,0,0,0,1,0,0,0,0,0,0,1,0,0,0,0,0,0,0,0,0,0,0,0,0,0,0,0,0,0,0,0
3,30.2828234224172,1753.59167152198,1.44075007136977,0.206270116325797,30,13,53.0367451776195,-1.64874964624126,8,76.339545061335,17.7783156873162,36.4825410258093,18.6395934706578,9599308.31722623,292.572227624723,-0.0012696726708539,315.679107724119,4.78678402483617,1987,0,0,1,0,0,0,0,0,0,0,0,0,0,0,0,1,0,0,0,0,0,0,0,0,0,0,0,0,1,0,0,0,0,0,0,0,0,0,0,0,0,0,0
7,110.342552606285,-186.07390664357,1.44199287038069,0.211655398777284,22,14,52.9748898042086,-3.44209506669487,1,76.3875925159527,17.7889246053769,36.4926236670589,18.641960020711,-194403.439865297,269.724995459977,0.0003063973134115,-137.690711328949,-1.97900040655969,1987,0,1,0,0,0,0,0,0,0,0,1,0,0,0,0,1,0,0,1,0,0,0,0,0,0,0,0,0,0,0,0,0,0,0,0,0,0,0,0,0,0,0,0
4,-45.593245155606,503.382673908384,1.44221534993145,0.248220425804541,19,7,51.788506558673,-3.46030787674414,12,76.3832289459378,17.7617968902297,36.4892574851066,18.645207785641,-113135.637385633,280.636482095865,0.0018135066627742,264.193259171574,4.78267886281439,1987,0,0,0,0,0,0,0,0,1,0,0,0,1,0,0,0,0,0,0,0,0,0,0,0,0,0,0,0,0,0,0,0,0,0,1,0,0,0,0,0,0,0,0
4,-15.383406703203,1660.62864430673,1.44081878097738,0.144401874794291,31,15,53.5478459843452,-1.31910889643771,3,76.2912011742876,17.7480808795964,36.483228220392,18.6480458777637,5902447.19621293,278.2707514325,-7.07501323022766e-05,136.487180434934,3.75811603075736,1996,0,0,0,0,0,1,0,0,0,0,0,0,0,0,0,1,0,0,0,0,1,0,0,0,0,0,0,0,0,0,0,0,0,0,0,0,0,0,0,0,0,0,0
2,26.3503385286319,523.325743883336,1.44042007711829,0.147860573808894,17,20,52.1898809748548,-1.14717839345052,9,76.3046530740719,17.7566258860016,36.4744369519685,18.6354658813122,8055996.58761845,288.192609777609,-0.0002441919013328,380.355626722938,3.39348166712832,1988,0,1,0,0,0,0,0,0,0,1,0,0,1,0,0,0,0,0,0,0,0,0,0,0,0,0,0,0,0,0,0,0,0,0,0,0,0,0,0,1,0,0,0
3,51.5686951939089,-80.668298361905,1.44075006013568,0.191886189363255,24,7,50.5121951388289,-0.850598283020445,3,76.3367661099719,17.7770549237994,36.4825417595579,18.641046992007,12827.3242668571,270.955094262337,-0.000412988993653,80.0222402163268,-1.07034041737665,1987,0,0,0,0,0,0,0,1,0,0,1,0,0,0,0,1,0,0,0,0,0,0,0,0,0,0,0,0,1,0,0,0,0,0,0,0,0,0,0,0,0,0,0
8,187.912521413486,359.838792005335,1.21436061265569,0.15151454834194,3,19,52.1922967229946,-1.10104596813121,11,6.18882469432484,19.0534931857454,19.2558811817775,17.5817497350602,-720777.409013665,278.485609551778,0.0021980827108258,271.670769399199,3.79879184357945,1998,0,0,0,0,1,0,0,0,0,0,0,0,0,0,0,1,0,0,0,0,0,0,1,0,0,0,0,0,0,0,0,0,0,0,0,0,0,0,0,0,0,0,0
4,134.106545431554,1672.41628840129,1.44266688053001,0.242259137984499,24,19,52.3382360112336,-0.203655550320409,3,76.3231556159605,17.7466242526439,36.4706371880187,18.6377957122044,2010461.09278115,278.476350419411,0.000137882067643,346.629842417662,8.53669193682757,1983,0,0,0,1,0,0,0,0,0,0,0,0,1,0,0,0,0,0,0,0,0,0,0,0,0,0,0,0,0,0,0,0,0,0,0,0,0,0,0,0,1,0,0
1,81.4465457801331,664.596856215338,0.933528121058056,0.202894832804556,16,20,52.6320734045018,-0.118833680250532,10,82.7308730784752,17.3320330888411,35.3195113325081,18.6406038769962,4812067.62051578,281.952202680104,-0.0016428136716932,138.028180002083,8.52257627069611,1982,0,0,1,0,0,0,0,0,0,0,0,0,0,0,0,1,0,0,0,0,0,0,0,0,0,0,0,0,0,0,0,0,0,1,0,0,0,0,0,0,0,0,0
8,172.257531317897,477.745378515344,2.44371253455278,0.197539784430688,8,21,51.4173852309808,-1.94786583427249,7,49.7902855454633,17.7535232310987,36.4667183824334,18.6424486417892,7707391.36895312,290.600429876059,0.0008998987310486,117.7386349626,1.35705996284752,1983,0,0,0,0,0,1,0,0,0,1,0,0,0,0,0,1,0,0,0,0,0,0,1,0,0,0,0,0,0,0,0,0,0,0,0,0,0,0,0,0,0,0,0
6,337.825616600163,600.114558341029,1.39186536333474,0.134756483358972,2,21,51.9258516320696,-0.244224252084598,4,76.3936309662788,17.746760767564,37.5324328558279,18.638569108076,18993.5266083224,277.309319010554,0.0021129133748894,203.047493182607,4.89732034792098,1996,0,1,0,0,0,0,0,0,0,1,0,0,0,0,0,1,0,0,0,0,0,0,0,0,0,0,0,0,0,0,0,0,0,0,0,0,0,0,0,0,1,0,0
4,63.3258619734298,713.338159477542,1.44341682526506,0.226677325362746,21,0,53.2778949693,-2.85711468185624,1,76.3519350314404,17.7465392602894,36.485321381504,18.6368666171942,2436008.60979213,276.9742279961,-0.003041476985265,253.775173409116,7.16019672180451,1986,0,0,0,1,0,0,0,0,0,1,0,0,0,0,0,1,0,0,0,0,0,0,0,0,0,0,0,0,0,0,0,0,0,0,1,0,0,0,0,0,0,0,0
1,28.7876046959534,1506.38440333474,1.44029021924571,0.105270097214396,23,13,53.1494137099896,0.452632173054758,8,76.3215712963465,17.7521258149757,36.4335579345047,18.6365998781356,11801372.852579,297.806462528169,-0.0018446836579805,98.6789209840156,2.0029878911247,1990,0,0,0,0,0,0,0,0,0,1,0,0,0,0,0,1,0,0,0,0,0,0,0,0,0,0,0,0,0,0,0,0,0,0,0,0,0,0,0,0,0,1,0
1,231.170522827081,1868.44708613404,1.44503891839398,0.108858177054087,24,16,52.3594189310551,-0.898467401916648,5,76.3459619884177,17.7876442909186,36.4694201285151,18.6355399629486,5072253.34904283,295.733274157509,5.56660819858394e-05,266.833304121336,8.30616367204294,1982,0,0,0,0,0,0,0,1,0,0,0,0,1,0,0,0,0,0,0,0,0,0,0,0,0,0,0,0,0,0,0,0,0,0,0,0,0,0,0,0,0,0,0
8,156.946997557341,652.824365205004,0.937803614298171,0.199006543855679,2,0,51.314006523164,-1.69615779624173,1,93.0275914191816,-20.1286990806206,37.8779069203692,18.6916894792354,5174847.30976668,283.439246462282,-0.0062060224855468,121.363697904864,5.74541583727523,1993,0,0,0,0,0,1,0,0,1,0,0,0,0,1,0,0,0,0,0,0,0,0,0,0,0,0,0,0,0,0,0,0,0,0,0,0,0,0,0,0,0,0,0
5,141.068382061462,1538.37400740485,1.44103492409534,0.235242616973514,6,23,50.5672724253114,-3.58279377086743,3,76.3022617956682,17.7486512258932,36.4875649542122,18.6419700049687,2033277.1256965,283.357484283479,0.0018989690334985,297.59257030048,12.8603289645325,1988,0,0,0,1,0,0,0,0,1,0,0,0,1,0,0,0,0,0,0,0,0,0,0,0,0,0,0,0,0,0,0,0,0,0,1,0,0,0,0,0,0,0,0
8,136.577581554142,1592.18742621668,1.51960003911857,0.160412088426925,18,19,53.7202194623996,1.59762714155073,6,65.5318135388083,16.0949707714731,36.4730499217773,18.6361060716758,4089426.99380916,284.225502650943,0.0005352860958442,312.399988345947,4.07646763937026,1991,0,1,0,0,0,0,0,0,1,0,0,0,1,0,0,0,0,0,0,0,0,0,1,0,0,0,0,0,0,0,0,0,0,0,0,0,0,0,0,0,0,0,0
6,-72.7289749119884,506.943829741553,1.44116268806785,0.187892305467869,8,17,51.2223365956108,-1.84539300805778,3,76.2610271849251,17.7599525487539,36.4783162477414,18.6407684452634,2231061.34746764,277.924485370996,0.0004132341997506,220.10375085735,0.826748505573139,1985,0,1,0,0,0,0,0,0,0,1,0,0,1,0,0,0,0,0,0,0,0,1,0,0,0,0,0,0,0,0,0,0,0,0,0,0,0,0,0,0,0,0,0
2,36.8423652889108,843.395738881832,0.359429163722791,0.15030488598339,21,0,55.2289950075288,-0.957208656955175,6,70.3211897836441,17.7511451027094,36.5119391765247,18.6406569408864,9903471.20168083,285.518291275283,0.0028280514367338,419.906465231524,4.44722572752609,1993,0,1,0,0,0,0,0,0,1,0,0,0,1,0,0,0,0,0,0,0,0,0,0,0,0,0,0,0,0,0,0,0,0,1,0,0,0,0,0,0,0,0,0
8,168.810054756437,1536.75160870322,1.35079289019314,0.175919268136859,28,14,54.1561767875198,-0.159020575047277,6,92.3843889647369,13.7277332280894,41.1737857196261,18.6432758626344,5937891.53859271,289.190321914718,0.0010597345358139,226.855596036951,6.70267153721886,1999,0,0,0,0,0,0,1,0,0,0,1,1,0,0,0,0,0,0,0,0,0,0,0,0,0,0,0,0,0,1,0,0,0,0,0,0,0,0,0,0,0,0,0
2,134.354011923142,207.319465234274,1.44202214162957,0.168209871595764,29,8,51.8276829840468,-2.03097704069418,3,76.381310108279,17.7796295418636,36.4916124128664,18.6351605646642,213113.537536332,280.456657259419,0.0007561937132489,218.038415938978,2.53108460780903,1988,0,1,0,0,0,0,0,0,0,1,0,0,0,0,0,1,0,0,0,0,0,0,0,0,0,0,0,0,0,0,0,0,0,0,0,0,0,0,1,0,0,0,0
7,110.00562253661,1679.0977758894,1.28136756452969,0.182840591532212,6,11,52.4753324613102,-0.279946931547376,8,63.4903979294943,-13.6666378194392,33.5821515962344,18.6364598612363,5113124.647941,291.521313812321,-0.0001769857210254,231.687445484705,4.59345891344621,1991,0,0,0,0,0,1,0,0,0,0,1,0,1,0,0,0,0,0,0,0,0,0,0,0,0,0,0,0,0,0,0,0,0,0,0,0,0,0,1,0,0,0,0
1,210.016042315405,1143.78209180924,1.19617275616249,0.203663685930395,17,21,54.4005737018836,0.300506811734478,2,89.6899391731058,30.809329797583,34.3135885387362,18.6387151777049,-1088034.73883238,274.602668724821,0.0016076548012043,290.019056422444,10.695693601587,1996,0,1,0,0,0,0,0,0,0,1,0,1,0,0,0,0,0,0,0,0,0,0,0,0,0,0,0,0,0,0,0,0,0,0,0,1,0,0,0,0,0,0,0
3,33.0652042620292,-65.051781896369,1.44193554329836,0.211225678410752,31,7,51.0709762689294,-1.46157743477804,5,76.3687029611509,17.759477780491,36.4758637600389,18.644911643542,83106.2304645987,277.799939195876,-0.0002890744876768,19.4014114920714,1.80078952193256,1991,0,0,0,0,0,0,0,1,0,1,0,0,0,0,0,1,0,0,0,0,1,0,0,0,0,0,0,0,0,0,0,0,0,0,0,0,0,0,0,0,0,0,0
6,50.0183828341239,1033.05270825429,1.4415241412728,0.162165918888765,29,10,52.6872735827915,-2.61308317269513,5,76.3181404698742,17.7098789862349,36.4991867654237,18.635464538928,800661.642250882,287.219894499951,0.0013916803593757,201.546959122027,6.9321185277635,1988,0,1,0,0,0,0,0,0,1,0,0,0,1,0,0,0,0,0,1,0,0,0,0,0,0,0,0,0,0,0,0,0,0,0,0,0,0,0,0,0,0,0,0
7,42.0798288919352,29.3528223106652,1.44254060521997,0.168505686443881,3,5,52.6806892583158,1.09709142259702,5,76.383554434899,17.7672475027483,36.4821814027302,18.630569258566,31109.6809745053,282.159538127434,0.0015237550694699,259.475891889227,2.18241813049778,1992,0,0,0,0,0,0,0,0,0,0,0,0,0,0,1,0,0,0,0,0,0,1,0,0,0,0,0,0,0,0,0,0,0,0,0,0,0,0,0,0,0,0,0
6,3.00734686907995,456.56627466007,1.43894956066444,0.133706194946641,2,7,52.3687799481087,0.281253043560837,7,76.4067299227125,17.740459354257,36.5033627875844,18.6432017559196,297132.764799436,285.858998048085,0.0004327400913909,335.389863996636,5.96869801312814,1984,0,0,0,0,0,0,0,0,1,0,0,0,1,0,0,0,0,0,0,0,0,0,0,0,0,0,0,0,0,0,0,1,0,0,0,0,0,0,0,0,0,0,0
2,48.0080296690083,863.548011363113,1.44142816782178,0.179238230609923,25,21,51.5577548912769,-1.95912928691753,9,76.3071452762338,17.7291892044108,36.4629082401481,18.6342673450747,5277851.1479363,289.431947624505,0.0013547171700679,220.223870538433,7.52768571806198,1981,0,0,1,0,0,0,0,0,0,0,0,0,0,0,0,1,0,0,0,0,1,0,0,0,0,0,0,0,0,0,0,0,0,0,0,0,0,0,0,0,0,0,0
4,56.9906862847004,2966.24205156252,1.44209656856513,0.184191941253107,28,13,53.5109219405317,-4.61367964921944,5,76.2962892197839,17.7567108256111,36.4942139391014,18.6407665567087,13418737.6117121,288.522367456287,-0.0002993374897718,198.519872914665,6.42641522416505,1984,1,0,0,0,0,0,0,0,0,0,1,0,1,0,0,0,0,0,0,0,0,0,0,0,0,0,0,0,0,0,0,0,0,0,0,0,0,0,0,0,1,0,0
1,172.584038536574,-57.3820710169998,1.19617288088765,0.278985674028633,27,6,53.1800910168685,-0.199052661551608,2,88.5507086276635,16.3172938077558,34.3135884774155,18.6438340619261,205342.344936607,276.43894293557,0.0002303233933084,240.277873346875,2.4051730229463,1999,0,0,1,0,0,0,0,0,0,0,0,1,0,0,0,0,0,0,0,0,0,0,0,0,0,0,0,0,0,0,0,0,0,0,0,1,0,0,0,0,0,0,0
2,-40.5297339945057,1123.10612613476,1.44278934570225,0.204364270935699,9,12,52.3005477562557,-1.83994677902992,8,76.3374534703856,17.7494506280161,36.5008459823407,18.6449173819099,3152062.34432798,291.840930598287,0.0016036178959906,232.301661561573,3.51168791469676,1990,0,0,0,1,0,0,0,0,0,0,1,0,1,0,0,0,0,0,0,0,0,0,0,0,0,0,0,0,0,0,0,0,0,0,0,0,0,0,0,0,0,0,1
5,125.953926436027,663.815549080987,1.44089331326881,0.241966873371008,30,7,53.5324984771117,-0.591118270963821,8,76.3951691791927,17.7408753005643,36.4765874817713,18.6355437652606,147192.924171434,286.510832336686,0.0004760311592323,261.75493899325,6.96856051248076,1982,0,0,0,0,0,0,0,1,1,0,0,0,1,0,0,0,0,0,0,0,0,0,0,0,0,0,0,0,1,0,0,0,0,0,0,0,0,0,0,0,0,0,0
1,167.732641278516,911.777972327172,1.44115704820614,0.201752317791238,15,8,49.1568278813045,-3.45296016765824,6,76.3950691943742,17.7560223780639,36.4629170361579,18.6415228157533,1614087.97748315,289.127945711933,0.0011282712229299,313.604416602183,3.13450720563185,1983,0,0,0,0,0,0,0,1,0,1,0,0,0,0,0,0,0,0,0,0,0,0,0,0,0,0,0,0,0,0,0,0,0,0,0,0,0,0,0,0,0,0,1
6,101.850271120776,1443.00402746981,1.44256014227107,0.148694362026464,3,13,53.2482097042225,-1.91900696334574,7,76.3769645684398,17.8041499197939,36.4811664247304,18.6385377169583,8225556.35325991,292.227717199228,0.0006858084157815,45.1780905449216,5.9750749376916,1991,0,0,1,0,0,0,0,0,1,0,0,0,1,0,0,0,0,0,0,0,0,0,0,0,0,0,0,0,0,0,0,0,0,0,0,1,0,0,0,0,0,0,0
9,48.5251180908396,1514.27867483984,1.44258150609517,0.162439826337295,5,11,50.6115769573947,-1.44354763702296,4,76.2715191568355,17.7163476800456,36.4887745336646,18.6436953173958,1880869.99194604,278.486254843734,0.0008705949099751,300.675181969937,8.80276872605303,1994,0,0,0,1,0,0,0,0,0,0,0,0,1,0,0,0,0,0,0,0,0,0,0,0,0,0,0,0,0,0,0,0,0,0,0,0,0,0,0,0,0,0,1
8,111.834168711546,759.255670387236,1.47898244901619,0.178665630198836,29,15,51.9078268949289,0.179511365601292,3,63.8316887762361,17.7498050761909,36.6290545624935,18.6359209283156,1340645.11521105,279.156792249722,0.0015197276787709,293.113208781503,6.1696199471865,1995,0,0,0,0,0,0,1,0,0,1,0,0,0,0,0,1,0,0,0,0,0,0,1,0,0,0,0,0,0,0,0,0,0,0,0,0,0,0,0,0,0,0,0
9,109.846840631654,814.694891117118,1.04089185391569,0.167402036352976,16,18,50.2946648982278,-1.71437708776905,12,78.1956805847826,10.7316430938804,36.4621263706718,18.6362851630039,1882246.91656124,273.587799250059,-0.0007157307578046,78.3522962917351,6.64699433132718,1995,0,0,1,0,0,0,0,0,0,0,1,0,1,0,0,0,0,0,0,0,0,0,1,0,0,0,0,0,0,0,0,0,0,0,0,0,0,0,0,0,0,0,0
5,220.692031257002,736.744745228007,1.44145578394328,0.203840346597654,27,14,51.0636926902455,-0.435051859035454,1,76.3183500150493,17.7524975067393,36.4558933919675,18.6363474524081,-834938.635333883,275.395988017344,0.0028295835411911,187.222985420191,4.30021331388112,1985,1,0,0,0,0,0,0,0,0,1,0,0,1,0,0,0,0,0,0,0,0,0,0,0,0,0,0,0,0,0,0,0,0,0,0,0,0,0,0,0,0,0,1
5,5.66704325498935,114.359562914765,1.44103493079657,0.178187037825896,18,6,54.1983004203318,-0.582342856331779,6,76.3552257858356,17.7460007457936,36.4875653360545,18.6393524035018,87130.9428468349,282.775869935829,0.0007890892062862,274.432539927584,2.17569541767941,1988,0,0,1,0,0,0,0,0,0,1,0,0,1,0,0,0,0,0,0,0,0,0,0,0,0,0,0,0,0,0,0,0,0,0,1,0,0,0,0,0,0,0,0
5,73.547042449323,861.69677467495,1.44147482685009,0.156657179601756,22,11,53.6572616204018,-1.81086627063644,9,76.3420385952147,14.7173970563113,36.4774701251427,18.6439308328594,4404509.85979382,286.609171239967,-0.0004964815700776,240.905765831389,3.30476658851945,1985,0,0,0,0,0,1,0,0,0,0,0,0,0,0,0,0,0,0,0,0,0,1,0,0,0,0,0,0,0,0,0,0,0,0,0,0,0,0,0,0,0,0,0
7,78.6007878335842,1478.5122716039,1.44043559017642,0.163564199324587,8,10,50.213495590161,-3.43181760172888,10,76.3138728853966,17.7407090145943,36.4601683697062,18.6490652398732,2050665.03135017,285.964770254756,-0.003437930877137,262.688998238017,11.8654674824293,1988,0,0,0,0,0,0,0,0,0,0,1,0,0,0,0,1,0,0,0,0,0,0,0,0,0,0,0,0,0,0,0,0,0,0,0,0,0,0,0,1,0,0,0
2,297.503870552331,664.498345729228,1.4411210759197,0.217180500024988,22,6,52.427401957298,-2.07563955465942,1,76.290722711329,17.7517914738368,36.4785692590593,18.6375783018281,-98389.6634193354,271.630208405596,0.0003720608746372,284.292484060122,4.93411018963769,1982,0,0,0,1,0,0,0,0,1,0,0,0,1,0,0,0,0,0,0,0,0,0,0,0,0,0,0,0,0,0,0,0,0,0,0,0,0,0,0,0,0,0,1
2,29.77815521887,1533.28892993802,1.4413145662858,0.175496585400819,6,15,52.0017181184651,-1.63182753927474,3,76.3500114307616,17.772809634004,36.458874353745,18.6400527965539,2726068.58216416,278.021665479976,0.0007296976959368,298.854324324766,11.9643904962513,1995,0,0,0,0,1,0,0,0,0,0,0,0,1,0,0,0,0,0,0,0,0,1,0,0,0,0,0,0,0,0,0,0,0,0,0,0,0,0,0,0,0,0,0
0,-71.5829585815282,259.768645501051,1.3814294943321,0.14897988025645,29,2,50.6247914490928,-0.432366357852213,5,56.5893171450774,17.7443306600839,36.5706332196238,18.6370775077395,3661915.39677517,286.248914181205,0.0035472128936333,229.118481564895,2.83531138169084,1993,0,0,0,0,0,0,0,0,0,1,0,0,0,0,0,1,0,0,0,0,0,0,1,0,0,0,0,0,0,0,0,0,0,0,0,0,0,0,0,0,0,0,0
8,-40.4673240010337,1135.78694628155,1.89341152374701,0.205521021541988,19,23,51.0680718924501,-1.82465359869638,2,88.837071435933,17.7478962749162,36.4290132627471,18.6461460604684,261723.518280239,280.058203161936,0.0045269725410063,236.114152117193,9.98303940064414,1997,0,0,0,0,0,0,1,0,0,0,1,0,0,0,0,1,0,0,0,0,0,0,0,0,0,0,0,0,0,0,0,0,0,0,1,0,0,0,0,0,0,0,0
5,89.0737858179098,1263.4152533228,1.44192133551738,0.15616026467038,8,17,52.4611714292816,-1.48868736747729,9,60.4945490988782,17.7678386114455,36.4732141941668,18.6388839666158,5253715.4814304,289.431586428068,-0.0001419452347386,204.294561997471,3.89138813130683,1987,0,0,0,0,0,1,0,0,1,0,0,0,1,0,0,0,0,0,0,0,0,0,0,0,0,0,0,0,0,0,0,0,0,0,0,0,0,0,0,0,1,0,0
4,177.59503847165,59.1840369739718,1.44269982096787,0.141056441984376,22,19,53.283534437383,0.563756966583333,10,76.3885313631109,17.7550008043628,36.477620290518,18.6430908078114,2904791.0676402,287.959752910716,-0.0009801713667863,132.091483651822,3.69198121287317,1988,0,0,0,0,1,0,0,0,1,0,0,0,1,0,0,0,0,0,0,0,0,1,0,0,0,0,0,0,0,0,0,0,0,0,0,0,0,0,0,0,0,0,0
1,-0.531025779468003,562.781456422656,1.13209015217109,0.207746266617472,6,11,53.102307612818,-1.07726648263182,12,93.260956778633,55.6430942396685,36.0940802179622,18.7153871511071,849442.677459124,277.260031267511,-0.0002906473054953,325.392980609714,7.74353365335213,1988,0,0,0,0,0,0,0,0,0,0,0,0,0,1,0,0,0,0,0,0,0,0,0,0,0,0,0,0,0,0,0,0,0,0,0,1,0,0,0,0,0,0,0
3,269.15921275353,714.777539912971,1.44254625162246,0.141309598334379,24,3,52.7754946364728,-1.14818637124822,9,76.6462176114665,17.7740273302348,36.4804598138285,18.6456821315495,-544813.866820727,282.176661491416,0.0012228533614975,272.445267125056,7.11798283128413,1990,1,0,0,0,0,0,0,0,0,0,1,0,1,0,0,0,0,0,0,0,0,1,0,0,0,0,0,0,0,0,0,0,0,0,0,0,0,0,0,0,0,0,0
3,80.5660554602512,589.905820096553,1.44233383526331,0.117822108370383,27,8,50.8366877710848,-2.10534261701575,7,76.297562181847,17.7908053799684,36.4683014329153,18.6377963787457,1119259.14696429,288.225226841507,0.0006164687352242,122.789812126223,3.47223307335862,1983,0,0,0,1,0,0,0,0,1,0,0,0,1,0,0,0,0,0,0,0,0,1,0,0,0,0,0,0,0,0,0,0,0,0,0,0,0,0,0,0,0,0,0
5,-73.5011654361842,923.860398887643,1.44103491879658,0.235952979622231,3,3,48.9408011808902,-1.46180068244623,12,76.3861645438521,17.7475074645967,36.4875661129368,18.6453940567447,974059.533301047,277.393326944103,-0.0001121400685936,191.528343251012,5.93268252516211,1988,0,0,0,0,0,1,0,0,0,0,1,0,1,0,0,0,0,0,0,0,0,0,0,0,0,0,0,0,0,0,0,0,0,0,1,0,0,0,0,0,0,0,0
8,53.8440536150035,479.569042443089,0.933528167247166,0.239964327142053,1,9,53.4007045126931,-1.48723069255331,12,82.8423881125708,17.1624308128837,35.3195128297292,18.6391729398981,1729458.59930919,283.646310592282,-0.0278683191419741,85.8155104747283,5.45864349008096,1984,0,0,0,1,0,0,0,0,1,0,0,0,0,0,0,1,0,0,0,0,0,0,0,0,0,0,0,0,0,0,0,0,0,1,0,0,0,0,0,0,0,0,0
5,96.1275761458246,1221.58222372392,1.4409780947859,0.123470298283273,13,11,52.7649534633423,-0.769634889461358,6,55.6022218358348,17.7369608529136,36.4778737609329,18.6445093663925,5970300.8212652,287.463996625421,-0.000785069918529,427.010912710882,6.03699805868357,1990,0,1,0,0,0,0,0,0,1,0,0,0,1,0,0,0,0,0,0,0,0,0,0,1,0,0,0,0,0,0,0,0,0,0,0,0,0,0,0,0,0,0,0
2,16.4372962372166,-411.225079481715,1.43766603281524,0.151300308265829,9,22,52.7624516698964,-0.980440584972098,7,76.3592617010667,17.7323039534726,36.5076969479368,18.6429008844865,10439229.415199,288.913600260187,-0.0008571085142862,162.547616095688,-1.43821847316946,1981,0,0,0,0,0,0,0,1,0,0,0,0,1,0,0,0,0,0,0,0,0,0,0,0,0,0,0,0,0,0,1,0,0,0,0,0,0,0,0,0,0,0,0
7,249.458959019899,607.739536885594,1.44051796167155,0.174588908935355,21,4,53.5151044924222,-2.31249810668108,12,76.391440729677,17.7403184537185,36.4439376323506,18.6456069024616,-8.85804750299668,282.797688457201,-0.0003135057347246,226.678776633929,9.32233730667512,1985,0,0,1,0,0,0,0,0,1,0,0,0,1,0,0,0,0,0,0,0,0,0,0,0,0,0,0,0,0,0,0,0,0,0,0,0,0,0,0,1,0,0,0
2,-65.8363145159954,732.6977449615,1.44266581961839,0.160830500208584,10,9,51.7776439095635,-0.707417089978469,7,76.2993194749513,17.7357776515661,36.5152115446879,17.9325087892679,1020013.98631022,290.648204412579,0.0001080659577229,301.253860642237,7.1088492272023,2000,0,1,0,0,0,0,0,0,0,0,0,0,1,0,0,0,0,0,0,0,1,0,0,0,0,0,0,0,0,0,0,0,0,0,0,0,0,0,0,0,0,0,0
1,71.2454814771377,501.204373886854,1.44173688838394,0.17042785595079,21,9,51.3944283757427,0.327925652662908,5,76.3012451611349,17.7856386446664,36.5081535293317,18.6407834552958,-88233.6616339752,286.501301885941,0.0042961034389638,325.850569840472,4.87129197820345,1984,1,0,0,0,0,0,0,0,0,0,1,0,1,0,0,0,0,0,0,0,0,0,0,0,0,0,0,0,0,0,0,0,0,0,0,0,0,1,0,0,0,0,0
3,18.3186975052711,1807.55798760787,1.4416611604994,0.150227597240405,18,15,54.5604015340652,-2.38807173837945,5,64.3926205480404,17.7510716222072,36.4770260953444,18.6430903106775,4149121.72688616,284.67110478974,0.0005591361426388,50.6166999912408,2.07753756213273,1988,0,0,0,0,1,0,0,0,0,1,0,0,1,0,0,0,0,0,0,0,0,0,1,0,0,0,0,0,0,0,0,0,0,0,0,0,0,0,0,0,0,0,0
2,145.84007887321,858.389213084387,1.44134532794268,0.153774225470108,9,13,52.4662004353711,-0.317173149009244,10,76.3168557107855,17.7633422187462,36.4723359764322,18.640868640209,8708160.10493307,288.307848863509,-0.002004367522502,62.0255770596032,5.02835055343882,1991,0,0,0,1,0,0,0,0,0,1,0,0,0,0,0,1,0,0,0,0,0,0,0,0,0,0,0,0,1,0,0,0,0,0,0,0,0,0,0,0,0,0,0
0,144.36296903862,229.149732743357,1.92011456933653,0.116826861700807,20,22,53.0779522801497,-0.624045333954025,9,42.692501786656,17.7344483556042,34.9965424722789,17.5241619698257,2119286.14275247,286.29624187353,0.0016718736732285,111.321124641083,4.28646512318475,1998,0,1,0,0,0,0,0,0,0,1,0,0,0,0,0,1,0,0,0,0,0,0,0,0,0,0,0,0,0,0,0,0,0,0,0,1,0,0,0,0,0,0,0
6,145.247615316797,34.5683721724125,1.44167849059932,0.264501726155122,7,19,52.3003981269896,-2.56770955061259,12,76.2824963479499,8.85920212098149,36.4902445935746,18.7144822471153,3849110.23918975,269.3376361791,-0.0108010219349997,-158.116509779413,-1.64008251030921,1989,0,0,1,0,0,0,0,0,0,0,0,0,0,0,0,0,0,0,0,0,0,0,0,0,0,0,0,0,1,0,0,0,0,0,0,0,0,0,0,0,0,0,0
4,214.579217331145,132.650094395452,1.4425814934102,0.226736025652765,30,1,50.9754392201566,-1.02302596167657,7,74.5468234686459,17.7268397739156,36.4661149954258,18.6451506047306,7735808.53232541,286.990070356925,3.28579727979008e-05,104.66374899532,1.92649349922909,1999,0,0,0,1,0,0,0,0,0,0,1,0,0,0,0,1,0,0,0,0,1,0,0,0,0,0,0,0,0,0,0,0,0,0,0,0,0,0,0,0,0,0,0
3,-61.8946028625315,236.460891017684,1.44207405625094,0.226548430263629,9,0,55.1851970475221,-2.53500375048244,1,76.3121193510496,17.7683467289965,36.4909934769718,18.6369485428238,6562833.23069223,271.833650153054,-0.005934172796261,81.5045376944557,5.99303181650908,1982,0,0,0,1,0,0,0,0,0,0,0,0,0,0,0,1,0,0,0,0,0,0,0,0,0,0,0,0,0,0,0,0,0,0,0,0,0,0,0,0,1,0,0
8,-120.602591939398,216.729522040127,1.36731531912817,0.0924073189381437,16,1,51.4089932985641,-2.45593411630131,6,65.6658865193572,24.1615408497027,32.2716349512891,18.6414439511404,5974068.48986998,283.704683741664,0.0013008001397334,294.947931282902,3.74078432405589,1994,0,1,0,0,0,0,0,0,0,0,0,0,1,0,0,0,0,0,0,0,0,0,1,0,0,0,0,0,0,0,0,0,0,0,0,0,0,0,0,0,0,0,0
6,130.551063398863,-735.175350330953,1.39939046962176,0.154238052667388,6,8,52.0168397578676,3.00304186973971,6,76.2480298541865,17.7668675042896,37.0461139847084,18.6457536746475,551122.318710482,284.177819199581,-0.0001082562453034,183.055630242641,1.88922966596653,1996,0,0,1,0,0,0,0,0,1,0,0,0,0,0,0,1,0,0,0,0,0,0,0,0,0,0,0,0,0,0,0,0,0,0,0,0,0,0,1,0,0,0,0
5,88.967830090822,312.371799906769,1.41711711250944,0.217520179867067,13,1,51.5555110219985,-1.98543913041178,12,76.297371294275,17.7333019908759,36.5532466207721,18.6405085342195,3566735.90652971,273.567105633599,-0.0077585611180961,33.1778439719891,2.26542217013815,1995,0,0,0,1,0,0,0,0,1,0,0,0,0,0,1,0,0,0,0,0,0,0,1,0,0,0,0,0,0,0,0,0,0,0,0,0,0,0,0,0,0,0,0
1,-39.4457665309025,1724.92121828272,1.1320901822178,0.15950620313631,3,18,54.185665631552,-1.16380359998088,6,92.803714723856,43.2026138396129,36.0940804433904,18.600802400798,10310664.6165678,290.48038763628,-9.32267108733863e-05,224.612760682231,2.06599848713989,1998,1,0,0,0,0,0,0,0,0,0,0,0,0,1,0,0,0,0,0,0,0,0,0,0,0,0,0,0,0,0,0,0,0,0,0,1,0,0,0,0,0,0,0
6,135.612493549322,867.716730382282,1.39674429877485,0.141167479993617,9,21,51.8120196126786,-1.16312330812694,9,76.2973521448336,17.7364985045379,37.4422526914168,18.6497329491151,7827689.86159211,287.879572653604,-1.65659765218116e-05,406.323135376252,2.04515072262428,1997,1,0,0,0,0,0,0,0,0,0,0,0,0,0,0,1,0,0,0,0,0,0,0,0,0,0,0,0,0,0,0,0,0,0,0,0,0,0,0,0,1,0,0
9,95.4230467565432,648.65462275322,1.24829672504255,0.173527691942875,16,6,50.5172651596629,-0.49886994053945,6,98.0790584374731,7.41766119463451,32.997224073858,18.6415447207113,50801.6013750982,285.608989609788,0.0014150954315945,317.754376688323,5.11475938692372,1998,0,0,0,1,0,0,0,0,0,0,1,0,1,0,0,0,0,0,0,0,0,0,0,0,0,0,0,0,0,0,0,0,0,1,0,0,0,0,0,0,0,0,0
7,25.3959334008685,682.665697580359,1.55016506743624,0.205823661818626,19,23,51.6888739707014,-0.720104743946516,9,106.230140638349,-12.4842008388139,37.6560889092669,18.6427732797891,1254631.31664777,285.010179197324,0.0025337490706364,304.080573812375,7.12276583225835,1990,0,0,0,1,0,0,0,0,0,0,1,0,0,1,0,0,1,0,0,0,0,0,0,0,0,0,0,0,0,0,0,0,0,0,0,0,0,0,0,0,0,0,0
2,-108.390939118714,1475.07839150225,1.44026495612472,0.205740328538955,26,10,51.3655155495492,-0.702061354726678,1,76.2866801382007,17.7779240116024,36.4590576940455,18.6404743737925,1707595.11001598,284.547102328923,-0.00293977915296,239.541766610544,12.2325263165153,1993,0,0,0,0,0,0,1,0,0,0,0,0,1,0,0,0,0,0,0,0,0,0,0,0,0,0,0,0,0,0,0,0,0,0,0,0,0,0,0,1,0,0,0
1,151.267523396335,-187.196468216995,1.75335180377927,0.144671778290984,8,13,51.4688474071212,-1.5706181630272,12,73.8539713334851,19.8202856206352,36.4769895347225,18.6385688197741,-5273862.97517683,271.071140942972,0.0127147052234186,193.513024121226,0.0984787815056343,1996,0,1,0,0,0,0,0,0,0,0,1,0,0,0,0,1,0,0,0,0,0,0,0,0,0,0,0,0,0,0,0,0,0,0,0,1,0,0,0,0,0,0,0
8,-59.1688170742981,1250.26262990402,0.856996069132384,0.141659131584934,20,11,51.1260363940697,-1.01735552601164,1,50.4679954420495,17.7438516206468,36.5706345812361,18.6398057328961,580554.987751372,277.567603736846,0.0009800260036013,224.227362443136,9.59776515059649,1993,0,1,0,0,0,0,0,0,1,0,0,0,0,0,0,1,0,0,0,0,0,0,1,0,0,0,0,0,0,0,0,0,0,0,0,0,0,0,0,0,0,0,0
2,91.210292170207,958.405952588859,1.44162471599629,0.212723539162952,24,16,50.1223591706044,-2.16825408383523,3,76.3016404130734,17.7425696515645,36.4883963782704,18.6361737598352,3231318.5109763,278.635502106689,-0.0002996734654994,227.039943817958,2.91267302599428,1984,0,0,0,0,1,0,0,0,0,0,1,0,1,0,0,0,0,0,0,0,0,0,0,0,0,0,0,1,0,0,0,0,0,0,0,0,0,0,0,0,0,0,0
9,150.773127943221,1267.23463664383,1.27350704013026,0.161735861720209,31,13,53.0643407405524,-1.17887609398153,5,76.1628940833736,36.0750854661843,35.6293324351244,17.9558694967891,10446468.3665065,296.550693072525,0.0003095665740475,128.8776378693,3.68543131373697,1992,0,1,0,0,0,0,0,0,1,0,0,0,0,0,0,0,0,0,0,0,0,0,1,0,0,0,0,0,0,0,0,0,0,0,0,0,0,0,0,0,0,0,0
4,-112.783532078256,228.338176958797,1.45213890505893,0.149638577089855,23,7,51.3972121905098,0.121202640130804,7,76.320431622723,17.7527559557816,36.465805488565,18.6440447575842,288879.581715938,292.077839302989,8.14866064716484e-05,106.451993354013,3.71953561027714,1983,0,0,0,0,1,0,0,0,0,1,0,0,1,0,0,0,0,0,0,0,0,0,1,0,0,0,0,0,0,0,0,0,0,0,0,0,0,0,0,0,0,0,0
2,74.848188852853,753.099730221485,1.44258118113386,0.185002795370244,3,19,50.8595502494073,0.737358398952171,4,76.2366522495387,17.7262573161939,36.4755380626468,18.7841225523765,4164488.69050513,284.410002078976,0.0013611452437858,53.1334426546387,4.97145721638551,1988,0,0,0,0,0,0,1,0,0,1,0,0,0,0,1,0,0,0,0,0,0,1,0,0,0,0,0,0,0,0,0,0,0,0,0,0,0,0,0,0,0,0,0
0,91.890590788054,298.812543327875,0.0438295941834743,0.228635111328862,26,6,53.1941416014794,-1.83949612774991,2,50.3522234442227,16.4665536276363,20.9078593541833,18.6392783245061,43343.2523389612,277.859834031274,9.98671370484205e-05,241.607712142844,5.17353451370384,1999,0,0,1,0,0,0,0,0,1,0,0,0,1,0,0,0,0,0,0,0,0,0,0,0,0,1,0,0,0,0,0,0,0,0,0,0,0,0,0,0,0,0,0
9,84.2461274348457,716.027819714606,1.27350697673891,0.232809814689052,15,19,52.6860890909475,-1.07686925394753,2,83.038143298126,25.636474462621,35.6293328978755,18.6513452419483,2620612.36678819,278.895251981007,-0.0001627669405653,252.918525752854,6.03630033237399,1992,0,0,0,0,0,0,0,0,1,0,0,0,0,0,0,0,0,0,0,0,0,0,1,0,0,0,0,0,0,0,0,0,0,0,0,0,0,0,0,0,0,0,0
1,-67.3386855851441,123.086858228437,0.835550698669282,0.199597028694378,17,2,51.7609547566073,-1.69974354178114,11,40.6329923021192,31.9803630511753,24.7229209065632,18.6466888958522,1995775.12789962,280.890204270517,-0.0039978338931447,255.897993080914,3.69333873511962,1994,0,0,0,0,0,0,1,0,1,0,0,0,1,0,0,0,0,0,0,0,0,0,0,0,0,0,0,0,0,0,0,0,0,0,0,0,0,0,0,0,1,0,0
0,206.237032549292,816.413723821426,1.05785543732338,0.181332606854264,20,21,52.7072871071094,-1.26309043585747,7,31.8382241038876,52.0701883519563,25.9944680999183,18.6357131361205,11087398.5877285,289.828689053339,0.0001251890697682,58.4443436346544,2.99230634835645,1997,0,0,0,1,0,0,0,0,0,1,0,0,1,0,0,0,0,0,0,0,0,0,0,0,0,0,0,0,0,0,0,0,0,0,0,0,0,0,0,0,1,0,0
7,107.230001179625,-250.508995294603,1.4424430777651,0.267457389588182,3,15,51.2576543846103,3.17290271445184,3,76.309169065533,17.7498268622359,36.4780117081629,18.6265489108724,-2697855.85254249,277.004523790623,0.0010388968270674,282.702513420132,7.36100540041656,1995,0,0,0,0,0,0,0,1,0,1,0,0,0,0,0,1,0,0,0,0,0,0,0,0,0,0,0,0,0,0,0,0,0,0,0,0,0,0,0,0,0,0,1
3,114.158715232619,621.510221153435,1.4405439329665,0.150322374137436,23,10,52.9558217858442,-2.80573304386819,8,76.2567322890678,17.7456555147276,36.4971671629578,18.6354065934774,3784683.75818109,291.879121646272,-0.0002603898901473,71.154768930595,1.72530974393887,1981,0,0,0,0,1,0,0,0,0,1,0,0,0,0,0,1,0,0,0,0,0,0,0,0,0,0,1,0,0,0,0,0,0,0,0,0,0,0,0,0,0,0,0
1,40.7975981214235,1527.77572447526,1.44218303830484,0.271324664290553,23,13,51.3843355705244,-1.92124613568545,9,76.3328120028352,17.7605025289558,36.4732926843235,18.6410861641447,7539598.15147669,293.109033800644,-0.0020825187541304,211.302579140767,9.98837282452877,1987,0,0,0,0,0,0,0,1,1,0,0,0,0,0,0,1,0,0,0,0,0,0,0,0,0,0,0,0,0,0,0,0,0,0,0,0,0,0,0,0,1,0,0
3,70.007370916132,314.619719648058,1.4420295763549,0.193927314474615,25,11,51.9573002653723,-1.68497436713354,1,67.9331899219356,17.7371158625719,36.4642931919432,18.6326546155922,350820.96054236,275.943477164712,7.70887056605059e-05,98.6066745329341,3.2959939136604,1991,0,0,0,0,0,0,1,0,0,0,1,0,1,0,0,0,0,0,0,0,0,0,0,0,0,0,0,0,0,0,0,0,0,0,0,0,0,0,0,0,1,0,0
3,-8.39807699596363,394.31640549113,1.44159267061344,0.0873593065294721,9,7,54.0438156593592,-1.09224881161066,5,76.3361475255161,17.7566776464815,36.4757784042617,18.6420668244084,156942.613911541,279.723797314305,0.0013546610859705,221.035978369024,3.65772020547116,1986,0,1,0,0,0,0,0,0,0,0,0,0,1,0,0,0,0,0,0,0,0,0,1,0,0,0,0,0,0,0,0,0,0,0,0,0,0,0,0,0,0,0,0
7,69.3470119363793,-18.2090810422837,1.44116619945536,0.201787410687868,27,7,53.4484741277239,-1.37291508228092,3,76.3338131975578,17.7475721682168,36.47581424093,18.634770250801,-109382.708770816,276.653236862172,0.0014764279810882,166.411391918311,3.06837226923688,1981,0,0,0,0,1,0,0,0,1,0,0,0,1,0,0,0,0,0,0,0,0,0,0,0,0,0,0,0,0,0,0,0,0,0,1,0,0,0,0,0,0,0,0
5,165.585171708499,994.264821360857,1.44307624463337,0.178585721931403,11,19,54.3382292518293,-1.62283207869858,5,76.4002157801239,17.7517020768898,36.4238085057125,18.6450676927723,2770594.75791904,288.075282651493,0.0028155535415787,247.026022488482,16.1192059294353,1987,0,0,0,0,0,0,0,0,1,0,0,0,1,0,0,0,0,0,0,0,0,0,0,0,0,0,0,0,0,0,0,0,0,0,0,0,0,0,0,0,0,1,0
6,7.53809270492923,1164.58453150724,1.44353932722657,0.253278657335636,25,0,54.8283691096984,-1.98454344468957,1,76.3763237663843,17.7743992777162,36.4910378105481,18.6421490815313,-1806448.97777297,275.035930767997,0.0042238369086662,251.184625794293,11.7158251445794,1994,0,0,0,0,1,0,0,0,0,0,1,0,0,0,0,1,0,0,0,0,0,0,0,0,0,0,0,1,0,0,0,0,0,0,0,0,0,0,0,0,0,0,0
7,124.008598801328,2074.76682639541,1.44322559666748,0.175820115006615,14,12,50.9198577392022,0.68867254348654,5,76.2097016554473,17.7553592862079,36.4824967979272,18.6397746899029,9118946.778909,283.640950629944,-0.0006208372339829,203.278630461276,4.01187553398966,1983,0,0,0,0,0,0,1,0,0,0,0,0,1,0,0,0,0,0,0,0,0,0,0,0,0,0,0,0,1,0,0,0,0,0,0,0,0,0,0,0,0,0,0
6,82.0179725090391,576.446647903746,1.44176796384737,0.126877998401602,10,5,53.4671340144433,-1.43042241365074,9,76.2812586591026,17.7456003552754,36.4630147489397,18.6398058952354,44241.7624874086,283.461031883835,-0.0007664270267878,242.734385983571,5.66435275806108,1993,0,1,0,0,0,0,0,0,1,0,0,0,0,0,0,1,0,0,0,0,0,0,0,0,0,0,0,0,0,0,0,0,0,0,1,0,0,0,0,0,0,0,0
7,187.124750672601,375.625523677315,1.44429638934904,0.237742286634404,7,23,54.0210733864356,-0.783782644415103,7,76.3093185579879,17.7697368516155,36.4601630995819,18.6429551525129,13433219.0029338,287.029957393633,-0.0005863907415182,225.722635287009,4.69842707731854,1981,0,0,0,0,0,0,0,1,0,0,1,0,1,0,0,0,0,0,0,0,0,0,0,0,0,0,0,0,0,0,0,0,0,0,0,0,0,0,0,0,0,0,0
7,79.1240551251227,497.53301300303,1.44461520601598,0.192646810231553,8,2,54.3817258076383,-3.13850055504732,1,76.5765966761425,17.7861504957254,36.4470873082982,18.6381277287382,420099.795416507,274.424848538479,-0.0006856148942174,192.332292470371,3.41776228297078,1987,0,0,0,0,0,0,1,0,1,0,0,0,1,0,0,0,0,0,0,0,0,0,0,0,1,0,0,0,0,0,0,0,0,0,0,0,0,0,0,0,0,0,0
8,-1.33931068233593,467.753126675502,1.23620794268392,0.277017280929746,11,5,50.4996261478934,-0.261850055619854,12,538.379925939786,18.4637572190352,36.5034897708084,18.6357041061278,75980.1194067183,280.438086525018,0.0009215228230456,246.004132568142,8.1380595173841,1982,0,0,0,0,0,0,0,1,0,0,1,0,0,0,0,1,0,0,0,1,0,0,0,0,0,0,0,0,0,0,0,0,0,0,0,0,0,0,0,0,0,0,0
4,80.8936300246922,498.17156313554,1.44335167931464,0.204979291976211,14,11,52.8088309735658,-0.293035123750558,9,76.3865274670722,17.7405320069576,36.4638147298537,18.6429511753584,2032717.45862353,287.272765046173,0.0022619248133338,267.35046807812,6.10812254444968,1981,0,0,0,0,0,0,0,1,0,1,0,0,1,0,0,0,0,0,0,0,0,0,0,0,0,0,0,0,0,0,0,0,0,0,0,1,0,0,0,0,0,0,0
7,-7.99511526844677,264.122782648636,1.44145916366738,0.178408123365012,26,5,51.7277720857414,-1.75383282328628,2,76.2400835713182,17.7877883956621,36.4679168335764,18.6361156193047,-21976.1317174303,279.529798208208,0.0005059010579133,300.139687436829,3.570746150482,1995,0,0,0,0,0,0,1,0,0,0,1,0,0,0,0,1,0,0,0,0,0,0,0,0,0,0,0,0,0,0,0,0,0,0,0,1,0,0,0,0,0,0,0
9,252.921813720545,126.299735598454,1.27350708781448,0.177041820506305,7,22,52.4212414889329,-2.06184254215752,8,73.9916861033409,25.5451876911424,35.6293324018194,18.641522855375,9556184.15867082,287.729675406672,-0.0003003617018728,65.586403971279,2.02732170263176,1983,0,0,0,0,0,0,0,1,0,0,0,0,0,0,0,0,0,0,0,0,0,0,1,0,0,0,0,0,0,0,0,0,0,0,0,0,0,0,0,0,0,0,0
2,51.536078687232,928.945011039599,1.44356090603056,0.100233506677029,4,4,50.4963649893408,-1.61277744960971,3,76.3579664788516,17.7359343689013,36.4760361184245,18.6436205470738,20.8132961929053,280.224180612871,0.0005982244075372,236.984411585146,8.02446916047912,1986,0,0,0,0,0,0,1,0,0,0,0,0,1,0,0,0,0,0,0,0,0,0,0,0,0,0,0,0,0,0,0,0,0,0,1,0,0,0,0,0,0,0,0
1,127.69654902716,346.643799035939,1.15813616718682,0.168241910062799,14,22,50.7496032518608,-1.76750169322776,12,40.7333688923523,25.9868921196975,38.6809979785796,18.5911140808413,5097825.87882326,277.774242340823,-0.01396554377271,284.879796255258,6.92369811469332,1999,0,0,0,0,0,0,0,0,0,1,0,1,0,0,0,0,0,0,0,0,0,0,0,0,0,0,0,0,0,0,0,0,0,0,1,0,0,0,0,0,0,0,0
3,54.7160797210667,1303.33387595649,1.44068131633587,0.171644277739686,15,6,52.0207498140317,-0.291965742729812,1,76.3566905321265,17.7437887472129,36.4791709390629,18.6395423121017,-68818.1117818987,274.981349120164,0.0049165036471706,261.958015912676,10.7949120354958,1984,0,1,0,0,0,0,0,0,1,0,0,0,1,0,0,0,0,0,0,0,0,0,0,1,0,0,0,0,0,0,0,0,0,0,0,0,0,0,0,0,0,0,0
8,13.3959286922477,1115.6174718674,0.933528131148872,0.172719893124493,27,20,53.6955333124891,0.65122536795802,9,87.881592323763,17.7454497861238,35.3195131497118,18.6452169026621,1537082.75822159,289.442391105174,0.0007442967209628,188.177440611666,11.4967727935638,2000,0,0,0,0,0,0,1,0,1,0,0,0,0,0,0,1,0,0,0,0,0,0,0,0,0,0,0,0,0,0,0,0,0,1,0,0,0,0,0,0,0,0,0
9,91.391941483913,1186.31084557883,0.134127053607853,0.217952997947546,23,1,54.2255693033411,1.03682194144834,2,-115655.656976721,9.941784690604,30.7294943789807,18.6461378889791,-1598738726.20365,282.397435505995,1.18325827656356,185.322111111968,14.2915558625715,1988,0,0,0,0,0,1,0,0,0,0,1,0,0,0,0,0,0,0,0,0,0,0,0,1,0,0,0,0,0,0,0,0,0,0,0,0,0,0,0,0,0,0,0
4,238.566529837707,492.148036706941,1.45213896704746,0.248049192174081,1,1,53.5762774596115,-2.53748983580963,10,76.3517783371091,17.7526889707926,36.4658046888508,18.6428867743271,3069646.32898731,277.082609074561,-0.0019306692388922,177.464097351572,2.19157740217653,1983,0,0,0,0,0,1,0,0,0,1,0,0,1,0,0,0,0,0,0,0,0,0,1,0,0,0,0,0,0,0,0,0,0,0,0,0,0,0,0,0,0,0,0
0,34.4653198255392,242.7744603015,0.0348676617582155,0.160607742026417,3,6,52.9751633041015,-0.130021206640101,7,71.7889815823642,6.90458738710747,45.8937872481144,18.6408836509353,-1360.69877454475,283.445423686167,0.0003065905226464,227.643748736914,1.76878413010096,1996,0,0,0,0,1,0,0,0,0,1,0,0,1,0,0,0,0,0,0,0,0,0,1,0,0,0,0,0,0,0,0,0,0,0,0,0,0,0,0,0,0,0,0
8,-5.50532509804805,790.260209176333,1.23620794111532,0.204712030528703,24,9,55.7875645682859,-2.33940473439877,4,545.879258677958,-13.2123048866671,36.5034894283049,18.6448881196569,1999063.92881156,283.710340139106,-0.0025651266990164,191.780236015282,3.67313091590083,2000,0,0,0,0,0,0,0,1,0,0,0,0,0,0,0,1,0,0,0,1,0,0,0,0,0,0,0,0,0,0,0,0,0,0,0,0,0,0,0,0,0,0,0
9,46.7435357118104,528.964713826711,1.50756706642113,0.160542625166427,9,20,54.0257789242556,1.07170501853548,7,63.3619606904517,17.7478113653567,36.4290133316401,18.649732854618,1906494.29309074,290.660186149222,0.0010132094098071,85.0935827569145,3.67727015314295,1997,1,0,0,0,0,0,0,0,1,0,0,0,0,0,0,1,0,0,0,0,0,0,0,0,0,0,0,0,0,0,0,0,0,0,1,0,0,0,0,0,0,0,0
6,170.87782249003,370.848238928283,1.44202274670322,0.15079179977198,12,13,54.0383608077007,-4.85356509957977,6,76.3495283769861,17.7543360600372,36.4637592365835,18.6371386985915,528011.444586971,287.388801527566,0.0058315974475706,281.9831733133,8.90316798322689,1985,0,0,0,1,0,0,0,0,0,0,0,0,0,0,0,1,0,0,0,0,0,0,0,1,0,0,0,0,0,0,0,0,0,0,0,0,0,0,0,0,0,0,0
7,-173.203447680567,-99.9488484917179,1.28136759084482,0.197703055451339,4,7,50.6001749062489,-1.06639034646087,8,69.7823254878589,13.390679811024,33.5821512218359,18.6404752465485,480495.346747717,282.41301166556,0.0001050675487175,212.287959438565,1.2896296753142,1993,0,0,0,0,0,0,1,0,0,0,0,0,1,0,0,0,0,0,0,0,0,0,0,0,0,0,0,0,0,0,0,0,0,0,0,0,0,0,1,0,0,0,0
4,-30.4398446060432,1426.32392995174,1.44229267269988,0.220309949379398,22,14,52.1962802549275,-0.504077483472484,7,76.3828204235732,17.7225555003628,36.4926108155726,18.6490291228748,6960370.1999473,298.254835152349,0.0012555258708096,111.383994185941,2.16630041954524,1989,0,1,0,0,0,0,0,0,0,0,1,0,1,0,0,0,0,0,0,0,0,0,0,0,0,0,0,0,0,0,0,0,0,0,1,0,0,0,0,0,0,0,0
3,18.1766794808188,689.81778156819,1.44185046287545,0.175918229196315,5,22,50.7593116793218,-1.60010237953394,1,76.3379910402604,17.7662784961542,36.4639738682964,18.6395424646768,2502921.90694985,276.128182121163,-0.0014580403262885,235.289553865118,6.42815775942903,1984,0,1,0,0,0,0,0,0,1,0,0,0,1,0,0,0,0,0,0,0,0,0,0,0,0,0,0,0,0,0,0,0,0,1,0,0,0,0,0,0,0,0,0
2,12.8045962901914,1155.80042221257,1.44377590048908,0.219398855043944,1,19,51.2213917022492,-4.5215396599637,6,76.2724300919093,17.7259946096358,36.4136849996095,18.6353575925714,9920102.95584914,289.240273313326,-1.41543595268095e-05,218.944882254269,4.44761274305698,1990,0,0,0,0,1,0,0,0,0,0,1,0,1,0,0,0,0,1,0,0,0,0,0,0,0,0,0,0,0,0,0,0,0,0,0,0,0,0,0,0,0,0,0
6,-59.0529536767225,1105.50396795209,1.4417024605331,0.172253023570753,1,20,51.6443919974472,-0.944600305522716,3,76.2633434697578,17.7517371612343,36.4755721167332,18.6449567769566,-37090.0657794542,282.373373418992,0.0042208597487375,285.031249843047,11.965893723452,1989,1,0,0,0,0,0,0,0,1,0,0,0,1,0,0,0,0,0,0,0,0,1,0,0,0,0,0,0,0,0,0,0,0,0,0,0,0,0,0,0,0,0,0
3,103.005207585657,37.4508056262516,1.44256269807552,0.1898601658887,9,10,53.2255879626926,-2.0804245197546,11,76.4601265745379,17.6923634204813,36.4585721813993,18.6417882097965,2205469.62507261,277.381637410555,-0.0044123052655698,168.966142479919,2.75958129895987,1997,0,1,0,0,0,0,0,0,0,0,1,0,1,0,0,0,0,0,0,0,0,0,0,0,0,0,0,0,1,0,0,0,0,0,0,0,0,0,0,0,0,0,0
4,52.8959856103672,492.142276449243,1.4413116226228,0.174868008110162,5,12,52.2844848788834,-1.32350491452615,11,45.6535515659826,17.746743204291,36.4571308665414,18.6449263772609,487437.82113074,282.200088478848,0.0018851553942928,-44.3318319090956,5.53284631914589,1990,0,0,0,1,0,0,0,0,1,0,0,0,1,0,0,0,0,0,0,0,0,0,0,0,0,0,0,0,0,0,0,0,0,0,0,0,0,0,0,0,1,0,0
4,204.588688847276,454.390030485395,1.44266680661109,0.222624633361107,14,3,53.8285766844011,-0.561467031173721,7,76.3196256150328,17.7468468367954,36.4706364626825,18.6377959121861,2381132.45794562,286.96070648744,-0.0002555894742559,273.985688094019,0.923538627239496,1983,0,0,0,1,0,0,0,0,0,0,0,0,1,0,0,0,0,0,0,0,0,0,0,0,0,0,0,0,0,0,0,0,0,0,0,0,0,0,0,0,1,0,0
7,26.5494990243348,1449.46188980901,1.3417244716146,0.272897224068185,6,8,52.2738167793574,0.537615923960201,1,82.2314851995907,39.7330100630842,33.2343262595306,18.6373276029169,-163423.176879948,282.356611555917,0.0034151233051935,245.847349140184,11.4209260251473,1983,0,0,0,1,0,0,0,0,0,0,1,0,0,0,0,0,1,0,0,0,0,0,0,0,0,0,0,0,0,0,0,0,0,0,0,0,0,0,0,0,0,0,0
2,-173.890100608078,359.214117466513,1.4414470261203,0.210617162297101,4,1,50.4954510113994,-1.22537793295716,4,2.40283742847246,17.7387097182387,36.4760200280982,18.6428845002331,3885368.56022877,280.266865228532,0.0009637520965192,288.259122955585,3.72429383287307,1997,0,1,0,0,0,0,0,0,0,0,1,0,0,0,0,1,0,0,0,0,1,0,0,0,0,0,0,0,0,0,0,0,0,0,0,0,0,0,0,0,0,0,0
4,130.195903234663,816.325961211369,1.44228067815145,0.108010652158311,23,21,50.7353545226612,-2.23982582991513,2,76.334762586265,17.7495188210735,36.4758817155068,18.6374784621442,-1487352.70356381,280.011611635231,0.0042384562325772,124.617256601666,10.8404824499407,1981,0,1,0,0,0,0,0,0,0,0,0,0,1,0,0,0,0,0,0,0,0,0,0,0,0,0,0,0,0,0,0,0,0,0,0,0,0,0,0,0,0,0,1
4,116.61187729651,605.441831347199,1.44013858623408,0.201454528702801,31,6,53.9550117108068,-1.88623525455575,6,76.293466360999,17.7274927726319,36.5104942977607,18.6396738117941,49062.5060981896,283.60247052268,0.0026074952449876,304.838064810407,3.71268759198237,1984,0,0,1,0,0,0,0,0,1,0,0,0,1,0,0,0,0,0,0,0,0,0,0,0,0,1,0,0,0,0,0,0,0,0,0,0,0,0,0,0,0,0,0
8,59.357480338464,662.863332055727,0.276886266405231,0.121746714857245,1,11,52.5367823576243,-0.697171888597614,8,25.5864513395811,58.8755737500957,38.4615196983542,18.6482428990057,2175342.7697898,287.226792598073,0.0005432683814896,32.5969531046664,3.29786399084972,1998,1,0,0,0,0,0,0,0,0,0,0,0,1,0,0,0,0,0,0,0,0,0,1,0,0,0,0,0,0,0,0,0,0,0,0,0,0,0,0,0,0,0,0
7,-50.1650562165993,397.651276485811,1.44290503029713,0.172678168736733,17,10,52.1321745229301,-1.7014004576218,11,76.4062933534778,17.7330141869555,36.5155145577184,18.6413411052495,1330061.87337181,278.118787501148,0.0001343566557072,161.924751411907,1.08556136463192,1984,1,0,0,0,0,0,0,0,0,0,0,0,0,0,0,1,0,0,0,0,0,0,0,0,0,0,0,0,0,0,0,0,0,0,0,0,0,0,0,1,0,0,0
2,62.9220993747782,880.543308942519,1.44153505947986,0.175584154560264,28,13,50.6837220380242,0.757067048418176,6,76.4941189547651,17.7399793398502,36.4936872753362,18.6427816379359,4035475.8304119,290.400673965406,0.0037967939552727,242.912992644647,5.72762337325375,1985,0,0,0,0,1,0,0,0,0,1,0,0,1,0,0,0,0,0,0,1,0,0,0,0,0,0,0,0,0,0,0,0,0,0,0,0,0,0,0,0,0,0,0
1,220.570082068674,262.679433530727,1.87070092514818,0.216980028362662,19,7,49.4543729305206,-0.387587681776227,3,44.7992733478437,17.7535983039931,36.4667188468693,18.6388838383794,-372.847564152115,273.596386682932,-0.000161126706974,361.611662501054,0.329259868502711,1983,1,0,0,0,0,0,0,0,0,0,1,0,0,0,0,1,0,0,0,0,0,0,1,0,0,0,0,0,0,0,0,0,0,0,0,0,0,0,0,0,0,0,0
7,-34.0897905555524,586.494972148522,1.44065029823247,0.227308184063953,25,7,53.2571001545215,-2.25896767298543,3,76.3446272380049,17.7799956787498,36.4577340294428,18.6408496440343,-17545.9362720059,280.820285526087,0.0009279622265274,73.2126900396979,7.67746490514902,1991,0,0,0,1,0,0,0,0,0,1,0,0,0,0,0,1,0,0,1,0,0,0,0,0,0,0,0,0,0,0,0,0,0,0,0,0,0,0,0,0,0,0,0
1,62.8072284053561,1108.72782621454,1.44151274069333,0.109083738545104,23,21,53.9177613718757,-0.929970508415946,1,76.3135177482639,17.7605411652971,36.4871901493461,18.6449201738424,1762864.72362522,280.787662933539,0.0006134713190309,275.897365396436,11.5525781096439,1990,0,0,0,1,0,0,0,0,0,0,0,0,1,0,0,0,0,0,0,0,0,0,0,0,0,0,0,1,0,0,0,0,0,0,0,0,0,0,0,0,0,0,0
7,105.341126941886,1167.59869390203,1.44213926435586,0.197818391963399,27,17,51.6589430212768,-3.29200613175865,6,76.3008878350119,17.7394072912289,36.4621531375071,18.6318921441693,6400005.99679042,288.302357607737,-0.0001715706788223,342.47491333136,3.37063198667128,1993,0,0,0,0,1,0,0,0,0,0,1,0,1,0,0,0,0,0,0,0,0,0,0,0,0,0,0,0,0,0,0,0,0,0,1,0,0,0,0,0,0,0,0
0,108.514231845969,419.616978567038,1.13154661427351,0.157964745607545,25,2,52.855659633652,0.577799233917139,9,71.2992405896885,14.4615835017327,34.5564868326258,18.1088519677687,1142688.95589066,287.116607818195,0.0035856408851641,216.541707959458,4.87452224544372,1999,0,0,0,0,1,0,0,0,0,0,0,0,0,0,0,1,0,0,0,0,0,0,0,0,0,0,0,0,0,0,0,0,0,0,0,0,1,0,0,0,0,0,0
3,-21.4205442319871,450.61393805923,1.43896257294552,0.334125044281772,24,18,51.8197315051438,-0.801513435129102,12,76.3210546695498,17.7767016236983,36.4515022921773,18.6482179931105,3027968.26438938,278.627235871897,-0.00618763687294,212.167914629679,5.46893987522378,1989,0,0,0,0,0,1,0,0,0,0,0,0,1,0,0,0,0,0,0,0,0,0,0,0,0,0,0,0,0,0,0,0,0,0,0,0,0,0,0,1,0,0,0
2,15.7211289717324,778.685295879124,1.44061364673839,0.199925873798398,8,0,52.2746227258634,0.973971606416183,11,76.3241356596624,17.7608642866643,36.4767943428421,18.6365169739324,1457393.24832848,280.58664697974,-0.0003807819977741,221.111202020483,5.70933899424091,1986,0,0,0,1,0,0,0,0,0,0,1,0,1,0,0,0,0,0,0,0,0,0,0,0,0,1,0,0,0,0,0,0,0,0,0,0,0,0,0,0,0,0,0
5,-12.8407681114374,-19.6130391510099,1.44097808232374,0.198886304358953,10,4,53.5290980495598,-0.952056540067277,9,81.8520906273134,17.7372808493823,36.4778744297237,18.6449215333601,0.899963481926187,282.193143826767,0.0003591504271835,331.385537687214,2.36216291282336,1990,0,0,0,1,0,0,0,0,0,0,1,0,1,0,0,0,0,0,0,0,0,0,0,1,0,0,0,0,0,0,0,0,0,0,0,0,0,0,0,0,0,0,0
9,194.690027799385,1233.77243582656,0.571263194857163,0.290391931934949,7,16,52.2966509351334,-0.0971456139394042,10,107.110376667171,29.2694117190195,34.2283055719101,20.9554225547774,3779597.56971143,283.876012306717,-0.0003268448635644,228.543923429708,4.10823860529791,1999,0,1,0,0,0,0,0,0,0,1,0,0,1,0,0,0,0,0,0,0,0,1,0,0,0,0,0,0,0,0,0,0,0,0,0,0,0,0,0,0,0,0,0
7,187.204257055698,473.070324290335,1.44011276203811,0.205483983071502,27,7,51.3124069750453,-1.74640720585536,3,76.2751503832765,17.7907322525502,36.4827432853657,18.6397741566607,-147831.715160218,281.379017242882,0.0006651973304751,52.5978102614233,6.26900426971664,1983,0,0,0,0,0,0,1,0,1,0,0,0,1,0,0,0,0,0,0,0,0,0,0,0,0,0,0,0,0,0,1,0,0,0,0,0,0,0,0,0,0,0,0
6,211.466115999285,625.411928581521,1.43075324577751,0.159608947568792,7,3,52.6927113577777,-2.21620117044747,11,76.2709377612156,17.7267811830797,36.5092452170567,18.6396443583758,1186668.01342497,286.467215095166,0.0003199962143217,139.369952169756,7.87591138145292,1994,0,1,0,0,0,0,0,0,0,0,0,0,0,0,1,0,0,0,0,0,0,0,1,0,0,0,0,0,0,0,0,0,0,0,0,0,0,0,0,0,0,0,0
5,46.1489455776217,780.068858564718,1.44174848322,0.202124431113612,14,20,51.2220883747387,-1.50880350439059,7,76.3571947101001,17.746500564918,36.4714850238459,18.6365180678987,7584273.56259712,284.465555209941,0.0003706820194239,281.713130441593,2.41539171022687,1986,0,0,0,1,0,0,0,0,0,0,1,0,1,0,0,0,0,0,0,0,0,0,0,0,0,0,0,1,0,0,0,0,0,0,0,0,0,0,0,0,0,0,0
0,7.99839309661185,449.075668418264,1.26979423653438,0.24630647924021,25,5,50.9758959672613,-1.82305434695049,12,48.3618674498509,18.0812357141251,39.0509953888132,18.6213852867291,-42640.1460869768,275.617806090447,0.0029473697323194,252.600639224448,6.29017450652543,1999,0,0,0,0,0,0,0,1,0,1,0,0,0,0,0,1,0,0,0,0,0,0,0,0,0,0,0,0,0,0,0,0,1,0,0,0,0,0,0,0,0,0,0
4,11.3401297990335,327.93459292008,1.44183963274647,0.177983201727715,11,22,53.8727564173374,-0.760091306687111,7,76.3019310690277,17.7360191505952,36.4806409185776,18.6410426507078,9217733.83995657,291.708998173524,0.001749050194181,270.783695164762,3.86019947251578,1989,0,0,0,0,0,0,1,0,0,0,0,0,0,0,0,1,0,0,0,0,0,0,0,0,0,0,0,0,0,0,0,0,0,0,0,0,0,0,0,0,1,0,0
1,-2.91900245970615,595.169584309431,0.605259052336363,0.214070644633585,17,23,52.677424261215,-1.39958828709372,1,45.2108396565227,22.6182317845338,27.2219738491472,18.6417795033559,6471121.32371575,280.075912772684,-0.0071054216643139,261.498190113585,6.70991510125375,1998,0,0,1,0,0,0,0,0,0,0,1,0,1,0,0,0,0,0,0,0,0,0,1,0,0,0,0,0,0,0,0,0,0,0,0,0,0,0,0,0,0,0,0
3,57.00207108335,1684.87169045627,1.44256270460392,0.202144372840179,29,19,51.203659790148,-1.25268158668525,7,76.4600988008923,17.6915297670874,36.4585732602711,18.6489252171835,11399052.9049846,292.59553001029,-4.74705956498033e-05,191.381843881653,5.3717885283312,1997,1,0,0,0,0,0,0,0,0,0,0,0,1,0,0,0,0,0,0,0,0,0,0,0,0,0,0,0,1,0,0,0,0,0,0,0,0,0,0,0,0,0,0
9,42.1352246355859,-137.901912873491,1.13071470648744,0.151671748995655,18,23,51.9755916711632,-2.70439293142744,11,82.9677510709869,5.00681946760992,37.6149842977735,18.6432550432575,1961470.31242736,278.008913934422,0.0021025165296603,206.6599682599,2.15754913443927,1994,0,0,0,0,0,0,0,0,1,0,0,0,1,0,0,0,0,0,0,0,0,0,1,0,0,0,0,0,0,0,0,0,0,0,0,0,0,0,0,0,0,0,0
8,211.649916910163,401.280178780361,1.84674894379509,0.157396205552113,2,19,53.8318000420928,-1.695081970243,12,82.4305012910064,16.4663607912938,36.4821653698292,18.6353153961527,-886102.369305854,280.257425669159,0.0037967862969895,279.753267709592,5.53156795752286,1990,0,0,0,0,1,0,0,0,1,0,0,0,1,0,0,0,0,0,0,0,0,0,1,0,0,0,0,0,0,0,0,0,0,0,0,0,0,0,0,0,0,0,0
6,130.058626771377,812.354665206645,1.61224084385251,0.166101408660309,10,12,52.5772789796961,-1.66760582439728,5,67.1177032128046,17.7495524504678,36.4689487988812,18.6495489010596,511249.353673817,288.654173096229,0.0049066658023679,258.234954050401,7.75629780691578,1992,0,1,0,0,0,0,0,0,0,1,0,0,1,0,0,0,0,0,0,0,0,0,0,1,0,0,0,0,0,0,0,0,0,0,0,0,0,0,0,0,0,0,0
1,140.848054120699,612.226422729185,1.55979606667342,0.162115476204439,3,23,51.2126020999725,-2.43622854550461,5,488.731339304777,20.7541098637299,36.4948348979358,18.6420089259946,12760887.3768578,287.915647006968,0.0002511122303134,194.834073981129,8.49758498072251,1988,0,0,0,0,1,0,0,0,1,0,0,0,0,0,0,0,0,0,0,1,0,0,0,0,0,0,0,0,0,0,0,0,0,0,0,0,0,0,0,0,0,0,0
6,22.0519282317285,78.6696132750123,1.45515803362444,0.158697143158196,6,20,53.4666468324248,-0.145756305500861,9,76.3127006877237,17.746861499171,36.4818296144824,18.6395423156753,7216177.8744683,291.369768524835,-0.001597833559182,-14.4673224332648,2.77339929634282,1984,0,1,0,0,0,0,0,0,1,0,0,0,1,0,0,0,0,0,0,0,0,0,1,0,0,0,0,0,0,0,0,0,0,0,0,0,0,0,0,0,0,0,0
4,22.9661449102033,1225.63900425421,1.4428328275469,0.170863874971387,20,23,53.4006488604353,-2.23011851082158,1,76.3546165606118,17.7538794378722,36.4827928020802,18.6422777181549,5934849.37702146,281.877593439952,-0.0037916587222351,243.837497483632,8.3582730329778,1990,0,0,0,0,0,0,1,0,0,0,0,0,0,0,0,1,0,0,0,0,0,1,0,0,0,0,0,0,0,0,0,0,0,0,0,0,0,0,0,0,0,0,0
3,231.962294067661,490.692093275937,1.44184519788161,0.147668878161459,14,10,53.4567885625498,0.257790315742003,2,76.3208254295407,17.7388297383941,36.4851545339261,18.6407683478384,-594435.033596794,269.537508455701,-8.28178837343301e-06,53.3795857270429,6.04037437435409,1985,0,1,0,0,0,0,0,0,0,1,0,0,1,0,0,0,0,0,0,0,0,0,0,0,0,0,0,0,0,0,0,0,0,0,0,0,0,0,0,0,1,0,0
9,-51.0039488820761,768.392959275501,1.27350704963524,0.177812732400263,18,9,51.9416832337189,-1.46131103492879,6,89.9773048593518,26.6281519846923,35.6293331743355,18.6388783970264,1523941.28677288,285.334367799758,0.0011270655168084,205.470371972434,3.41606982581309,1997,0,0,0,0,0,0,0,1,0,0,0,0,0,0,0,0,0,0,0,0,0,0,1,0,0,0,0,0,0,0,0,0,0,0,0,0,0,0,0,0,0,0,0
1,141.962792134804,1285.52591468246,0.945906470793292,0.136078190670224,14,13,52.0514769207289,-1.95807285264466,11,29.7054053832697,6.27642897094256,22.0663750814145,18.7502427888405,59196.4016546815,281.3288352672,0.0024966671700305,229.821349162096,13.1390758910334,1994,0,0,0,0,0,0,1,0,0,1,0,0,0,0,0,0,0,0,0,0,0,0,0,0,0,0,0,0,0,0,0,0,0,0,0,0,0,0,0,0,1,0,0
1,82.7305684434214,-184.867439389212,1.86076899358633,0.176630024698694,3,22,55.9035140082071,1.14701760051229,10,55.4928514148704,38.3068461071164,33.4881361655259,18.6272265222375,4813881.65173245,284.576270485331,-0.0065777754263931,168.205418856017,-0.342013788499676,1981,0,0,0,0,0,0,1,0,0,0,1,0,0,0,0,0,0,0,0,0,0,0,0,0,0,0,0,0,0,0,0,0,0,0,0,0,0,0,0,1,0,0,0
5,-39.2601962274318,748.151815935747,1.44211338508394,0.112842121564922,9,9,53.9868746297966,-1.52814549239012,5,76.2850050588675,17.7362958166656,36.4559558803884,18.6366003365597,1235696.29560405,284.801522777356,0.000653857437736,240.705706454964,1.75076153603852,1990,0,0,0,0,0,0,0,0,0,0,1,0,0,0,0,1,0,0,0,0,1,0,0,0,0,0,0,0,0,0,0,0,0,0,0,0,0,0,0,0,0,0,0
6,138.118279459566,830.87954917941,1.44246927154461,0.160856960623603,5,18,52.535861650012,-2.0264811847062,12,76.2924176980443,17.7909065850088,36.478355297815,18.6449665756393,4527220.83994094,275.585884415994,-0.0075507157099587,32.560270969782,2.49871709079328,1989,1,0,0,0,0,0,0,0,1,0,0,0,1,0,0,0,0,0,0,0,0,0,0,0,0,0,0,0,0,0,0,0,0,0,0,1,0,0,0,0,0,0,0
8,113.006635604306,605.01339886913,0.942356817175906,0.213053732539501,27,9,51.7242190182525,-0.0376602468446092,2,-858.770400811808,10.6336825447733,29.0705030881742,18.6446702774521,-1353517.03941728,277.102143150354,0.0019995699875174,259.474408166527,5.11211088747323,1983,0,0,0,1,0,0,0,0,0,0,0,0,0,0,0,1,0,0,0,0,0,0,0,0,1,0,0,0,0,0,0,0,0,0,0,0,0,0,0,0,0,0,0
5,-152.640952879518,50.6977232528707,1.44125465754687,0.174252413350867,27,22,49.9545402584822,-1.17253196829027,11,76.3383373341196,17.7351238187026,36.4662308153263,18.6430783615194,4517678.77821087,278.663728970135,-0.0001801865066562,-52.6037957099907,3.8755625685701,1988,0,0,0,0,1,0,0,0,0,0,0,0,1,0,0,0,0,0,0,0,0,0,0,0,0,0,0,0,0,0,0,0,0,1,0,0,0,0,0,0,0,0,0
2,106.707269999596,620.496802123735,1.44196284076381,0.170475172431048,26,10,52.4653558491135,-1.74866107046506,9,76.3585690726997,17.7921199511007,36.485728138327,18.6354648085298,572587.504498984,285.746782564275,-0.0002453111522005,248.746598241073,6.7021603910519,1988,0,1,0,0,0,0,0,0,1,0,0,0,1,0,0,0,0,0,0,0,0,0,0,0,0,0,0,0,0,0,0,0,0,0,0,1,0,0,0,0,0,0,0
2,207.7687810957,724.606904978745,1.44124179011465,0.148484853204471,10,5,54.2573384831933,-3.3013452297003,5,76.2895682232033,17.7616830558214,36.5253548923942,18.6407682019666,-61049.8273055493,282.184426237065,0.0008280814891803,-155.814734199005,6.77034280976025,1985,0,1,0,0,0,0,0,0,1,0,0,0,1,0,0,0,0,0,0,0,0,0,0,0,0,0,0,0,0,0,0,0,0,0,0,0,1,0,0,0,0,0,0
9,93.0365699950845,-232.33351279529,0.62559016350119,0.170619355067833,29,22,52.3802996277273,-0.348734283786065,7,76.2615565463158,17.490736688527,40.8296300551673,18.6447606147398,8347611.88817723,292.958344177895,-0.0001417538033399,157.846728998521,2.11325222039161,1995,0,0,0,0,0,1,0,0,1,0,0,0,1,0,0,0,0,0,0,0,0,0,1,0,0,0,0,0,0,0,0,0,0,0,0,0,0,0,0,0,0,0,0
4,171.73068297881,1010.91568468593,1.44132361979244,0.250332265924948,9,12,53.0126036223253,-1.25076954249036,2,76.3117980088368,17.7506023271223,36.4590621699726,18.6405388724132,3168712.60536016,275.48914265692,0.0009614522746825,-6.01730395295453,7.30020691970043,1981,0,0,0,1,0,0,0,0,0,0,1,0,1,0,0,0,0,0,0,0,0,0,1,0,0,0,0,0,0,0,0,0,0,0,0,0,0,0,0,0,0,0,0
5,-17.9881735329783,463.952319925281,1.44143188973263,0.155346152288351,11,0,52.5936990127616,-1.43204459364574,4,76.3143979773379,17.7500669017442,36.4602631118041,18.6388494989864,5516969.34066998,282.764139839085,0.0004433027117858,209.842988065471,5.41520470597953,1981,0,0,0,0,0,1,0,0,0,0,0,0,0,0,0,1,0,0,0,0,0,0,1,0,0,0,0,0,0,0,0,0,0,0,0,0,0,0,0,0,0,0,0
1,43.0730887283773,324.8510672742,1.44124537800211,0.184471087479616,12,4,52.4309644169941,-1.17776385473135,10,76.2907330234757,17.8075542444424,36.457348379443,18.6374445134559,-2.44272795400364,278.547136830562,-3.70258513471383e-05,137.226760415437,2.72908401008875,1982,1,0,0,0,0,0,0,0,0,1,0,0,0,0,0,1,0,0,0,0,0,0,0,0,0,0,0,0,0,0,0,0,0,0,0,0,0,0,0,0,0,1,0
6,92.7534431846391,543.289996072847,1.42391608072728,0.202870993179839,1,23,53.4683203466561,-0.42939844376063,5,76.292982020453,17.7557821499892,37.107551720034,18.6400326259215,2442484.03739213,280.899250702492,7.29761251107349e-05,125.305067665748,2.50643150645579,1994,0,0,0,0,1,0,0,0,0,0,1,0,0,0,0,1,0,0,0,0,0,0,0,0,0,0,0,0,0,0,0,0,0,0,0,0,0,0,0,0,1,0,0
3,159.831657426379,958.869046265342,1.44254618328943,0.202955422478687,3,9,52.9697434586813,-1.67309864128232,6,76.5085029675957,17.7740110767902,36.4804599131194,18.6449216722147,1061728.98826337,283.371365538084,0.0011960317981486,291.156514075716,7.0771353458938,1990,0,0,0,1,0,0,0,0,0,0,0,0,1,0,0,0,0,0,0,0,0,1,0,0,0,0,0,0,0,0,0,0,0,0,0,0,0,0,0,0,0,0,0
2,20.4647012183479,182.708394890722,1.43985995164781,0.17579889820681,23,4,51.7328086478723,-1.55154355194368,12,76.2825439223347,17.7623456077788,36.4521214153203,18.6495481737929,6.66723589148255,270.885573122902,-0.0001590998561734,2.70488225173879,2.07104635371784,1992,0,1,0,0,0,0,0,0,0,1,0,0,1,0,0,0,0,0,1,0,0,0,0,0,0,0,0,0,0,0,0,0,0,0,0,0,0,0,0,0,0,0,0
0,119.896556659453,1037.84488026745,-0.0149896712041843,0.0927954966659222,18,10,52.7744029647114,-0.485710331996762,9,53.0540192496166,67.7981997291635,24.238615943052,17.9675724711084,3603359.23688094,293.023320853008,-0.0049056332713929,176.429234070325,11.7031807238216,1999,0,1,0,0,0,0,0,0,0,0,0,0,1,0,0,0,0,0,0,0,0,1,0,0,0,0,0,0,0,0,0,0,0,0,0,0,0,0,0,0,0,0,0
3,22.2639274049346,119.345655041326,1.44169280542461,0.198097051521792,12,22,49.4608863156588,-0.394169315022441,1,76.289723408533,17.7146403461918,36.4978539724483,18.6440147823906,2382822.07705321,277.391806144817,-0.0018163012580888,75.3391810831465,3.23520809808757,1992,0,0,0,0,0,1,0,0,0,0,0,0,1,0,0,0,0,0,0,0,0,0,0,0,0,0,0,0,0,0,0,0,0,0,0,0,0,0,0,0,0,0,1
2,125.583769674935,1249.14986039153,1.44157113837322,0.0975773840347056,3,19,54.0967990979537,-2.36055614666612,7,76.3435947033207,17.737009875519,36.4568474025936,18.6414444312225,6809382.85104352,288.963625170682,0.0011658452846439,214.022142685341,2.0529966140809,1994,0,1,0,0,0,0,0,0,0,0,0,0,1,0,0,0,0,0,0,0,0,0,0,0,0,0,0,0,1,0,0,0,0,0,0,0,0,0,0,0,0,0,0
5,10.8392607425547,282.259089188869,1.44143187979203,0.164842649923769,19,5,52.1573278326499,-3.34102100297574,10,76.3144125276775,17.7500466113354,36.4602612736999,18.6433289131505,170546.964490674,278.894019501785,0.0022446224289762,229.259081772749,3.54876085123772,1981,0,0,0,0,0,0,0,0,1,0,0,0,0,0,0,1,0,0,0,0,0,0,1,0,0,0,0,0,0,0,0,0,0,0,0,0,0,0,0,0,0,0,0
4,178.456153623969,156.646677860042,1.4424917979153,0.152782047265108,2,23,53.2236061855554,-1.48909187278337,4,76.4086755658517,59.4038111783012,36.4625719851855,22.6392046933229,13472154.1930106,278.850681681534,-0.0028815081414287,31.448527198274,1.06320175852424,1981,0,1,0,0,0,0,0,0,0,0,0,0,0,0,0,0,0,0,0,0,0,1,0,0,0,0,0,0,0,0,0,0,0,0,0,0,0,0,0,0,0,0,0
1,223.192932855519,1301.59946056792,1.44022646078067,0.157346397002688,5,18,49.096627926792,-2.60170750412347,2,76.5467494365007,17.7929471893982,36.4821717713895,18.6412828998671,3247338.59259446,280.215580621928,0.0016111068859598,244.760932726317,10.5197774734622,1983,0,1,0,0,0,0,0,0,0,0,0,0,0,0,1,0,0,0,0,0,0,0,0,0,0,0,0,1,0,0,0,0,0,0,0,0,0,0,0,0,0,0,0
6,41.7337068696625,1230.87884225398,1.38510216147875,0.156927135259178,19,18,50.3869670115385,-2.18668566571013,5,30.1273598372063,17.7504930778132,36.0860702345426,18.6364649009034,7081538.38305045,284.922530724699,0.0012381880063578,107.409969328395,4.61701776661046,1997,0,0,0,1,0,0,0,0,1,0,0,0,0,0,0,1,0,0,0,0,0,1,0,0,0,0,0,0,0,0,0,0,0,0,0,0,0,0,0,0,0,0,0
6,-47.1600098000959,0.90710545870181,1.44163850008931,0.218564134058266,17,23,52.024803000552,-0.230807845738882,4,76.3012161951526,17.7125014368495,36.4510709788858,18.6401909203723,5857085.4123043,280.676056691089,0.001327101537765,85.3971353520198,4.03929258281997,1981,0,0,0,0,0,0,1,0,0,0,0,0,0,0,0,1,0,0,0,0,0,0,0,1,0,0,0,0,0,0,0,0,0,0,0,0,0,0,0,0,0,0,0
1,13.5810551262056,313.361039041624,0.799843553198352,0.134690251403968,22,23,52.0640218978571,-1.07160424580731,6,88.2876668722407,12.510434300819,35.0116367470303,18.6360892053738,7482252.43710552,284.365819350925,-0.0001897119639991,324.828110803328,4.43248474155051,1996,0,0,0,0,0,0,1,0,0,1,0,0,1,0,0,0,0,0,0,0,0,0,0,1,0,0,0,0,0,0,0,0,0,0,0,0,0,0,0,0,0,0,0
5,48.0870517127558,880.26542174225,1.44086057411066,0.171995998917655,8,8,51.5320902133684,-3.17990251730672,6,76.3238061302,17.7261734442017,36.5064528913137,18.6374778323155,837298.344644779,282.189334495453,0.000173356531027,214.378122076841,6.53693757464043,1981,0,1,0,0,0,0,0,0,1,0,0,0,1,0,0,0,0,0,0,0,0,0,0,0,0,0,1,0,0,0,0,0,0,0,0,0,0,0,0,0,0,0,0
2,112.597848912408,-1486.77288201319,1.44142817952163,0.162756023640413,31,23,51.6348523046263,-3.16178543912726,2,76.2995693873139,17.7285819900946,36.4629076674338,18.6354449036577,9145031.77249809,265.954789581528,-0.0045606682843585,174.428762605582,-13.192248265914,1981,0,0,0,0,1,0,0,0,0,0,0,0,0,0,0,1,0,0,0,0,1,0,0,0,0,0,0,0,0,0,0,0,0,0,0,0,0,0,0,0,0,0,0
1,106.295019965411,386.240709770259,1.13209011946842,0.107037072421457,31,6,51.6944831303777,-2.57062108277937,5,97.9545623428779,48.3981751942992,36.094080237585,16.7798942380919,161115.359411067,282.982685891583,0.0009032492349992,160.580381936335,5.43857802575159,2000,0,1,0,0,0,0,0,0,1,0,0,0,0,1,0,0,0,0,0,0,0,0,0,0,0,0,0,0,0,0,0,0,0,0,0,1,0,0,0,0,0,0,0
5,117.413247050317,651.364444119247,1.44254517392614,0.176961565690688,5,0,51.1831668447025,-2.92992801348728,5,76.3508194179192,17.7434568640698,36.4978130687364,18.6361996111853,7108730.88483194,282.157588890501,0.0033487895409058,168.630646801262,4.32341521176414,1986,1,0,0,0,0,0,0,0,0,1,0,0,1,0,0,0,0,0,0,0,0,0,0,0,0,0,0,0,0,0,0,0,0,0,0,0,0,0,0,0,0,1,0
6,38.8302878534116,480.968899873213,1.44102840801493,0.210263101890784,20,20,51.0878739849164,-0.947959081111006,12,76.359644061036,17.777991463806,36.4768068341585,18.6365347213298,-1068912.22627204,274.49103900329,0.0005998423425197,242.378370772576,4.20104483800363,1982,0,0,0,0,0,0,1,0,0,0,0,0,1,0,0,0,0,0,0,0,0,0,0,0,1,0,0,0,0,0,0,0,0,0,0,0,0,0,0,0,0,0,0
3,-103.217711426082,403.835013014823,1.44096593967989,0.186319100289733,6,13,53.9713642857796,0.443743311151916,5,76.3366679777168,17.7539617066596,36.4939316568948,18.6401614941072,7015468.75360585,288.087598824604,0.0009310977847501,90.1491525369411,5.43996158159839,1987,0,0,0,0,0,0,0,1,1,0,0,0,1,0,0,0,0,0,0,0,1,0,0,0,0,0,0,0,0,0,0,0,0,0,0,0,0,0,0,0,0,0,0
5,31.2285295749814,960.946081769064,1.44211339957938,0.159312420724679,12,18,52.9122498547926,-0.0923277623842704,11,76.3070384012072,17.7676819477232,36.4862709511849,18.636233198386,3104480.42838634,277.435644993666,0.0008246050563949,220.854312387467,10.1985874788278,1991,0,1,0,0,0,0,0,0,0,0,1,0,0,0,0,1,0,0,0,0,0,0,0,0,0,0,0,0,0,0,0,0,0,0,1,0,0,0,0,0,0,0,0
5,268.530353335743,183.061331471816,1.44143191190685,0.172597413457496,12,5,52.3667056725307,-1.70242651801019,2,76.3145427781611,17.7500356298563,36.4602610917723,18.6354482473633,-7427.21337990844,273.977829280627,-0.0009883329406563,172.47526998676,2.18036029412529,1981,0,0,0,0,1,0,0,0,0,1,0,0,0,0,0,1,0,0,0,0,0,0,1,0,0,0,0,0,0,0,0,0,0,0,0,0,0,0,0,0,0,0,0
2,30.2396562034622,826.482692234584,1.44273590480421,0.236330314060066,12,18,54.2896999611568,-1.78546973843298,1,76.3145594067373,17.7681050886254,36.4694170170912,18.6392238963609,2101404.69855575,274.368066167748,0.00097882265613,188.061985540579,9.21089241467128,1999,0,0,1,0,0,0,0,0,0,1,0,0,1,0,0,0,0,0,0,0,1,0,0,0,0,0,0,0,0,0,0,0,0,0,0,0,0,0,0,0,0,0,0
6,130.415787226693,812.377080808581,1.4423730637259,0.166832698307435,30,5,54.7848574425819,-1.94132711245498,10,76.4017029752076,17.7545363658843,36.4829992097565,18.6401065245765,14818.2864658885,281.535216807302,0.0001382230427585,235.361778717001,9.18033075541931,1986,0,0,0,0,1,0,0,0,0,0,1,0,0,0,0,1,0,0,0,0,0,0,0,0,0,0,0,0,0,0,0,0,0,0,0,0,0,0,0,0,0,1,0
1,93.8532800441161,557.857729643154,1.25854231239551,0.174290789281821,15,4,53.2091121405632,0.391290982831938,12,87.7002715263322,17.2341929449434,35.3195125973073,18.6419605843701,16.4073761707336,278.944084393035,0.0002788941369059,114.93525475526,6.90432468880506,1987,0,1,0,0,0,0,0,0,1,0,0,0,0,0,0,1,0,0,0,0,0,0,0,0,0,0,0,0,0,0,0,0,0,1,0,0,0,0,0,0,0,0,0
4,66.924136210489,950.111136446683,1.44280256288536,0.137392186792902,18,14,53.3661437542226,0.354456261233839,5,76.3793000626349,17.7473277469404,36.4853448810762,18.6448500029157,4130426.80167735,286.039086307166,0.0007506480559104,45.1377313113464,3.55638238715211,1990,1,0,0,0,0,0,0,0,0,0,0,0,0,0,0,1,0,0,0,0,0,0,0,0,0,0,0,0,0,0,0,0,0,0,0,1,0,0,0,0,0,0,0
3,66.419574956576,1357.6321375189,1.44102039248183,0.219739170603744,12,17,52.2146223920295,0.0174113079785172,1,76.4445765363055,17.7644430727936,36.4694009429233,18.642955550259,2395852.74338797,277.197748259904,-0.0012711586949392,242.600593959596,11.0262058894952,1993,0,0,0,1,0,0,0,0,0,0,0,0,1,0,0,0,0,0,0,0,0,1,0,0,0,0,0,0,0,0,0,0,0,0,0,0,0,0,0,0,0,0,0
9,-4.41184460084753,-229.346316141423,1.05660828911063,0.2130834577473,28,22,50.6078528353901,-2.16465956691176,8,65.7759636860231,4.0867361901452,38.2225048380973,18.639545762839,7011034.91821601,291.281811923732,0.0007379966395207,263.308917993217,1.47369713988639,1993,0,0,0,0,0,0,0,1,0,0,1,0,1,0,0,0,0,0,0,0,0,0,1,0,0,0,0,0,0,0,0,0,0,0,0,0,0,0,0,0,0,0,0
0,-105.959963071855,403.532795309599,0.335210635421847,0.115606847555037,30,2,51.4990947881331,-1.15699929655085,8,4.70320487954858,36.5913448020659,32.9989977020097,17.3013695858603,6818463.32970335,292.297111085773,0.0003947019409393,303.743668222387,3.6781046898473,1999,0,1,0,0,0,0,0,0,0,1,0,0,1,0,0,0,0,0,0,0,0,1,0,0,0,0,0,0,0,0,0,0,0,0,0,0,0,0,0,0,0,0,0
5,26.8619188788067,594.380125595449,1.44109227905632,0.190644052738011,15,6,53.7689849093949,-2.33827822466473,12,76.3340390564472,17.7499490420368,36.4819992613281,18.6413788686333,59318.3616435111,281.982767113972,0.0009862108757416,270.426533004128,7.30370402599157,1996,1,0,0,0,0,0,0,0,0,1,0,0,1,0,0,0,0,0,0,0,1,0,0,0,0,0,0,0,0,0,0,0,0,0,0,0,0,0,0,0,0,0,0
7,215.283482043999,196.922027146391,1.44316807533229,0.17511164778453,18,5,51.876509441808,-2.82088110347283,11,76.3061593753805,17.747080191869,36.4774746840249,18.6495091357045,65252.0809361578,281.197099747116,0.0017667639387678,55.6486609531102,6.12105340301421,1984,0,0,0,0,0,1,0,0,0,0,0,0,1,0,0,0,0,0,0,0,1,0,0,0,0,0,0,0,0,0,0,0,0,0,0,0,0,0,0,0,0,0,0
6,172.366249299926,260.449980547754,1.44407603989673,0.177239324239323,8,10,53.477624573176,0.180349087888909,8,76.3241798599352,17.8042844106289,36.5172008087785,18.6283626271785,1341567.75434812,292.891862797417,0.0002603238993809,60.6470890018986,5.56935096595076,1995,0,0,0,0,0,0,0,1,0,0,0,0,1,0,0,0,0,0,0,0,0,0,0,0,0,0,0,0,0,0,0,1,0,0,0,0,0,0,0,0,0,0,0
9,194.707786986045,726.857260961149,1.44226018841354,0.169362722910157,8,0,52.0438552398308,-1.77184094712844,3,20.7302861456189,49.4101246020796,35.3098613454185,18.6404714301819,6546892.21421047,281.67889201573,-0.0016193917567975,104.928632038145,6.84486184135121,1998,0,0,0,0,0,0,1,0,1,0,0,0,1,0,0,0,0,0,0,0,0,0,0,0,0,0,0,0,0,0,0,0,0,0,0,0,0,0,0,0,0,0,1
2,250.249410502776,1693.59492641642,0.727378705787822,0.139004230793123,8,19,51.7573639287381,-2.45804872245022,6,34.6012676811177,17.7513835271661,36.511938900068,18.6404751802961,5995981.31073988,290.524568617303,0.0018319609178769,256.389695684194,-0.0340914891724008,1993,0,0,0,0,0,0,1,0,1,0,0,0,1,0,0,0,0,0,0,0,0,0,0,0,0,0,0,0,0,0,0,0,0,1,0,0,0,0,0,0,0,0,0
7,169.336667925352,911.90639247352,1.44145910531183,0.195418410717046,20,7,50.4717290457735,-1.81031099011272,5,76.5334240860622,17.787131818533,36.4679166480785,18.642252507627,213074.44461797,286.695316128733,0.0001717367728944,419.304774507637,5.966229939074,1995,0,0,0,1,0,0,0,0,1,0,0,0,0,0,0,1,0,0,0,0,0,0,0,0,0,0,0,0,0,0,0,0,0,0,0,1,0,0,0,0,0,0,0
9,-71.2281072195603,-406.219671174717,1.47118286080463,0.128311924319129,19,11,52.1948730748065,0.641882412607222,5,-32589.0114990884,33.1905161296457,33.4867807738149,18.7033398917682,-163033240.573482,288.951397150594,0.0809605235532989,341.857672849547,7.79015319556301,2000,0,0,1,0,0,0,0,0,0,0,0,0,0,1,0,0,0,0,0,0,0,1,0,0,0,0,0,0,0,0,0,0,0,0,0,0,0,0,0,0,0,0,0
5,99.5498886869033,1343.34968578922,1.44177730611416,0.163776571569128,29,16,52.3271758530872,-1.46729439307338,5,76.3889921058841,17.7650561307648,36.4633011477193,18.6427361449469,5292892.71967938,291.769151587359,0.0006261423258293,55.7364751035617,2.15278952849965,1985,0,0,0,0,1,0,0,0,0,0,1,0,1,0,0,0,0,0,0,0,0,0,0,0,0,0,0,0,0,0,0,0,0,0,0,1,0,0,0,0,0,0,0
6,152.629772071205,135.950797858447,1.44148963594938,0.124505378883456,28,2,54.3146929660761,-0.661654510549662,1,76.5774256720899,17.7620795741941,36.4741312819547,18.6390234535068,-1680030.38105001,273.808158389161,0.0029253239511198,236.758500920978,2.69484022152587,1985,0,0,0,0,0,0,1,0,1,0,0,0,0,0,0,1,0,0,0,0,0,1,0,0,0,0,0,0,0,0,0,0,0,0,0,0,0,0,0,0,0,0,0
4,-43.6066860875655,865.899818033464,0.443602870172512,0.2294942027248,11,10,53.8588030241204,-2.0189142326749,11,120.667268797679,17.756334791216,36.4549665119277,18.6398677473888,2204000.4476845,282.963019910759,-0.0038864992635421,233.395044617724,8.32075606906536,1998,0,0,0,0,0,0,1,0,1,0,0,0,0,0,0,1,0,1,0,0,0,0,0,0,0,0,0,0,0,0,0,0,0,0,0,0,0,0,0,0,0,0,0
8,100.243802278474,1019.40077842515,1.4412409971989,0.162151845469439,15,18,51.5581399905628,-1.79455400451317,4,33.6270423304782,45.7356346332009,35.5572411789557,18.6359220904678,698368.53645133,281.938982531766,0.0011974581621448,63.4912310793669,5.67858043422806,2000,0,0,0,1,0,0,0,0,0,0,1,0,1,0,0,0,0,0,0,0,0,0,0,0,0,0,0,0,0,0,0,0,0,0,0,0,0,0,0,0,0,0,1
1,47.6880344528634,-81.3412354043429,1.43997227257246,0.1948827996281,15,3,52.5553786626318,-3.23728787753612,5,76.3667899664269,17.7412780311771,36.4839441079201,18.638244039691,2807290.03036008,283.847023039348,-0.0002964197539784,42.4957303185521,1.46229644528359,1998,0,0,0,0,0,0,0,0,0,0,1,0,1,0,0,0,0,0,0,0,0,0,0,0,0,0,0,1,0,0,0,0,0,0,0,0,0,0,0,0,0,0,0
5,135.739964148038,1615.61742856739,1.44186978416651,0.199947564128268,23,14,52.8412747106944,-1.89269447079385,5,69.1091571765935,17.7412060668293,36.4752328640987,18.6417133873057,10383495.6033344,293.384402764762,0.0002165368334227,64.1629447701952,7.81222813653662,1987,0,0,0,1,0,0,0,0,0,0,1,0,1,0,0,0,0,0,0,0,0,0,1,0,0,0,0,0,0,0,0,0,0,0,0,0,0,0,0,0,0,0,0
4,15.3619850074116,1086.88692324556,1.44172329459314,0.188985793348608,26,22,53.102391800073,-0.701799355146929,8,76.3716343222554,17.7586948318431,36.4577759038639,18.6495482148403,4667244.61425422,289.721439636193,0.0061040481482255,247.943173359293,9.2843196253474,1992,0,1,0,0,0,0,0,0,0,0,1,0,1,0,0,0,0,0,0,0,0,0,0,0,0,0,0,0,0,0,0,0,0,0,1,0,0,0,0,0,0,0,0
3,78.4698283040665,567.257181704464,1.44260913302476,0.185127198428486,25,4,53.4032644897578,-2.51164077955763,3,76.4058681356282,17.7406058029744,36.4704396943181,18.645034515328,15.2134006095467,277.578471575317,2.47941854640882e-05,35.3331865928943,5.48766607244068,1982,0,0,0,0,1,0,0,0,0,0,0,0,1,0,0,0,0,0,0,0,0,1,0,0,0,0,0,0,0,0,0,0,0,0,0,0,0,0,0,0,0,0,0
2,76.7846994661189,353.686621212947,1.43890471951905,0.215089221653359,24,17,52.8573314182545,-0.764644085429924,2,76.41342945801,17.7604268884605,36.4428114573346,18.6416600592416,-1243835.19098926,272.659574159299,0.0011645967728946,104.319146253263,2.76549156719602,1987,0,1,0,0,0,0,0,0,0,0,0,0,1,0,0,0,0,0,0,0,0,0,0,0,0,0,0,0,0,0,0,1,0,0,0,0,0,0,0,0,0,0,0
1,33.3348111665529,462.458074597912,1.44341711514724,0.232804141128243,12,0,51.6023557646417,-1.68846778990089,11,76.2994818552657,17.7815805476967,36.4686173828355,18.6459021438133,9073607.27739627,284.164474764023,-0.0084311528079751,189.138029074713,4.6554741552615,1994,0,0,0,0,0,0,0,1,0,1,0,0,1,0,0,0,0,0,0,0,0,0,0,0,0,0,0,0,0,0,0,0,0,0,1,0,0,0,0,0,0,0,0
7,6.48719604582146,1114.84401604347,0.338080165554141,0.194620223462326,27,10,53.8682435105792,-1.17758477115887,2,55.7544937543963,23.3159359096673,27.7664326399801,18.6385341162534,2032544.36213243,280.543543975968,-0.0025235132863422,246.674865998598,11.1536378553618,1995,0,0,0,0,0,0,1,0,0,1,0,0,1,0,0,0,0,0,0,0,0,0,1,0,0,0,0,0,0,0,0,0,0,0,0,0,0,0,0,0,0,0,0
5,-59.5295202579256,1759.12728525296,1.44121023407747,0.205805961178133,6,12,53.9630374844281,-0.24339207406827,12,76.2687722207406,17.7544800609849,36.494489562377,18.6490656145621,1336977.77880531,285.196001308962,0.0014294091399899,315.761060296653,19.6289847304745,1988,0,0,0,0,0,0,0,0,0,0,0,0,0,0,0,1,0,0,0,0,0,0,0,0,0,0,0,0,0,0,0,0,0,0,1,0,0,0,0,0,0,0,0
4,22.5380810440211,1354.45065974176,1.44151218430998,0.127462778686732,22,12,51.5137986268352,-1.10574620235011,10,76.3139425619612,17.7413922142397,36.4617793082383,18.6429536715957,-260470.753766738,282.08028244788,0.008191284461063,330.168241425314,8.46768551526505,1981,0,0,0,0,0,0,0,1,0,0,1,0,1,0,0,0,0,0,0,0,0,0,0,1,0,0,0,0,0,0,0,0,0,0,0,0,0,0,0,0,0,0,0
3,125.191173792127,1610.4746875332,1.44068128647913,0.159926634514686,8,13,50.7370500081896,-2.28388409670849,9,76.3646716150914,17.743740678693,36.4791713764261,18.6407488100882,7207907.91432431,290.132937014647,0.001985077964905,272.470948770405,6.84942875355095,1984,1,0,0,0,0,0,0,0,1,0,0,0,1,0,0,0,0,0,0,0,0,0,0,1,0,0,0,0,0,0,0,0,0,0,0,0,0,0,0,0,0,0,0
4,147.855644733226,875.288685617946,1.44132359206885,0.185629192947863,17,22,51.1548836095814,1.1935207739371,6,76.3108509705433,17.7505647738668,36.4590626000281,18.6347682252535,8335264.07865468,289.108430871123,0.0007792512198197,303.152040544093,6.51587609402168,1981,0,0,0,0,1,0,0,0,1,0,0,0,1,0,0,0,0,0,0,0,0,0,1,0,0,0,0,0,0,0,0,0,0,0,0,0,0,0,0,0,0,0,0
2,11.3582197145076,711.915647977835,1.4426567980114,0.175127791713292,8,22,51.4226520110518,0.866424271086838,5,76.3041470629484,17.7512925720808,36.5546073290537,18.6435544793216,3690127.34059338,287.394749921962,0.0015781644448189,301.359780153688,5.50971469240592,1995,0,0,0,1,0,0,0,0,0,1,0,0,1,0,0,0,0,0,0,0,0,0,0,0,0,0,0,0,0,0,0,0,1,0,0,0,0,0,0,0,0,0,0
2,134.772130912258,649.205366181918,1.44278932656716,0.23212157110978,9,5,50.8733752669449,-0.530379723799075,12,76.3300918165924,17.7501322135972,36.5008448965054,18.6410412657846,5903.14720131198,275.65524649069,-0.0005611007977115,5.21665576646593,6.49535347803765,1990,0,0,0,0,0,0,1,0,0,0,1,0,1,0,0,0,0,0,0,0,0,0,0,0,0,0,0,0,0,0,0,0,0,0,0,0,0,0,0,0,0,0,1
9,-59.6633629056327,312.720030258499,1.44241482185309,0.156331647609916,1,15,52.1147950220552,0.0749557652735393,12,82.3850467155302,18.1012194643133,36.4601211557337,18.6417877424348,798730.714137365,281.493809419406,0.0006824576948044,283.749768693149,4.05519585141949,1997,0,1,0,0,0,0,0,0,0,0,1,0,1,0,0,0,0,0,0,0,0,0,0,0,0,0,0,0,0,0,0,0,0,0,0,0,0,0,0,0,0,0,1
9,-1.02828775867068,564.532288054192,0.638687548534664,0.1634987353284,4,9,52.267622141472,-2.16531757415089,9,74.1000972715144,28.3412622544953,43.0193018874599,18.6386982543342,1657935.15048064,288.08050453454,-0.0006773565973143,64.9227618849631,4.55260908517595,1996,0,0,0,1,0,0,0,0,0,1,0,0,1,0,0,0,0,0,0,0,0,0,0,0,0,0,0,0,0,0,0,0,0,1,0,0,0,0,0,0,0,0,0
7,112.86804493367,439.115283535325,1.44461524034439,0.283329749113059,23,4,52.8822172862874,0.513118314689112,9,76.6646330445048,17.7862489275247,36.4470873315777,18.640184134718,8.15005529852264,289.114906904916,0.0001815465318432,218.44875086946,7.54303291680965,1987,0,0,0,0,0,0,0,1,1,0,0,0,1,0,0,0,0,0,0,0,0,0,0,0,1,0,0,0,0,0,0,0,0,0,0,0,0,0,0,0,0,0,0
4,39.8564703236675,936.472652401851,1.4434167882458,0.235911832682964,10,8,53.829291170371,-1.12876605460077,6,76.3305644737184,17.7466974513525,36.4853220768472,18.6414318525776,332732.377710117,289.156151329009,0.0011041203442312,171.932014980735,8.85961016318784,1986,0,1,0,0,0,0,0,0,0,0,1,0,0,0,0,1,0,0,0,0,0,0,0,0,0,0,0,0,0,0,0,0,0,0,1,0,0,0,0,0,0,0,0
2,-117.550780771299,622.654512967346,1.44112107316318,0.219879524277124,22,9,50.8775915054175,-0.586209308679264,12,76.4066651308605,17.7518210264434,36.4785701542059,18.6415849005748,1401855.09710975,276.620620880598,0.0033549429572795,332.118834484961,5.07018163485457,1982,0,0,0,0,0,1,0,0,0,0,0,0,1,0,0,0,0,0,0,0,0,0,0,0,0,0,0,0,0,0,0,0,0,0,0,0,0,0,0,0,0,0,1
2,133.480065530706,872.67899238437,1.44255054585409,0.239296551307266,17,19,52.2416182795887,-2.50799345171851,2,76.3919577781137,17.7485688373799,36.483970883824,18.6359207581996,3601570.8934751,276.749673478731,-6.84696563950896e-05,186.895282863399,4.16950984557352,1984,0,0,0,0,1,0,0,0,0,0,1,0,0,0,0,1,0,0,0,0,0,0,0,0,0,0,0,0,0,0,0,0,0,0,1,0,0,0,0,0,0,0,0
8,136.988838854191,572.942623679365,1.32069824665505,0.140763261916552,2,13,53.3286327359668,-1.77111248034227,9,165.143813270677,15.8798669810586,38.6867656404613,18.6358548764246,8182901.22678213,293.327025639389,-0.0013445291851014,147.845998591972,0.619735871071141,1998,0,0,0,0,0,0,0,1,0,0,0,0,0,0,0,1,1,0,0,0,0,0,0,0,0,0,0,0,0,0,0,0,0,0,0,0,0,0,0,0,0,0,0
4,-17.4497960738756,139.162481705822,1.45213899535255,0.227466091670176,28,0,51.0327153709153,-1.81877822832414,9,76.3289368058545,17.7527780043003,36.4658056468313,18.6428981435002,7799224.07091955,287.099273353685,-0.0027178283319207,116.372011689816,3.06444417821796,1983,0,0,0,0,0,0,0,0,1,0,0,0,1,0,0,0,0,0,0,0,0,0,1,0,0,0,0,0,0,0,0,0,0,0,0,0,0,0,0,0,0,0,0
6,267.840948052584,793.021822282863,1.44102844765269,0.206944989683385,2,9,53.3102055009566,-0.263322884460681,6,76.6316862858096,17.7770614576098,36.4768069553678,18.6456879281463,1235859.68362191,288.628313186488,0.0034407961358881,165.41387726637,2.20552129814179,1982,0,0,0,0,0,0,0,0,0,1,0,0,1,0,0,0,0,0,0,0,0,0,0,0,1,0,0,0,0,0,0,0,0,0,0,0,0,0,0,0,0,0,0
2,206.57564164833,-255.955236277171,1.44302220578793,0.17271157442572,12,5,52.2095083288064,-2.90815674002577,9,76.2496428044226,72.2089043594712,36.497274666693,18.6484761701088,151786.20152594,285.515089045166,-0.0041347596179552,109.490940301284,0.631344722111235,1990,0,0,0,0,0,0,0,1,0,1,0,0,0,0,0,0,0,0,0,0,0,0,0,0,0,0,0,0,0,0,0,0,0,0,0,0,0,0,0,0,0,0,1
0,161.774727543572,259.145721861017,1.44192893133117,0.16082861104115,3,3,52.0996593609432,-1.35746387252625,6,6.44233140682981,26.7511793818169,36.4725066487918,18.639619189588,2575990.26698865,284.706379832238,0.0010015530465668,145.123771297068,2.7735258435793,1992,0,0,0,0,0,0,0,1,0,1,0,0,0,0,0,0,0,0,0,0,0,0,0,0,0,0,0,0,0,0,0,0,0,0,1,0,0,0,0,0,0,0,0
5,40.1268708794611,616.487513370735,1.44082123801159,0.224715394180966,5,23,50.9654582977974,-0.81697402134088,12,76.3554393920505,17.7597299908978,36.4707803274936,18.636879468583,4605988.48878478,280.066896117129,-0.0081596031611898,253.80040405941,4.27183506408508,1986,0,0,0,1,0,0,0,0,0,0,1,0,0,0,0,1,0,0,0,0,0,0,0,0,0,0,0,0,0,0,0,0,0,0,0,0,0,0,0,0,1,0,0
3,98.9861432211901,659.607928594708,1.44260916502916,0.107765515645364,31,12,50.8646603693673,-3.86690930615725,9,76.4234886746087,17.7407332830359,36.4704404795403,18.6450343860867,1153445.51030414,285.923175440136,0.0030411116106527,278.490852303571,5.325939642165,1982,0,0,0,0,1,0,0,0,1,0,0,0,1,0,0,0,0,0,0,0,0,1,0,0,0,0,0,0,0,0,0,0,0,0,0,0,0,0,0,0,0,0,0
0,128.031818899191,1013.45115562363,0.993183431515823,0.119748814848866,17,15,51.7248545421395,-1.42598599235015,4,58.7698645063262,42.8743003048409,31.4894619074816,18.6386990478875,3005875.80022119,287.786884180472,0.000704511699464,248.964941128068,6.67989893847315,1996,0,0,0,1,0,0,0,0,0,0,0,0,1,0,0,0,0,0,0,0,0,0,1,0,0,0,0,0,0,0,0,0,0,0,0,0,0,0,0,0,0,0,0
6,9.30066418933091,411.366542388782,1.44281485050325,0.191895111224994,7,5,54.3159316290347,0.457050378139966,1,76.3847562976289,17.739588870079,36.4952900032329,18.6457831205514,-10358.6088255934,283.1718626005,0.000529583057376,354.818393860268,5.48139760255545,1990,0,1,0,0,0,0,0,0,0,1,0,0,0,0,0,1,0,0,0,0,0,0,0,0,0,0,0,0,0,0,0,0,0,0,0,0,0,0,0,0,0,0,1
6,171.697027227698,677.26447334526,1.44116265188251,0.268302478678384,20,22,54.4990769745015,-0.943124449845827,4,76.4818361016459,17.7599030754048,36.4783169612354,18.6398104404499,920465.753617161,281.294500679014,0.0015686330926377,317.855527302336,7.92923287624598,1985,0,0,0,1,0,0,0,0,0,1,0,0,1,0,0,0,0,0,0,0,0,1,0,0,0,0,0,0,0,0,0,0,0,0,0,0,0,0,0,0,0,0,0
5,54.5334357960945,1487.03826611861,1.44096395261308,0.194200089097144,4,16,53.3423043552771,0.53914179498912,7,76.33769799982,17.7721845333096,36.4881301467424,18.6429471944335,6996475.064122,295.974203491859,0.0002957465524958,223.86849321393,3.73309126573152,1983,0,0,0,0,0,0,0,0,1,0,0,0,1,0,0,0,0,0,0,0,0,0,0,0,0,0,0,0,0,0,0,0,0,0,0,1,0,0,0,0,0,0,0
3,51.3352137761926,919.087996618479,1.44205472910616,0.236515168321621,4,15,50.7644661091582,-2.75415463925664,10,76.3464876047795,17.7384566585989,36.4710644967,18.6352088704925,4177856.59635561,285.639862352832,-0.0013329105145409,246.50305621631,5.36954128368987,1981,0,0,1,0,0,0,0,0,1,0,0,0,1,0,0,0,0,0,0,0,0,0,0,0,0,0,0,0,0,0,0,0,0,0,0,0,0,0,0,0,1,0,0
0,58.4917498869159,102.148367315092,0.379091464527206,0.179531365612752,12,5,51.8794496734275,0.376429103569339,12,44.4125414752597,21.054255908209,11.9112316529096,18.640883518691,25732.0682957199,274.165220237271,0.000660061735095,89.1573388590427,1.66370025800457,1996,0,0,0,0,1,0,0,0,1,0,0,0,1,0,0,0,0,0,0,0,0,0,0,0,0,1,0,0,0,0,0,0,0,0,0,0,0,0,0,0,0,0,0
4,49.6197757616826,962.31743302244,1.40539332749381,0.217716093779811,7,0,50.8269016480373,-1.57736295751332,2,76.2286245366055,17.6929641523749,36.9758512365065,18.5498270646017,5841397.89975578,277.144649748705,-0.001151248237393,149.515163250072,7.51191772381058,1996,0,0,0,0,0,0,1,0,1,0,0,0,0,0,1,0,0,0,0,0,0,0,1,0,0,0,0,0,0,0,0,0,0,0,0,0,0,0,0,0,0,0,0
8,102.479787166001,634.442243730865,0.600828657882208,0.250066090942895,18,20,49.9886313064335,-2.10914441881801,2,31.1001600801742,60.7298195564006,30.5031105976457,18.6415447676176,7929299.35612564,288.697166348257,-0.0001816682174201,201.354279105268,6.38400444420332,1998,0,0,0,1,0,0,0,0,0,0,0,0,1,0,0,0,0,0,0,0,0,0,0,0,0,0,0,0,0,0,0,0,0,0,0,0,1,0,0,0,0,0,0
0,-7.3993215549078,144.99239998917,1.26520008987687,0.241166651767376,3,5,51.5291748040297,-1.56469564191893,8,45.7442313834409,15.2608593963246,31.9885296946135,18.6033155115994,148636.138887666,283.386958042093,-0.001065198700827,190.668184558256,2.90066459109894,1996,0,0,0,0,0,1,0,0,0,0,1,1,0,0,0,0,0,0,0,0,0,0,0,0,0,0,0,0,0,0,0,0,0,0,0,0,0,0,0,0,1,0,0
0,60.5566213970696,1122.48453540311,0.054932472788754,0.198897797847782,14,18,52.7512919695769,-2.17453161835261,7,31.6964043363405,46.4321061626588,21.663725770871,17.7313463420355,883736.188293226,287.316544089498,0.0015358275963077,316.801001097992,7.44552533497139,2000,0,0,0,0,1,0,0,0,0,0,0,0,1,0,0,0,0,0,0,0,0,0,0,0,0,0,0,0,0,0,0,0,0,0,0,0,0,0,0,0,1,0,0
7,129.536008418144,480.711012308912,1.44141866200529,0.210981108882156,10,18,51.4557258635737,-2.64834890878639,2,76.3340720686064,17.7515672983924,36.4877329640086,18.6385299108184,2285233.04923057,280.292301092455,0.001185308166422,295.787323818104,3.18167090741567,1989,0,0,0,1,0,0,0,0,0,1,0,0,0,0,0,1,0,0,0,0,0,0,0,0,0,0,0,0,1,0,0,0,0,0,0,0,0,0,0,0,0,0,0
4,119.853997335243,883.741064584255,1.45213903358615,0.161780662293032,15,8,54.8798018418284,-1.35689683574313,11,76.3411867826776,17.7525895652889,36.4658048419316,18.6377970299767,575282.629902733,282.932675389222,-0.0039032984809329,133.216954277223,6.83421040278816,1983,0,0,0,1,0,0,0,0,1,0,0,0,1,0,0,0,0,0,0,0,0,0,1,0,0,0,0,0,0,0,0,0,0,0,0,0,0,0,0,0,0,0,0
7,66.2072319556179,289.28916596004,1.44199278793689,0.208021080859004,5,22,52.3864857214801,-0.442495259952683,5,76.3876792793184,17.7903034735149,36.492622291356,18.6397129134174,4269666.40771569,282.986274466431,0.0015093555696219,330.634565750561,3.5208674032767,1987,0,0,0,1,0,0,0,0,1,0,0,0,0,0,0,1,0,0,1,0,0,0,0,0,0,0,0,0,0,0,0,0,0,0,0,0,0,0,0,0,0,0,0
8,-45.0627018500191,736.391470306853,1.02380336236966,0.213022233268725,29,6,53.3302902940468,-1.81433838216937,7,67.4339968091938,17.9959214458337,36.4821668324779,18.6456796607795,24006.2068341646,286.546257045348,0.0007971003049184,224.039735741057,5.5303920535083,1990,1,0,0,0,0,0,0,0,1,0,0,0,1,0,0,0,0,0,0,0,0,0,1,0,0,0,0,0,0,0,0,0,0,0,0,0,0,0,0,0,0,0,0
9,165.193737341041,984.59128991139,0.73861643241868,0.239587362884902,31,12,53.0899692104402,-1.81085900424132,3,58.710091471943,39.8603763415347,50.1523355168944,18.6452756188714,3270699.2266343,279.461758452639,0.0002896086186438,132.011708383065,2.7558323847462,1993,0,0,0,0,0,1,0,0,1,0,0,0,1,0,0,0,0,0,0,0,0,0,0,0,0,0,1,0,0,0,0,0,0,0,0,0,0,0,0,0,0,0,0
