target,Altitude,blh,co,CVD60,Day,Hour,Latitude,Longitude,Month,no2,o3,pm10,pm2.5,so2,t2m,tp,wd,ws,Year,Region_East of England,Region_Greater London Authority,Region_North East,Region_North West,Region_South East,Region_South West,Region_West Midlands,Region_Yorkshire and The Humber,Season_Spring,Season_Summer,Season_Winter,Type_Background Suburban,Type_Background Urban,Type_Industrial Suburban,Type_Industrial Urban,Type_Traffic Urban,Zone_Blackpool Urban Area,Zone_Bournemouth Urban Area,Zone_Brighton/Worthing/Littlehampton,Zone_Bristol Urban Area,Zone_Coventry/Bedworth,Zone_East Midlands,Zone_Eastern,Zone_Greater London Urban Area,Zone_Greater Manchester Urban Area,Zone_Kingston upon Hull,Zone_Leicester Urban Area,Zone_Liverpool Urban Area,Zone_North East,Zone_North West & Merseyside,Zone_Nottingham Urban Area,Zone_Portsmouth Urban Area,Zone_Preston Urban Area,Zone_Reading/Wokingham Urban Area,Zone_Sheffield Urban Area,Zone_South East,Zone_South West,Zone_Southampton Urban Area,Zone_Southend Urban Area,Zone_Teesside Urban Area,Zone_The Potteries,Zone_Tyneside,Zone_West Midlands,Zone_West Midlands Urban Area,Zone_West Yorkshire Urban Area,Zone_Yorkshire & Humberside
6,41.4894104929273,1027.34886162119,1.44721766426579,0.167205236085555,3,20,53.203587054255,-1.23608351773267,1,76.3465137433208,17.7472249549397,36.5657323609289,18.6384809121885,13.8032313577204,275.941391444261,-0.0035989330805008,151.610904739957,8.59118704977087,1993,0,1,0,0,0,0,0,0,1,0,0,1,0,0,0,0,0,0,0,0,0,0,0,1,0,0,0,0,0,0,0,0,0,0,0,0,0,0,0,0,0,0,0,0,0,0
3,-58.3273752339127,814.539685478022,1.41250398507291,0.159556337100711,10,19,49.3553483399411,-1.11250407738176,5,29.5898844233494,37.6808585269684,36.3904143985503,18.0938990282002,13.0143059926676,297.563010900345,0.0043131078235297,210.989326121198,21.0591482148495,1997,0,1,0,0,0,0,0,0,0,0,1,0,0,0,0,0,0,0,0,0,0,0,1,0,0,0,0,0,0,0,0,0,0,0,0,0,0,0,0,0,0,0,0,0,0,0
5,142.821067866785,376.49053246154,1.44148656878143,0.219437030888263,2,10,53.1895367137912,-0.341518462912173,8,76.2933471215288,17.749173361978,36.4788685079694,18.6427356244492,13.8119092063878,289.40022499151,0.0002790928635398,289.846235722048,2.47222689952271,1997,0,0,1,0,0,0,0,0,0,0,1,0,1,0,0,0,0,0,0,0,0,1,0,0,0,0,0,0,0,0,0,0,0,0,0,0,0,0,0,0,0,0,0,0,0,0
0,202.515846557132,562.702627185996,1.48402962032669,0.186736238464312,8,8,49.4825616472462,-1.72737846705432,2,76.2491821541155,17.7510674677926,36.4768389593403,18.6409926474829,13.8129560147545,274.413819252064,0.0053571061616368,311.995939693404,7.36653177918875,1996,0,1,0,0,0,0,0,0,0,0,0,0,1,0,0,0,0,0,0,0,0,0,0,0,0,0,0,0,0,0,0,0,0,0,0,0,1,0,0,0,0,0,0,0,0,0
6,101.770090381489,806.567930446321,1.23620804253919,0.232692074948078,24,10,53.6321742870099,0.055669920034209,10,407.591024632467,25.5754335538747,36.5034905972569,18.644771893515,16.2330858871908,285.709532016805,-0.0033627637672247,144.878251587928,4.33716057221311,1990,0,0,0,1,0,0,0,0,0,1,0,0,0,0,0,1,0,0,0,0,1,0,0,0,0,0,0,0,0,0,0,0,0,0,0,0,0,0,0,0,0,0,0,0,0,0
6,-161.328676184031,900.398850476176,1.44063460337857,0.168791288834617,19,11,53.1858263932463,-0.215269828457144,10,76.2027821022167,17.7222633662576,36.4417893634646,18.6416596950265,13.8017025426418,280.751176772658,-0.0025746618725876,159.859837036745,4.31443719395795,1987,0,1,0,0,0,0,0,0,0,0,1,0,1,0,0,0,0,0,0,0,0,0,0,0,0,0,0,0,0,0,1,0,0,0,0,0,0,0,0,0,0,0,0,0,0,0
4,-15.5777159573835,155.94257743018,1.44202114863376,0.259156938873144,25,9,53.108354651572,0.157279546717343,12,76.4257382412927,46.6197131002808,36.4745558435899,18.6353368430654,13.8199762456435,278.116000205213,-0.0321390945473749,207.195662081963,0.0489221046981054,1989,0,0,0,1,0,0,0,0,0,0,0,0,0,0,0,0,0,0,0,0,0,0,0,0,0,0,0,0,0,0,0,0,0,0,0,0,1,0,0,0,0,0,0,0,0,0
3,-11.9186042408718,617.725062249103,0.378581437002291,0.185607513265157,26,8,52.7054327391706,-3.75466415420198,10,38.1634282925077,27.1219157380036,28.0766454824086,18.6432755928464,8.63707611985954,282.34687241156,-0.0021849125410204,275.694684926069,3.68344982648223,1999,0,0,0,0,0,0,1,0,0,1,0,1,0,0,0,0,0,0,0,0,0,0,0,1,0,0,0,0,0,0,0,0,0,0,0,0,0,0,0,0,0,0,0,0,0,0
9,6.41793136798595,1053.32853261631,1.43715744680141,0.167762441140155,20,23,50.131579614851,-1.35368375611728,10,76.3338683373218,17.740538219752,36.4914672356084,18.6420664443053,13.795584324426,283.736984341504,-0.0022383649129916,263.543090243613,10.2366433453841,1986,0,1,0,0,0,0,0,0,0,0,1,0,1,0,0,0,0,0,0,0,0,0,0,0,0,0,0,0,0,0,0,0,1,0,0,0,0,0,0,0,0,0,0,0,0,0
1,128.859988820142,977.323068233782,1.44213932956128,0.224473189305648,21,6,51.4035701604833,0.541136209328506,10,76.289064718048,17.7394722127499,36.4621519572188,18.6373074633048,13.8322013450553,280.084334554682,0.0003020512496812,332.718012129174,9.06037327629446,1993,0,0,0,0,0,0,0,0,0,0,1,0,1,0,0,0,0,0,0,0,0,0,0,0,0,0,0,0,0,0,0,0,0,0,0,1,0,0,0,0,0,0,0,0,0,0
4,31.3213228711945,1187.41843198109,0.935296996364643,0.185365225491868,18,15,52.9593808857439,-4.06843534403615,3,67.6166006202292,26.2521543648005,50.5157035250705,18.6290809067289,23.0310714808235,282.608817189653,0.0001469861192476,285.103991057487,8.53495186731644,1993,0,0,0,0,0,0,0,0,0,1,0,0,1,0,0,0,0,0,0,0,0,0,0,1,0,0,0,0,0,0,0,0,0,0,0,0,0,0,0,0,0,0,0,0,0,0
9,124.327456646643,1264.2365643344,1.44258122047658,0.166607650097899,13,19,51.0598228339873,-0.771796622045482,6,76.2366573681167,17.7251903117258,36.4755382745533,18.7841234252897,13.7979065326425,292.982546258651,0.0004039842943886,59.8244763310631,6.18142800164539,1988,0,0,0,0,0,0,1,0,0,1,0,0,0,0,1,0,0,0,0,0,0,0,1,0,0,0,0,0,0,0,0,0,0,0,0,0,0,0,0,0,0,0,0,0,0,0
4,67.4435118955277,809.087052291314,1.44084483136704,0.213491721491602,22,9,53.0823638880744,0.463577808600569,7,76.3456688820947,17.7406502215674,36.4976209209484,18.6408835899872,13.7892774418441,287.989643226227,0.0014849487977681,124.384642604374,2.27083775391725,1996,0,0,0,0,1,0,0,0,1,0,0,0,1,0,0,0,0,0,0,0,1,0,0,0,0,0,0,0,0,0,0,0,0,0,0,0,0,0,0,0,0,0,0,0,0,0
0,127.398201432844,1301.23534174591,0.942356849057718,0.191905235723774,26,9,51.4209533633769,-1.85459563424449,8,-981.39821866692,18.7326480473458,35.2573385158931,18.6517497798516,18.8238695850462,289.103469048714,0.0025230570515106,305.424655107872,4.99371459907335,1987,1,0,0,0,0,0,0,0,0,0,0,0,0,0,0,1,0,0,0,0,0,0,0,0,0,1,0,0,0,0,0,0,0,0,0,0,0,0,0,0,0,0,0,0,0,0
8,52.5942153613305,637.017232413031,1.44149775618411,0.27952128301598,22,12,53.2213428012792,-0.124503749040302,6,76.3113839075394,44.9391566263298,36.4617500535684,19.4198682366873,13.8064504931153,289.858632602762,-0.0008576549434493,358.225149796923,3.76998856568819,1981,0,0,1,0,0,0,0,0,0,1,0,0,0,0,0,0,0,0,0,0,0,1,0,0,0,0,0,0,0,0,0,0,0,0,0,0,0,0,0,0,0,0,0,0,0,0
4,-73.7590072387987,358.902339450194,1.44280551949711,0.187234001170342,11,15,55.0145893883932,0.141296074801766,11,75.9130889316923,17.7325593494016,36.4426978632382,18.6414443622945,13.8181925406391,282.203038975245,-9.56880632406207e-05,350.678282011795,1.46538389069439,1994,0,1,0,0,0,0,0,0,0,0,1,0,1,0,0,0,0,0,0,0,1,0,0,0,0,0,0,0,0,0,0,0,0,0,0,0,0,0,0,0,0,0,0,0,0,0
1,221.943227415666,387.629196089629,0.837376917121317,0.164737876362895,28,4,52.6511578150833,-0.287183980825028,12,63.5142306465632,63.1005427462679,-0.321425111640238,18.6360890849345,50.2593207309769,276.477454166895,0.0010189635357333,59.3663368586453,5.20237813807804,1996,0,0,0,0,0,0,1,0,1,0,0,0,1,0,0,0,0,0,0,0,0,0,0,0,0,0,0,1,0,0,0,0,0,0,0,0,0,0,0,0,0,0,0,0,0,0
5,-116.894400322154,714.348500278253,1.4428385933131,0.138444162978762,9,16,52.1503421506405,-3.01779149949853,1,76.320578802888,17.7653311144944,36.4704592035301,18.6421088588365,13.8133667943592,274.828210057623,-0.0013165310161369,191.034034484053,3.61228528467448,1991,0,0,0,0,1,0,0,0,0,0,0,0,1,0,0,0,0,0,0,0,0,0,1,0,0,0,0,0,0,0,0,0,0,0,0,0,0,0,0,0,0,0,0,0,0,0
2,35.7008751217531,425.93671631225,1.44242602741115,0.151789835081214,16,5,51.4533509293729,-2.05018702011939,6,76.325078175451,17.744901369153,36.4949906921146,18.644014164831,13.8259781025439,284.330214388023,-4.28956058049973e-05,37.9246228884272,4.14482493788169,1992,0,0,0,0,0,1,0,0,0,0,1,0,1,0,0,0,0,0,0,0,0,0,0,0,0,0,0,1,0,0,0,0,0,0,0,0,0,0,0,0,0,0,0,0,0,0
0,16.0267459860054,1833.33004274578,1.4425336981797,0.186242734548145,21,0,52.9514433264636,-0.291545204192999,3,76.2758865019143,17.770279751147,36.4811984087161,18.6377932761921,13.8163252360397,276.897479725525,0.0036167450637162,274.549364621713,15.6695490663685,1983,0,0,0,1,0,0,0,0,0,1,0,0,1,0,0,0,0,0,0,0,0,1,0,0,0,0,0,0,0,0,0,0,0,0,0,0,0,0,0,0,0,0,0,0,0,0
3,218.231282334943,590.366354109088,1.44193412556035,0.145432512301564,28,10,53.0982267072675,0.720876783183687,9,76.35289718266,17.734613658247,36.4644957249185,18.6395428567689,13.8056748453696,288.00422834344,0.007081273338331,171.597436769752,6.79414337101138,1984,0,1,0,0,0,0,0,0,0,1,0,0,1,0,0,0,0,0,0,0,0,0,0,0,0,0,0,0,0,1,0,0,0,0,0,0,0,0,0,0,0,0,0,0,0,0
0,58.7528071599369,987.852544489003,1.04993079055864,0.189246156502711,25,8,51.7031029219189,-3.15515862000332,12,30.1659574061395,52.8696615343864,25.826224362335,18.6357133019706,6.22419639509837,280.178628687278,0.0117987207767384,266.111975201061,13.1032414671825,1997,0,0,0,1,0,0,0,0,1,0,0,0,1,0,0,0,0,0,0,0,0,0,0,1,0,0,0,0,0,0,0,0,0,0,0,0,0,0,0,0,0,0,0,0,0,0
0,23.0633608522589,142.322924692155,1.29045866021592,0.240139473058704,27,19,52.7812029144704,-3.09164203425124,1,42.1848919062782,28.0910478821461,34.0575027294904,18.6611476810594,20.3070404884013,270.790707938506,0.0024861920837708,79.7984987406323,1.08611511403711,1987,0,0,0,0,0,1,0,0,0,0,1,0,0,0,1,0,0,0,0,0,0,0,0,0,0,1,0,0,0,0,0,0,0,0,0,0,0,0,0,0,0,0,0,0,0,0
7,142.322071323959,1114.12833951302,1.44164134747491,0.148160710003295,14,16,52.4700993861551,-1.93550460863997,10,85.119214315041,17.7560142776968,36.4748295487295,18.6360261284726,13.808560560238,283.457559295166,-0.0006388003153865,499.599390226767,3.07479854509439,1986,0,0,0,0,0,1,0,0,1,0,0,0,0,0,0,1,0,0,0,0,0,0,0,1,0,0,0,0,0,0,0,0,0,0,0,0,0,0,0,0,0,0,0,0,0,0
3,19.2099087729488,896.212202973815,1.44206078698114,0.303442441066012,21,9,50.1714243232012,-1.21755824929269,12,76.2726801731304,17.7374555008363,36.4953929877693,18.6468799838918,13.7905133983965,282.212237654287,-0.0183355912742397,217.474196210398,5.71505727481027,1989,0,0,0,0,0,0,0,0,0,0,0,0,1,0,0,0,0,0,0,0,0,0,0,0,0,0,0,0,0,1,0,0,0,0,0,0,0,0,0,0,0,0,0,0,0,0
7,177.4704752805,961.182644900004,1.44088355690863,0.215990176771872,24,2,52.6189531199804,0.315331821280088,2,76.3572340479805,17.761274598613,36.482523165201,18.6382537279657,13.8050529948024,280.215296105345,-0.0021160035208544,218.701320267069,7.9074666107741,1996,0,0,0,1,0,0,0,0,0,0,1,0,0,0,0,1,0,0,0,0,0,0,0,0,0,0,0,0,1,0,0,0,0,0,0,0,0,0,0,0,0,0,0,0,0,0
6,37.4818338441866,130.601605514847,1.61056830455777,0.174411638673194,17,2,52.1806283289688,-0.706476952556533,6,56.803056392512,18.4007101947967,32.5263510159444,18.6427550169231,21.5514005346604,282.175607917246,0.0023536509566225,286.455383740179,3.32863728733705,1991,0,0,0,0,1,0,0,0,0,0,0,0,0,0,0,0,0,0,0,0,0,0,0,0,0,0,0,1,0,0,0,0,0,0,0,0,0,0,0,0,0,0,0,0,0,0
4,16.5277335084169,1118.37276882611,1.44109236105989,0.159445337426113,17,16,51.3870295405956,-3.03055972481022,5,76.333894504218,17.7499161001472,36.4819989388112,18.6409926694779,13.8117059056763,284.337333587858,0.0008383013551596,40.8217950319571,7.01570086077014,1996,0,1,0,0,0,0,0,0,1,0,0,0,1,0,0,0,0,0,0,0,0,1,0,0,0,0,0,0,0,0,0,0,0,0,0,0,0,0,0,0,0,0,0,0,0,0
7,70.8058421205896,419.070331292118,1.08129732400988,0.155784904806258,9,2,52.0724108902686,0.17055052502677,8,126.407443785263,16.0254718148729,36.4680145647331,18.6359927250656,15.0821775937422,286.078508928131,0.0003999853596969,260.190688253958,3.51994264307985,1988,0,0,0,0,0,0,1,0,0,0,1,1,0,0,0,0,0,0,0,0,1,0,0,0,0,0,0,0,0,0,0,0,0,0,0,0,0,0,0,0,0,0,0,0,0,0
4,100.489787058827,843.828993993128,1.44186985064803,0.0858041475751206,27,16,53.5287338625916,-2.90418424644807,11,76.3505416661413,17.7422899696488,36.4723341057796,18.6361557308735,13.7905148822737,275.685041672898,0.0001566729565703,229.909014316928,4.80966325352571,1986,1,0,0,0,0,0,0,0,1,0,0,0,1,0,0,0,0,0,0,0,0,0,0,0,0,0,0,0,0,1,0,0,0,0,0,0,0,0,0,0,0,0,0,0,0,0
8,87.8571938675786,1266.71430090034,1.11978645202417,0.19614110049036,15,19,51.9535359703667,-3.19467493904603,4,71.1587990698361,17.7494594656058,36.4689469702144,18.6414497639736,13.8168978447603,282.580546790353,-0.0006137801972905,229.410382350576,8.29024678437617,1992,0,0,0,0,0,0,0,1,0,0,0,0,1,0,0,0,0,0,0,0,0,0,0,0,1,0,0,0,0,0,0,0,0,0,0,0,0,0,0,0,0,0,0,0,0,0
6,66.287376385439,262.51957811634,1.4420094492864,0.278453440481604,18,22,53.622487500226,-0.23028837269865,2,76.2381327464365,17.7547751274374,36.4662279473016,18.6389879079261,13.805214907336,272.45813820131,-0.0005372655938902,179.564022131073,5.02061529994221,1985,0,0,0,0,0,0,0,1,0,0,1,0,0,0,1,0,0,0,0,0,0,0,0,1,0,0,0,0,0,0,0,0,0,0,0,0,0,0,0,0,0,0,0,0,0,0
5,120.954492176696,529.663853345607,0.94997332909734,0.23636107523738,23,14,53.5458309287686,-0.608176851644801,1,63.4268265349597,21.3868249293408,47.3539836448687,18.642153584998,-1.16346045151592,278.159008742036,0.0003060865503007,297.764764907038,2.00145310423552,1991,0,0,1,0,0,0,0,0,0,0,0,0,0,0,0,1,0,0,0,0,0,0,0,0,0,0,1,0,0,0,0,0,0,0,0,0,0,0,0,0,0,0,0,0,0,0
4,263.180612360974,451.811166603609,1.44047434169448,0.163858962819096,25,13,51.0804251788651,-3.17075060367996,11,-7.63850504974366,17.7493963922515,36.4846741601805,18.6430992283039,13.8151015292374,282.544212304331,7.4921060212903e-05,72.3639051755414,4.51839401524661,1988,0,0,0,0,1,0,0,0,1,0,0,0,1,0,0,0,0,0,0,0,0,0,0,0,1,0,0,0,0,0,0,0,0,0,0,0,0,0,0,0,0,0,0,0,0,0
3,199.123570725167,1125.72229022547,1.44461940606678,0.113435224094417,16,11,51.1098005141873,-0.0417030742791427,12,76.2887330478738,14.0488458765935,39.1246662361387,18.6437976400962,13.7970974572313,280.08999378564,-0.0011304138192584,264.351094161826,9.04105121957559,1982,0,1,0,0,0,0,0,0,1,0,0,0,0,0,0,1,0,0,0,0,0,0,0,0,0,0,0,0,0,0,0,1,0,0,0,0,0,0,0,0,0,0,0,0,0,0
7,7.59448443931085,138.217681848807,1.44082499964646,0.174354245947649,19,1,53.9927386989605,1.53123470987067,6,71.1439908950655,17.7390713528535,36.4863636494255,18.642995543254,13.8065800023496,281.766071255209,0.0020652340467271,53.9244601885384,2.67579031945761,1989,0,0,0,0,1,0,0,0,0,0,0,0,1,0,0,0,0,0,0,0,0,0,0,0,1,0,0,0,0,0,0,0,0,0,0,0,0,0,0,0,0,0,0,0,0,0
7,-86.8639540096299,1693.73512886667,1.44011697026243,0.188678002678568,24,15,53.6499959425265,-2.08781431817554,3,76.3679183429171,17.7564962103485,36.5087943893498,18.6449185790399,13.8092529216493,279.649462142765,0.0008190336193034,170.019993803565,9.22423851446852,1984,0,0,0,0,0,0,1,0,0,0,1,0,1,0,0,0,0,0,1,0,0,0,0,0,0,0,0,0,0,0,0,0,0,0,0,0,0,0,0,0,0,0,0,0,0,0
7,-60.461536258905,1096.2986140123,1.4418020646376,0.165010830190398,23,11,53.004921299126,-0.533799662381501,4,76.1695702870149,17.7487916070663,36.5106830307354,18.6406079548912,13.8146173616533,283.811055742991,-0.0046586544345404,39.3968703947991,0.303332021313125,1981,0,0,0,1,0,0,0,0,0,0,0,0,1,0,0,0,0,0,0,0,0,0,0,0,0,0,0,0,0,0,0,0,0,0,0,0,0,0,0,0,0,0,0,0,1,0
7,83.9905300800383,867.821814688223,1.44171051818934,0.173493028246125,24,19,50.1440147351498,-2.36097128846957,9,76.3224210177627,17.7339368723017,36.4991012299372,18.6424452230142,13.82109749592,287.003142416565,0.0013588511061125,140.767536180686,2.47950976115972,1983,0,0,0,0,0,1,0,0,0,0,0,0,0,0,0,1,0,0,0,0,0,0,0,0,1,0,0,0,0,0,0,0,0,0,0,0,0,0,0,0,0,0,0,0,0,0
2,93.2690096562749,659.74962854921,1.44170245102188,0.204540225352323,11,6,54.268325859895,-3.17076665090737,3,76.3655485734256,17.7519066436371,36.4755724985982,18.6382589810738,13.8211612290551,281.273178777534,-0.0032535628957527,225.325599064246,6.42060443478373,1989,0,0,0,1,0,0,0,0,0,0,1,0,1,0,0,0,0,0,0,0,0,0,1,0,0,0,0,0,0,0,0,0,0,0,0,0,0,0,0,0,0,0,0,0,0,0
0,237.815704973944,1233.11620205758,0.622844843934867,0.243411517391516,22,17,54.489515703705,-1.46912031444548,10,51.4346927255767,25.5845331594584,34.6885128070284,18.6359545645144,40.5945866840955,286.181935441595,0.0020728097924083,177.910605441463,9.24096952702166,1995,1,0,0,0,0,0,0,0,1,0,0,0,1,0,0,0,0,0,0,0,0,0,0,1,0,0,0,0,0,0,0,0,0,0,0,0,0,0,0,0,0,0,0,0,0,0
3,29.4023631342868,-90.4082545704386,1.44196293925207,0.209842907873793,15,3,52.8319183817904,0.895354661050356,12,76.4003932137437,17.7912485393076,36.4857262865002,18.6373030627197,13.7873867799413,278.06354257532,0.0004096613769055,96.7380958007814,2.24720551112241,1988,0,0,0,0,0,0,1,0,0,0,0,0,1,0,0,0,0,0,0,0,0,0,0,0,0,0,0,0,0,0,0,0,0,0,0,0,1,0,0,0,0,0,0,0,0,0
4,12.3875805299718,202.363684539205,0.436953932853416,0.148488608862644,1,15,51.6508401985302,-2.87989683746522,12,62.2077365845333,11.5015867578709,38.096201011955,18.6409934101222,10.3905000706036,279.718030601828,-0.00034124000447,225.080381600214,2.89238054189281,1996,0,1,0,0,0,0,0,0,0,0,0,0,1,0,0,0,0,0,0,0,0,0,1,0,0,0,0,0,0,0,0,0,0,0,0,0,0,0,0,0,0,0,0,0,0,0
3,192.880395580301,187.864332331401,1.44272654321657,0.19056103555604,1,22,52.1125789969719,-0.164608393864807,1,76.3633098708944,17.7098621006603,36.5132322021256,18.6345722796296,13.7940539630061,275.555226820768,0.001575327930901,319.740018139355,1.88176283964378,2000,0,0,0,1,0,0,0,0,0,1,0,0,0,0,0,1,0,0,0,0,0,1,0,0,0,0,0,0,0,0,0,0,0,0,0,0,0,0,0,0,0,0,0,0,0,0
8,159.534806221489,1215.64334336742,1.44087345327782,0.152067026050404,21,17,50.4787511348163,-0.371154192171583,9,76.3585663719931,17.7414308973039,36.4804949403413,18.6359881858307,13.8106110032627,294.603245057292,0.0004675932465524,211.886367497885,2.09874909544514,1999,1,0,0,0,0,0,0,0,0,0,0,0,0,0,0,1,0,0,0,0,0,0,0,0,0,0,0,0,0,1,0,0,0,0,0,0,0,0,0,0,0,0,0,0,0,0
1,112.344993270736,304.174713788759,1.4405990251377,0.197169674179304,25,4,50.9747189958126,-1.57413795976527,7,76.4068406828225,17.7535289752969,36.4487710986571,18.6418292108533,13.8125007170321,290.123241474609,0.0009342323303769,298.016976452758,4.87045969338932,1981,1,0,0,0,0,0,0,0,1,0,0,0,1,0,0,0,0,0,0,0,0,0,0,0,0,0,0,0,0,0,0,0,1,0,0,0,0,0,0,0,0,0,0,0,0,0
1,-14.7398564274396,451.919517219415,1.44291874311347,0.1882114031809,27,5,51.3237715973287,-1.8319803553459,4,76.3068667389874,17.7807205044206,36.4549777887946,18.6415762180863,13.8248302824306,278.653840156836,0.0013911547047872,230.185442409108,5.16494909058547,1994,0,0,0,0,1,0,0,0,0,1,0,0,1,0,0,0,0,0,0,0,0,0,0,0,0,0,0,0,0,0,0,0,0,0,0,0,0,0,0,0,1,0,0,0,0,0
1,53.2900924191333,511.730992871462,1.44252779355206,0.148587451246134,20,7,52.4517491670329,-1.98543083474337,9,76.4302102132987,17.7481013444541,36.4668705480824,18.6359483603665,13.787015227561,285.59812276199,-0.0001991251980135,232.456107823718,5.45302282664116,1982,0,0,0,0,0,0,1,0,0,0,0,0,0,0,0,1,0,0,0,0,0,0,1,0,0,0,0,0,0,0,0,0,0,0,0,0,0,0,0,0,0,0,0,0,0,0
7,49.2380879750554,979.140433012548,2.3435270861939,0.166490998597471,24,11,53.41488544214,-1.1809580427717,8,83.3351493377444,17.7368657580072,36.4846312416704,18.6466803973329,55.6302242559826,290.227502143652,-0.0003025462768736,64.2298084008418,4.52175693353721,1984,0,0,0,0,0,0,1,0,0,0,1,0,0,0,0,1,0,0,0,0,0,0,0,1,0,0,0,0,0,0,0,0,0,0,0,0,0,0,0,0,0,0,0,0,0,0
3,40.5922905342036,664.073085897452,1.45515805586926,0.236085853121836,26,9,51.2071907694924,-2.19496346981996,7,76.3132792337916,17.7469538009516,36.481829349996,18.6495068323094,13.8183134441006,289.714392510906,0.0018387311682008,80.304235812219,2.66551438403257,1984,0,0,0,0,0,1,0,0,0,0,1,0,1,0,0,0,0,0,0,0,0,0,0,1,0,0,0,0,0,0,0,0,0,0,0,0,0,0,0,0,0,0,0,0,0,0
8,125.75571876151,959.890740831465,0.925122484807832,0.181657084904294,17,23,52.4590686399906,-0.257317054514131,1,83.2865846983086,41.9856746088955,29.7862374580874,18.1944058241043,29.6655822107459,282.750410328529,-0.0031085852712398,189.177725279131,7.25062438675856,1996,0,1,0,0,0,0,0,0,1,0,0,0,0,0,0,0,0,0,0,0,0,0,0,0,0,0,0,0,0,0,0,0,0,0,0,0,0,0,0,1,0,0,0,0,0,0
8,83.1138208662903,1977.73850433848,1.00601853122986,0.148995489904692,28,13,52.2857231806335,-2.98877850941552,5,79.1494237789621,37.3047598868584,32.3972656446319,18.6408837493783,14.9959010050719,284.213589359615,0.0018544832205441,153.68541004413,3.27988406367213,1996,0,0,0,0,1,0,0,0,0,0,0,0,1,0,0,0,0,0,0,0,0,0,1,0,0,0,0,0,0,0,0,0,0,0,0,0,0,0,0,0,0,0,0,0,0,0
2,42.2629247318712,1591.84050517181,1.40541655423408,0.29892463885522,10,7,52.5563341801653,-4.35765189863091,2,35.4653041327794,-0.43332083817149,30.1640773797458,14.0086032711394,14.3826574284248,276.669034634284,0.0001186059301884,87.3543107825254,13.7682406238999,1985,0,0,0,0,1,0,0,0,0,0,1,0,0,0,1,0,0,0,0,0,0,0,0,0,0,0,0,0,0,0,0,0,0,0,1,0,0,0,0,0,0,0,0,0,0,0
1,-35.4505681315495,276.467184600606,1.44234861836226,0.182301244248128,2,9,52.6505915994234,-1.80142354701854,11,76.3106093571184,17.7628517437398,36.4421222093455,18.6910568753561,13.8456005966488,277.768472187572,-0.0001165846383212,272.869925295387,5.14556819804021,1990,0,0,0,0,0,1,0,0,0,1,0,0,0,0,1,0,0,0,0,0,0,0,0,0,0,0,0,0,0,1,0,0,0,0,0,0,0,0,0,0,0,0,0,0,0,0
5,100.08387119318,-245.195447151582,1.32728144351682,0.161531411354716,20,21,52.5755387383912,-0.823911305460494,1,39.3405784103416,6.27833230764089,57.4032183069043,21.6949249109243,12.1937715753108,275.431153581614,-0.0009927934714098,204.400888627318,-2.59863243983819,1999,0,1,0,0,0,0,0,0,0,1,0,0,0,0,0,1,0,0,0,0,0,0,0,1,0,0,0,0,0,0,0,0,0,0,0,0,0,0,0,0,0,0,0,0,0,0
3,27.9835939956214,975.386191888296,1.31402650515016,0.220477435551822,17,10,52.7860638901876,-1.44328353254473,2,72.0115172641113,21.0492146464413,36.4821650608001,18.6353149714773,6.36138450841254,281.716633935739,0.002068428353438,228.738321638437,9.65682810830472,1990,0,0,0,0,1,0,0,0,1,0,0,0,1,0,0,0,0,0,0,0,0,0,0,1,0,0,0,0,0,0,0,0,0,0,0,0,0,0,0,0,0,0,0,0,0,0
8,42.6864983899841,1490.07787985362,1.08698999849516,0.169912412993372,7,12,54.6459033217004,-0.187691017947491,9,91.8442051594474,21.2475680956797,32.1895155766016,18.6795875130077,9.82232137872478,288.843628516431,0.0006812850607381,151.065116465641,4.03213354512238,1993,0,0,0,0,0,1,0,0,0,1,0,0,0,0,1,0,0,0,0,0,0,0,0,0,0,0,0,0,0,0,0,0,0,0,0,0,0,0,0,0,0,0,0,1,0,0
9,12.9167467920742,2011.58272683008,1.4412410789012,0.1731224550007,15,13,51.9982293018713,-1.37677093882087,4,18.7435140497135,101.279050303584,35.5572403543014,21.580942004773,-4.25436199376502,280.889356668914,0.0020634801275368,252.905091262674,6.34724046110144,2000,0,1,0,0,0,0,0,0,0,0,0,0,1,0,0,0,0,0,0,0,0,0,0,0,0,0,0,0,0,0,0,0,0,0,0,0,0,0,0,0,0,0,0,0,0,1
1,19.3455171510962,-92.9123272110594,-0.411818030820025,0.0872226949667142,27,6,53.4403830611744,-1.55006830612402,8,54.5424950882202,-31.3041502120063,38.1084242759904,18.6417879140591,-10.3572730445312,284.501302210253,0.0017503934797807,199.949915135265,0.664785926984091,1997,0,1,0,0,0,0,0,0,0,1,0,0,1,0,0,0,0,0,0,0,0,0,0,1,0,0,0,0,0,0,0,0,0,0,0,0,0,0,0,0,0,0,0,0,0,0
6,-62.9287448362642,719.229744634525,1.44341719040796,0.181815101510384,16,20,52.9761341234334,-2.61322763039644,5,76.3000744683647,17.7816303332718,36.4686172884498,18.6427385141879,13.7777932229152,282.47612018178,0.0007360225242401,65.6019462580941,6.58820371723711,1994,0,0,0,0,0,1,0,0,1,0,0,0,1,0,0,0,0,0,0,0,0,0,0,0,0,0,0,0,0,0,0,0,0,0,0,1,0,0,0,0,0,0,0,0,0,0
0,65.3142884633071,454.532230075885,2.76058883228306,0.24317028458353,14,21,52.3965720744505,0.0005062598678502,12,51.463489510795,28.2951651832495,36.4769896388024,18.6354383550059,10.1962765696712,276.544256026392,0.002790647391958,262.842371456057,5.94880938092179,1996,0,0,0,0,0,0,0,1,1,0,0,0,0,0,0,1,0,0,0,0,0,0,0,0,0,0,0,0,0,0,0,0,0,0,0,0,1,0,0,0,0,0,0,0,0,0
5,-21.2281422566131,166.040769778143,1.44313572033432,0.185065860098605,6,22,51.7348379622157,-1.78575381923861,3,76.431460545903,17.7576934101563,36.4848872612279,18.6397726164424,13.8025571947721,275.953940555153,0.0002404586048689,281.681385173542,3.79322299458702,1983,0,0,0,0,0,0,1,0,0,0,0,0,1,0,0,0,0,0,0,0,0,0,0,0,0,0,0,0,0,0,0,0,0,0,0,0,0,0,0,0,0,0,0,0,1,0
0,23.43467077931,1054.99786067531,1.44255048423317,0.177184634045302,17,9,53.0244305426175,-1.05826669312006,1,76.3164481647313,17.7488390094982,36.483971226085,18.6416242231332,13.7957971437551,277.324921352905,0.0113646426112479,266.165225559895,10.7172898294434,1984,0,1,0,0,0,0,0,0,0,0,0,0,0,0,0,1,0,0,0,0,0,0,0,0,0,0,0,0,0,0,0,0,0,0,0,1,0,0,0,0,0,0,0,0,0,0
8,55.1998580258055,1331.07791003713,1.4416404403934,0.187664385888457,4,18,55.325424292827,-0.0766812717012828,6,76.3076055003275,17.698512425307,36.4438040202219,18.639839260901,13.7957527135129,289.447426168733,-0.0006788812471047,294.281865925412,10.440460837824,1990,0,0,0,0,0,0,0,0,1,0,0,0,1,0,0,0,0,0,0,0,0,0,0,0,0,0,0,0,0,1,0,0,0,0,0,0,0,0,0,0,0,0,0,0,0,0
7,-38.5668992664987,1114.27338283954,1.43934656291377,0.113134100724089,2,17,53.4343452668099,0.349831664809922,4,76.3641877768981,17.736892388213,36.4513320773499,18.639545347228,13.8163676229215,290.51418246765,0.0006919374616142,268.978474037532,5.44289573048529,1993,0,0,0,0,0,0,0,1,0,0,0,0,1,0,0,0,0,0,0,0,0,0,0,0,0,0,0,0,0,0,0,0,0,1,0,0,0,0,0,0,0,0,0,0,0,0
4,-43.6834977046471,627.902525017618,1.44164131761434,0.210340236277864,10,13,51.6744465260762,-1.30947618965819,12,73.9904472535185,17.7562242320158,36.4748290500301,18.635032460645,13.8085614450979,277.827491294558,-0.0038848553434388,310.850716427139,3.62111027633958,1986,1,0,0,0,0,0,0,0,0,1,0,0,0,0,0,1,0,0,0,0,0,0,0,1,0,0,0,0,0,0,0,0,0,0,0,0,0,0,0,0,0,0,0,0,0,0
1,115.699897823501,-111.559699601052,1.44163527939522,0.131459514493782,4,4,51.1188245498298,-0.643734950818763,6,76.3256023950966,17.7482725451049,36.4768815965427,18.6355437628889,13.8094484497734,282.065555950071,0.0010636968190272,207.524768669026,2.82227379714112,1982,0,0,0,0,0,0,0,1,0,0,1,0,1,0,0,0,0,0,0,0,0,0,0,0,1,0,0,0,0,0,0,0,0,0,0,0,0,0,0,0,0,0,0,0,0,0
2,-199.104085610341,462.330290503594,0.0021530538804062,0.172300782576372,23,5,52.8276245695071,0.0109747621332736,10,57.0136319812492,31.4943853163124,33.4876550836083,18.6045949295909,10.964030647461,286.066028831317,0.0013604694241284,-192.967398365591,4.76369838841418,1987,0,0,0,0,0,0,0,1,0,0,1,0,0,1,0,0,0,0,0,0,0,0,0,0,0,0,0,0,0,0,0,0,0,0,0,0,0,0,0,0,0,1,0,0,0,0
0,131.965078156443,529.200365935681,0.735166339953071,0.158895051460302,10,3,53.1833505515594,-2.75209355829136,4,72.7786150650118,24.2139078830108,40.5858123058413,18.6445235621879,36.7980626614662,274.092087142083,0.0012964073744712,372.847419685066,5.30434690941616,1995,0,1,0,0,0,0,0,0,0,1,0,0,1,0,0,0,0,0,0,0,0,0,0,1,0,0,0,0,0,0,0,0,0,0,0,0,0,0,0,0,0,0,0,0,0,0
0,34.9103441548363,459.292928865176,0.521700518006324,0.133743385619316,21,15,51.3714659575499,-0.777476037468875,12,68.1329095708904,5.38415070935361,17.9684763020224,18.6382439636664,13.4059443153954,275.315367222175,0.0034318188285012,262.515292724414,4.40538548960414,1998,0,0,0,0,0,0,0,0,0,1,0,0,1,0,0,0,0,0,0,0,0,0,0,0,0,0,0,0,0,0,0,0,0,0,0,0,0,0,0,0,0,0,0,0,1,0
4,190.267684597266,414.113205508528,1.4421392503345,0.21895657817541,20,2,53.2038512548306,1.54633095673303,10,76.2582002384619,17.7396641765706,36.462153439858,18.6373074882581,13.8322012173402,281.813524169872,0.0004626501295692,279.708096428213,6.52829730744836,1993,0,0,0,0,0,0,0,0,1,0,0,0,1,0,0,0,0,0,0,0,0,0,0,0,0,0,0,0,0,0,0,0,0,0,0,1,0,0,0,0,0,0,0,0,0,0
7,127.935830539314,1787.05059058621,1.4551580681652,0.170828629561773,11,15,52.8546960635004,-2.22543777629763,4,76.3160113527965,17.7471312221277,36.481829411757,18.6407516731044,13.8183127596317,281.221486966034,7.42429567445876e-05,271.15532325468,7.01288461648794,1984,1,0,0,0,0,0,0,0,1,0,0,0,1,0,0,0,0,0,0,0,0,0,0,1,0,0,0,0,0,0,0,0,0,0,0,0,0,0,0,0,0,0,0,0,0,0
7,-62.24658931608,474.12092645411,1.93347667528648,0.215385221738764,14,1,53.6437295310209,-0.71702312012898,4,84.937425251779,15.0999192016913,45.5460893848651,18.6439717606933,6.60201970871597,279.94913146326,0.0024834636676768,-31.6456460890638,5.93741001204693,2000,0,0,0,0,0,1,0,0,0,0,0,0,0,0,0,1,0,0,0,0,0,0,0,1,0,0,0,0,0,0,0,0,0,0,0,0,0,0,0,0,0,0,0,0,0,0
8,61.3808166327153,754.967924141144,0.977893300181079,0.117298334905739,7,0,52.0969058160031,-2.85349169373542,8,52.5255983114807,12.5793310158516,37.1682245876816,18.6409929625114,28.0463406312769,286.209961879514,-0.0014205383067063,267.463456656063,6.18160077983396,1996,0,1,0,0,0,0,0,0,0,1,0,0,1,0,0,0,0,0,0,0,0,0,0,1,0,0,0,0,0,0,0,0,0,0,0,0,0,0,0,0,0,0,0,0,0,0
3,27.6156276413109,853.956860673178,1.75490519408686,0.158264559261507,21,8,49.7694082462351,-3.19172895179567,6,71.3056723047163,20.4227512485977,36.4821660067252,18.6409026467587,17.2078566506288,291.465728702053,0.0012435571077651,170.900595962386,11.3721171664111,1990,0,0,0,0,0,1,0,0,0,0,1,0,1,0,0,0,0,0,0,0,0,0,0,1,0,0,0,0,0,0,0,0,0,0,0,0,0,0,0,0,0,0,0,0,0,0
1,-22.3137118505102,285.578287488584,1.44302225069035,0.117245949031525,18,5,54.0173884923095,-0.513975820196628,9,76.2496437330912,51.1986959712634,36.4972759265325,16.5440966465883,13.7987913784417,284.879218888404,-0.0008051016787336,279.605543114487,3.97096113995942,1990,0,1,0,0,0,0,0,0,0,1,0,0,0,0,0,0,0,0,0,0,0,0,0,0,0,0,0,0,0,0,0,0,0,0,0,0,0,0,0,0,0,0,0,0,0,1
2,56.9591444240809,587.603289812124,1.47553127134167,0.210202015137207,28,8,51.7456631089476,-2.09751767318576,12,76.3329525767954,17.7373240793812,36.4920842276531,18.6365551190363,13.8122204970688,277.187838337324,-0.0010652348617174,267.974240025747,3.97533909730126,1982,0,0,0,0,0,0,1,0,0,0,0,0,1,0,0,0,0,0,0,0,0,0,0,1,0,0,0,0,0,0,0,0,0,0,0,0,0,0,0,0,0,0,0,0,0,0
4,-7.22362106262437,28.5658428849138,1.44211333289832,0.211755487864528,31,13,53.4719326043855,0.46534646598362,4,76.282077887607,17.7366442644512,36.4559536414558,18.6388943084733,13.8147421370693,283.101818081417,0.00031252454258,119.360557687777,1.40842523625415,1990,0,0,0,0,0,0,0,1,0,0,0,0,0,0,0,1,0,0,0,0,0,1,0,0,0,0,0,0,0,0,0,0,0,0,0,0,0,0,0,0,0,0,0,0,0,0
9,51.466262178149,1042.50131904492,1.44112111626759,0.148895384543742,19,19,53.8477972652389,-2.02650117734543,7,76.3594490954623,17.7515299544448,36.4785703747295,18.6436216836118,13.7909526735545,296.105176766694,-0.0001554307007892,47.9510297504929,5.30798921744999,1982,0,1,0,0,0,0,0,0,1,0,0,0,1,0,0,0,0,0,0,0,0,0,0,0,0,0,0,0,0,0,0,0,0,0,0,0,0,0,0,0,0,0,0,0,0,1
9,155.536275308899,185.958800594917,1.58460977925354,0.221416010116962,6,20,53.5341331075013,-0.767846240686371,1,65859.3012374572,23.2842068864388,35.4925253121925,18.6405397033842,-232.808972118399,277.914392059943,-1.40572384272645,229.635128381999,4.36850730793668,1993,0,0,0,0,0,0,1,0,0,0,1,1,0,0,0,0,0,0,0,0,0,0,1,0,0,0,0,0,0,0,0,0,0,0,0,0,0,0,0,0,0,0,0,0,0,0
8,-74.6961316283344,-22.9695572320796,1.35807570226953,0.123892384353897,15,23,53.9099917172863,-2.35473743480842,3,76.3061835570711,17.7362937478543,36.3685474166439,18.6097268932044,13.8053157689902,281.900554602266,0.0013553155168867,164.856227678427,3.39777644964646,1999,0,0,0,0,0,1,0,0,0,1,0,0,0,0,1,0,0,0,0,0,0,0,0,1,0,0,0,0,0,0,0,0,0,0,0,0,0,0,0,0,0,0,0,0,0,0
5,-91.2613426423784,902.757932436578,1.45972279181544,0.198652061237327,14,16,53.1728673903327,-1.26631950602926,1,76.2968507992032,17.7773690218848,36.4717353192915,18.6498534557136,13.7875641257932,278.380451647245,-0.0003666863925305,238.133705116009,8.534903545498,1989,0,1,0,0,0,0,0,0,0,0,1,0,0,0,1,0,0,0,0,0,0,0,0,1,0,0,0,0,0,0,0,0,0,0,0,0,0,0,0,0,0,0,0,0,0,0
2,2.02013841918829,652.438105084829,2.9036467977277,0.139701976890022,14,6,52.5432614678493,-2.23314332489585,9,80.0518352313533,17.7350985238174,36.5791560631759,18.6474669753019,43.8924714462946,284.591606948306,-0.0058884559696255,221.733809991095,6.26229708020735,1992,0,0,0,0,0,0,1,0,0,1,0,0,0,0,0,1,0,0,0,0,0,0,0,1,0,0,0,0,0,0,0,0,0,0,0,0,0,0,0,0,0,0,0,0,0,0
7,167.048799239514,304.64569484066,1.00945791435083,0.141320147933396,7,1,52.8682869546502,-1.6697595497179,5,74.2467241008919,19.0198194971311,36.60537865415,18.6445234104585,15.3171205717047,278.684571065837,0.0024363589259707,252.308985038517,3.29866409144791,1995,0,1,0,0,0,0,0,0,0,1,0,0,1,0,0,0,0,0,0,0,0,0,0,1,0,0,0,0,0,0,0,0,0,0,0,0,0,0,0,0,0,0,0,0,0,0
6,79.9662624775166,411.33139168889,1.58310394843749,0.190655310952306,5,1,52.0449932007656,-0.554884247473702,1,86.0844775786455,18.5019530498568,35.5033288036627,18.6358810252088,18.5123368538674,276.674804438463,-0.0042768966459209,209.421353645309,5.65247812232493,1998,0,0,0,0,0,0,0,1,0,0,0,0,0,0,1,0,0,0,0,0,0,0,0,0,0,0,0,0,0,0,0,0,0,0,0,0,0,0,0,0,0,0,1,0,0,0
8,116.591795474956,1276.90471783295,1.11413415357789,0.163662246227891,13,21,53.0262050943028,0.599518006334371,8,87.7585299202778,21.5775532407907,32.5263510557388,18.6353364451822,19.0901514194527,290.202058662923,0.0014892737859476,216.188474035815,6.34790008824099,1989,0,0,0,1,0,0,0,0,0,1,0,0,0,0,0,0,0,0,0,0,0,0,0,0,0,0,0,1,0,0,0,0,0,0,0,0,0,0,0,0,0,0,0,0,0,0
9,98.9532267654166,1103.78926928608,1.44169191523482,0.100135295669856,29,20,52.7133432953789,-2.67961768802503,7,76.4303164489268,17.7652837647884,36.4585355273408,18.6399077263424,13.8069683631104,295.525011559641,0.0010707900364691,150.103683462595,4.75036210616519,1994,0,1,0,0,0,0,0,0,0,0,0,0,0,0,0,1,0,0,0,0,0,0,0,0,0,0,0,0,0,0,0,0,0,0,0,0,1,0,0,0,0,0,0,0,0,0
7,84.4473333053069,1897.01518608361,1.44218305150222,0.198421317993088,9,18,51.9279404716041,-0.573408251665147,7,76.3451733746576,17.7605776184489,36.473293057982,18.639675917409,13.768678925774,293.07845102264,0.0014169532377285,288.134826251883,4.3875649095588,1987,0,0,0,1,0,0,0,0,0,0,0,0,0,0,0,1,0,0,0,0,0,0,0,0,0,0,0,0,0,0,0,0,0,0,0,0,0,0,0,0,0,0,0,1,0,0
1,128.344125331064,1100.64675125896,1.44166113852856,0.208310364954813,18,5,51.6714098056543,-2.07435074623985,1,77.7270127420425,17.7507256672594,36.4770258759309,18.6372953263365,13.8056050470128,284.516552007203,0.0017119022368445,183.910928984179,10.7015279765783,1988,0,0,0,0,0,0,1,0,0,0,1,0,1,0,0,0,0,0,0,0,0,0,0,1,0,0,0,0,0,0,0,0,0,0,0,0,0,0,0,0,0,0,0,0,0,0
8,17.9500346357986,253.2329165102,1.13039389074811,0.164937839152521,8,11,49.6459886434111,-2.12248136726787,6,660.399756819558,26.3988114337429,36.4865815002971,18.6357138507471,26.192877742604,285.789144938417,0.0007725618468168,183.776627726211,6.68254786590006,1997,0,0,0,1,0,0,0,0,0,1,0,0,1,0,0,0,0,0,0,0,1,0,0,0,0,0,0,0,0,0,0,0,0,0,0,0,0,0,0,0,0,0,0,0,0,0
6,63.5181584338687,740.798235794478,1.47564321553421,0.242075090295115,18,19,51.7821325163469,-0.871344793469233,3,76.3420628494405,17.7681018120661,36.4945617193387,18.6319608844141,13.8084943195996,278.234765727361,0.0025581020512156,281.586271293725,4.06775399933993,1982,0,0,0,0,0,0,1,0,1,0,0,1,0,0,0,0,0,0,0,0,0,0,0,1,0,0,0,0,0,0,0,0,0,0,0,0,0,0,0,0,0,0,0,0,0,0
8,-72.8276077179342,1008.45381503016,1.44351328059097,0.218137704567593,17,12,53.2058154216165,-1.83802764883138,12,76.2952926875502,17.7490036504381,36.4719379907984,18.7467707228453,13.8147377187537,283.008961690027,-0.0130286223063176,111.513644191697,7.13983520963744,1983,0,0,0,0,0,0,1,0,0,0,0,0,0,0,0,0,0,0,0,0,0,0,0,0,0,0,0,0,0,1,0,0,0,0,0,0,0,0,0,0,0,0,0,0,0,0
3,12.4805140922396,1198.82110310591,0.659543708800851,0.159281588380425,26,16,55.9644447697206,-1.48968996614063,7,60.2046038206408,20.7992424858714,39.9128390280169,18.6404749562936,22.1894762536555,283.103539740162,0.002113803975279,257.796708265618,7.40519970065647,1993,0,0,0,0,0,0,1,0,0,0,0,0,1,0,0,0,0,0,0,0,0,0,0,1,0,0,0,0,0,0,0,0,0,0,0,0,0,0,0,0,0,0,0,0,0,0
2,121.95423851813,-468.946518703075,1.44103490449863,0.235793465489474,20,7,53.288065180682,0.743248631134846,7,76.3097707195438,17.7449155447495,36.4875651445257,18.6393529809446,13.8126671749234,288.143718175428,-0.0012978582749012,222.647496957624,2.17950803755966,1988,0,0,1,0,0,0,0,0,0,1,0,0,1,0,0,0,0,0,0,0,0,0,0,0,0,0,0,0,0,0,0,0,0,0,0,1,0,0,0,0,0,0,0,0,0,0
2,-48.5425869611238,348.765299493019,1.44245894397036,0.168696008709932,25,7,50.3256402145654,0.326010695676661,12,76.2737603966229,17.7424204504796,36.5008394867189,18.6360792136285,13.8157176489776,281.90759635143,0.0026219476091993,256.000628384572,3.23551205453633,1982,1,0,0,0,0,0,0,0,1,0,0,0,1,0,0,0,0,0,0,0,0,0,0,0,0,0,0,1,0,0,0,0,0,0,0,0,0,0,0,0,0,0,0,0,0,0
7,65.218175127768,1588.69190641867,1.44278942962215,0.141629589315564,15,11,53.9713329190063,0.370223524993438,8,76.3330127000529,17.7487811322107,36.5008458614603,18.641040890412,13.7974977134981,290.735692381991,0.000244572249838,258.576088312042,9.20802186042089,1990,0,0,0,0,0,0,1,0,0,1,0,0,1,0,0,0,0,0,0,0,0,0,0,0,0,0,0,0,0,0,0,0,0,0,0,0,0,0,0,0,0,0,0,0,0,1
6,65.9564952739796,1073.28250402006,0.37822114558369,0.187761295771322,20,15,51.9431287900754,0.231369265985803,10,37.4126386139352,45.7243534754245,20.8107379262841,17.7252964728275,9.32929014276293,285.896871543168,-0.0004171600878382,320.835556687919,10.1946760711305,1998,0,1,0,0,0,0,0,0,0,1,0,0,1,0,0,0,0,0,0,0,0,0,1,0,0,0,0,0,0,0,0,0,0,0,0,0,0,0,0,0,0,0,0,0,0,0
0,23.1120323257335,66.9490984463577,1.4413669709027,0.178457298736501,10,6,51.9832361178224,-0.977891145499243,9,76.3164733908171,17.7320825274328,36.4657363927778,18.6416273661565,13.7936548651017,284.91717038649,0.0094112757661559,171.061413770186,4.26900231311905,1992,0,0,0,0,0,1,0,0,0,1,0,0,0,0,0,1,0,0,0,0,0,0,0,0,0,0,0,0,0,0,0,0,0,0,0,1,0,0,0,0,0,0,0,0,0,0
5,-105.554598053253,-113.03016019651,1.44096386569741,0.180778230419362,7,17,51.4565957894271,-0.382477856004999,11,76.4240924599807,17.7725360538584,36.4881313464129,18.6440391751183,13.8140129930194,280.078248348645,-0.0016233432537931,168.014744578119,1.82636008558164,1983,0,0,0,0,0,0,0,1,0,0,0,0,1,0,0,0,0,0,0,0,0,0,0,0,0,0,0,0,0,0,0,0,0,0,0,0,1,0,0,0,0,0,0,0,0,0
3,25.3264557629042,19.9795748556617,1.37295275323224,0.207095114028472,24,0,52.2644697562975,-1.21950392357385,4,76.3027600505156,17.744239445143,36.394543861405,18.3236183840456,13.8087753739152,277.031375680645,0.004878690930332,230.128116688172,1.2282058722422,1998,0,0,0,0,1,0,0,0,0,0,1,0,0,0,0,1,0,0,0,0,0,0,0,0,0,0,0,0,0,0,0,0,0,0,0,0,0,0,0,0,0,0,0,1,0,0
1,87.7244450785007,418.255913322805,1.44135862018295,0.184582505819327,3,4,53.5889765060828,-1.93901946377035,11,76.3556699101977,17.7537162205404,36.4810640923244,18.6391217608016,13.805589855372,277.719107569702,0.0002025469240762,241.166563395077,3.39595892127992,2000,1,0,0,0,0,0,0,0,1,0,0,0,0,0,0,1,0,0,0,0,0,0,0,0,0,0,0,0,0,1,0,0,0,0,0,0,0,0,0,0,0,0,0,0,0,0
2,-68.108566305009,-140.336016922144,1.44003348061187,0.13347998601601,16,5,53.0354905415597,-0.164289390214161,9,76.3141002489806,17.745782942866,36.4611966500824,18.6404137897061,13.7816456880233,284.756938656019,-0.0121237136849206,141.359843496235,1.28169417852379,1984,0,0,0,0,0,0,0,1,1,0,0,0,0,0,0,1,0,0,0,0,0,0,0,0,0,0,0,0,0,0,0,0,0,0,0,0,0,0,0,1,0,0,0,0,0,0
2,75.7078593175189,456.468384776055,1.44202959004624,0.107269734757582,26,15,52.5350797759536,-4.06921953575893,2,69.8093582470016,17.7370895589791,36.4642921875438,18.6421097835442,13.8041661913463,277.135019205756,0.0001724690992602,197.507768758353,3.21429223890306,1991,0,0,0,0,1,0,0,0,0,1,0,0,1,0,0,0,0,0,0,0,0,0,0,0,0,0,0,0,0,0,0,0,0,0,0,0,0,0,0,0,0,0,0,1,0,0
9,-21.3021429180642,1075.57819199678,0.942356834527485,0.199124645823966,15,21,52.880387428788,-2.29859224836286,1,239.48668694139,19.240346246626,35.2573379708895,18.6403439852082,18.8238687259636,277.462390843565,-0.0113020318656135,242.056939224562,8.26773657898446,1993,0,0,0,0,0,0,1,0,0,0,1,0,0,0,0,1,0,0,0,0,0,0,0,0,0,1,0,0,0,0,0,0,0,0,0,0,0,0,0,0,0,0,0,0,0,0
5,99.0558468609355,116.451949421179,1.44109237321407,0.180597516899384,16,1,54.7936637310133,-0.453037266888586,9,76.3350336056244,17.7499793995773,36.4819995336675,18.6473839776664,13.8117059733941,287.352246017915,0.0017124492940365,185.275989420901,1.68743775496718,1996,0,0,0,0,0,0,0,0,1,0,0,0,1,0,0,0,0,0,0,0,0,1,0,0,0,0,0,0,0,0,0,0,0,0,0,0,0,0,0,0,0,0,0,0,0,0
0,150.045575403719,492.074562489968,0.928993737657126,0.201211206238879,19,5,53.8462764066514,-1.91959376978108,2,48.6440889010326,33.5385520949595,17.2301081201827,18.6391216690574,51.9961588637815,276.581667364554,0.0004934214541962,330.236856286583,5.15811231026884,2000,1,0,0,0,0,0,0,0,0,0,0,0,0,0,0,1,0,0,0,0,0,0,0,0,1,0,0,0,0,0,0,0,0,0,0,0,0,0,0,0,0,0,0,0,0,0
6,-135.546783267455,771.355748745959,1.64156215804772,0.194284785635904,1,16,52.4305527963985,-1.70311110244292,2,51.024061772498,29.9246781171337,62.9211905711803,23.798245201955,17.3834664395055,279.253396258611,0.0005209438653697,237.177894682524,3.82309716441043,1999,0,1,0,0,0,0,0,0,0,0,0,0,0,0,0,1,0,0,0,0,0,0,0,0,0,0,0,0,0,0,0,0,0,0,0,0,0,0,0,0,1,0,0,0,0,0
9,92.1546143168247,1654.29585632523,0.161430599568309,0.115590370709465,4,13,53.0948912215535,-2.3187988905521,6,21.9645334293487,14.737010636758,-0.743440619607298,13.8000948510008,6.61879248947899,295.204745706154,0.0022255167493712,249.526390179473,-0.151358542343645,2000,0,1,0,0,0,0,0,0,1,0,0,0,0,0,0,1,0,0,0,0,0,0,0,1,0,0,0,0,0,0,0,0,0,0,0,0,0,0,0,0,0,0,0,0,0,0
4,33.4635719734821,821.697052553097,1.41152069849981,0.139757071019715,2,0,54.4182436449594,-3.74187111535495,4,59.476179617767,20.2813717677456,33.4217855182303,17.5026670166774,14.7428448321491,274.677379230741,0.0003571125450963,268.055000612557,6.53443046497736,1990,0,0,0,0,1,0,0,0,0,1,0,1,0,0,0,0,0,0,0,0,0,0,0,0,0,0,0,0,0,0,0,0,0,1,0,0,0,0,0,0,0,0,0,0,0,0
6,124.27965454739,1332.97044162888,1.44209652192441,0.158450154195583,22,15,52.1289277971786,-0.564182603913869,11,76.2964034304142,17.7571578362528,36.4942138807761,18.6432012413698,13.8097042308114,284.126886319086,-0.0014221202785933,231.683453995908,10.390650320382,1984,0,0,0,0,0,0,0,0,0,0,1,0,1,0,0,0,0,0,0,0,0,0,0,0,0,0,0,0,0,0,0,0,0,0,0,0,0,0,0,0,0,0,0,1,0,0
8,61.5021988087053,867.405015718981,1.47553132073487,0.244591963835458,27,22,52.5731297204453,-3.61830387437979,10,76.3328895077744,17.7373329797406,36.4920838816816,18.6375576526406,13.8122201201579,284.254534415598,-0.0053560177811488,206.238074917673,5.8720924877831,1982,0,0,0,1,0,0,0,0,0,1,0,0,1,0,0,0,0,0,0,0,0,0,0,1,0,0,0,0,0,0,0,0,0,0,0,0,0,0,0,0,0,0,0,0,0,0
7,80.7200054305311,887.453684225177,1.13154659684594,0.208818139863207,17,18,51.3199943569915,-2.46029020606207,2,70.8734326335821,15.7383365260295,31.3431037203951,18.6591282426056,4.85401278906327,271.535480773548,-0.0014334190090145,91.7871614517634,5.97962169549078,1983,0,0,0,0,0,0,1,0,0,1,0,0,0,0,0,1,0,0,0,0,0,0,0,0,0,0,0,0,0,0,0,0,0,0,0,0,0,1,0,0,0,0,0,0,0,0
4,-83.8763613239332,1031.88266693417,1.44170159513532,0.191411346492379,9,11,53.4192720802222,-0.524948456144178,4,76.5113809995694,17.7326329085549,36.4649837366136,18.6412615271616,13.7987187921082,279.070868975214,-0.0009790020909631,30.2300496569875,10.0589151034322,1986,0,0,0,0,1,0,0,0,1,0,0,0,1,0,0,0,0,0,0,0,1,0,0,0,0,0,0,0,0,0,0,0,0,0,0,0,0,0,0,0,0,0,0,0,0,0
6,156.546128630734,162.939017770016,1.74517206177949,0.138952217788144,8,3,54.3918210289632,0.12537701811013,7,74.6925235211025,17.7366291982305,36.4846305427446,18.6416236987061,31.0223922100576,286.860479243654,-3.93226856845558e-05,135.983861825005,1.78576669740734,1984,0,1,0,0,0,0,0,0,0,0,1,0,0,0,0,1,0,0,0,0,0,0,0,1,0,0,0,0,0,0,0,0,0,0,0,0,0,0,0,0,0,0,0,0,0,0
6,28.2701318775259,875.807275113957,1.37818530842097,0.182494249028412,9,18,54.1289715496789,0.852082871357267,1,76.3239223148616,17.7519218171112,36.4679205874595,18.6359224561986,13.7735742733784,280.437919906701,-0.0018891589483133,254.712563326929,7.56095365503171,2000,0,0,0,1,0,0,0,0,0,0,0,0,1,0,0,0,0,0,1,0,0,0,0,0,0,0,0,0,0,0,0,0,0,0,0,0,0,0,0,0,0,0,0,0,0,0
7,62.2037906829329,648.494180515809,1.20191627124024,0.230628044538123,18,0,53.6125527761414,-1.99717001167999,4,82.0189746975645,19.6925826435584,33.9854952912625,18.0784264784761,9.94090031278236,283.639166063889,0.0016623806872615,200.868411177351,6.12298395846491,2000,0,0,0,0,1,0,0,0,0,1,0,0,0,0,0,1,0,0,0,0,0,0,0,0,0,0,0,0,0,0,0,0,0,0,0,0,0,0,0,0,0,0,0,0,0,0
8,77.1455500483738,428.611230874231,1.48382524692155,0.175525418189326,17,2,52.4314337059671,-2.75371145607533,9,73.9660638543056,17.7403847224073,36.5289315616027,18.6384501492027,28.4885911639356,284.121909438463,-0.0002739560459963,96.183408939565,5.24513255502965,1996,0,0,0,0,0,0,1,0,0,0,0,0,0,0,0,1,0,0,0,0,0,0,0,0,0,0,0,0,0,0,0,0,0,0,0,1,0,0,0,0,0,0,0,0,0,0
5,36.9313998615576,61.5461288339364,0.575230213806811,0.141042631185706,28,1,53.8489977722963,-1.88701425512841,5,55.9235292003182,17.7271539580182,35.5235497310448,18.6385343088411,14.4853272789858,281.069854855291,0.0018008402283998,196.792859004275,2.36827571837433,1995,0,0,0,0,0,0,1,0,0,0,0,0,1,0,0,0,0,0,0,0,0,0,0,0,1,0,0,0,0,0,0,0,0,0,0,0,0,0,0,0,0,0,0,0,0,0
0,65.6824007348251,536.267240041864,1.19550632860612,0.170346925843094,22,10,52.5741815351943,-2.30905465134984,3,76.2671014704972,42.9556694372724,31.8835893485288,25.6107042062313,17.4229890829636,279.125837942841,0.0002491004759526,227.065975652355,4.47430586982818,1997,0,0,0,0,1,0,0,0,0,0,1,0,0,0,1,0,0,0,0,0,0,0,0,0,0,0,0,0,0,0,0,0,0,0,0,0,1,0,0,0,0,0,0,0,0,0
3,112.586818030437,350.753013957577,0.961671151005724,0.199074832152814,5,9,52.0589774366468,-2.65236279125314,2,70.6364687011467,16.8344267571325,31.2618771975825,18.6415764915935,17.4791929266282,275.507012771509,0.0010942355759005,205.955956529379,6.03735556180733,1994,0,0,0,0,1,0,0,0,0,0,0,0,1,0,0,0,0,0,0,0,0,0,0,1,0,0,0,0,0,0,0,0,0,0,0,0,0,0,0,0,0,0,0,0,0,0
5,-105.771172865163,752.974490764646,1.44224165976086,0.206608987593675,20,9,51.4712461688447,-1.92410234639194,7,76.4659010664142,17.8026797518969,36.4560902745194,18.6449269194475,13.812198536224,290.321680827445,-0.0003339919292919,229.461185872621,1.91526658849015,1990,0,0,0,1,0,0,0,0,0,0,0,0,1,0,0,0,1,0,0,0,0,0,0,0,0,0,0,0,0,0,0,0,0,0,0,0,0,0,0,0,0,0,0,0,0,0
8,33.5227706918781,45.7014381012866,1.44131693661454,0.136640831156587,2,1,52.3621579255571,-0.826837641750503,8,76.3635049266619,17.7179989652351,36.4720422957552,18.6436219554966,13.8371706871859,288.68707457619,0.0023380461531646,54.7369599283869,2.72694109276727,1982,0,1,0,0,0,0,0,0,0,0,1,0,1,0,0,0,0,0,0,0,0,0,0,0,0,0,0,0,0,0,0,0,0,0,0,0,0,0,0,0,0,0,1,0,0,0
7,-104.121302231002,784.510575791082,1.44212034952145,0.165665837996078,2,21,51.4725111811265,-1.36742520518376,4,76.5486322223931,17.7659123924776,36.4972681108228,18.6432007755098,13.8187105802591,284.078725310256,0.0003820839654408,49.4721161116049,6.79409289996342,1984,0,0,0,0,0,0,0,0,1,0,0,0,1,0,0,0,0,0,0,0,0,0,0,0,0,0,0,0,0,0,0,0,0,0,0,0,1,0,0,0,0,0,0,0,0,0
1,-18.1552906448741,738.091242991448,1.44278210546551,0.134117747068209,20,4,50.9942825994372,-0.445569662322433,3,76.3567520077173,17.7610946873698,36.4742476683289,18.6531849086524,13.8069616974793,280.86432981154,0.0016831293981388,290.813012603862,6.69477727280442,1987,1,0,0,0,0,0,0,0,0,0,0,0,1,0,0,0,0,0,0,0,0,0,1,0,0,0,0,0,0,0,0,0,0,0,0,0,0,0,0,0,0,0,0,0,0,0
4,107.270497753243,1449.4338848703,1.44217698441248,0.153795281720881,28,19,50.4029595115424,-1.28258593429051,1,73.7836058694544,17.7357224696073,36.4761736617151,18.6454223487382,13.8081815021096,281.75496821877,-4.43623414596599e-05,225.105914942349,13.3405498044776,1985,0,0,0,0,0,0,0,0,1,0,0,0,0,0,0,1,0,0,0,0,0,0,0,1,0,0,0,0,0,0,0,0,0,0,0,0,0,0,0,0,0,0,0,0,0,0
7,-16.9457576915568,1292.82339819004,1.44280556144834,0.197151588230639,19,13,52.8305487295332,-4.44801416497855,1,76.0472375814259,17.7326820630638,36.4426981819615,18.6432550750882,13.818193329101,280.242264147761,-0.0036719085997656,265.62008831296,8.16695749083692,1994,0,0,0,0,0,0,0,0,0,1,0,0,1,0,0,0,0,0,0,0,1,0,0,0,0,0,0,0,0,0,0,0,0,0,0,0,0,0,0,0,0,0,0,0,0,0
8,118.957035432637,853.954490310384,-0.0555700779612924,0.175060846909622,27,21,54.2975261746825,-1.1475123361404,5,83.7029973761027,26.9022472609806,35.3195111351469,18.6429033154314,13.9619426500873,282.646704611352,0.0012475450839921,253.588016987799,7.64319513922525,1986,0,0,0,0,1,0,0,0,0,0,0,0,0,0,0,1,0,0,0,0,0,0,0,0,0,0,0,0,0,0,0,0,0,0,1,0,0,0,0,0,0,0,0,0,0,0
9,10.6419954627188,1269.02782468306,2.57840610920087,0.136616438591845,22,19,53.0615937691647,-1.42169177320087,6,86.4983956366965,17.7438426650782,36.5706331797509,18.6385457859868,27.2815612872185,293.676732381919,-0.0036431578185787,361.625821036017,6.65337058134273,1993,0,0,0,0,0,0,0,1,0,0,0,0,0,0,0,1,0,0,0,0,0,0,0,1,0,0,0,0,0,0,0,0,0,0,0,0,0,0,0,0,0,0,0,0,0,0
0,146.348444659918,261.714056678523,1.44059714151839,0.17594402153608,21,17,52.9254048234037,-1.07729004288586,12,76.3373383703393,17.7539954629563,36.4676730090022,18.6486351492962,13.781932200817,270.576974262006,0.0012857011529771,107.628456138603,2.58749898774478,1992,0,1,0,0,0,0,0,0,0,0,0,0,0,0,0,1,0,0,0,0,0,1,0,0,0,0,0,0,0,0,0,0,0,0,0,0,0,0,0,0,0,0,0,0,0,0
7,99.2393730343498,380.205666452816,1.44192125853459,0.136428136033628,28,2,52.1447485755014,-2.15092186673828,7,69.2269470709198,17.7671779655513,36.473213608703,18.6416600337747,13.8138209641902,287.812481330216,0.001856971042909,302.930034223301,4.1053679737427,1987,0,1,0,0,0,0,0,0,0,0,1,0,1,0,0,0,0,0,0,0,0,0,0,0,0,0,0,0,0,0,0,0,0,0,0,0,0,0,0,0,0,0,0,1,0,0
6,107.381002949369,317.397646383328,0.374532655535348,0.175407505941948,19,0,53.2923982129541,-0.2081968009782,12,85.0886171659337,24.1960413334722,27.1145018669192,18.6477890121664,5.37276144976102,272.372376190756,-0.0036826846909608,304.254483750664,4.85363118860975,1999,0,0,0,0,0,0,1,0,0,1,0,0,1,0,0,0,0,0,0,0,0,0,1,0,0,0,0,0,0,0,0,0,0,0,0,0,0,0,0,0,0,0,0,0,0,0
3,145.757447274554,593.456590288027,1.07653839595194,0.165782807613943,17,8,52.1833764422956,-2.17356391587711,7,83.9392609487275,22.6593142002005,35.0656010878087,18.6381704632612,10.6082909828846,284.913817625412,0.000504203001875,270.230977277158,5.03661752324747,1986,0,0,0,1,0,0,0,0,0,0,1,0,0,0,0,1,0,0,0,0,0,0,0,0,0,0,0,0,0,0,0,0,1,0,0,0,0,0,0,0,0,0,0,0,0,0
5,-70.7645081066564,1059.44616706634,1.44059707781411,0.267658178014838,24,11,52.4294024500176,-0.611021159674427,8,76.3164121334281,17.7540154662166,36.467671864834,18.6486346455054,13.7819323105968,290.349049349239,-0.0031214698901403,252.26327616174,7.13211672606291,1992,0,1,0,0,0,0,0,0,1,0,0,0,0,0,0,1,0,0,0,0,0,1,0,0,0,0,0,0,0,0,0,0,0,0,0,0,0,0,0,0,0,0,0,0,0,0
7,18.774627703299,1172.69475156888,1.44228711222192,0.241843766947481,27,11,54.0688036212233,1.42190078580975,3,76.344596161101,19.5308445711317,36.469463192991,18.6382949400611,13.8171297697238,278.521147712407,-0.0013583575291895,171.701963790543,1.87711027291219,1984,0,0,0,1,0,0,0,0,0,0,1,0,0,0,0,0,0,0,0,0,0,0,1,0,0,0,0,0,0,0,0,0,0,0,0,0,0,0,0,0,0,0,0,0,0,0
6,101.610534435765,47.4831437857565,1.64735964038496,0.168012220160025,4,21,51.7210922766642,-1.34736082347613,2,69.1322284368463,10.3875029696635,33.9081544641178,18.634247874317,24.2444840507692,279.648171974359,-0.0032002014377207,229.850935623573,1.59631817521815,1995,1,0,0,0,0,0,0,0,0,0,1,0,1,0,0,0,0,0,0,0,0,0,0,1,0,0,0,0,0,0,0,0,0,0,0,0,0,0,0,0,0,0,0,0,0,0
0,220.690530556782,882.236687468695,1.44159266516144,0.170245414291346,14,3,53.0645970959033,-0.58286594294479,2,76.3516121125139,17.756809142915,36.4757790140251,18.6420664805381,13.8013068126762,273.251623636973,-2.21396258970379e-05,92.6614702785848,9.72115012278396,1986,0,1,0,0,0,0,0,0,1,0,0,0,1,0,0,0,0,0,0,0,0,0,0,1,0,0,0,0,0,0,0,0,0,0,0,0,0,0,0,0,0,0,0,0,0,0
7,141.611507775689,1733.55254623448,1.4424078414208,0.172817653843712,27,15,53.1434172667206,-2.79950430947294,3,76.3216252859065,17.7481368027243,36.4863498933338,18.6417884543811,10.6713186240593,285.943796581751,0.0002356482675528,275.664827141046,15.0926634505113,1997,0,1,0,0,0,0,0,0,0,0,0,0,1,0,0,0,0,0,0,0,0,0,0,0,0,0,0,0,1,0,0,0,0,0,0,0,0,0,0,0,0,0,0,0,0,0
8,140.537880348839,1226.66075648104,1.44116255216069,0.236351948738071,4,22,52.9412299236438,1.28188559862489,7,76.269443624056,17.7391162262188,36.4829240603305,18.6385384001561,13.838577202566,291.479941950004,0.0008482074399823,185.425174384951,7.78720299227284,1989,0,0,0,1,0,0,0,0,0,0,1,0,0,0,0,1,0,0,0,0,0,0,0,0,0,0,0,0,0,0,0,0,0,0,0,0,0,0,0,0,0,0,0,0,0,1
9,53.2151006627062,665.792384222612,1.33051589163442,0.167790625514624,4,0,52.3617545264422,-4.03467287219122,8,74.8957749275723,54.3977343232427,34.8989016087151,19.0439272357808,2.47399059014697,282.976745699634,0.0005813548176136,312.300910119797,5.55734058043181,2000,0,1,0,0,0,0,0,0,0,0,0,0,0,0,0,0,0,0,0,0,0,0,1,0,0,0,0,0,0,0,0,0,0,0,0,0,0,0,0,0,0,0,0,0,0,0
4,-34.6976077230415,1194.84994535166,1.44212040952801,0.16098651865404,24,3,54.6894215523204,-2.13810209824132,10,76.4923595175903,17.7651215981777,36.4972671991823,18.6407705841932,13.818710238959,286.788660910136,0.0007465795161508,151.989231589395,11.2343479674465,1984,1,0,0,0,0,0,0,0,0,1,0,0,1,0,0,0,0,0,0,0,0,0,0,0,0,0,0,0,0,0,0,0,0,0,0,0,1,0,0,0,0,0,0,0,0,0
2,254.515806478416,485.146801280229,1.44133093398066,0.158269144510057,24,7,52.9307127826675,-1.94223852366058,6,76.3917045679965,17.7626131764653,36.4827047430949,18.6365157797212,13.8076299962161,282.566133556763,0.0017988106727169,233.679657014658,3.27665495800294,1986,0,0,0,1,0,0,0,0,0,0,1,0,1,0,0,0,0,0,0,0,0,0,1,0,0,0,0,0,0,0,0,0,0,0,0,0,0,0,0,0,0,0,0,0,0,0
1,105.602149154001,537.638424935225,1.39778231300068,0.180064392486697,1,7,52.8694567851966,-0.243595158592357,5,69.9528827255332,17.7449514842026,70.7037551039047,18.6887862252118,24.4780353525757,279.831196974554,0.001539368361786,165.192392451704,3.83713018708124,1996,0,0,0,0,0,1,0,0,1,0,0,0,0,0,0,1,0,0,0,0,0,0,0,1,0,0,0,0,0,0,0,0,0,0,0,0,0,0,0,0,0,0,0,0,0,0
1,-48.941076452764,-50.844424804988,1.27079848249617,0.159340923774326,16,5,51.1248402548535,0.396223140815855,1,45.8756847689523,15.2518202325423,28.5923033825339,18.6489249522765,9.18922019099884,272.070964978465,-2.09624016425134e-05,174.954055584352,1.99866676859228,1997,1,0,0,0,0,0,0,0,0,0,0,0,1,0,0,0,0,0,0,0,0,0,0,0,0,0,0,0,0,0,0,0,0,0,0,0,1,0,0,0,0,0,0,0,0,0
8,72.5785299069148,424.610103726458,2.76286203722455,0.158365551230126,8,23,53.3946170052204,-2.11015275778194,5,86.6191642913114,17.7419704669992,36.4764596527975,18.6433333080199,32.2822471222393,278.156808099491,7.1295162603972e-05,274.852032874749,2.68248870831819,1989,0,0,0,0,0,0,0,0,0,0,1,0,0,0,0,1,0,0,0,0,0,0,0,1,0,0,0,0,0,0,0,0,0,0,0,0,0,0,0,0,0,0,0,0,0,0
2,44.7558592619216,335.70029181624,1.44142819671688,0.173730730301165,8,3,54.8067155325261,-1.68218950098158,2,76.3075245731452,17.7290534288865,36.46290782397,18.6413328140192,13.7971573577563,276.931488692147,-0.0005800330158256,248.463618372819,3.70427820048884,1981,0,0,0,1,0,0,0,0,1,0,0,0,0,0,0,1,0,0,0,0,0,1,0,0,0,0,0,0,0,0,0,0,0,0,0,0,0,0,0,0,0,0,0,0,0,0
0,156.431498615565,58.666281293038,1.44170899886091,0.225039941590147,20,18,51.679305479226,-0.161073120258418,4,76.3284521404206,17.7582544593371,36.4739716227289,18.6352098670227,13.8158295396319,284.628496093144,0.0014973426357555,112.901156691447,6.84624366004574,1981,0,0,1,0,0,0,0,0,0,0,1,0,1,0,0,0,0,0,0,0,0,0,0,0,0,0,0,0,0,1,0,0,0,0,0,0,0,0,0,0,0,0,0,0,0,0
8,132.051892992291,1758.88468069286,1.44289575256671,0.23360945188826,4,14,52.7136009984522,-1.75797116074509,7,76.3533870790379,17.7320962449849,36.4826151872002,18.6405434573407,13.8249633345744,292.956008669618,-0.0003746144419408,214.220516929371,5.04864499435832,1995,1,0,0,0,0,0,0,0,1,0,0,0,0,0,0,1,0,0,0,0,0,0,0,0,0,0,0,0,0,1,0,0,0,0,0,0,0,0,0,0,0,0,0,0,0,0
4,100.960491130983,621.962131504557,1.44246454932576,0.174104419295078,23,0,53.13013151491,-1.78687776597277,5,76.3066125699451,17.7857084215367,36.4729863641916,18.6413101221953,13.8181595596412,280.449302473404,0.0034260529876701,201.256026639675,5.36626903596829,1981,0,0,0,1,0,0,0,0,0,0,1,0,0,0,0,1,0,0,0,0,0,0,0,0,0,0,0,0,0,0,0,0,0,0,0,0,0,0,0,0,0,0,0,0,0,1
7,175.325995791649,963.007142814395,1.44143184090525,0.167824386017384,12,17,53.3838496754753,-2.52119129411897,2,76.3144949935014,17.7501235815563,36.460260684578,18.6413391534013,13.8151394369703,279.77398769654,-0.0004192820961592,180.774229604549,8.22818226346121,1981,0,0,0,1,0,0,0,0,0,1,0,0,0,0,0,1,0,0,0,0,0,0,0,1,0,0,0,0,0,0,0,0,0,0,0,0,0,0,0,0,0,0,0,0,0,0
6,142.019352261341,989.901296011936,1.4427821203746,0.127263606186624,17,10,52.4802914289329,1.09622019841227,7,76.3333922172777,17.7608193436898,36.4742465448549,18.6416597809445,13.8069618926546,289.146418793525,0.0001327822370366,242.425041654458,3.84785366325978,1987,0,1,0,0,0,0,0,0,0,0,1,0,1,0,0,0,0,0,0,0,0,0,1,0,0,0,0,0,0,0,0,0,0,0,0,0,0,0,0,0,0,0,0,0,0,0
1,115.118011876462,607.05637395873,1.44461945011505,0.246263563358898,20,4,51.9615802475275,-0.416863377680473,4,76.2887404920836,17.2501757086766,42.6620272998312,18.6379054598505,13.7970974455852,278.078497002742,-0.0002017819281154,215.53108597177,3.82205080762311,1993,0,0,0,1,0,0,0,0,0,0,1,0,0,0,0,1,0,0,0,0,0,0,0,0,0,0,0,0,0,0,0,1,0,0,0,0,0,0,0,0,0,0,0,0,0,0
0,163.802259360909,1312.92646554885,1.44199504475018,0.142464342420152,20,14,53.3477694030811,-1.05527890715809,8,-2548.50696891677,19.4395963938354,36.4841640220728,26.0081333596325,314306.005377996,289.964289080803,0.976043674602425,270.687775980194,10.0193740474069,1982,0,0,0,0,1,0,0,0,0,0,0,0,0,0,1,0,0,0,0,0,0,1,0,0,0,0,0,0,0,0,0,0,0,0,0,0,0,0,0,0,0,0,0,0,0,0
8,135.86255759289,387.484902928471,1.44278939753509,0.127553834339463,15,23,52.550886253637,-1.30155300858939,9,76.3300478762557,17.7505082880597,36.5008467817269,18.6449171923735,13.7974970661543,284.322411646326,-0.0017072653272917,93.8642398646314,3.28533439153905,1990,0,0,0,1,0,0,0,0,1,0,0,0,1,0,0,0,0,0,0,0,0,0,0,0,0,0,0,0,0,0,0,0,0,0,0,0,0,0,0,0,0,0,0,0,0,1
1,3.66560203517584,295.786265026573,1.4396722805176,0.0947132351687305,11,5,52.9703192692895,0.372185749967341,10,76.2995624954899,17.8150931720653,36.499993560849,18.6384110901354,13.7792458051257,281.818569651887,0.0001614105907189,210.290739276607,6.15061855435844,1985,1,0,0,0,0,0,0,0,1,0,0,0,0,0,0,1,0,0,0,0,0,0,0,0,0,0,0,0,0,0,0,0,0,0,0,0,0,0,0,0,0,0,0,0,1,0
6,265.30932701152,1025.13069165932,1.13154662187602,0.159022845655735,25,14,52.5032401898225,0.655453029462929,6,65.6522925045494,16.114064943034,34.5564877892871,18.6424308146483,4.85401273536574,284.763922951374,0.0010739262468191,259.282828327961,7.80864375090262,1990,0,0,0,0,0,0,0,1,1,0,0,0,0,0,0,1,0,0,0,0,0,0,0,0,0,0,0,0,0,0,0,0,0,0,0,0,0,1,0,0,0,0,0,0,0,0
1,196.023497588606,332.424642136536,1.4421685661879,0.180521810974929,5,5,52.3719021255086,-1.0409484270368,10,76.2988444488981,17.7323029548656,36.4955855332608,18.64144415688,13.825436223667,279.883599286396,0.0020197986842043,305.119876323615,4.50816300455977,1994,0,1,0,0,0,0,0,0,0,0,1,0,1,0,0,0,0,0,0,0,0,1,0,0,0,0,0,0,0,0,0,0,0,0,0,0,0,0,0,0,0,0,0,0,0,0
2,-55.3523248179875,122.922202012357,1.44217491812812,0.185649459836313,22,5,50.3721593469752,1.87903535771758,4,76.3403640756009,7.1919782838547,36.4873492687166,18.6422498578683,13.8166342924516,282.011229644192,9.63885514522678e-05,79.2587264163932,1.98938703580308,1988,1,0,0,0,0,0,0,0,0,0,0,0,0,0,0,0,0,0,0,0,0,0,0,0,0,0,0,0,0,0,0,0,0,0,0,0,0,0,0,0,0,0,0,0,0,1
7,104.529760582531,884.85515661313,1.04844425761224,0.171377473903355,12,10,51.1827900946382,-1.76293397801494,9,65.0846256743446,16.165213438996,40.2894632705546,18.5840878447857,13.0671131897316,291.308411371227,-0.0018609436034036,77.8261219178147,1.63983838342529,1990,0,0,0,0,0,1,0,0,0,0,0,0,0,1,0,0,0,0,0,0,0,0,0,1,0,0,0,0,0,0,0,0,0,0,0,0,0,0,0,0,0,0,0,0,0,0
5,15.5934739045834,1792.72918795028,1.44125326563539,0.239769093547471,6,15,52.6862175835451,-2.16620364461999,2,76.3245288410255,68.3407621760175,36.4702272018911,18.6395682312845,13.8304652024005,279.88914712398,-0.0002545772908493,152.707906506564,10.8937982464347,1996,0,0,0,1,0,0,0,0,0,0,0,0,0,0,0,0,0,0,0,0,0,0,0,0,0,0,0,0,0,1,0,0,0,0,0,0,0,0,0,0,0,0,0,0,0,0
4,172.186311559392,158.126267885059,1.43431247737981,0.135690590901474,15,1,54.1284397887775,-2.04191503237316,11,76.2742602897146,17.742702096477,36.4736645600091,18.6393331428517,13.823423327383,273.31769062608,-0.0002262762524613,226.007348894305,3.04441319138931,1992,1,0,0,0,0,0,0,0,0,1,0,0,0,0,0,1,0,0,0,0,0,0,0,0,1,0,0,0,0,0,0,0,0,0,0,0,0,0,0,0,0,0,0,0,0,0
1,-12.1951931842414,347.820632880998,0.641729892874577,0.267532588714641,18,4,53.5312754506698,-2.16992685514818,1,63.1541962768545,5.10617611413503,37.6416678297708,18.6400347308016,12.7241561913901,270.608184657212,6.87077133871999e-05,286.998418895714,2.83203764789026,1992,0,0,0,0,0,0,0,1,0,0,1,0,1,0,0,0,0,0,0,0,0,0,0,1,0,0,0,0,0,0,0,0,0,0,0,0,0,0,0,0,0,0,0,0,0,0
5,143.857937648517,985.868203659451,1.43973655306281,0.177854083972685,17,11,52.9016333255713,-1.11717945390737,11,76.3272666016148,17.7462633506004,36.4758256110141,18.6326512327207,13.7955924270552,282.071639270887,-0.0007907672995648,120.525880792158,7.40860475727263,1991,0,0,0,0,0,0,1,0,0,1,0,0,1,0,0,0,0,0,0,0,0,0,0,0,0,0,0,1,0,0,0,0,0,0,0,0,0,0,0,0,0,0,0,0,0,0
9,-68.7397711487268,717.487242710169,1.06045286815535,0.191596947159846,4,20,52.4210807265431,-1.00621111475046,9,60.6496871290675,20.0937755517177,34.9119963374555,18.6480375470182,6.32977846293922,283.349268592545,0.0001988353178926,242.553525986733,2.95040537047386,1994,1,0,0,0,0,0,0,0,0,0,0,0,1,0,0,0,0,0,0,0,0,0,0,1,0,0,0,0,0,0,0,0,0,0,0,0,0,0,0,0,0,0,0,0,0,0
5,192.45070884427,764.955354010789,1.44184516802988,0.248899773320034,5,9,53.7729539983785,-3.19887673467044,7,76.3224314837006,17.7386596842983,36.4851537497089,18.6376202921293,13.8040849490282,288.138355506369,0.0009286044237365,156.612358158878,3.27649535583482,1985,0,0,0,0,0,0,0,1,0,0,1,0,1,0,0,0,0,0,0,0,0,0,0,0,0,0,0,0,0,0,0,0,0,0,0,0,0,0,0,0,0,0,0,1,0,0
5,170.938654027581,1228.9453139301,0.650551441760664,0.184759194027844,3,16,52.4176089646623,-2.10944793696388,10,80.691780462877,27.1143828924624,41.4780424267271,18.6445233240266,31.6068532271206,292.526095122671,0.0010696967710647,200.024299626684,11.9893623789117,1995,0,1,0,0,0,0,0,0,0,0,1,0,1,0,0,0,0,0,0,0,0,0,0,1,0,0,0,0,0,0,0,0,0,0,0,0,0,0,0,0,0,0,0,0,0,0
1,73.326000009881,536.30408411227,1.44171246648394,0.140621031822417,28,4,52.7091544350316,-1.31000010400195,2,76.2800275152424,17.7500009284665,36.5040577272309,18.6378567321093,13.8110531842135,276.317796365175,4.80234980469098e-05,302.251772684499,5.44527636216799,1983,0,1,0,0,0,0,0,0,0,1,0,0,1,0,0,0,0,0,0,0,0,0,0,0,1,0,0,0,0,0,0,0,0,0,0,0,0,0,0,0,0,0,0,0,0,0
3,230.323795173752,933.535390725657,1.55839362899886,0.217735377476516,15,8,52.3321273355428,-1.77840075416506,6,70.0429664276517,21.6114332055964,36.9969915735768,18.6350548827283,10.337960167033,284.243493561023,0.0002898421172416,236.507924752042,6.08745844971131,1981,0,0,0,0,1,0,0,0,0,0,1,0,0,0,0,0,0,0,0,0,0,0,0,0,0,0,0,0,0,0,0,0,0,0,0,0,0,0,1,0,0,0,0,0,0,0
9,97.2738983252535,795.698501654111,1.35210174842419,0.101261206556336,6,23,53.905880616241,-1.09426589132563,11,76.3150988009727,17.7589267745594,35.8805047922303,18.6464755771173,13.8218541371733,281.367732104948,-0.0164523250022877,47.7817997603937,11.3503847806416,2000,0,0,0,0,0,0,0,1,0,0,1,0,1,0,0,0,0,0,0,0,0,0,0,0,0,0,0,0,0,0,0,0,0,0,0,1,0,0,0,0,0,0,0,0,0,0
3,70.5387645289015,441.727058272839,1.44212270569011,0.126302077124891,11,10,54.7881156112663,-0.576874658689088,11,76.383808209819,17.7410583280327,36.4674498635864,18.640735165354,13.7863066828246,280.34515886785,0.0019000639235522,161.262416567565,3.61099788335154,1984,1,0,0,0,0,0,0,0,0,0,0,0,1,0,0,0,0,0,0,0,0,0,1,0,0,0,0,0,0,0,0,0,0,0,0,0,0,0,0,0,0,0,0,0,0,0
6,30.4671826269126,938.144775906356,1.44259319152764,0.165252250115771,23,16,54.5685132004901,0.801274669361497,3,76.2991049018876,17.7361334301641,36.4778530410482,18.6395421247831,13.8105336778245,279.518763277409,-0.0001113537585348,161.208679293622,4.15774318591335,1984,0,1,0,0,0,0,0,0,0,1,0,0,1,0,0,0,0,0,0,0,0,0,0,0,0,0,0,0,0,0,0,0,0,0,0,1,0,0,0,0,0,0,0,0,0,0
9,95.244184435135,1261.41365329933,1.44253371568501,0.192531054042313,1,20,50.0531932997335,-2.09394280364599,4,76.3007224682622,17.7703359499444,36.4811998393592,18.6378571760272,13.8163249698864,284.143215273369,-0.0014521050446379,34.5652497049893,9.43820680639731,1983,0,1,0,0,0,0,0,0,1,0,0,0,1,0,0,0,0,0,0,0,0,1,0,0,0,0,0,0,0,0,0,0,0,0,0,0,0,0,0,0,0,0,0,0,0,0
2,189.269040157309,-91.3566656553254,1.44171237532303,0.188435981084354,12,5,53.7915778042803,-0.838149639740158,10,76.3767259131566,17.7611701671151,36.4576645050456,18.6395641926953,13.8518896521993,277.391837698354,-0.0025237641247373,252.377905198413,0.756988044548411,1987,0,0,1,0,0,0,0,0,1,0,0,0,0,0,0,1,0,0,0,0,0,0,0,0,0,0,0,0,0,0,0,0,0,0,0,0,0,0,0,0,0,0,0,0,0,1
7,132.264907090142,2232.66766690134,1.44302991827941,0.229158743977807,26,16,52.8295617852907,0.492041448061983,4,76.3002498302117,17.7711116845729,36.4815214892946,18.6383482656378,13.7895358158258,280.29939377084,-0.0006963427696657,122.632092540227,3.85706958275618,1983,0,0,0,1,0,0,0,0,1,0,0,0,0,0,0,1,0,0,0,0,0,1,0,0,0,0,0,0,0,0,0,0,0,0,0,0,0,0,0,0,0,0,0,0,0,0
5,57.5658370576785,396.08421158147,1.96039626922855,0.189486685386606,5,10,54.9086693297181,-1.63646005409363,11,74.9047839584545,17.744263794673,36.5706319367146,18.6324375980333,23.4708588721805,276.587480673873,-0.004473053323009,95.8299442317608,1.62155503847871,1993,1,0,0,0,0,0,0,0,0,0,1,0,0,0,0,1,0,0,0,0,0,0,0,1,0,0,0,0,0,0,0,0,0,0,0,0,0,0,0,0,0,0,0,0,0,0
8,100.788321931745,-18.532331542243,1.22253456620543,0.171526585884236,22,23,53.431090167828,-1.32593559761445,9,73.1394593054022,-23.7647177867132,47.9247717041965,18.6357131028227,-6.83190218108617,285.200770522501,-0.001000996481562,89.7371293707866,1.74996140435599,1997,0,0,0,1,0,0,0,0,1,0,0,0,1,0,0,0,0,0,0,0,0,0,0,1,0,0,0,0,0,0,0,0,0,0,0,0,0,0,0,0,0,0,0,0,0,0
1,73.6015061860827,933.62558392916,1.84178906254404,0.195485634769791,23,3,51.5989828762958,-2.04691600810379,8,89.9770506111414,18.2380678436709,36.4730491936871,18.6421080383338,21.8882475448408,286.167755353427,0.0008112574447989,226.4679390062,9.1126715238005,1991,0,0,0,0,1,0,0,0,0,0,1,0,1,0,0,0,0,0,0,0,0,0,0,1,0,0,0,0,0,0,0,0,0,0,0,0,0,0,0,0,0,0,0,0,0,0
6,-55.56423311428,854.860204752116,3.58178796535064,0.153149320962696,26,18,52.1612154527481,0.0272768903347298,4,78.0468184179367,17.7357859856196,36.4835555538694,18.6343284918341,38.8419987861162,281.296052741531,0.0017949739985352,250.629477095863,5.50871620817336,1990,0,0,0,0,1,0,0,0,1,0,0,0,0,0,0,1,0,0,0,0,0,0,0,1,0,0,0,0,0,0,0,0,0,0,0,0,0,0,0,0,0,0,0,0,0,0
8,63.3465430030915,1389.53565671022,1.44276741503481,0.253491870696178,25,14,54.2024489865861,-1.5281935269138,3,76.3598505132004,17.8040758967507,36.4491603093286,18.6371556405807,13.8111623229952,283.552404060857,-0.0011136993652907,218.798681102377,5.99763087947996,1985,0,0,0,1,0,0,0,0,1,0,0,0,0,0,0,1,0,0,0,0,0,0,0,0,0,0,0,0,0,0,0,0,0,0,0,0,0,0,0,1,0,0,0,0,0,0
5,137.866087915245,701.791984747328,1.44327402163645,0.19906422553491,9,15,52.3077806938888,-1.93687043930848,12,76.3260182520112,17.7347830796235,36.4765602517831,18.6416237953136,13.843027602723,284.64147930194,-0.0005782101404107,249.237623542264,6.493306583536,1984,0,1,0,0,0,0,0,0,0,0,1,0,0,0,0,1,0,0,0,0,0,1,0,0,0,0,0,0,0,0,0,0,0,0,0,0,0,0,0,0,0,0,0,0,0,0
4,-120.026667780487,810.378276411352,1.44289389204265,0.277487877656013,11,10,51.9335886409926,0.0545376873767411,11,76.3809672841295,17.7249335235392,36.4392370100361,18.6429554308659,13.7776164775052,281.613270059077,-0.0053213698674184,266.427286312718,5.78539264279424,1993,0,0,0,1,0,0,0,0,0,1,0,0,1,0,0,0,0,0,0,0,0,0,0,0,0,0,0,0,0,0,0,0,1,0,0,0,0,0,0,0,0,0,0,0,0,0
9,-12.2284642832799,1404.98566072577,1.44174850050094,0.17406018596857,13,19,55.0504942645859,-0.306797909823849,8,76.3584338817683,17.7466750927146,36.47148532622,18.6442484745606,13.812728828813,292.070206179252,-0.0063151497332711,131.220536628241,5.05739217668321,1986,0,0,0,0,0,0,0,0,0,1,0,0,1,0,0,0,0,0,0,0,0,0,0,0,0,0,0,0,1,0,0,0,0,0,0,0,0,0,0,0,0,0,0,0,0,0
0,17.6944221593989,448.911511672682,1.44116273314935,0.209693330606453,7,22,52.624629571523,-0.959754458288057,3,76.3427139891347,17.7599691209322,36.4783171744681,18.6407681356956,13.8236594236145,274.937232053391,0.0011119757065347,198.673997196752,3.85754151157324,1985,0,1,0,0,0,0,0,0,1,0,0,0,1,0,0,0,0,0,0,0,0,0,1,0,0,0,0,0,0,0,0,0,0,0,0,0,0,0,0,0,0,0,0,0,0,0
5,64.4051074219492,339.207716837216,1.44184941732948,0.188736776950227,10,12,53.6122349061674,-2.63670913716796,11,76.3475735668606,17.7538720759526,36.5016561711395,18.6390538485771,13.8002347789503,277.678592148995,-0.0019031686173258,221.637025365752,-1.07398224703999,1984,0,0,0,1,0,0,0,0,0,0,0,0,1,0,0,0,0,0,0,0,0,0,0,0,0,0,0,0,0,0,0,0,0,0,0,0,0,0,0,0,0,0,0,0,0,1
3,71.0230590037783,-12.6509914022439,1.44207408040581,0.198865818548707,22,3,51.461630134214,0.373837615436114,2,76.314073234701,17.7683526921976,36.4909927262301,18.6452782494562,13.8056439552371,273.897486457098,-1.20522568724225e-05,58.1249207343977,3.18719545840365,1982,0,0,0,0,0,0,0,0,0,1,0,0,0,0,0,1,0,0,0,0,0,0,0,0,0,0,0,0,0,0,0,0,0,0,0,0,0,0,0,0,0,0,0,1,0,0
1,47.5078846382452,1000.94801131399,1.44186404561664,0.184720357110426,4,7,51.4916070731413,-1.37388425987639,9,76.2801730091753,17.7416335241472,36.4796910037177,19.3722455039242,13.821919466519,288.996883905974,-0.0007963855021559,174.430822316442,9.64649412497548,1984,0,1,0,0,0,0,0,0,0,1,0,0,0,0,0,0,0,0,0,0,0,0,0,0,0,0,0,0,0,1,0,0,0,0,0,0,0,0,0,0,0,0,0,0,0,0
6,-21.1841899021663,280.838380639927,0.400247745441868,0.132908371003201,29,2,51.1535609041622,-1.39327500738949,9,65.8248770123425,13.5260098250527,24.7530103835901,17.0246067303695,2.00317875339774,286.501123106243,3.67098409577104e-05,137.216078566376,2.89697345158186,1998,0,1,0,0,0,0,0,0,0,0,0,0,1,0,0,0,0,0,0,0,0,0,0,1,0,0,0,0,0,0,0,0,0,0,0,0,0,0,0,0,0,0,0,0,0,0
3,83.9033707889494,-1.18124166789954,1.44159264246018,0.231663791850504,4,3,52.0534521003487,-1.55942728360286,4,76.3423780392382,17.7565701187929,36.475779251423,18.6361619969597,13.8013060523728,273.146393989225,0.0008794820654539,203.292942642182,1.73579213288107,1986,1,0,0,0,0,0,0,0,0,0,0,0,1,0,0,0,0,0,0,0,0,0,0,1,0,0,0,0,0,0,0,0,0,0,0,0,0,0,0,0,0,0,0,0,0,0
6,-47.7668478240231,440.301514182078,1.44124542436977,0.167349593977418,10,1,52.4099349016215,-0.494233623363353,7,76.290738348479,17.8073379282173,36.4573490171274,18.6444558909057,13.7859188185922,286.281222374534,0.0019678222160785,273.172876527978,5.54673388166748,1982,0,0,0,0,1,0,0,0,0,1,0,0,0,0,0,1,0,0,0,0,0,0,0,0,0,0,0,0,0,0,0,0,0,0,0,0,0,0,0,0,0,0,0,0,1,0
9,-64.2876780952943,2134.31397553072,1.44281500037333,0.320975600398786,3,15,53.908306292676,1.23284612933075,6,76.3770531425828,17.6993047914959,36.482834438016,18.6423045790894,13.8012014062471,294.013185784704,-0.0008661079844187,164.724784675821,1.16226673192297,1992,0,0,0,1,0,0,0,0,0,0,1,0,1,0,0,0,0,0,0,0,0,0,0,0,0,0,0,0,0,1,0,0,0,0,0,0,0,0,0,0,0,0,0,0,0,0
3,180.035587876872,88.3900418750979,1.56312399595342,0.24726691904144,20,9,50.4850845516981,-1.67677077542049,11,76.4047958618779,29.7131580066616,36.411515738833,18.6479373044956,13.8305947080565,281.196251955241,-0.0028669215512045,139.335870868421,2.7940984838395,1997,0,0,0,0,0,0,0,0,0,0,1,0,0,0,0,0,0,0,0,0,0,0,0,0,0,0,0,0,0,0,0,0,0,0,0,0,1,0,0,0,0,0,0,0,0,0
3,-109.319961993352,-619.762043358298,1.27350706282767,0.182099020000885,5,9,52.3832746355207,3.69669503088825,8,105.082240307853,-11.0781507500846,35.6293321836869,18.6442755243231,0.732704672667436,291.813622886878,0.0015863170240768,53.6927312832842,0.47206081761487,1989,0,0,0,0,0,0,0,1,1,0,0,0,0,0,0,0,0,0,0,0,0,0,0,1,0,0,0,0,0,0,0,0,0,0,0,0,0,0,0,0,0,0,0,0,0,0
2,111.653065719464,154.72430196639,1.44416131441482,0.192939281303191,24,5,50.7239470197851,-1.64845386556706,11,76.3092851938038,17.7446642683789,36.4895371025388,18.639865691044,13.8370146511224,282.297146320614,-6.19317132429027e-05,99.6350559269108,4.03613013354404,1990,0,0,0,0,0,0,0,0,0,0,0,0,1,0,0,0,0,0,0,0,0,0,0,0,0,0,0,0,0,0,0,1,0,0,0,0,0,0,0,0,0,0,0,0,0,0
6,25.4181001605564,989.304524004463,1.49329935363094,0.149079173967743,15,9,53.1818523665857,-2.77431556427073,7,81.7599304770713,23.150921173757,30.944558534819,18.6481152375417,8.82932618659156,289.963852554307,-0.0017252593713667,202.113016896792,2.40943315741666,1992,0,0,0,0,0,0,0,1,0,1,0,0,1,0,0,0,0,0,0,0,0,0,0,1,0,0,0,0,0,0,0,0,0,0,0,0,0,0,0,0,0,0,0,0,0,0
1,44.7924440067256,341.978085139198,1.44307629148863,0.188918492736765,27,6,53.6269762149997,2.49532494878419,3,76.3750161988319,17.7515936727099,36.4238092058816,18.6533222302872,13.8119158117189,273.439524179938,0.002782307388199,184.235706653038,6.72396316239336,1987,1,0,0,0,0,0,0,0,0,0,1,0,1,0,0,0,0,0,0,0,0,0,0,0,0,0,0,0,0,0,0,0,0,0,0,0,0,0,0,0,0,0,0,0,1,0
8,-25.294982955752,700.93008600567,1.29786135466536,0.189926578573107,13,1,54.0564224739958,-1.57404412066752,5,92.860836725019,17.7555812181265,34.4773625858188,18.6445238308227,15.7041488463883,281.632219291828,0.0019897380111603,282.311441401716,5.65530016919075,1995,0,1,0,0,0,0,0,0,0,0,1,0,1,0,0,0,0,0,0,0,0,0,0,0,0,0,0,0,0,0,0,0,0,0,1,0,0,0,0,0,0,0,0,0,0,0
6,26.1046525598513,1276.11927159245,0.942356812530019,0.123277999696615,4,10,52.9287952621795,-2.02488721215681,9,-161.828777584982,18.789156703295,85.6226273983904,18.6514971558413,18.8238691635003,286.716712617331,-0.0003657075644113,54.1213737993204,3.96493594793352,1991,1,0,0,0,0,0,0,0,0,1,0,0,0,0,0,1,0,0,0,0,0,0,0,0,0,1,0,0,0,0,0,0,0,0,0,0,0,0,0,0,0,0,0,0,0,0
0,38.1059697225252,238.193627659023,0.37941333534175,0.115386053279467,22,17,50.9386175163268,-0.992678428521505,2,68.533783175695,11.5218455643453,20.3950608907819,18.6464759037247,6.64803004969297,280.589055649571,0.0011325936678758,190.725535512466,4.67416930794791,2000,0,0,0,0,0,0,0,1,1,0,0,0,1,0,0,0,0,0,0,0,0,0,0,1,0,0,0,0,0,0,0,0,0,0,0,0,0,0,0,0,0,0,0,0,0,0
2,98.0295720343669,193.042426275672,1.29343142734554,0.180307332121317,23,6,52.9106547556367,-2.14458095412203,4,-48.5589473108273,17.7569536361383,34.5648577264132,18.6345725780526,13.8099346484279,278.478041358726,-0.0015472897770233,167.756799782008,2.66289519653153,2000,0,0,0,1,0,0,0,0,1,0,0,0,0,0,0,1,0,0,0,0,0,0,1,0,0,0,0,0,0,0,0,0,0,0,0,0,0,0,0,0,0,0,0,0,0,0
8,58.9737252092478,-42.4497973790477,1.4408352342027,0.193810321351041,30,23,53.084186986188,-1.31889043824772,5,76.3262045336356,17.743679739754,36.4639254946972,18.6479379728365,16.344254785549,279.426112705105,0.0023682370716049,142.331289651019,1.62343744892156,1997,0,0,0,0,0,0,0,0,0,0,1,0,0,0,0,0,0,0,0,0,0,0,0,0,0,0,0,0,1,0,0,0,0,0,0,0,0,0,0,0,0,0,0,0,0,0
4,93.0020932919345,-363.556627963348,1.44249108125249,0.193815133645013,29,1,53.1610697759669,-0.413890019703449,11,76.3151281336118,17.753026394742,36.4828695852464,18.6430968113639,13.8086235842095,274.330742252882,0.0003233805166414,165.663623261342,-1.0720823202647,1988,0,0,0,0,1,0,0,0,0,0,0,0,1,0,0,0,0,0,0,0,0,0,0,0,0,0,1,0,0,0,0,0,0,0,0,0,0,0,0,0,0,0,0,0,0,0
8,147.666135004812,339.151918593715,0.92512252494294,0.176032620441512,2,2,52.9923690884763,-1.16323486154757,7,84.127727087019,25.2285033284895,29.7862371688056,18.79740469897,25.6538616623872,288.19378940073,0.0004555660267088,145.273999191046,3.96032535007835,1989,0,1,0,0,0,0,0,0,0,0,1,0,0,0,0,0,0,0,0,0,0,0,0,0,0,0,0,0,0,0,0,0,0,0,0,0,0,0,0,1,0,0,0,0,0,0
7,210.354743493273,333.697243837027,0.885252826769888,0.207028605149238,21,2,50.9907265202018,-0.697890175639892,6,26.7565756521193,33.1690625738179,35.3226454246382,18.6404755168338,11.2105259853094,283.884021672145,0.0006554624264171,339.11904613709,3.26471593674323,1993,0,0,0,0,0,0,1,0,0,0,0,0,1,0,0,0,0,0,0,0,0,0,0,0,0,0,0,0,0,0,0,0,0,0,0,0,0,0,0,0,0,1,0,0,0,0
6,50.4891194880014,330.036356637276,1.28136367449036,0.102732308184004,20,19,53.4462758947259,-0.389796204151407,8,68.2615927105601,6.85108463564396,33.5821526859061,18.6417745093721,10.328046796809,293.36630818035,0.0020727738838348,243.848525992542,11.564885853674,1998,0,0,1,0,0,0,0,0,1,0,0,0,1,0,0,0,0,0,0,0,0,0,0,0,0,0,0,0,0,0,0,0,0,0,0,0,0,0,0,1,0,0,0,0,0,0
8,231.436817044456,809.016419618788,1.51217109976792,0.189531874304422,17,1,51.2276886329832,-0.0142957278888705,9,79.3928906801077,20.0732098833547,34.9303359976417,18.6436940770676,8.8140573653747,288.211556158598,-0.0027050377104037,-3.55293788924367,5.8570137104831,1995,0,0,0,0,0,0,0,0,0,0,1,0,0,0,0,1,0,0,0,0,0,0,0,0,0,0,0,0,0,0,0,0,0,0,0,0,0,0,0,0,0,0,0,0,0,0
4,116.15599108374,386.627008396227,0.759634355964717,0.138264189869484,5,2,52.6964097429591,-0.57413417881819,7,63.1744656905586,9.59629748385227,15.0468278812466,17.2807869786177,28.0541441891288,285.513209213969,0.0016337593985961,143.412057509175,2.75370636565962,2000,0,0,0,0,1,0,0,0,0,1,0,0,0,0,0,1,0,0,0,0,0,0,0,0,1,0,0,0,0,0,0,0,0,0,0,0,0,0,0,0,0,0,0,0,0,0
8,-5.56635043173992,1389.03446461006,1.44039956565156,0.118523231634533,14,16,51.4476098506264,-1.12502164912756,8,76.3903330816054,17.7526358707799,36.4825070608567,18.641341428978,20.6980778726734,298.157788968417,9.9499285744206e-05,302.928298184423,3.19730019490512,1995,0,0,0,0,0,0,0,0,0,1,0,0,1,0,0,0,0,0,0,0,0,0,0,0,0,0,0,0,1,0,0,0,0,0,0,0,0,0,0,0,0,0,0,0,0,0
0,138.126868055113,519.910760563096,1.44008622085123,0.165497926033679,17,19,50.068910690408,-0.67112527836644,3,76.3758394092476,17.7326837414605,36.4905717493413,18.6401718673376,13.8318966946345,278.379223556964,0.0010940529724094,249.149653912367,3.68029672117895,1983,1,0,0,0,0,0,0,0,0,0,0,0,1,0,0,0,0,0,0,1,0,0,0,0,0,0,0,0,0,0,0,0,0,0,0,0,0,0,0,0,0,0,0,0,0,0
5,47.6786570760299,216.015684488997,0.98995714633612,0.146923139448646,30,23,52.7179470292042,-0.412343205270107,5,71.6480408237333,12.598284034007,30.9217116635584,18.6409923861321,13.0967677980145,283.048168784702,8.66515625938343e-05,171.314997429124,3.33330388054126,1996,0,1,0,0,0,0,0,0,1,0,0,0,1,0,0,0,0,0,0,0,0,0,1,0,0,0,0,0,0,0,0,0,0,0,0,0,0,0,0,0,0,0,0,0,0,0
2,-70.452203056926,510.277825308475,1.44186393766149,0.196383956707775,5,16,52.2958847990017,-1.10114894278193,11,76.2727567238419,17.7415077787031,36.4796911688817,18.6382949094368,13.8219201732203,282.799346966433,0.0016802513111132,124.594801350491,5.39571018376065,1984,0,0,0,1,0,0,0,0,0,0,0,0,0,0,0,0,0,0,0,0,0,0,0,0,0,0,0,0,0,1,0,0,0,0,0,0,0,0,0,0,0,0,0,0,0,0
2,31.3025305957711,-70.1763759733047,1.43715750364644,0.155964713839904,5,6,52.5046966535406,0.592198002955649,8,76.3339036268144,17.7383712667732,36.4914673408065,18.6420667914378,13.7955833309509,284.251339826182,-3.3031081658917e-05,204.702828608943,1.05403936731989,1986,0,1,0,0,0,0,0,0,0,1,0,0,1,0,0,0,0,0,0,0,0,0,0,0,0,0,0,0,0,0,0,0,1,0,0,0,0,0,0,0,0,0,0,0,0,0
1,286.511453816884,-387.556913657569,1.48087549309225,0.165203601225518,5,9,52.8855044183569,1.25924098290047,7,77.6205763421397,17.7498442048174,36.6290536032482,18.6345966695856,21.6104697775877,290.981579248865,0.0025186352406842,159.139169597662,4.36708519209831,1995,0,0,1,0,0,0,0,0,0,1,0,0,0,0,0,1,0,0,0,0,0,0,0,1,0,0,0,0,0,0,0,0,0,0,0,0,0,0,0,0,0,0,0,0,0,0
2,218.900406805524,57.6631766822475,1.31880718448196,0.164516203161376,6,6,53.4667240730414,-0.360289130370399,8,76.3278268935242,17.7580498349465,36.1174032169839,18.6468729108351,13.7828745646245,284.925212991392,-0.0015660427115982,184.138042942888,2.29706080674775,1999,0,0,0,0,0,0,1,0,1,0,0,0,0,0,0,1,0,0,0,0,0,0,0,0,0,0,0,1,0,0,0,0,0,0,0,0,0,0,0,0,0,0,0,0,0,0
3,102.904719174353,753.663245382669,1.44151515273386,0.246740504852508,17,9,52.9417381405337,-1.54039854512923,4,76.2932766140399,17.7361480518897,36.4758053521258,18.6437983664291,13.8168386183206,280.818505919037,0.0002644838402998,42.4805986044788,4.9618467346783,1982,0,1,0,0,0,0,0,0,1,0,0,0,0,0,0,1,0,0,0,0,0,0,0,0,1,0,0,0,0,0,0,0,0,0,0,0,0,0,0,0,0,0,0,0,0,0
9,129.414924751526,109.168338694573,1.44175801101614,0.141673218502172,18,0,53.6367842484978,-1.39297683613748,7,71.1713979794761,21.2579214217302,36.4821663048829,18.6398614641534,12.9229637097111,285.313483246546,0.0013756978804106,166.869574238541,2.4874920686495,1990,0,0,0,0,0,0,0,0,0,0,1,0,1,0,0,0,0,0,0,0,0,0,0,1,0,0,0,0,0,0,0,0,0,0,0,0,0,0,0,0,0,0,0,0,0,0
9,46.5926601403147,127.57328854642,1.44015050271588,0.151423069381194,7,0,51.9237830743328,-1.65681641868661,8,76.334659603304,17.746222263976,36.4857986179081,18.6449599759346,13.8302910332456,287.61539348849,-0.0029634733595454,257.447283194907,2.11301245699661,1998,0,0,1,0,0,0,0,0,0,1,0,0,0,0,0,1,0,0,0,0,0,0,0,0,0,0,0,0,1,0,0,0,0,0,0,0,0,0,0,0,0,0,0,0,0,0
2,161.316412305219,263.046931398765,1.4416413452724,0.174848361333085,25,3,51.6075045705829,-2.80536549980823,12,73.5291043565831,17.7563824678338,36.474830741697,18.6447968490904,13.8085613647329,275.299153528423,0.0004853300869489,293.949582966995,3.57360695448344,1986,0,0,0,0,0,0,1,0,0,0,0,0,0,0,0,1,0,0,0,0,0,0,0,1,0,0,0,0,0,0,0,0,0,0,0,0,0,0,0,0,0,0,0,0,0,0
3,79.563171934559,1156.02941689418,1.829899442675,0.186783435952229,3,8,52.4773265128223,0.160821224479461,10,82.2896936933964,20.7680301378109,36.4821648691918,18.6445090733187,21.9055615771085,285.621011599905,-0.0063399241524942,147.006644214739,9.18600606336918,1990,0,1,0,0,0,0,0,0,1,0,0,0,1,0,0,0,0,0,0,0,0,0,0,1,0,0,0,0,0,0,0,0,0,0,0,0,0,0,0,0,0,0,0,0,0,0
8,70.0424661863573,488.304555596773,1.44002481018735,0.17684991007098,11,1,52.8460294007803,-0.951308021700289,6,76.3012297524966,17.6969764162391,36.4455864949897,18.6495486034479,13.81277139207,289.485960386696,0.0001866180436686,53.2302233030939,5.84795695320465,1992,0,1,0,0,0,0,0,0,0,0,0,0,1,0,0,0,0,0,0,0,1,0,0,0,0,0,0,0,0,0,0,0,0,0,0,0,0,0,0,0,0,0,0,0,0,0
5,20.6860964756362,394.672362902976,1.29633260827102,0.194545162237194,12,2,53.2735695842564,-2.49642343912387,4,94.8970894264321,15.5536594047498,38.7418819826412,18.6444674182159,17.5298251670297,277.19265446545,0.0025406268103933,188.351861608255,3.19887230932917,1986,0,0,0,0,0,0,0,1,1,0,0,0,0,0,0,0,0,0,0,0,0,0,0,0,0,0,0,0,0,0,0,0,0,1,0,0,0,0,0,0,0,0,0,0,0,0
3,208.912964248196,623.26107718924,1.44171253968937,0.243520877548527,6,3,53.1632525523511,0.833130156124206,9,76.2787463108018,17.7499937428342,36.5040575604493,18.6441163241192,13.8110533644736,285.198232580838,0.0026394157667186,274.196482439575,6.23865641456396,1983,0,0,0,0,1,0,0,0,0,0,1,0,1,0,0,0,0,0,0,0,0,0,0,0,1,0,0,0,0,0,0,0,0,0,0,0,0,0,0,0,0,0,0,0,0,0
3,115.310457228871,654.713172380835,0.945906480851913,0.187138327696974,14,8,51.0150840003545,0.235821002188094,6,39.1027176094765,10.237447702428,32.0698201987361,18.6405080139377,11.7816711201815,283.672902583743,-0.0007442598809093,66.3937385529397,2.47210102768244,1996,0,0,0,0,1,0,0,0,0,0,1,0,0,0,0,0,0,0,0,0,0,0,0,0,0,0,0,0,0,0,0,0,0,0,0,0,0,0,0,0,0,0,0,1,0,0
9,68.1295711628704,367.076662359118,1.44213931753934,0.148059961833151,17,21,52.3951856995257,-1.15979433968894,9,76.3195963609578,17.7396804821892,36.4621521215531,18.6406570171362,13.8322008788252,285.723566222353,0.0008833168615387,16.1841533486914,2.56550715632845,1993,0,1,0,0,0,0,0,0,0,0,0,0,1,0,0,0,0,0,0,0,0,0,0,0,0,0,0,0,0,0,0,0,0,0,0,1,0,0,0,0,0,0,0,0,0,0
9,55.1871361840845,113.056243838067,-0.0145586782385554,0.137787148866477,13,0,51.1261412613863,-3.17532524919595,6,21.4351382821823,18.529102282404,29.8522324611211,18.6409930827184,18.824150680479,290.338249043077,0.0003136912051892,50.9788631934113,2.82608310481371,1996,0,1,0,0,0,0,0,0,0,1,0,0,1,0,0,0,0,0,0,0,0,0,0,1,0,0,0,0,0,0,0,0,0,0,0,0,0,0,0,0,0,0,0,0,0,0
1,57.6036054445106,-316.66355930914,1.4418697772271,0.155952320047055,14,4,53.1275689046464,-4.12699330196678,4,70.5348971122459,17.7402015463746,36.4752320953102,18.6380730235702,13.8135543619544,278.459553073067,5.89574437001434e-05,200.730000779618,-0.626354726311636,1987,0,0,0,0,0,0,1,0,1,0,0,0,1,0,0,0,0,0,0,0,0,0,0,1,0,0,0,0,0,0,0,0,0,0,0,0,0,0,0,0,0,0,0,0,0,0
0,-58.066314199599,1549.67437410041,1.44159259403503,0.187576203048419,30,8,51.1952031457547,-2.09560025054772,12,76.3327963247052,17.7569888015627,36.4757785336944,18.6442470079723,13.8013066222859,277.994177578097,0.0253596430241645,251.723657541589,15.326092019658,1986,0,0,0,0,0,0,0,0,0,0,0,0,1,0,0,0,0,0,0,0,0,0,0,1,0,0,0,0,0,0,0,0,0,0,0,0,0,0,0,0,0,0,0,0,0,0
5,-30.2097838332293,846.094040568594,1.44166115844322,0.179601887632312,22,2,51.0392238655797,-2.07252461355551,12,72.5128541889176,17.7506004987961,36.4770255351489,18.6354647945982,13.8056045484149,279.123829396586,-0.0024569042523686,236.827435721192,7.31383789155958,1988,0,1,0,0,0,0,0,0,0,1,0,0,1,0,0,0,0,0,0,0,0,0,0,1,0,0,0,0,0,0,0,0,0,0,0,0,0,0,0,0,0,0,0,0,0,0
1,150.207592614632,242.549776283728,1.44281484952287,0.188583515794667,16,9,52.0959670394209,-2.74490514927883,3,76.3847548171949,17.7395470031499,36.4952894949746,18.6422440941369,13.8208311046973,281.285011509556,0.0001471560683027,195.52631316419,2.84149376066498,1990,0,0,0,0,0,0,1,0,0,0,0,0,0,0,0,1,0,0,0,0,0,0,0,0,0,0,0,0,0,0,0,0,0,0,0,0,0,0,0,0,0,0,0,0,0,1
0,170.862102498564,1458.90926943724,1.44169299055319,0.166339398879609,12,10,53.0066973555723,-2.29279330439756,1,76.2886596059035,17.7455153526414,36.5103342256283,18.6380051281445,13.818244354775,276.431708976256,0.0028715641363014,47.4539866047049,13.8269078837691,1987,0,0,0,0,0,0,1,0,0,1,0,0,1,0,0,0,0,0,0,0,0,0,0,0,0,0,0,0,0,0,0,0,0,0,1,0,0,0,0,0,0,0,0,0,0,0
1,108.011567844305,-304.43252656447,1.48960210886814,0.22824504745355,14,9,53.6828217108246,-2.95789874789431,1,76.408311761034,17.7290416976736,36.4704573771057,18.6317333479927,13.8193505085875,268.805192070002,-0.0019187852265024,92.2213603477635,0.940167077321911,1991,0,0,0,1,0,0,0,0,0,0,0,1,0,0,0,0,0,0,0,0,0,0,0,1,0,0,0,0,0,0,0,0,0,0,0,0,0,0,0,0,0,0,0,0,0,0
0,131.344039992014,1572.93484800224,1.63023739382837,0.193902317205511,4,18,51.6122335845362,-0.288798555954807,6,-1012.96285240727,18.1213612960546,35.2573402174006,18.6405519019168,22.6770629879023,293.508156219754,0.0018987589306386,193.913048293883,8.01411359347902,1989,0,0,0,1,0,0,0,0,1,0,0,0,0,0,0,1,0,0,0,0,0,0,0,0,0,1,0,0,0,0,0,0,0,0,0,0,0,0,0,0,0,0,0,0,0,0
7,81.2707111645483,887.66821783038,1.44154027213483,0.126908849362072,27,11,54.2070928088472,0.685538008906529,7,76.366368744386,17.7223445517883,36.495668352181,18.6326460059134,13.7848725069977,292.480464663304,0.0018144001861894,221.031563996663,2.4965690586011,1991,0,0,0,0,0,0,1,0,0,1,0,0,1,0,0,0,0,0,0,0,0,0,0,0,0,0,0,0,0,0,0,0,0,0,0,0,0,0,0,0,0,0,0,0,0,0
2,213.90607254304,201.817548943378,1.44136619263747,0.151584903035441,22,5,53.1854585900936,-1.15147030207243,7,76.2650556302068,17.766275482108,36.4940814059947,18.6450212261962,13.8195748468988,284.75796313965,-0.0002785245692937,148.818356696662,1.88831396289432,1989,1,0,0,0,0,0,0,0,1,0,0,0,1,0,0,0,0,0,0,0,0,1,0,0,0,0,0,0,0,0,0,0,0,0,0,0,0,0,0,0,0,0,0,0,0,0
3,-33.4307837072202,1344.31355056813,1.44150501834313,0.0817080109610846,29,1,52.2111091809413,-1.00421167111145,12,76.3490484593152,17.7083543421102,36.4385717295612,18.7130759056907,13.8223509545943,287.18320842388,0.0007361991431212,317.732494077334,11.7089246660116,2000,0,0,1,0,0,0,0,0,0,0,1,0,0,0,0,0,0,1,0,0,0,0,0,0,0,0,0,0,0,0,0,0,0,0,0,0,0,0,0,0,0,0,0,0,0,0
1,-33.5402670651705,860.491675141722,2.98803391472808,0.259501964844565,3,5,52.3097014900659,-1.16268306662727,1,84.5597588495729,17.7351678417246,36.5791561044551,18.6429837202756,35.4093239029007,279.672392303606,-0.0005636599984273,249.427208727109,7.94577469775686,1992,0,0,0,1,0,0,0,0,0,0,1,0,0,0,0,1,0,0,0,0,0,0,0,1,0,0,0,0,0,0,0,0,0,0,0,0,0,0,0,0,0,0,0,0,0,0
5,242.186560076503,737.439350222095,1.441635242044,0.260687545485969,1,18,52.210892910476,-2.91161552902011,9,76.3441575461832,17.7480725024753,36.4768821031884,18.6375806755795,13.8094484969492,290.416633670734,1.82268087663058e-05,280.131147540685,4.16687739022236,1982,0,0,0,1,0,0,0,0,0,0,1,0,1,0,0,0,0,0,0,0,0,0,0,0,1,0,0,0,0,0,0,0,0,0,0,0,0,0,0,0,0,0,0,0,0,0
7,190.986662418591,1312.30246413394,-0.0500726342649961,0.194519023589986,17,15,51.868293064258,-0.631635950242814,8,68.7322934306407,24.2773494841121,36.0426940098449,18.6360902768113,13.3759839148073,289.824444570906,0.0009864248729303,244.530301404698,2.01225488901868,1996,0,0,0,0,0,0,1,0,0,0,0,0,1,0,0,0,0,0,0,0,0,0,0,0,1,0,0,0,0,0,0,0,0,0,0,0,0,0,0,0,0,0,0,0,0,0
7,108.086856836181,125.169018891842,1.44213926332878,0.236998742379081,22,23,54.0280880234666,0.779348481838985,4,76.2995111542835,17.7397633078603,36.4621534293966,18.6373079613511,13.8322017993727,279.672276666116,0.0014661866096793,198.482069972419,3.30406391790476,1993,0,0,0,0,0,0,0,0,0,0,0,0,1,0,0,0,0,0,0,0,0,0,0,0,0,0,0,0,0,0,0,0,0,0,0,1,0,0,0,0,0,0,0,0,0,0
5,-22.406799162682,1464.93421252664,0.453866692391741,0.218604018446857,5,16,51.8246853632847,-3.09313372034645,2,34.2792367286465,62.8369304562526,32.6463883279101,18.6378811256481,19.2738744530127,279.615961813799,0.0001513551779856,293.243558712526,10.0747986963735,1999,1,0,0,0,0,0,0,0,0,0,0,0,1,0,0,0,0,0,0,0,0,0,0,0,0,0,0,0,0,0,0,0,0,0,1,0,0,0,0,0,0,0,0,0,0,0
7,53.572287686198,1454.23375801754,1.44176798402394,0.175026711422355,28,13,53.6038366419681,-1.39919271474843,7,76.2685929846361,17.7444372283942,36.4630161264953,18.6449126929487,13.8189197130299,287.757246065993,0.0005089324846872,253.597099218423,7.43986394087305,1993,0,0,0,0,0,1,0,0,0,0,0,0,0,0,0,1,0,0,0,0,0,0,0,0,0,0,0,0,0,0,0,0,0,0,0,1,0,0,0,0,0,0,0,0,0,0
2,28.253959765408,986.33018714772,0.720303265670206,0.198220832154342,18,0,53.8266137203083,-0.054880706431093,11,41.2637430755178,33.0534707152967,30.5915960676673,18.645817669501,12.7803586691704,277.580855463995,0.0022067484451304,336.855039428367,10.0340971045979,1999,0,0,0,1,0,0,0,0,0,1,0,0,1,0,0,0,0,0,0,1,0,0,0,0,0,0,0,0,0,0,0,0,0,0,0,0,0,0,0,0,0,0,0,0,0,0
4,53.0560328720095,423.364897430581,1.44026934853016,0.254308542010284,24,19,52.2639112535614,-2.80565702996429,2,76.2630372106956,17.7401062484369,36.4482473930173,18.6419609375974,13.8195966755715,272.615796128993,1.78483508060238e-05,95.8055252228258,3.80036111024716,1987,0,1,0,0,0,0,0,0,0,0,0,0,0,0,0,1,0,0,1,0,0,0,0,0,0,0,0,0,0,0,0,0,0,0,0,0,0,0,0,0,0,0,0,0,0,0
9,-19.3209786415504,1764.10577210631,1.35986754010445,0.167110678400701,18,18,52.2157716225667,0.423835469155462,8,76.4095450974891,17.7542210958763,38.6925414726006,18.6506768109248,13.8092595125437,293.455470808432,-0.0007313542547256,165.821037775943,4.44467362518307,1996,0,0,0,0,0,1,0,0,0,1,0,0,0,0,0,1,0,0,0,0,0,0,0,0,0,0,0,0,0,0,0,0,0,0,0,0,0,0,0,0,0,1,0,0,0,0
2,19.7482848247228,-174.642528074757,1.04001560428187,0.183251176999452,8,6,54.2220498123455,-0.0770796170278796,11,75.5476848796829,-0.631138246418229,28.2593428107688,18.6459027724947,11.5327482773016,278.88223499487,0.0009401149635377,142.903129543222,2.15719586915813,1994,0,0,0,0,0,0,0,1,0,0,0,0,1,0,0,0,0,0,0,0,0,0,0,0,0,0,0,0,0,0,0,0,0,0,0,0,0,0,0,0,0,0,0,1,0,0
9,76.8724789941921,481.887623979668,1.1355491180609,0.162799235197151,17,8,50.495012969238,-0.0157659873562039,10,5026.47750050378,5.48036930980381,36.4841658140783,9.58775454809067,267469.184948187,276.48979334636,-4.33229036957408,274.003717725568,4.47873025244641,1992,0,0,0,0,1,0,0,0,0,0,0,0,0,0,1,0,0,0,0,0,0,1,0,0,0,0,0,0,0,0,0,0,0,0,0,0,0,0,0,0,0,0,0,0,0,0
6,11.8598300333259,1004.82044946251,1.44110310736913,0.186429680433073,12,10,52.9888058754941,0.211152312790314,7,76.3548160714113,17.7538902968947,36.4266424792379,18.6378065126375,13.7983418362784,294.099407289239,-0.000950489723921,28.7634781457714,3.37973178830881,1983,0,0,0,1,0,0,0,0,0,0,0,0,1,0,0,0,1,0,0,0,0,0,0,0,0,0,0,0,0,0,0,0,0,0,0,0,0,0,0,0,0,0,0,0,0,0
1,52.0094314640955,633.595160930696,1.4408186788059,0.161420142668936,30,5,51.5824073691941,-1.17167901851669,10,76.2951737233197,17.7476398965276,36.4832285226331,18.6405906407173,13.8088890797061,285.725559677546,-0.0001589624362796,261.35843751261,6.82559487023027,1996,1,0,0,0,0,0,0,0,0,1,0,0,0,0,0,1,0,0,0,0,0,1,0,0,0,0,0,0,0,0,0,0,0,0,0,0,0,0,0,0,0,0,0,0,0,0
7,-149.540535162134,356.037301839039,0.344421252159681,0.196810243840204,15,19,50.3531136794733,-1.21896794003022,10,12.0626652357456,44.003504884492,10.5652478710714,18.6393584926591,3.56271006192129,283.063929287464,-0.0004026318985256,86.7221825989501,4.74052175919346,1999,0,0,0,0,0,1,0,0,0,0,0,0,1,0,0,0,0,0,0,0,0,0,0,0,0,0,0,0,0,0,0,0,0,0,0,0,1,0,0,0,0,0,0,0,0,0
7,26.2615106712195,343.38607817556,-0.123189600388317,0.22772954999038,16,0,53.787122898624,0.19781856968273,9,43.4018255397973,2.04657686901677,44.8395740455972,18.7164493577402,14.8067541991482,285.427137121172,0.0009189612825827,68.9584444116744,3.66005846353781,1995,0,0,0,1,0,0,0,0,1,0,0,1,0,0,0,0,0,0,0,0,0,0,0,1,0,0,0,0,0,0,0,0,0,0,0,0,0,0,0,0,0,0,0,0,0,0
8,73.5844510048596,144.683456929471,1.37818529262562,0.186261038181641,29,2,53.2927041057235,-1.24767971552553,6,76.3239294880958,17.7526129543732,36.4679207553756,18.6452928936712,13.7735739391517,283.495456413761,0.0010496607748619,155.652702192744,2.20876468171034,2000,0,0,0,0,0,0,1,0,0,1,0,0,1,0,0,0,0,0,1,0,0,0,0,0,0,0,0,0,0,0,0,0,0,0,0,0,0,0,0,0,0,0,0,0,0,0
8,47.1802717207037,1427.681399575,1.50863685121375,0.270962811891071,17,14,52.9360822424779,-1.37102440782185,3,76.3048692453382,67.8972122795748,36.3832625965518,18.6427037127039,13.7933161167914,282.709690836855,-0.0007321232925827,286.147052227972,2.61203783938531,1999,0,0,0,0,0,1,0,0,0,0,1,0,0,0,0,0,0,0,0,0,0,0,0,0,0,0,0,0,0,0,0,0,0,0,0,0,1,0,0,0,0,0,0,0,0,0
