target,Altitude,blh,co,CVD60,Day,Hour,Latitude,Longitude,Month,o3,pm10,pm2.5,so2,ssr,t2m,tp,wd,ws,Year,Region_East of England,Region_Greater London Authority,Region_North East,Region_North West,Region_South East,Region_South West,Region_West Midlands,Region_Yorkshire and The Humber,Season_Spring,Season_Summer,Season_Winter,Type_Background Suburban,Type_Background Urban,Type_Industrial Suburban,Type_Industrial Urban,Type_Traffic Urban,Zone_Blackpool Urban Area,Zone_Bournemouth Urban Area,Zone_Brighton/Worthing/Littlehampton,Zone_Bristol Urban Area,Zone_Coventry/Bedworth,Zone_East Midlands,Zone_Eastern,Zone_Greater London Urban Area,Zone_Greater Manchester Urban Area,Zone_Kingston upon Hull,Zone_Leicester Urban Area,Zone_Liverpool Urban Area,Zone_North East,Zone_North West & Merseyside,Zone_Nottingham Urban Area,Zone_Portsmouth Urban Area,Zone_Reading/Wokingham Urban Area,Zone_Sheffield Urban Area,Zone_South East,Zone_South West,Zone_Southampton Urban Area,Zone_Teesside Urban Area,Zone_The Potteries,Zone_Tyneside,Zone_West Midlands,Zone_West Midlands Urban Area,Zone_West Yorkshire Urban Area,Zone_Yorkshire & Humberside
1,151.142951868388,279.164209146316,1.20483901511468,0.152824089895588,4,5,52.4500514070487,-2.01822489203462,4,23.6714638971365,11.1688710211415,18.6378809049525,8.95849010086349,89853.492356468,273.843476221828,-0.000331669911731,219.617264843058,1.25556116073279,1999,1,0,0,0,0,0,0,0,1,0,0,0,1,0,0,0,0,0,0,0,0,0,0,1,0,0,0,0,0,0,0,0,0,0,0,0,0,0,0,0,0,0,0,0
1,190.287469308866,99.5886171953964,0.760687553896638,0.167177308944956,15,19,50.4873316248695,-1.9550804938349,1,17.7496984625253,36.4689475500713,18.6439156632912,13.8168976063914,2570258.56467035,280.522777484957,-0.0006210441570947,241.480701365631,3.10912440344627,1992,0,0,0,0,1,0,0,0,1,0,0,0,1,0,0,0,0,0,0,0,0,0,0,0,1,0,0,0,0,0,0,0,0,0,0,0,0,0,0,0,0,0,0,0
9,-11.1044292975488,458.597426259292,1.62733744543569,0.193893115052044,24,19,52.9811759179396,0.798494097965816,10,14.8095094450865,36.473050002246,18.6410243089696,7.31014535243965,7402982.77950119,285.255670598553,-0.0013933882793602,271.20811661695,5.02314404953307,1991,0,0,0,0,0,1,0,0,0,0,0,0,1,0,0,0,0,0,0,0,0,0,0,1,0,0,0,0,0,0,0,0,0,0,0,0,0,0,0,0,0,0,0,0
0,165.73097349784,1407.12733411608,1.441904003439,0.15926032299837,9,15,53.2164847225106,-2.3456977745848,5,17.7906995789314,36.4729534639944,18.6467434787803,12.7269030582443,3847928.2397129,291.59488745404,0.0008690607934811,269.573955488252,4.2789976051237,1989,0,0,0,0,0,0,0,0,1,0,0,0,0,0,0,0,0,0,0,0,0,0,1,0,0,0,0,0,0,0,0,0,0,0,0,0,0,0,0,0,0,0,0,0
7,24.0215037005861,200.647492728375,1.44189251520899,0.122793844934653,25,3,50.5064420051498,-0.866735738424527,9,17.7464182860486,36.5100737117846,18.6370865535889,13.8230746172056,1453839.0912249,286.26105118696,-0.0003736109756891,247.138886472671,0.628423418901752,1985,0,0,0,1,0,0,0,0,0,0,1,0,0,0,0,1,0,0,0,0,0,0,0,0,0,0,0,0,0,0,0,0,0,0,1,0,0,0,0,0,0,0,0,0
1,50.8425094120236,552.792497447209,-0.306184139953936,0.182247172640304,3,22,52.8743290382437,-2.56093306760648,4,4.1204301849057,15.3237922592805,18.6417741050712,8.69641648096943,-1113791.49633882,279.503782782685,0.003959788097406,164.583945145834,4.8892813116328,1998,0,0,1,0,0,0,0,0,0,0,0,0,1,0,0,0,0,0,0,0,0,0,0,1,0,0,0,0,0,0,0,0,0,0,0,0,0,0,0,0,0,0,0,0
5,32.7688643454933,499.344591868269,1.42537743012505,0.151967136924189,5,20,51.5835469106562,-2.62121943534827,9,17.7346858481309,37.1368323206885,18.6420261262944,13.7982921197872,3447106.57896677,289.695995808899,0.0011827200105378,292.09465362848,5.8463629311257,1995,0,0,0,1,0,0,0,0,0,1,0,0,0,0,0,1,0,0,0,0,0,0,0,0,0,0,0,0,0,0,0,0,0,0,0,0,0,0,0,0,0,1,0,0
1,129.113471669118,1450.90870229957,0.699726870139524,0.162565927028274,3,14,50.7177843458657,-1.33450781980676,9,24.2986624468056,36.4821649781457,18.6449212320405,9.88457981764575,8074310.53320184,289.454459119696,-0.0011225628450496,334.470553280255,3.38661980907659,1990,0,0,0,1,0,0,0,0,0,1,0,0,1,0,0,0,0,0,0,0,0,0,0,1,0,0,0,0,0,0,0,0,0,0,0,0,0,0,0,0,0,0,0,0
4,66.9942939356969,42.7908855261114,1.46134382846278,0.144428281378098,11,4,52.3066141126657,-0.607307639778117,7,17.7288200491655,36.4498493754519,18.6408296367814,13.8289960675053,2.07671087995769,283.252659652455,0.00022824949215,137.466188359663,2.04216482648263,1997,0,0,0,0,0,0,0,1,1,0,0,0,1,0,0,0,0,0,0,0,0,0,0,0,0,0,0,0,0,0,0,0,0,0,1,0,0,0,0,0,0,0,0,0
0,23.9858919413945,1323.34165005647,0.546466436119811,0.1664748408824,29,23,52.8736426665501,0.0635313451334851,12,30.7741072510224,4.79715488579491,18.6427385804842,4.60359779602484,-6792507.12590165,278.043098231392,0.0232121729270098,239.355780143237,10.12203504203,1994,0,0,0,0,0,1,0,0,1,0,0,0,1,0,0,0,0,0,0,0,0,0,0,0,0,1,0,0,0,0,0,0,0,0,0,0,0,0,0,0,0,0,0,0
5,77.8082960484541,698.315678514593,1.42957896291227,0.143802628309477,14,2,52.0980167646691,-1.70299354033178,6,17.738085784642,36.8976107284713,18.6324367911026,13.7939221033584,2131823.01345416,285.076071219268,0.0011986633364546,194.596524100445,6.00397628697968,1993,1,0,0,0,0,0,0,0,0,0,0,0,0,0,0,1,0,0,0,0,0,0,0,0,0,0,0,0,0,0,0,0,0,0,0,0,0,0,0,0,0,1,0,0
0,202.754348838903,1477.15857387708,0.942356773081031,0.136420449411439,24,19,53.3883009311864,-1.36489754857086,9,38.8468268659993,35.2573390289156,18.6405436300278,1.12653963764925,-20532993.5642359,287.302359575843,0.0134683441141223,276.162809711698,11.341875881713,1995,1,0,0,0,0,0,0,0,0,0,0,0,0,0,0,1,0,0,0,0,0,0,0,0,0,1,0,0,0,0,0,0,0,0,0,0,0,0,0,0,0,0,0,0
1,39.9797572752446,2044.67046617558,1.09029821885608,0.10356374447702,15,16,51.8305654322909,-1.91389582446139,7,37.0877862059954,36.8400056456388,18.6408297472802,5.84243523879283,7201476.47608509,296.350505589904,-0.0005471487677528,227.720594580704,7.70190375404545,1997,0,0,0,0,0,0,0,1,1,0,0,0,1,0,0,0,0,0,0,0,0,0,0,0,0,0,0,0,0,0,0,0,0,0,0,1,0,0,0,0,0,0,0,0
1,109.560286574836,501.022584150138,1.47769012364885,0.125756731657019,15,0,51.392359661338,-2.09434972518289,7,39.5942384093134,34.8243110549991,18.639122224963,3.84391472333565,4063519.34936162,287.597732136103,0.0029973211340811,372.762697740853,3.57350058650171,2000,1,0,0,0,0,0,0,0,0,1,0,0,0,0,0,1,0,0,0,0,0,0,0,0,0,0,0,0,0,0,0,0,0,0,0,1,0,0,0,0,0,0,0,0
6,150.476150686274,252.024918296831,1.44131447665422,0.147265440847055,1,7,52.091110945702,-1.4324274247759,9,17.7549983081132,36.4672470597915,18.6362127821035,13.7818058269369,62574.3689496639,282.465592952257,-0.0009019862858108,83.6621824555526,3.89468987514462,1991,0,0,0,0,0,0,0,0,1,0,0,0,0,0,0,1,0,0,0,0,0,0,0,0,0,0,0,0,0,0,0,0,0,0,0,0,0,0,0,0,0,1,0,0
2,-6.33455444630417,1142.25107964615,1.28587020807604,0.157007720168479,18,11,50.1489074042917,-0.214056761360632,3,18.4801122018708,36.4730486080224,18.641023987897,6.24109775607236,3565733.28144437,283.886908618646,0.0019183502156136,245.57657059499,7.65552625119287,1991,0,0,0,0,0,1,0,0,0,1,0,0,1,0,0,0,0,0,0,0,0,0,0,1,0,0,0,0,0,0,0,0,0,0,0,0,0,0,0,0,0,0,0,0
5,111.022025725743,499.400441379088,1.4416443322094,0.108682833301558,15,18,52.5429159241612,-1.18807356021067,3,17.7490729947766,36.4704384202965,18.6420667690872,13.8144178263744,4519548.80392848,277.716714971197,0.0010561501659029,148.529171965777,4.32224598858609,1986,0,1,0,0,0,0,0,0,0,1,0,0,1,0,0,0,0,0,0,0,0,1,0,0,0,0,0,0,0,0,0,0,0,0,0,0,0,0,0,0,0,0,0,0
7,27.3021590302143,-39.9681096705671,1.44247433633633,0.131102853584047,16,3,51.8034091532914,-1.72260475210269,1,50.4339430403883,36.464738837612,18.6351027935629,13.8060404831232,696868.535073926,273.975288840743,0.0003478289369277,165.366499015267,3.10914750944185,1982,1,0,0,0,0,0,0,0,0,0,0,0,0,0,0,0,0,0,0,0,0,0,1,0,0,0,0,0,0,0,0,0,0,0,0,0,0,0,0,0,0,0,0,0
0,157.558501224493,1321.01899895728,1.44082499740947,0.216725595514956,15,17,52.5740729999685,-0.522242165556868,6,17.7385805860346,36.4863634595657,18.6424082193047,13.8065803056573,6201595.84521255,290.894737953038,0.0003620990873601,232.019949411229,2.94834054839227,1989,0,0,0,0,0,0,1,0,0,0,0,0,1,0,0,0,0,0,0,0,0,0,0,0,1,0,0,0,0,0,0,0,0,0,0,0,0,0,0,0,0,0,0,0
9,128.884962046013,433.132315562956,1.94127212363108,0.163352316226917,22,18,53.4887575585854,-2.75922228254513,10,48.5557003406069,36.0940787793233,18.0313999591505,12.3537509719497,6147419.26635217,283.710536913488,-0.0017406952250162,236.78556435985,3.31391033310119,1989,0,1,0,0,0,0,0,0,0,0,0,0,0,1,0,0,0,0,0,0,0,0,0,0,0,0,0,0,0,0,0,0,0,0,0,1,0,0,0,0,0,0,0,0
8,-137.019022989994,1020.52863631987,1.44212041803696,0.164282826260556,20,19,51.4481706694683,1.10191948616401,4,17.7654578768748,36.4972666396107,18.6407708423454,13.8187107819936,5176882.19276623,281.959933392102,0.0005743975680134,198.196708577907,3.91134129743156,1984,1,0,0,0,0,0,0,0,1,0,0,0,1,0,0,0,0,0,0,0,0,0,0,0,0,0,0,0,0,0,0,0,0,0,0,1,0,0,0,0,0,0,0,0
7,-50.6772870116987,906.278615923119,1.44089328078557,0.34260723751337,19,19,51.0246479418953,-3.08988583452124,12,17.7415492827599,36.4765876982527,18.6375816644324,13.8135674463149,1845841.66918454,278.661609161736,-0.0003765134763423,173.979093473042,10.2798285257643,1982,0,0,0,1,0,0,0,0,0,0,1,0,1,0,0,0,0,0,0,0,0,0,0,0,0,0,0,0,0,1,0,0,0,0,0,0,0,0,0,0,0,0,0,0
1,28.701622434815,1605.0097799599,1.77820382835953,0.189478127280054,12,17,52.5939233430127,-3.75926289626488,4,17.0321778622958,34.3512062945513,18.6446587826194,16.6044429668946,7001822.02250066,282.170412524337,-0.0004059137508588,112.596550820457,1.45958993353691,1997,0,0,0,0,0,0,0,0,0,0,1,0,0,0,0,1,0,0,0,0,0,0,0,1,0,0,0,0,0,0,0,0,0,0,0,0,0,0,0,0,0,0,0,0
0,-10.1946406374328,404.326575150943,0.945906445301855,0.104951878602433,30,8,52.8820248645367,-0.636535413033269,4,29.7028871366286,32.5328343261238,18.6479374175387,11.7816713490381,1231962.27357318,284.03914762203,-0.0003102349393403,247.700077667964,3.33695106562097,1997,0,0,0,0,0,0,0,0,0,0,0,0,0,0,0,0,0,0,0,0,0,0,0,0,0,0,0,0,0,0,0,0,0,0,0,0,0,0,0,0,0,1,0,0
5,162.808904873664,670.712096908823,1.44149770449692,0.156518016744423,7,14,51.5570435478173,-0.755856033332354,5,37.2147008973365,36.4617499280413,22.6391286711036,13.8064507788692,4324379.89484101,283.650430046342,0.0014001951432775,142.966433991606,5.79810568549167,1981,0,1,0,0,0,0,0,0,0,0,1,0,0,0,0,0,0,0,0,0,0,1,0,0,0,0,0,0,0,0,0,0,0,0,0,0,0,0,0,0,0,0,0,0
2,84.2004601796697,1411.17422000729,2.25529838371929,0.157870708473915,8,14,53.8966530404733,-1.38719964349132,6,17.7415754742844,36.476459009216,18.6410268269225,13.7268430714353,7701097.18099262,286.794812100485,0.0030469078852817,258.746991690007,4.53475952238173,1989,0,0,0,0,0,0,1,0,0,0,1,0,0,0,0,1,0,0,0,0,0,0,0,1,0,0,0,0,0,0,0,0,0,0,0,0,0,0,0,0,0,0,0,0
7,101.505288709961,881.535817699243,1.44101846397774,0.179384096806866,8,8,51.3284045355492,-0.815039154168139,5,17.70981086579,36.4550020608453,18.6434047439056,13.7852924311338,248960.884543009,282.378830500584,0.0019682937055459,346.413342138682,4.77464712061862,1985,0,0,0,0,1,0,0,0,1,0,0,0,0,0,0,1,0,0,0,0,0,0,0,0,0,0,0,0,0,0,0,0,0,0,0,0,0,0,0,0,0,0,0,1
3,162.910794576804,704.808981620524,1.44398367932232,0.217081311215213,17,0,55.3490506530735,-1.91755947342564,1,17.7523991254533,36.4600172920471,18.6419609231334,13.7961762600186,2215042.42335153,275.039320070907,-0.0004126767434969,116.84483565736,7.15043326495821,1987,0,1,0,0,0,0,0,0,0,0,1,0,0,0,0,1,0,0,0,0,0,0,0,0,0,0,0,0,0,0,0,0,0,0,0,0,0,0,0,0,1,0,0,0
9,-19.0714186550866,457.909112084183,1.02927512068033,0.183173693113712,27,12,53.2573742743475,0.158787034784329,10,18.8855390510181,36.456401116962,18.6389464304851,16.506308548685,3757540.45943274,284.592722075752,0.0004944428220387,238.938878081879,5.81501522079178,1984,0,0,1,0,0,0,0,0,0,0,0,0,0,0,1,0,0,0,0,0,1,0,0,0,0,0,0,0,0,0,0,0,0,0,0,0,0,0,0,0,0,0,0,0
6,55.4782930608623,1085.67580737333,1.44068129032113,0.118501713031565,3,21,53.2319729252758,-0.238923421259478,2,17.7438228923734,36.4791714979915,18.6395429821534,13.8053125442138,-152383.210182083,274.423456197375,0.0014253247595647,255.826713309898,8.46418727881412,1984,0,1,0,0,0,0,0,0,0,0,0,0,1,0,0,0,0,0,0,0,0,0,0,0,1,0,0,0,0,0,0,0,0,0,0,0,0,0,0,0,0,0,0,0
7,-5.06016710350272,1980.25332483702,1.43315907647779,0.184664779842235,23,17,53.230501873338,-1.56553558814973,6,17.767561245767,36.6535975726121,18.6363548113575,13.8259921691002,4250125.73865781,286.549193785373,0.0023608628353508,310.999989523851,3.61961890116781,1997,0,0,0,1,0,0,0,0,0,1,0,0,0,0,1,0,0,0,0,0,0,0,1,0,0,0,0,0,0,0,0,0,0,0,0,0,0,0,0,0,0,0,0,0
4,30.9368445107686,1390.14990637903,1.44209653689361,0.123869430927751,3,13,52.8846307724936,-2.09287455828236,4,17.7571418065859,36.4942139924667,18.6395428070433,13.8097038487156,8008921.13147954,289.950005585297,0.0002714439426657,58.9679398394671,4.27870462330942,1984,0,1,0,0,0,0,0,0,0,0,1,0,1,0,0,0,0,0,0,0,0,0,0,0,0,0,0,0,0,0,0,0,0,0,0,0,0,0,0,0,0,1,0,0
3,-45.3096755404311,927.23169644638,1.44234913068792,0.240032643458584,25,11,52.4524046728699,-1.98658686912111,2,17.756592044836,36.4958990980722,18.6415473942877,13.8193841467466,3923741.1382484,279.649892148544,-0.0015502455913622,153.149838565318,3.16377635417796,1992,0,0,0,0,0,0,0,1,0,1,0,0,0,0,0,1,0,0,0,0,0,0,1,0,0,0,0,0,0,0,0,0,0,0,0,0,0,0,0,0,0,0,0,0
8,-26.434752674313,170.9324017782,0.957287347309474,0.135346841718803,16,3,53.4018854280857,-3.51132341516965,6,16.6463218527405,53.9461626223404,18.9191090423962,7.63643575350429,2374251.50199467,285.162672691092,0.0001733516865404,180.625453813469,2.06642795810282,2000,0,0,0,0,1,0,0,0,1,0,0,0,0,0,0,1,0,0,0,0,0,0,0,1,0,0,0,0,0,0,0,0,0,0,0,0,0,0,0,0,0,0,0,0
4,-50.2682559108396,-97.0810646773677,1.4409700401675,0.213290264258448,22,5,51.2546478671724,-1.8836472695368,3,17.7636356685776,36.3843785767062,18.6445231971684,13.7990521962397,37388.4706826655,275.09712173199,-0.0075113417139272,194.023583715994,1.26481734944913,1995,0,1,0,0,0,0,0,0,0,1,0,0,1,0,0,0,0,1,0,0,0,0,0,0,0,0,0,0,0,0,0,0,0,0,0,0,0,0,0,0,0,0,0,0
0,96.0389733723644,1992.42440891321,0.520398395955642,0.171294700412466,28,19,52.2642199364579,-0.336212405319867,12,59.2494805471128,35.8586917875316,18.6404707932596,-1.23924614066071,2082517.68478241,287.026188019666,0.0007615773565476,210.015186985685,16.9972279217064,1998,0,0,0,0,0,0,1,0,0,0,0,0,1,0,0,0,0,0,0,0,0,0,0,0,0,0,0,1,0,0,0,0,0,0,0,0,0,0,0,0,0,0,0,0
1,112.746349972044,966.13556500121,0.510897760362099,0.209955108846862,14,15,51.5890810074798,-2.30363159157158,1,61.0691950587196,47.1251048261372,18.6422534644783,9.02433390492609,4455057.51108506,281.390444360814,-0.0009074102455349,147.630115108744,6.61526389969669,1996,0,0,1,0,0,0,0,0,0,0,0,0,1,0,0,0,0,0,0,0,0,0,0,1,0,0,0,0,0,0,0,0,0,0,0,0,0,0,0,0,0,0,0,0
3,132.547913404739,1481.16469552308,1.44267830700106,0.145208154702766,12,12,54.489863213556,-0.77051879640709,7,17.7566578958188,36.4535351377847,18.6532418403747,13.8048663195672,4563592.30951278,284.827371015514,0.0025393751269184,283.029425806347,4.13330694115101,1987,1,0,0,0,0,0,0,0,0,1,0,0,1,0,0,0,0,0,0,0,0,0,0,0,0,0,0,0,0,0,0,0,1,0,0,0,0,0,0,0,0,0,0,0
5,91.7531677339681,1070.79414324239,1.44184517963858,0.106233384309109,21,11,52.6180792751119,-0.224940655203181,4,17.7384672049435,36.4851549199502,18.6443658408902,13.8040847242094,3945544.15020331,281.192071541601,0.0011579515761813,56.656986906284,5.82151826366508,1985,0,0,0,0,0,0,0,0,0,1,0,0,1,0,0,0,0,0,0,0,0,0,0,0,0,0,0,0,0,0,0,0,0,0,0,0,0,0,0,0,0,1,0,0
0,113.097771525822,678.607357798056,1.0468789415836,0.146970417448625,30,14,55.8159769872198,-2.8310742675482,1,21.7585262788398,30.8299876985201,18.6405399397724,16.2022972239844,-6559317.59946713,274.265940839557,0.0077035338756172,144.161780777259,4.32407134215776,1993,0,0,0,0,0,0,1,0,0,1,0,1,0,0,0,0,0,0,0,0,0,0,0,0,0,1,0,0,0,0,0,0,0,0,0,0,0,0,0,0,0,0,0,0
8,75.4887029070434,745.873470941343,2.03525471881215,0.113972245889806,19,12,52.2365447909241,-0.199402945458608,8,22.0878146526832,36.4730493727315,18.6361055446105,41.6265488198768,7242662.99812808,293.089898062715,-0.0001244028965133,279.796041028934,5.29812307711013,1991,0,1,0,0,0,0,0,0,1,0,0,0,1,0,0,0,0,0,0,0,0,0,0,1,0,0,0,0,0,0,0,0,0,0,0,0,0,0,0,0,0,0,0,0
5,49.9055939323271,94.5570995203475,1.44213930312183,0.210105089673227,2,17,52.7383573903648,-3.1861288974955,11,17.7397738274002,36.462153010763,18.6406565777583,13.8322013285502,1346480.86662473,272.755657375329,-1.52437031743593e-06,94.4566318329492,0.43168887487426,1993,0,1,0,0,0,0,0,0,1,0,0,0,1,0,0,0,0,0,0,0,0,0,0,0,0,0,0,0,0,0,0,0,0,0,1,0,0,0,0,0,0,0,0,0
6,114.590669450119,536.815549044037,1.41113878724511,0.157010078565447,29,23,50.3394552954067,0.397803315268281,7,17.7486436324816,35.9270489319112,21.5651099688604,13.844847847534,5313355.86178796,291.668214570406,0.0012045709746934,68.0937752613292,4.26011602080523,1999,0,1,0,0,0,0,0,0,0,0,1,0,0,0,0,1,0,0,0,0,0,0,0,0,0,0,0,0,0,0,0,0,0,0,0,0,0,0,0,0,1,0,0,0
3,-159.123280587078,453.744971319127,1.44183962439211,0.161067243990103,29,23,54.0275165465424,-0.0444289122855326,8,17.7358377747813,36.4806404117732,18.6386313284241,13.8086842102517,7731251.74791851,287.93207303227,-0.0001205103327308,218.184842584956,6.22210702026182,1989,0,0,1,0,0,0,0,0,0,0,1,0,0,0,0,1,0,0,0,0,0,0,0,0,0,0,0,0,0,0,0,0,0,0,0,0,0,0,0,0,0,1,0,0
7,50.1158274151788,401.099116494071,1.43387704063301,0.142533836730656,17,5,52.1532301993022,0.144443524117055,9,17.7302196180882,35.9319979986404,17.9473904558082,13.807661795499,-18514.3826297957,285.946552561312,0.0013949327281921,325.881824750009,5.0015435697246,1998,0,0,0,0,1,0,0,0,0,0,1,0,1,0,0,0,0,0,0,0,0,0,0,0,0,0,0,0,0,0,0,0,0,0,1,0,0,0,0,0,0,0,0,0
0,34.832878555187,1462.43034059795,1.44199504508858,0.232338272053056,3,15,53.2815513596136,-1.17464339839652,8,19.8347564007648,36.484165039626,18.6364697596897,314306.005429103,-2060205014.10143,292.660998613598,0.930099893521758,178.325259159279,4.68359447950923,1984,0,0,0,1,0,0,0,0,0,0,1,0,0,0,1,0,0,0,0,0,0,1,0,0,0,0,0,0,0,0,0,0,0,0,0,0,0,0,0,0,0,0,0,0
3,90.4236356438032,881.522684864109,1.44188896339043,0.165316499934435,15,20,52.2266261465633,0.212042775993817,6,17.7675851840462,36.4799505303989,18.6407499562497,13.8294012077769,8031311.99058593,288.199278083988,0.0012653081745675,13.1185192568659,1.79897397951236,1984,1,0,0,0,0,0,0,0,1,0,0,0,1,0,0,0,0,0,0,0,0,0,0,0,0,1,0,0,0,0,0,0,0,0,0,0,0,0,0,0,0,0,0,0
1,-30.8450869851366,1324.02842280635,0.850160614203619,0.106482452799547,20,12,51.9861757113671,-1.02343093759513,9,25.0401996469248,36.4730501111738,18.63550881524,18.7180800568376,3503489.54566885,288.045049231216,0.0026511562126451,259.762771131922,3.0381296415582,1991,0,0,0,0,0,0,0,0,0,0,1,0,1,0,0,0,0,0,0,0,0,0,0,1,0,0,0,0,0,0,0,0,0,0,0,0,0,0,0,0,0,0,0,0
9,86.1683720806782,117.312064115665,1.27350706292364,0.223143641200041,21,3,52.5385864676191,-0.320599020069065,6,-7.09779405192058,35.6293325342222,18.642031123662,22.4271200885934,1472573.91315857,281.963163314345,0.0013322438241496,189.581197383404,2.18056569315043,1991,0,0,0,1,0,0,0,0,0,0,1,0,0,0,0,0,0,0,0,0,0,0,0,1,0,0,0,0,0,0,0,0,0,0,0,0,0,0,0,0,0,0,0,0
4,94.2757120544484,1211.0898363917,1.442074080818,0.147220622079686,8,17,49.9920023374066,-1.55392641995572,1,17.7683261307675,36.4909936309972,18.6356628403055,13.8056444797371,1937514.70309417,279.627670398927,0.0006021827369719,104.362868862607,12.3522201681125,1982,0,0,0,0,0,0,0,1,0,1,0,0,0,0,0,1,0,0,0,0,0,0,0,0,0,0,0,0,0,0,0,0,0,0,0,0,0,0,0,0,0,1,0,0
1,19.2987505890632,1013.18900658853,0.874238974441443,0.153950053436294,25,12,53.2098975510403,-1.07083681953305,6,38.6277022116597,15.8602030070536,18.6417877267958,5.51068687698977,6981530.72682715,288.098684985065,-0.0009290045682488,161.936026875873,3.0283362325937,1997,0,1,0,0,0,0,0,0,0,0,0,0,1,0,0,0,0,0,0,0,0,0,0,0,0,0,0,0,0,0,0,0,0,0,0,0,0,0,0,0,0,1,0,0
0,-30.8896067684199,523.84429904427,0.134127021002981,0.220996234798874,14,5,53.5463426441563,-1.4931053483029,1,12.0931025330569,33.8548815686133,18.6446910551083,31058.9506127912,-12920370.1394978,275.836397039883,2.2990512798305e-05,254.538980582348,4.68764520533421,1994,0,0,0,0,0,0,0,0,1,0,0,0,0,0,0,0,0,0,0,0,0,0,0,0,1,0,0,0,0,0,0,0,0,0,0,0,0,0,0,0,0,0,0,0
2,121.573561626742,876.15217779669,0.389590381073286,0.178205378597649,29,5,51.6613095701066,-1.25224605114716,2,26.23360276648,35.6166350140766,18.6379839295238,17.7069945886012,194.569777572902,279.341682146351,-0.0008204369392055,224.263042299949,10.7995264101086,1995,1,0,0,0,0,0,0,0,1,0,0,0,1,0,0,0,0,0,0,0,0,0,0,1,0,0,0,0,0,0,0,0,0,0,0,0,0,0,0,0,0,0,0,0
3,15.6732155987919,369.336846052085,1.44377591316461,0.123361242659867,21,1,51.6031707290914,-2.95998631799493,5,17.7252773751507,36.4136843862543,18.6457706579081,13.7919605077881,-253793.343611866,284.248107452379,0.0040155787353437,24.4154195867476,5.1718427975335,1990,1,0,0,0,0,0,0,0,0,0,0,0,1,0,0,0,0,0,1,0,0,0,0,0,0,0,0,0,0,0,0,0,0,0,0,0,0,0,0,0,0,0,0,0
6,31.2553556215771,1034.63580451973,1.4428385794715,0.170235657733428,6,19,54.051421981876,-1.61207536882708,5,17.7652664469308,36.4704592333762,18.6361059033184,13.813367017425,7973728.96778198,280.999544578043,-0.0004953538471083,-59.9225843929605,2.06587639911313,1991,0,1,0,0,0,0,0,0,0,0,0,0,1,0,0,0,0,0,0,0,0,0,1,0,0,0,0,0,0,0,0,0,0,0,0,0,0,0,0,0,0,0,0,0
7,185.635547400468,618.94722823104,1.43900923136603,0.154207813949256,14,17,54.227704207471,0.0187506640727002,7,17.7609974878427,36.5009929808245,18.6407676844115,13.8263691983116,3922035.72309068,290.074416795613,5.86806669040037e-05,133.527900185692,1.54361046102581,1985,0,1,0,0,0,0,0,0,0,0,1,0,1,0,0,0,0,0,0,0,0,0,0,0,0,0,0,0,0,0,0,0,0,0,0,0,0,0,0,0,0,0,1,0
7,110.208775880671,621.849459220369,1.44121018971029,0.197295795172325,10,7,51.947098558351,-2.44674227686264,6,17.7534130987082,36.4944893584902,18.6417100271129,13.8137861485138,317327.320515155,285.932120383268,0.0003656998433451,55.1295155007627,5.26959508929407,1988,0,0,0,1,0,0,0,0,1,0,0,0,0,0,0,1,0,0,0,0,0,0,0,0,0,0,0,0,0,0,0,0,0,0,1,0,0,0,0,0,0,0,0,0
4,67.0192181122136,284.57531588409,1.39960815462591,0.195653688489189,8,6,51.0353284362105,-1.07591646752059,11,17.729682279214,35.4030825050311,18.639155999569,13.8277645109361,112759.878346682,280.642356782712,-0.0003559135611008,306.201709152027,1.18652485412902,1999,0,0,1,0,0,0,0,0,0,1,0,0,1,0,0,0,0,0,0,0,0,0,0,0,0,0,0,0,0,0,0,0,0,0,1,0,0,0,0,0,0,0,0,0
7,43.4834719644279,474.910095971417,1.44335172447858,0.248049699600798,15,10,51.801164352982,-0.542629621760786,3,17.7405472514145,36.4638130773013,18.6347685368044,13.807812470891,925776.066606345,282.476884392831,6.13900386053738e-05,265.058100511494,3.50714948182996,1981,0,0,0,0,1,0,0,0,0,0,1,0,1,0,0,0,0,0,0,0,0,0,0,0,0,0,0,0,0,0,0,0,0,0,0,1,0,0,0,0,0,0,0,0
1,134.354523526776,1099.38313022754,1.09547028153397,0.17940026007231,29,8,50.3169352698947,-1.38944725076216,2,18.8640877495382,36.4821667646695,18.6456796971405,13.7740969009703,185395.363790195,280.44106611487,0.0008766354749517,261.75775747342,13.4950436587137,1990,1,0,0,0,0,0,0,0,0,0,1,0,1,0,0,0,0,0,0,0,0,0,0,1,0,0,0,0,0,0,0,0,0,0,0,0,0,0,0,0,0,0,0,0
3,160.895753728661,69.4328257160344,1.44094812256502,0.163422706518521,20,1,52.6262162647668,-0.246276862537717,8,17.7373562368757,36.4789263510685,18.6416243968279,13.8345860214223,5446398.75833863,286.176512944578,0.0009706623625151,85.1112586564519,1.19045548591048,1984,0,1,0,0,0,0,0,0,1,0,0,0,0,0,0,1,0,0,0,0,0,0,0,0,1,0,0,0,0,0,0,0,0,0,0,0,0,0,0,0,0,0,0,0
7,-120.320061306291,780.318348425898,1.44216856876715,0.198819523439109,27,13,52.7579252830452,0.924056699056413,2,17.7319627817308,36.4955851594333,18.6466891308814,13.8254370380959,1259716.18119907,280.199868354348,-0.0004985457332121,234.66492242451,2.85758299965967,1994,0,0,0,0,0,0,1,0,0,0,1,0,1,0,0,0,0,0,0,0,0,1,0,0,0,0,0,0,0,0,0,0,0,0,0,0,0,0,0,0,0,0,0,0
7,55.6210926582724,1399.25734833713,1.44210689104869,0.174292705974593,5,17,53.3190198045144,-0.855736433440198,5,17.7756002113252,36.4670106444706,18.6400280444906,13.8147437565117,6991170.21563799,287.577479572783,0.0009239442204633,55.9166074259554,6.05273542143819,1993,0,0,0,0,0,0,1,0,0,1,0,0,0,0,0,1,0,0,0,0,0,0,0,0,0,0,0,0,0,0,0,0,0,0,0,1,0,0,0,0,0,0,0,0
4,106.138879596227,1066.91358705024,1.44176477641002,0.0840964775813643,11,11,51.8502940583577,0.821618893965695,2,17.7718743338061,36.4587285721175,18.6436218782072,13.818812399523,3120638.65765914,279.5353246202,-0.0006434069745427,233.0475840131,5.33605972669037,1982,0,1,0,0,0,0,0,0,0,1,0,0,1,0,0,0,0,0,0,0,0,0,0,0,0,0,0,0,0,0,0,0,0,0,1,0,0,0,0,0,0,0,0,0
1,172.661534079745,584.500860939137,1.49679468934901,0.295998988947998,18,16,54.6902421366131,0.229694999881183,11,-7.4856817727387,39.6412819090289,18.638877898042,9.93523611794643,1590245.70989333,280.292594216357,0.0009526248450199,179.564834337553,7.15994389580221,1997,0,0,0,0,0,0,0,1,0,1,0,0,0,0,0,0,0,0,0,0,0,0,0,0,0,0,0,0,0,0,0,0,0,0,0,0,0,0,1,0,0,0,0,0
2,-108.961115542659,717.083698416779,1.99099548290406,0.157154766368162,10,8,50.8551026381887,-1.91165456298611,5,64.6711477111778,27.1727608305349,18.6406648796955,11.51172388458,912695.929849718,283.6662805389,0.0016831217397187,205.531502834124,8.63580835832772,1997,0,0,0,0,1,0,0,0,1,0,0,0,1,0,0,0,0,0,0,0,0,0,0,1,0,0,0,0,0,0,0,0,0,0,0,0,0,0,0,0,0,0,0,0
1,-176.10970821202,328.709268902071,1.00003649070479,0.154719182609608,15,20,52.9628275808129,0.116215791091989,5,31.2285930962739,27.5413123550621,18.6362849427289,19.2654045130907,6003021.52868441,283.025904764569,0.0027156618036868,402.114498652967,4.59928450812499,1995,0,0,1,0,0,0,0,0,1,0,0,0,1,0,0,0,0,0,0,0,0,0,0,0,0,0,0,0,0,0,0,0,0,0,0,0,0,0,0,0,0,1,0,0
7,-1.5503113189565,49.921916616013,1.44245899716969,0.237390385781969,14,23,52.2355005214174,-1.00192321427658,1,17.7701639373702,36.4925857487582,18.6440133756943,13.8209526045346,5272906.09091531,278.335171978058,-0.0047294899205881,161.383940789578,3.87582576828821,1992,0,0,0,0,0,1,0,0,0,0,0,0,1,0,0,0,0,0,0,0,0,0,0,0,0,0,0,0,0,0,0,0,0,0,0,1,0,0,0,0,0,0,0,0
2,-40.7169309911917,756.096494974484,1.28136745407505,0.179512148428854,7,10,51.8857901731958,-0.73071645850584,8,0.371182839812528,33.5821518135188,22.0591469094308,14.5716126059084,848392.968219316,292.262594182899,0.0011761352094717,328.445943898229,3.03720464126691,2000,0,1,0,0,0,0,0,0,0,0,0,0,1,0,0,0,0,0,0,0,0,0,0,0,0,0,0,0,0,0,0,0,0,0,0,0,0,1,0,0,0,0,0,0
8,34.7204483408367,622.804617478611,1.44256269673023,0.218852778724359,15,0,52.3087247995256,-1.29769706049731,11,17.6920668505166,36.4585733996727,18.6357128255122,13.8037086486347,3168332.09762894,283.217602552305,0.0006185065631827,208.801834358797,4.07989124337549,1997,0,0,0,1,0,0,0,0,0,1,0,0,1,0,0,0,0,0,0,0,0,0,0,0,0,0,0,0,0,1,0,0,0,0,0,0,0,0,0,0,0,0,0,0
8,99.5793052775538,289.949944004648,1.44297016495259,0.145629618108664,4,0,52.7639325678892,-3.0417949987531,7,17.7625139500649,36.4649323636487,18.6374780623255,13.8153956167339,10471648.7156168,286.83782614468,-0.0008259205925084,226.012112782828,3.93178947096679,1981,0,1,0,0,0,0,0,0,0,0,1,0,1,0,0,0,0,0,0,0,0,0,1,0,0,0,0,0,0,0,0,0,0,0,0,0,0,0,0,0,0,0,0,0
0,-1.22275083032515,1725.97267789164,1.44312807327248,0.185827792029043,31,12,51.8165013005864,-0.886767540300906,8,110.576440633246,36.4897551985855,18.6424518901462,3.30227854519262,7682857.42057248,289.896382232755,0.0008981395034545,113.091600664026,4.76179209028604,1994,0,0,0,0,0,1,0,0,1,0,0,0,0,0,0,0,0,0,0,0,0,1,0,0,0,0,0,0,0,0,0,0,0,0,0,0,0,0,0,0,0,0,0,0
4,115.24393043548,-152.333239410116,1.44142815150508,0.199777862781652,9,9,50.6830216577129,-1.69877512749673,12,17.7289267830683,36.462908273111,18.6402026652226,13.7971577503913,-178524.602454899,270.394727021306,0.0044943327575605,257.495101234961,1.15699910270388,1981,0,0,0,0,0,0,1,0,0,0,1,0,0,0,0,1,0,0,0,0,0,1,0,0,0,0,0,0,0,0,0,0,0,0,0,0,0,0,0,0,0,0,0,0
5,93.2947706741094,1155.10488234733,1.44266683586036,0.141247865567834,7,2,52.9672531539178,-0.329368231444397,12,17.7467194165067,36.4706362005273,18.6378568328758,13.8083886551919,1631970.3093092,287.792901789149,-0.003388227404913,212.715634066341,10.52246218943,1983,0,1,0,0,0,0,0,0,0,1,0,0,1,0,0,0,0,0,0,0,0,0,0,0,0,0,0,0,0,0,0,0,0,0,0,0,0,0,0,0,0,1,0,0
2,73.7637976844711,867.994637326253,1.44217701371552,0.182136477091624,23,15,54.037139197272,-1.84935385958062,6,17.7356405220076,36.4761731696266,18.6406690166007,13.8081813182579,3449045.9093317,285.939128218347,0.0021597105614902,240.963149988268,2.72692168411861,1985,0,1,0,0,0,0,0,0,0,0,1,0,0,0,0,1,0,0,0,0,0,0,0,1,0,0,0,0,0,0,0,0,0,0,0,0,0,0,0,0,0,0,0,0
6,18.3269010071614,855.105990923508,1.44186982983523,0.153294535800565,28,17,50.8791092369325,-3.2779448566913,1,17.7422465854705,36.4723347899589,18.637874158018,13.7905156113086,58299.3245278603,277.875075399147,0.0021583073036421,270.1572586715,7.62886410294018,1986,0,0,0,0,0,1,0,0,1,0,0,0,1,0,0,0,0,0,0,0,0,0,0,0,0,0,0,0,0,1,0,0,0,0,0,0,0,0,0,0,0,0,0,0
5,-45.4312384575678,696.003317543202,1.4418537206165,0.179675672524615,22,2,52.2724440043179,-0.468514466630976,9,17.7556436452091,36.4493820739272,18.642445604074,13.819863920958,3964369.59801731,285.856305377736,0.0001615599379158,220.853723252041,6.162735945558,1989,0,0,0,0,0,0,1,0,0,0,1,0,1,0,0,0,0,0,0,0,0,0,0,0,0,0,0,0,0,0,0,0,0,0,0,0,0,0,0,0,0,0,1,0
8,205.128570728483,527.230031962735,1.4420040837915,0.130181655640511,13,22,54.0453327158967,-1.80821491386438,1,17.7581633124605,36.4752651968908,18.6414318209625,13.8215530768852,5553406.71962599,275.663124975828,-0.0061384854849106,261.822224634377,5.72553172546218,1986,0,1,0,0,0,0,0,0,0,1,0,0,0,0,0,1,0,0,0,0,0,0,0,0,0,0,0,0,1,0,0,0,0,0,0,0,0,0,0,0,0,0,0,0
1,135.53618581098,322.563677706021,0.50315988086071,0.15136477840089,18,4,54.4936938733905,-1.11363571114541,7,17.7275063372425,36.4650738355521,18.6414442111533,13.8191031131668,3.86862258671757,286.064297599329,0.0002953335874364,51.4482047685547,2.46508794933839,1994,0,1,0,0,0,0,0,0,1,0,0,0,1,0,0,0,0,0,0,0,0,0,0,0,0,0,0,0,0,0,0,0,0,1,0,0,0,0,0,0,0,0,0,0
3,53.0203623146465,713.172695314207,1.44174462253613,0.180952546098134,15,22,54.5497062057578,-1.1154893368777,8,17.7914675022729,36.4891164149068,18.6457232626568,13.8342443740138,7748022.42111419,284.498627998878,0.0026916923186852,242.073229292307,6.69899464391563,1986,0,0,0,0,0,0,0,1,1,0,0,0,0,0,0,1,0,0,0,1,0,0,0,0,0,0,0,0,0,0,0,0,0,0,0,0,0,0,0,0,0,0,0,0
6,15.045973734808,321.596052998683,1.45997240733141,0.196001298223365,3,6,51.0981226826903,-4.57437484608572,2,17.7296544261878,36.4897665324398,18.6409931025141,13.8219119361663,159859.733246696,275.553486650444,0.0008740598991102,44.0941248859177,5.03535516111254,1996,0,1,0,0,0,0,0,0,0,0,0,0,1,0,0,0,0,0,0,0,0,0,0,0,0,0,0,0,0,0,0,0,0,0,1,0,0,0,0,0,0,0,0,0
6,-36.0248207924213,905.541714274059,1.44212270996334,0.181169020717234,14,14,53.8938828467909,-1.42817702671765,3,17.7417128403858,36.4674509759149,18.639527673837,13.7863062627566,3419425.85614646,277.760744142536,0.0016326195398701,62.0018179168252,5.88066653900515,1984,0,0,1,0,0,0,0,0,0,1,0,0,1,0,0,0,0,0,0,0,0,0,1,0,0,0,0,0,0,0,0,0,0,0,0,0,0,0,0,0,0,0,0,0
5,-62.076313239011,201.192036181159,1.44319259906579,0.181115122730112,5,3,53.4666324602964,-2.09222738636119,5,17.7252665186846,36.4594875523623,18.6439169311724,13.8077579679608,389220.060017164,278.516721724834,0.0008149368956113,369.73475487829,2.7517612106843,1992,0,0,0,0,1,0,0,0,0,0,0,0,1,0,0,0,0,0,0,0,0,0,0,0,0,0,0,0,0,0,0,0,1,0,0,0,0,0,0,0,0,0,0,0
4,25.0118540174691,366.22456583212,1.44163527352373,0.188400358129489,19,6,52.2106704563938,-2.10231160208501,5,17.7481602592121,36.4768822241159,18.6450328042226,13.8094484866369,-70262.6202168959,282.337863173341,0.00142514333758,242.99632130137,3.14770929996467,1982,0,0,0,0,1,0,0,0,1,0,0,0,1,0,0,0,0,0,0,0,0,0,0,0,1,0,0,0,0,0,0,0,0,0,0,0,0,0,0,0,0,0,0,0
1,64.9446726960814,703.589996779342,0.490509461734536,0.173299657755779,6,10,50.8814193316763,0.145966697159603,9,17.766431673158,34.3859325557292,18.6466453658043,6.24127379356895,3540233.49684125,287.791840561351,-0.0056749428783028,228.455897021099,0.376045537166601,1999,0,0,0,0,0,0,1,0,0,0,1,0,0,0,0,1,0,0,0,0,0,0,0,0,0,0,0,0,0,0,0,0,0,0,1,0,0,0,0,0,0,0,0,0
8,106.667301060314,372.583584137329,1.44231628896254,0.22936979604313,9,1,51.7127118360839,-2.50689929129671,1,17.7569327559991,36.4684644390801,18.6385007149626,13.8248731789484,2518675.18116312,274.319719167554,-0.0042694286088797,260.657060843532,4.17633796722377,1984,0,0,0,1,0,0,0,0,1,0,0,0,0,0,0,1,0,0,0,0,0,0,1,0,0,0,0,0,0,0,0,0,0,0,0,0,0,0,0,0,0,0,0,0
7,-3.53503672798314,1157.53754468944,1.44247436717695,0.16958592995967,13,0,51.3530634033518,-3.40860529648821,3,50.5284484439122,36.4647381381219,19.390205142009,13.8060410207452,794483.957273184,276.584446838397,0.0063117075338955,264.375223697586,7.95439560442553,1982,0,1,0,0,0,0,0,0,0,0,0,0,0,0,0,0,0,0,0,0,0,0,1,0,0,0,0,0,0,0,0,0,0,0,0,0,0,0,0,0,0,0,0,0
5,-30.5148849856211,705.453771466211,1.44170878005887,0.169468987958443,17,14,53.7673348563171,-0.939591871642209,12,31.5177137987649,36.4635273681571,18.6444718413792,13.8196495275617,-751975.928343758,275.331916928542,0.0055779274113073,236.323141909725,4.56125441592089,1989,1,0,0,0,0,0,0,0,1,0,0,1,0,0,0,0,0,0,0,0,0,0,0,0,0,0,0,0,0,1,0,0,0,0,0,0,0,0,0,0,0,0,0,0
3,142.974667732588,230.668928085163,1.42318685721161,0.144068286531586,29,3,51.0279141763439,-0.810682846144449,7,17.7260935027984,36.4736505505495,18.6398057225584,13.8350837953913,2085823.50900852,287.404913494652,0.0006166803138292,227.707095604772,2.41553525344552,1993,0,1,0,0,0,0,0,0,1,0,0,0,0,0,0,1,0,0,0,0,0,0,0,0,1,0,0,0,0,0,0,0,0,0,0,0,0,0,0,0,0,0,0,0
4,27.8783089530061,878.2782752539,1.44048687975777,0.193607384098118,8,19,52.3186596314041,-0.632485218034534,1,17.734316738411,36.499718851562,18.6399153963861,13.8279759479613,4676162.29560077,281.410325652417,-0.0050210228126129,280.658044108369,6.94801141025207,1995,1,0,0,0,0,0,0,0,0,0,1,0,1,0,0,0,0,0,0,0,0,1,0,0,0,0,0,0,0,0,0,0,0,0,0,0,0,0,0,0,0,0,0,0
1,86.4598545008796,1079.06099340489,0.980563317687798,0.240090480100899,2,8,50.515431164464,-2.73816567536826,6,27.985331906208,36.473048820833,18.6499647861028,21.5296323532896,1151618.72497264,284.858394319874,-0.0011018571081085,112.199984039607,4.9178321568975,1991,1,0,0,0,0,0,0,0,0,0,0,0,1,0,0,0,0,0,0,0,0,0,0,1,0,0,0,0,0,0,0,0,0,0,0,0,0,0,0,0,0,0,0,0
5,94.5476570165574,1269.86465937742,1.44184525636868,0.168338942412961,4,10,50.9884330458765,-1.96349500222045,8,17.7383437676169,36.4851554217328,18.6376201290568,13.8040850706098,2692489.73340112,289.80478150297,-0.0006236487253291,218.831916102051,10.9794152589242,1985,0,0,0,0,0,0,0,1,0,1,0,0,1,0,0,0,0,0,0,0,0,0,0,0,0,0,0,0,0,0,0,0,0,0,0,0,0,0,0,0,0,1,0,0
2,-8.29589295008235,526.893513492545,0.818799153357957,0.207039975674462,27,23,50.5946629087,-1.778050951905,5,17.727200416564,36.7749947338013,18.6413408960879,13.3552586930091,2897618.98522038,283.140349695677,0.0018487793661491,162.820336948222,4.64170406857118,1995,0,0,0,0,0,0,0,0,0,0,0,0,1,0,0,0,0,0,0,0,0,0,0,0,1,0,0,0,0,0,0,0,0,0,0,0,0,0,0,0,0,0,0,0
1,122.058927147137,989.592874181109,0.101004055403011,0.16632145401892,29,15,51.737556250899,1.96147915505375,9,34.019330899101,30.155140330549,18.6415763971514,14.1903690568857,5520613.66566587,290.666199040053,-0.0010289512887809,245.162373920757,1.72207405942569,1994,0,0,0,0,1,0,0,0,0,0,0,0,1,0,0,0,0,0,0,0,0,0,0,0,0,0,0,0,0,0,0,0,0,0,0,0,0,0,0,0,0,1,0,0
4,-2.95754126510509,167.559993093335,1.44246744052869,0.156446203260873,17,1,49.2359587671551,-2.59897144700797,9,17.7607230370551,36.4480824652738,18.6406569669666,13.8023629877929,7777854.22839719,282.34646056667,-0.0075525188005467,258.60125427084,1.72410475771588,1993,0,1,0,0,0,0,0,0,0,1,0,0,1,0,0,0,0,0,0,0,0,0,0,0,0,0,0,0,0,1,0,0,0,0,0,0,0,0,0,0,0,0,0,0
8,5.68776349782818,1692.58046793152,2.70387559394376,0.100061205019479,16,13,51.7868843871426,-1.85701696755647,4,17.7514989773979,36.4711272132371,18.6514969206837,22.5870317039964,4551232.21844233,287.133631533208,0.0014768818190976,195.396106823059,10.5812693360342,1991,1,0,0,0,0,0,0,0,0,0,1,0,0,0,0,1,0,0,0,0,0,0,0,1,0,0,0,0,0,0,0,0,0,0,0,0,0,0,0,0,0,0,0,0
2,17.1517015647697,567.755308528453,1.44186973662644,0.146721942923929,3,16,53.8247373892033,-1.47939070416008,2,17.7406616680211,36.4752331941033,18.6531825634002,13.8135547456095,2122544.0979317,279.166056191908,-0.0003887478340158,318.114447287507,2.76441749677376,1987,1,0,0,0,0,0,0,0,0,0,0,0,1,0,0,0,0,0,0,0,0,0,0,1,0,0,0,0,0,0,0,0,0,0,0,0,0,0,0,0,0,0,0,0
0,43.3519308208115,1314.85919720993,0.945906478432388,0.154891186863329,22,9,51.704895801138,-1.51634501686474,5,29.1607325514748,32.5328335029808,18.641230292295,11.0459177475028,746932.097416462,283.530378762294,0.0012574283493391,83.8759209141785,6.15542729629748,1989,0,0,0,0,1,0,0,0,0,1,0,0,0,0,0,0,0,0,0,0,0,0,0,0,0,0,0,0,0,0,0,0,0,0,0,0,0,0,0,0,0,1,0,0
9,85.440857215232,983.928196939626,0.536609842526249,0.213228195627078,11,21,53.5881578175699,-0.0945350331860375,4,23.4724661423084,16.6416923708023,18.6446958538431,13.8215923202834,3751782.66934604,279.146585927316,0.0014709190640408,200.537402155756,8.12537439838306,1989,1,0,0,0,0,0,0,0,0,0,0,0,0,0,0,0,1,0,0,0,0,0,0,0,0,0,0,0,0,0,0,0,0,0,0,0,0,0,0,0,0,0,0,0
9,173.797863495833,1771.85673187068,1.44164134466914,0.167936945744823,29,14,52.3027909010594,-1.68481035560205,5,17.755730299491,36.4748298462829,18.6401261034128,13.8085611266419,4214882.07191232,286.525333342762,0.0041643325985428,312.452214771464,6.54686567192352,1986,0,0,0,0,1,0,0,0,1,0,0,0,0,0,0,1,0,0,0,0,0,0,0,1,0,0,0,0,0,0,0,0,0,0,0,0,0,0,0,0,0,0,0,0
7,92.5868753516405,659.368510680196,1.44131449364044,0.161993894339242,2,9,52.2988744680093,-0.741946368116652,5,17.7546688891135,36.4672467696814,18.6362336578217,13.7818050907133,38229.4332176885,283.703533889443,0.0011243979813631,225.051980242471,7.37171163929605,1991,0,1,0,0,0,0,0,0,0,0,0,0,0,0,0,1,0,0,0,0,0,0,0,0,0,0,0,0,0,0,0,0,0,0,0,0,0,0,0,0,0,1,0,0
9,40.0829930713256,665.374530352648,1.33017902754202,0.199613956375785,14,1,51.6840302128134,-1.73026959922457,7,14.0495023589043,35.4925268794307,18.5217582579858,-281.8720261774,653662809.923668,290.794903373827,-0.100440891441712,93.9199298934991,6.19116202952008,1990,0,0,0,0,0,0,0,1,0,0,0,1,0,0,0,0,0,0,0,0,0,0,1,0,0,0,0,0,0,0,0,0,0,0,0,0,0,0,0,0,0,0,0,0
2,-35.0285611031162,248.965992327985,1.44107140265813,0.190363654003611,1,0,51.6644426754176,0.064242788699808,8,32.5054644266173,36.4534102180922,18.6408871107741,8.35105274695752,9935533.44510109,284.734486361001,0.0004585604051788,256.114852576987,1.77751774095128,1992,0,0,0,1,0,0,0,0,0,0,1,0,0,0,0,0,0,0,0,0,0,1,0,0,0,0,0,0,0,0,0,0,0,0,0,0,0,0,0,0,0,0,0,0
8,41.0926807432454,1006.32184687319,0.425379538779577,0.181540637319989,22,15,54.2719285402311,-1.4436741067841,8,43.7166333837118,31.937110234402,18.6477879553249,12.2235967663779,6426017.30776637,291.268091714559,-0.0004714924647097,89.6007973483616,4.39921982050753,1999,0,0,0,0,0,0,1,0,1,0,0,0,1,0,0,0,0,0,0,0,0,0,0,0,0,0,0,0,0,0,0,0,0,0,0,0,0,0,0,0,0,0,1,0
0,6.89034340818528,665.100144391155,0.685448126071426,0.182052851942046,15,3,52.7379589210492,-2.68109134385997,10,44.4621524668669,13.9545858160795,18.6434387620662,15.933645349726,2563225.23992444,282.574296156175,-2.61823513338719e-05,236.165530043958,4.95263777626928,1998,0,0,0,0,0,1,0,0,1,0,0,0,1,0,0,0,0,0,0,1,0,0,0,0,0,0,0,0,0,0,0,0,0,0,0,0,0,0,0,0,0,0,0,0
0,76.9969705799583,404.571036735814,0.945906424173925,0.230826776834803,19,8,52.9677484063795,-0.931025012189556,10,11.8081476912705,32.532834008368,18.6458336039762,11.7816713737281,-785.680827773227,278.649285516425,0.0034207822729326,294.78982486605,5.57341862503227,1998,0,0,0,0,0,1,0,0,0,0,1,0,0,0,0,0,0,0,0,0,0,0,0,0,0,0,0,0,0,0,0,0,0,0,0,0,0,0,0,0,0,1,0,0
0,51.4731260291281,67.2159739109082,0.506426242653766,0.162399105593639,23,0,51.0990005665996,1.33148333605632,7,35.4891336238406,9.99006633383186,18.6286024258908,4.52978560808895,8421299.50803911,290.566232813433,0.0003565853287685,272.715815702916,4.04057896774199,1999,0,0,0,0,0,0,0,1,0,1,0,0,1,0,0,0,0,0,0,1,0,0,0,0,0,0,0,0,0,0,0,0,0,0,0,0,0,0,0,0,0,0,0,0
1,245.283741272552,95.8480975026778,0.744651719873122,0.147229049692864,26,22,51.3569263607675,0.341355597820897,6,2.70793075098437,26.8592036169536,18.6473843448057,8.36848574402444,8054627.81468047,287.988720570947,-2.22046430169753e-05,186.727940322904,1.7344827975741,1996,0,0,0,0,0,0,0,0,0,1,0,0,1,0,0,0,0,0,0,0,0,0,0,0,0,0,0,0,0,0,0,0,0,0,0,0,0,0,0,0,0,1,0,0
7,28.4529725845347,786.117505750126,1.44172324310855,0.192583705024738,29,11,51.1410168694784,-2.21115969068219,1,17.7585074162652,36.4577745589728,18.6269522834446,13.8111315469218,528700.589094117,277.492177112877,-0.0004836148280261,84.1747074383897,6.29153436692954,1992,0,0,1,0,0,0,0,0,0,0,0,0,1,0,0,0,0,0,0,0,0,0,0,0,0,0,0,0,0,0,0,0,0,0,1,0,0,0,0,0,0,0,0,0
5,-4.40545112381609,1223.10248228125,1.44160618683655,0.278660247320416,18,10,52.8110618377566,-0.393041033127236,2,17.7605226400885,36.4630626020652,18.6371400380465,13.8095304338887,2239402.70658131,280.182692810285,-0.0007304155710218,144.000094372674,7.18117178518581,1985,0,0,0,1,0,0,0,0,0,0,1,0,0,0,0,1,0,0,0,0,0,0,0,0,0,0,0,0,0,0,0,0,0,0,0,1,0,0,0,0,0,0,0,0
7,107.598634236919,630.217713711626,1.4408932551368,0.169730617458368,21,18,51.6842506726668,-0.358213809638855,2,17.740782067767,36.4765874477177,18.6456881463561,13.8135673683778,3713847.02241203,282.15814851925,0.0001692572651356,135.451538097051,6.97428026344055,1982,0,0,0,0,0,0,0,0,0,1,0,0,1,0,0,0,0,0,0,0,0,0,0,0,0,0,0,0,0,1,0,0,0,0,0,0,0,0,0,0,0,0,0,0
6,71.1114308449591,1224.61329513153,1.44159264572769,0.224514983773739,27,12,54.5160879726494,0.297822726986174,12,17.7569012247111,36.4757776697623,18.6462577433737,13.80130649082,3189102.93158544,279.465355980771,-0.0146805063111733,276.383642343864,10.1853916594561,1986,0,0,0,0,0,0,0,1,0,1,0,0,1,0,0,0,0,0,0,0,0,0,0,1,0,0,0,0,0,0,0,0,0,0,0,0,0,0,0,0,0,0,0,0
2,109.852505889832,1109.0187805566,0.76062979114186,0.124529631011719,5,18,52.5969700817128,-0.860594931479914,9,45.7064181184348,28.8947114209908,18.6386986363155,11.1836575113754,6702193.72370472,288.772108233095,-0.0004291876782724,57.053412033792,4.40534931441954,1996,0,0,0,1,0,0,0,0,1,0,0,0,1,0,0,0,0,0,0,0,0,0,0,1,0,0,0,0,0,0,0,0,0,0,0,0,0,0,0,0,0,0,0,0
8,163.070935345324,350.548761186877,0.524975360268753,0.234989034056332,27,23,51.4539900533718,-0.991641819227242,5,16.8280078472017,36.7096146518565,18.6362845162028,24.0900989057527,6996341.68925255,281.131561956582,0.001615132544802,176.418868762348,4.39290691853472,1995,0,0,1,0,0,0,0,0,0,1,0,0,1,0,0,0,0,0,0,0,0,0,0,0,0,0,0,0,0,0,0,0,0,0,0,0,0,0,0,0,0,0,1,0
8,86.7286816052793,656.488203940591,1.41971135197808,0.184577352232724,11,21,53.0066945816326,-1.3269960816715,10,17.7495849289891,36.4689462744245,18.6463357313879,13.8168978494673,4246868.27590108,285.139745214767,-0.0013430944444043,56.2639622907266,7.04985693450123,1992,0,0,0,0,0,0,1,0,0,1,0,0,1,0,0,0,0,0,0,0,0,0,0,0,1,0,0,0,0,0,0,0,0,0,0,0,0,0,0,0,0,0,0,0
1,106.103645542492,447.7727602752,1.44097805166727,0.202977745714243,6,5,52.0641425108863,-1.18017767595433,4,17.737160096754,36.4778744117822,18.6449220400692,13.815517200819,-26703.8196540773,272.178305745013,0.0001526337600493,123.801764114998,3.8175590602048,1990,0,0,0,1,0,0,0,0,1,0,0,0,1,0,0,0,0,0,0,0,0,0,0,0,1,0,0,0,0,0,0,0,0,0,0,0,0,0,0,0,0,0,0,0
9,49.9670017402521,302.376927134828,2.16916445815389,0.175059807478517,7,5,52.8300686936063,-0.102376922247978,10,24.1487129274232,35.0406235046874,18.6467313016057,9.47687660429866,50645.7066475735,282.697280393941,1.43175007523955e-05,236.013011920229,4.95735611660537,1999,0,0,0,0,0,0,1,0,1,0,0,0,0,0,0,1,0,0,0,0,0,0,0,0,0,0,0,0,0,0,0,0,0,0,0,1,0,0,0,0,0,0,0,0
6,67.9825006108939,517.32541392654,1.42537759149586,0.253388219069262,31,2,52.6269944290967,0.162831750185869,3,17.7346546615678,37.1368328767421,18.6268828911083,13.7982917591269,-689603.87393627,274.119484113829,0.00116338391185,282.478049555583,9.33499883948429,1995,0,0,0,0,0,0,0,1,0,1,0,0,0,0,0,1,0,0,0,0,0,0,0,0,0,0,0,0,0,0,0,0,0,0,0,0,0,0,0,0,0,1,0,0
5,32.9346302664116,726.310481462443,1.47553125404548,0.288539726708896,23,8,53.5878738475222,0.724331465403882,1,17.737328105529,36.4920822924194,18.6436221978615,13.8122203617908,-115090.975447113,285.977675428717,0.004929723157036,320.867347809041,6.95343609579725,1982,0,1,0,0,0,0,0,0,0,0,1,0,1,0,0,0,0,0,0,0,0,0,0,1,0,0,0,0,0,0,0,0,0,0,0,0,0,0,0,0,0,0,0,0
7,52.3883409332492,711.701962877284,1.44171232067419,0.2099205419792,28,23,52.7872176787927,-1.08413446431916,5,17.7619757535707,36.4576657983411,18.6396458562554,13.8518895871927,10000960.0316364,282.788069173256,4.82773040537008e-05,296.88026764092,2.72907066356784,1987,0,0,0,1,0,0,0,0,0,0,1,0,0,0,0,1,0,0,0,0,0,0,0,0,0,0,0,0,0,0,0,0,0,0,0,0,0,0,0,0,0,0,0,1
4,125.108119905686,367.071211568914,1.44246752779861,0.118127402520547,29,8,50.9019382912356,-1.71647924659115,4,17.7614530440016,36.4480832916456,18.6373158894477,13.8023624543443,1553210.61702533,281.670609577723,-0.0025713999128214,39.3195502815819,2.42698959013075,1993,0,0,0,0,0,0,0,0,0,1,0,0,1,0,0,0,0,0,0,0,0,0,0,0,0,0,0,0,0,1,0,0,0,0,0,0,0,0,0,0,0,0,0,0
2,46.8139261820296,427.1547026618,1.28136740867944,0.160577182772013,13,3,51.5380840996539,0.635756011166129,4,5.37402176094447,33.5821520368456,18.642802363671,14.5716127626438,1624729.16390868,281.894525919132,0.0015232425377623,275.387931127434,3.6936458093132,2000,0,0,0,0,0,1,0,0,1,0,0,0,1,0,0,0,0,0,0,0,0,0,0,0,0,0,0,0,0,0,0,0,0,0,0,0,0,1,0,0,0,0,0,0
2,150.175673114074,266.916971672061,0.952414675894766,0.136873850630283,2,23,52.0134398449713,-1.88611323247709,8,7.97537843979993,23.7441734895722,18.6408835891037,19.9481397748385,6645716.62141316,287.187123998661,0.0026646351388922,297.427588841425,2.81392157376574,1996,0,0,0,0,1,0,0,0,0,1,0,0,1,0,0,0,0,0,0,0,0,0,0,1,0,0,0,0,0,0,0,0,0,0,0,0,0,0,0,0,0,0,0,0
8,140.882215075787,744.137137784868,3.18613106138525,0.251149594995427,1,20,54.3787056315534,-2.86315223937674,1,17.7418424647737,36.4764600045096,18.6385483238386,38.52674341922,2357090.30614154,278.415486097326,-0.0021985444223393,232.888299785148,4.81683203740008,1989,0,0,0,1,0,0,0,0,1,0,0,0,0,0,0,1,0,0,0,0,0,0,0,1,0,0,0,0,0,0,0,0,0,0,0,0,0,0,0,0,0,0,0,0
4,-39.1340692807125,1571.12562549697,1.44163845667256,0.174881112457666,21,12,53.3823001599995,-1.85594017489233,9,17.711975389511,36.4510696005609,18.6354579676604,13.8203857019213,7908340.14531385,290.143865988335,-0.0016515898741486,232.122807217374,11.2026452718567,1981,0,0,0,0,1,0,0,0,0,0,1,0,0,0,0,1,0,0,0,0,0,0,0,0,1,0,0,0,0,0,0,0,0,0,0,0,0,0,0,0,0,0,0,0
3,187.710565090983,214.077193356514,1.44337401139518,0.138754682914298,13,12,52.6387093835411,-1.9354227989005,3,17.7788676283473,36.4375862297637,18.6361056369149,13.8352657953645,1746753.64575019,284.584618640374,0.0018087888564325,112.218203133703,2.42712847508871,1991,0,1,0,0,0,0,0,0,0,0,0,0,1,0,0,0,0,0,0,0,0,0,0,0,0,0,0,0,0,0,0,0,0,0,0,0,0,0,0,1,0,0,0,0
5,111.499314318308,626.17983235354,1.44215265813033,0.113968864055984,25,19,54.732819278321,-2.61902727867743,10,17.7290800016073,36.4689680817519,18.6421562292655,13.7975940473459,4870022.95768637,288.912764321288,-0.0024299448493731,73.9891105527024,5.5915384413679,1991,0,0,0,1,0,0,0,0,0,0,1,0,1,0,0,0,0,0,0,0,0,0,0,0,0,0,0,0,0,1,0,0,0,0,0,0,0,0,0,0,0,0,0,0
0,17.4235531880541,497.180194891009,0.406599263572928,0.143930176760843,16,8,52.2361689660474,-1.0419632405215,2,68.5370285096316,37.7229179936844,15.0849427701312,6.71696546909311,-101750.713232465,273.679072936841,0.0003204805724911,286.057055632262,8.85253680111455,1999,0,1,0,0,0,0,0,0,0,0,1,0,1,0,0,0,0,0,0,0,0,0,0,0,0,0,0,0,0,0,0,0,0,0,0,1,0,0,0,0,0,0,0,0
7,-46.1332161739813,1116.89860183066,1.44208746583079,0.170679376320251,30,13,53.2966580281511,-1.4738571045972,3,17.7360410468135,36.5205818654147,18.6509045319539,13.7966766642565,4045879.72056242,283.304659836558,0.0010370905798585,234.255004156531,5.14130491791923,1999,0,0,0,0,0,0,0,0,1,0,0,0,1,0,0,0,1,0,0,0,0,0,0,0,0,0,0,0,0,0,0,0,0,0,0,0,0,0,0,0,0,0,0,0
9,19.8520492732303,367.084444752926,1.05663085619696,0.229203340155556,12,3,52.2191243651095,-1.09263017298048,7,24.8989321865748,33.536725696698,18.6383183079426,15.7475605237124,2390983.96513282,289.520526967529,0.0012509061841504,251.10537551579,2.70286361565154,1995,1,0,0,0,0,0,0,0,1,0,0,0,0,0,0,0,0,0,0,0,0,0,0,0,0,0,0,0,0,0,0,0,0,0,0,0,1,0,0,0,0,0,0,0
2,0.469220445003131,1117.13165056799,1.52352779207709,0.16996685531828,23,19,52.1985192873405,0.699981235513277,7,-5.11975927029485,33.5821520574947,18.6365881001221,14.1802889049088,9027275.10803137,292.159530472182,0.0008881824996569,40.8296364839102,1.69669234321724,1983,0,0,0,0,0,0,0,0,0,0,1,0,1,0,0,0,0,0,0,0,0,0,0,0,0,0,0,0,0,0,0,0,0,0,0,0,0,1,0,0,0,0,0,0
5,175.371138110575,582.023718870152,1.44170899416703,0.296180752839681,25,16,50.04432889996,-1.68591611852527,1,17.7592554459361,36.4739716759519,18.6418289508793,13.8158300695273,5056616.22250094,281.04705573216,-0.0035586668316258,309.245895475451,3.23050106940666,1981,1,0,0,0,0,0,0,0,0,0,1,0,1,0,0,0,0,0,0,0,0,0,0,0,0,0,0,0,0,1,0,0,0,0,0,0,0,0,0,0,0,0,0,0
8,155.309634280405,700.14232156776,1.27350701392356,0.196486097305644,20,1,52.2137230481142,-1.91978131841779,2,25.3356394435466,35.6293321588951,18.6423985990451,22.4271200777522,241419.323417514,275.857643992385,0.0009339355287725,142.430254829319,5.76286335176289,1984,0,0,0,0,0,0,0,0,0,0,1,0,0,0,0,0,0,0,0,0,0,0,0,1,0,0,0,0,0,0,0,0,0,0,0,0,0,0,0,0,0,0,0,0
5,41.4914302919645,688.723884784418,1.44198578731236,0.130781325486077,22,6,52.3414421313029,-2.79540474713189,1,17.7665846712109,36.4567158051179,18.6443369521142,13.7940025289817,-233007.216284602,275.988009818638,0.0003652094467913,255.629009852781,7.99210682791839,1985,0,0,0,0,0,0,0,0,1,0,0,0,0,0,0,0,0,0,0,0,0,0,0,0,0,0,0,0,0,0,0,0,0,0,0,1,0,0,0,0,0,0,0,0
5,69.4368265215169,110.653846982595,1.44128294432349,0.172141049412763,6,10,53.1813624312271,0.699495920552164,11,17.7178761696838,36.4630989656366,18.6392536423864,13.805002002852,1911922.74804106,278.326582360625,-0.0019341767483706,83.032598772737,1.22683231078401,1981,0,0,0,0,0,0,1,0,1,0,0,0,1,0,0,0,0,0,0,0,0,1,0,0,0,0,0,0,0,0,0,0,0,0,0,0,0,0,0,0,0,0,0,0
1,86.9155710972066,466.144774075571,0.248454618084085,0.215828193472644,19,7,53.9160564102528,0.403401858844307,5,23.3588319992641,36.476988552942,18.635438111487,4.58503661026743,455032.105063634,278.539394998655,-6.10894264392464e-05,118.007794908552,3.4622352973863,1996,0,0,0,0,0,0,0,1,0,1,0,0,0,0,0,1,0,0,0,0,0,0,0,0,0,0,0,0,0,0,0,0,0,0,0,1,0,0,0,0,0,0,0,0
2,99.2294327546939,830.856368530849,1.28136742282698,0.150566721512636,17,15,54.3260152270656,-1.59148317952009,11,-6.3718207370617,26.9667305474987,18.6415760065504,14.5716128803865,3393206.29238167,284.145131310154,-0.0006905323935843,267.956567734088,10.0696167464388,1994,0,0,0,0,1,0,0,0,0,1,0,0,1,0,0,0,0,0,0,0,0,0,0,0,0,0,0,0,0,0,0,0,0,0,0,0,0,1,0,0,0,0,0,0
9,119.602688800881,640.202264039387,0.970127738287831,0.247855513716304,6,21,50.5057549187808,-2.57237358492953,7,13.3497486954037,62.3162577507878,18.6416118497435,77.5397509777165,5576712.21399985,291.879745387263,0.0012819437515345,344.097068497472,2.44814642429189,1998,0,0,0,1,0,0,0,0,1,0,0,0,0,0,0,1,0,0,0,0,0,0,0,0,1,0,0,0,0,0,0,0,0,0,0,0,0,0,0,0,0,0,0,0
8,41.3633138796954,395.242343819671,1.44166121157061,0.126948345698799,15,23,51.8734178060706,-3.28268633805978,5,17.7503798861553,36.4770267333238,18.6430904534735,13.805605346183,8830947.91694595,286.196841567473,0.0027866408805492,43.8904150840041,4.56202549057956,1988,0,0,0,0,1,0,0,0,0,0,0,0,1,0,0,0,0,0,0,0,0,0,0,1,0,0,0,0,0,0,0,0,0,0,0,0,0,0,0,0,0,0,0,0
0,-5.88353161244817,1116.54383738844,1.40699964406821,0.147728792552552,26,20,52.7283672126654,-1.11350230219366,5,88.9417443803055,30.3674903475781,18.64813366101,8.04510660454668,7065869.22489356,283.379092138721,-0.0006167276746251,152.393615690569,3.89987728680026,1997,1,0,0,0,0,0,0,0,0,1,0,0,0,0,0,0,0,0,0,0,0,0,0,0,0,0,0,0,0,0,0,0,0,0,1,0,0,0,0,0,0,0,0,0
7,131.942279170195,561.557142930791,1.44218571941072,0.216334754292348,21,10,51.4667282445691,-0.200223042069201,5,17.7441523378482,36.4730066283954,18.6445091956567,13.8136204588148,2064467.18795885,289.343633356723,0.0008989432871445,53.2376324485199,6.42018647606809,1990,0,1,0,0,0,0,0,0,0,1,0,0,1,0,0,0,0,0,0,0,0,0,0,0,0,0,0,0,0,0,0,0,0,0,1,0,0,0,0,0,0,0,0,0
2,51.7668163261947,847.600728416508,1.44217702864625,0.242676706802817,3,16,51.8398259739387,0.319242154754543,2,17.7356379619646,36.4761730245862,18.6390177417544,13.8081821263852,1602012.35346104,277.946882878066,-0.0001553965386111,216.149366335387,2.8571565239588,1985,0,0,0,0,0,0,1,0,0,0,1,0,0,0,0,1,0,0,0,0,0,0,0,1,0,0,0,0,0,0,0,0,0,0,0,0,0,0,0,0,0,0,0,0
3,61.2758786970549,855.118284812604,1.44154544591757,0.261021697762324,27,12,53.5341096761856,-2.17045406823933,5,17.8025421135287,36.4556948315426,18.6385084175491,13.8643255823012,6445039.16392271,285.860765808239,0.0067453282332997,9.91271351261312,7.14259379998062,1984,0,0,0,1,0,0,0,0,0,0,1,0,0,0,0,1,0,0,0,0,0,0,0,0,0,0,0,0,0,0,0,0,0,0,0,0,0,0,0,1,0,0,0,0
2,-60.0707215004021,1620.72518242344,2.99836052816756,0.109426688264922,24,14,52.0012842142667,-0.625231327935241,6,56.6162964422673,36.1855321095666,18.6428837804243,14.6561573669438,8531745.03662452,287.876240682411,0.0010021193818765,308.202524557947,3.52136734771439,1997,0,1,0,0,0,0,0,0,1,0,0,0,0,0,0,1,0,0,0,0,0,0,0,0,0,0,0,0,0,0,0,0,0,0,0,1,0,0,0,0,0,0,0,0
2,-0.268874858704336,867.133991940432,1.33665849568115,0.20728455988895,15,2,54.2976852927302,1.38066982043729,1,17.7397467493638,36.4757880076821,18.6490289859636,13.8110889672813,1856623.52978041,278.32459437186,-0.0018799097407785,241.652461556272,8.57303666815331,1989,0,1,0,0,0,0,0,0,0,0,1,0,1,0,0,0,0,0,0,0,0,0,0,1,0,0,0,0,0,0,0,0,0,0,0,0,0,0,0,0,0,0,0,0
1,-67.0986806763308,1174.46702937403,0.945906464012039,0.213443999945045,21,13,51.0020158654211,-0.888217699748809,5,6.97379282284656,32.5328353707902,18.6443374339909,11.7816714259423,4054583.05470631,288.544341413529,0.0013920837992756,40.440303841694,1.852715157835,1985,0,0,0,0,0,0,0,0,0,0,1,0,0,0,0,0,0,0,0,0,0,0,0,0,0,0,0,0,0,0,0,0,0,0,0,0,0,0,0,0,0,1,0,0
5,100.508240208177,651.467458401087,1.44240783071337,0.195313332092164,30,21,53.4125444083124,-1.22269702236549,8,17.7470930248174,36.4863502595395,18.640569631588,10.9192646739659,5367144.63171775,294.089554854202,0.0014345146483601,341.936125801383,1.44359682211313,1997,0,0,0,0,0,1,0,0,1,0,0,0,1,0,0,0,0,0,0,0,0,0,0,0,0,0,0,0,1,0,0,0,0,0,0,0,0,0,0,0,0,0,0,0
2,102.649324885512,809.774515126851,0.112626167969454,0.250590956438741,4,23,51.5928983379023,-1.15566076747012,6,36.5096827900924,38.3099246609745,18.6362851058039,16.139772840994,1292238.08630886,283.548397036326,0.0025631099155541,333.737815455637,5.56628302562246,1995,0,0,1,0,0,0,0,0,0,1,0,0,1,0,0,0,0,0,0,0,0,0,0,0,0,0,0,0,0,0,0,0,0,0,0,0,0,0,0,0,0,1,0,0
8,-101.389974181087,555.326158628481,1.44161229693675,0.168543668464227,7,0,53.0793197126951,-0.850292928527008,4,17.7571079261657,36.4624764144031,18.6283624183415,13.8075993563224,4034420.9729188,284.32804591169,0.0012035356610848,201.929358317014,6.96758604062293,1995,0,0,0,0,0,0,0,1,0,1,0,0,1,0,0,0,0,0,0,0,0,0,0,0,0,0,0,0,0,0,0,0,0,0,0,1,0,0,0,0,0,0,0,0
3,31.8770643276556,1612.16173835851,1.44206077097523,0.180808107079355,30,16,50.0923813096994,0.0764047551951599,5,17.7376195516558,36.4953916048426,18.6382282626853,13.7905138886255,3569251.44316924,291.221993298833,0.0003955492832776,234.208779011873,7.972004137073,1989,0,0,0,1,0,0,0,0,1,0,0,0,1,0,0,0,0,0,0,0,0,0,0,0,0,0,0,0,0,1,0,0,0,0,0,0,0,0,0,0,0,0,0,0
5,15.1016152686255,1150.48314471873,1.44186128517038,0.262014752011288,29,7,51.9646540781915,-1.4640457110126,3,17.7716412524266,36.4596408505866,18.6368964088138,13.8163066550026,-141706.268240664,277.285817705284,0.0014365145990341,411.336453122754,7.39325985672235,1982,0,0,0,1,0,0,0,0,0,0,1,0,0,0,0,1,0,0,0,0,0,0,0,0,0,0,0,0,0,0,0,0,0,0,1,0,0,0,0,0,0,0,0,0
7,91.4922445965411,1369.06940615118,1.44098833307803,0.133788783724784,19,10,53.1241382869918,-1.57264849531491,10,17.7418535638169,36.4695458665243,18.6368806413093,13.8016720216781,711769.730312442,284.30640231291,0.000993675913805,261.54336186363,13.7519147117335,1986,0,0,0,1,0,0,0,0,1,0,0,0,0,0,0,1,0,0,0,0,0,0,0,0,0,0,0,0,0,0,0,0,0,0,0,0,0,0,0,0,1,0,0,0
0,88.3529558952848,676.535699943014,0.264929938450423,0.112800163702407,24,20,52.3670342324174,-2.21450508196853,12,59.303856647186,16.7723637743438,15.6542048486807,5.04372432090372,3478770.13759913,276.465022127878,-0.0048063829978948,55.6369578690034,7.36998431330854,2000,0,1,0,0,0,0,0,0,0,0,0,0,1,0,0,0,0,0,0,0,0,0,1,0,0,0,0,0,0,0,0,0,0,0,0,0,0,0,0,0,0,0,0,0
2,26.8620989182048,526.343987290092,1.79388527393458,0.167594334859494,17,18,52.4608580666564,0.501899489170373,1,18.2633534721118,36.4730494975294,18.6326521326731,22.4879025560528,2588847.54941159,280.38822149084,-0.0024334067878351,197.37066219373,5.22607747502628,1991,0,0,0,0,0,0,1,0,0,0,0,0,1,0,0,0,0,0,0,0,0,0,0,1,0,0,0,0,0,0,0,0,0,0,0,0,0,0,0,0,0,0,0,0
3,79.3752589822709,489.185647898452,1.44233455825771,0.128785659553178,6,23,51.1676520639679,-2.46294788061837,7,17.7457499938589,36.490076952801,18.6354651577863,13.796569181329,6594289.54242169,286.842546894741,0.0037715109165285,199.85922893966,5.18162035277457,1988,0,1,0,0,0,0,0,0,0,1,0,0,1,0,0,0,0,0,0,0,0,0,0,0,0,0,0,0,0,1,0,0,0,0,0,0,0,0,0,0,0,0,0,0
4,49.7393465344632,71.5642575558887,1.35210169265951,0.156470795936032,1,23,53.5612598028818,-0.762837049762072,11,17.7588066786255,35.880506366983,18.6464300766522,13.8218552632228,-1836858.61619296,273.207262857744,0.0085188841368872,234.829242867638,0.797745637672421,2000,1,0,0,0,0,0,0,0,0,0,0,0,1,0,0,0,0,0,0,0,0,0,0,0,0,0,0,0,0,0,0,0,0,0,1,0,0,0,0,0,0,0,0,0
8,40.6553065188913,383.039998471026,1.44212046058964,0.141597408634776,10,3,51.9970490817877,-1.8894900308196,7,17.7666857708323,36.4972668610003,18.64495878163,13.8187105031601,3930801.12336868,285.470148875445,0.0007408922150288,224.085652149777,4.21394829863366,1984,0,0,0,0,0,0,1,0,0,1,0,0,1,0,0,0,0,0,0,0,0,0,0,0,0,0,0,0,0,0,0,0,0,0,0,1,0,0,0,0,0,0,0,0
4,32.222631248694,44.5269140530356,1.44179032896953,0.204254851811173,25,5,53.4405630532609,0.451432045386528,9,17.7550973980425,36.4913278274063,18.6398380163211,13.8098706108413,46262.3198514754,278.113890213387,-0.0009453141354745,166.111930877615,3.49491132323594,1986,0,0,1,0,0,0,0,0,1,0,0,0,0,0,0,1,0,0,0,0,0,0,0,0,1,0,0,0,0,0,0,0,0,0,0,0,0,0,0,0,0,0,0,0
9,77.503669113405,121.370945440679,2.30826100026626,0.217703572328131,17,7,52.7940143335704,1.74667387538855,10,17.7497427606252,36.5434441749002,18.6439691040091,37.6596916770064,122344.210471273,280.059082923364,-0.0011697843755763,93.6977509959054,4.32085202521243,1994,0,0,0,0,0,1,0,0,0,1,0,0,0,0,0,1,0,0,0,0,0,0,0,1,0,0,0,0,0,0,0,0,0,0,0,0,0,0,0,0,0,0,0,0
8,56.2360019588265,162.783440324218,1.11135358891119,0.186166923191468,1,0,53.9077694503613,-1.82506658021609,10,15.6923014394126,31.7262018265765,18.6414440004123,22.2440731113931,2815902.55315814,281.24681229432,0.0003186665283432,247.986552466355,3.78729333506378,1994,0,1,0,0,0,0,0,0,1,0,0,0,1,0,0,0,0,0,0,0,0,0,0,1,0,0,0,0,0,0,0,0,0,0,0,0,0,0,0,0,0,0,0,0
4,187.214008400811,653.402175264284,1.44151514815093,0.16633819870001,14,9,52.566662788483,-2.30898448646111,5,17.7363215108134,36.4758054101153,18.6444751756044,13.8168385574069,2326186.59472257,283.85553224985,-0.001826503472997,69.0635462146917,4.31815310942095,1982,0,0,0,0,1,0,0,0,0,0,1,0,0,0,0,1,0,0,0,0,0,0,0,0,1,0,0,0,0,0,0,0,0,0,0,0,0,0,0,0,0,0,0,0
8,94.277410072267,955.567681487149,1.44126136241454,0.194524325790918,5,21,51.3494750300747,-1.50927552621136,5,17.7544042737484,36.4585247987388,18.6410430339286,13.8273564137536,7499010.81841923,281.984491239053,-0.0005897716325794,136.339431187793,3.79967901758079,1983,0,0,0,0,1,0,0,0,1,0,0,0,0,0,0,1,0,0,0,0,0,0,0,0,0,0,0,0,0,0,0,0,0,0,0,0,0,0,0,1,0,0,0,0
4,192.845225137601,715.956090142813,1.44341714057762,0.235418306321528,28,8,52.9470749568287,-1.61416713548042,4,17.7816297305477,36.4686180696555,18.6427386288688,13.7777934052587,440714.547793682,277.314935611122,0.0011242512552731,205.879806405522,5.52119588698492,1994,0,0,0,0,0,1,0,0,0,0,1,0,1,0,0,0,0,0,0,0,0,0,0,0,0,0,0,0,0,0,0,0,0,0,1,0,0,0,0,0,0,0,0,0
2,212.410583049035,1511.56892205062,1.15679499159551,0.181509157573643,25,12,52.0821669504693,-0.25074718496641,4,17.7395093120128,36.4757886378908,18.6468890547014,13.8110893603559,2258372.71377098,280.403119807231,0.0001710929820776,568.908802973215,3.4473770623549,1989,0,0,0,0,0,0,0,0,0,0,1,0,1,0,0,0,0,0,0,0,0,0,0,1,0,0,0,0,0,0,0,0,0,0,0,0,0,0,0,0,0,0,0,0
1,165.665949229487,569.834122273229,1.44047429198092,0.223728833894574,28,0,51.5834500869121,-1.13720612740179,11,17.7494545338382,36.4846745780321,18.6419665390222,13.8151013840545,3110070.66549592,276.659044675594,-0.0010196002993207,286.781290797392,2.99059974400815,1988,0,0,0,1,0,0,0,0,0,0,0,0,1,0,0,0,0,0,0,0,0,0,0,0,1,0,0,0,0,0,0,0,0,0,0,0,0,0,0,0,0,0,0,0
4,98.2532917252113,1391.15431537347,1.37295273927469,0.137077087938687,14,8,54.4926522482475,-1.66137631439883,12,17.7443928928993,36.3945470935387,20.5352580137697,13.8087749173436,314190.518387175,270.978070864353,-0.0039931876404985,226.778544074753,14.1565542400749,1998,0,1,0,0,0,0,0,0,1,0,0,0,0,0,0,1,0,0,0,0,0,0,0,0,0,0,0,0,0,0,0,0,0,0,0,0,0,0,0,0,0,1,0,0
5,138.065762853929,637.160563622345,1.47553127829426,0.1526812461051,27,9,52.7019628150732,-0.155984203742876,12,17.7373253281518,36.4920836388548,18.636108944779,13.8122211433823,284813.277964167,276.289826945272,0.0009377886986586,265.441745357196,7.57659427752411,1982,1,0,0,0,0,0,0,0,0,1,0,0,1,0,0,0,0,0,0,0,0,0,0,1,0,0,0,0,0,0,0,0,0,0,0,0,0,0,0,0,0,0,0,0
7,10.8219689417494,1158.430685754,1.44221759523103,0.0785429647585225,30,16,53.0110548752314,-1.0513154061472,4,17.7292184562093,36.4697716102947,18.6378570200052,13.7910676166669,6077155.92770923,280.009039245816,-0.0007765464468997,151.55351729433,2.33915194686,1983,0,1,0,0,0,0,0,0,0,1,0,0,1,0,0,0,0,0,0,0,0,0,0,0,0,0,0,0,0,0,0,0,1,0,0,0,0,0,0,0,0,0,0,0
8,118.942919812712,1118.3734031412,1.44125640351353,0.179723896457815,17,14,51.8170493638653,-0.27639693849762,10,17.7672951657156,36.4943922355172,18.6424457138803,13.8067641510907,4926478.59659864,287.315412086962,-0.0009589287245739,283.567223673172,7.67519200056701,1983,0,0,0,0,0,1,0,0,0,0,0,0,0,0,0,1,0,0,0,0,0,0,0,0,0,0,0,0,0,0,0,0,0,0,0,1,0,0,0,0,0,0,0,0
2,138.657822141568,78.9080960795222,1.49709145977233,0.191701823229949,13,1,53.2359792907472,-0.214392786751562,9,15.9877132248566,37.9786241379303,18.6459024171084,19.389322382426,3042498.16342813,277.526494693642,-0.0013716081948694,247.192856070641,2.52816152536171,1994,0,0,0,0,0,0,0,1,1,0,0,0,1,0,0,0,0,0,0,0,0,0,0,1,0,0,0,0,0,0,0,0,0,0,0,0,0,0,0,0,0,0,0,0
6,137.825190984187,333.470380879359,1.43911760792819,0.158239042522158,19,6,51.9026320699404,0.025839531156165,2,17.7612250670692,36.5032223638731,18.6363381529609,13.7851549822999,-35776.2108996789,274.187198510058,0.0006526660245033,195.046308811727,5.31346093462421,1985,1,0,0,0,0,0,0,0,1,0,0,0,1,0,0,0,0,0,0,0,0,0,0,0,0,0,0,0,0,0,0,0,0,0,0,0,0,0,0,0,0,0,0,0
5,0.232644589169091,725.092913908493,1.44202484952486,0.15212087579116,8,18,51.7073632695435,-3.19515654687949,2,17.7387661044351,36.4759430062363,18.6407680648128,13.8033990030089,-2918101.23862099,274.675706799001,0.0010956515522006,58.1522287864266,7.29259959821331,1985,0,1,0,0,0,0,0,0,0,0,0,0,1,0,0,0,0,0,0,0,0,0,0,1,0,0,0,0,0,0,0,0,0,0,0,0,0,0,0,0,0,0,0,0
8,90.7635236305906,695.894113365853,1.44166117036565,0.152926805110797,14,11,51.4544685733332,-0.944300442385842,6,17.7505277572806,36.4770251377966,18.6430903407989,13.8056046804292,3759375.84806605,290.45477607588,0.000247359693645,40.2513465871306,5.29710926842988,1988,0,0,0,0,1,0,0,0,0,1,0,0,1,0,0,0,0,0,0,0,0,0,0,1,0,0,0,0,0,0,0,0,0,0,0,0,0,0,0,0,0,0,0,0
8,22.4522844985022,886.654369312522,1.26769600306748,0.205192302007434,6,18,53.172831277324,-1.52986458506414,11,15.9926129662515,50.4290842357952,18.6345727704192,6.34491030493917,3824161.52774827,280.249328499436,-0.0041789271544981,25.2566164478178,7.87859396921514,2000,0,0,0,1,0,0,0,0,1,0,0,0,0,0,0,1,0,0,0,0,0,0,0,1,0,0,0,0,0,0,0,0,0,0,0,0,0,0,0,0,0,0,0,0
0,-24.8197453738662,1421.04557531943,0.849215644334564,0.199592382388266,29,11,51.2780327712126,-1.27006721199531,12,59.8619418896752,14.271615030717,18.635924130294,23.8891471300549,1581657.56609291,282.656256211191,-0.0035531860142667,105.738575170404,11.7424372947157,1998,0,0,0,0,0,0,0,1,0,0,0,0,1,0,0,0,0,0,0,0,0,0,0,0,0,0,0,0,0,0,0,0,0,1,0,0,0,0,0,0,0,0,0,0
9,217.344638643552,304.528978297907,2.40863078044394,0.174808930299532,4,6,52.1974783937095,-1.45333889243288,10,17.742017670922,36.4764616359868,18.6410267147476,30.3616142765624,318031.201071702,283.024585263651,-0.0001179201941864,141.632780847255,3.36499507253128,1989,0,0,0,0,0,0,1,0,0,1,0,0,0,0,0,1,0,0,0,0,0,0,0,1,0,0,0,0,0,0,0,0,0,0,0,0,0,0,0,0,0,0,0,0
1,50.015581906544,1408.75191602503,0.842065029798077,0.218312561438453,26,16,51.7966296303127,-1.07029681544009,8,23.48232528794,32.9851711784143,18.639404545851,5.94456507944937,3046760.94043345,293.787825426225,0.0006975370859486,348.649594969022,6.5381084264067,1998,0,0,0,0,0,0,1,0,0,0,0,0,0,0,0,1,0,0,0,0,0,0,0,1,0,0,0,0,0,0,0,0,0,0,0,0,0,0,0,0,0,0,0,0
6,254.481954544651,969.887053319897,1.44174527613254,0.127166477086455,7,11,53.2299681291246,-1.82405749307247,9,17.7681915584999,36.4334916908468,18.6385891900595,32.3392077496452,2479404.11962562,286.18305332339,0.0005643243723505,266.667995559879,7.89823748586835,1992,1,0,0,0,0,0,0,0,0,0,0,0,1,0,0,0,0,0,0,0,0,0,0,0,0,0,0,0,1,0,0,0,0,0,0,0,0,0,0,0,0,0,0,0
4,50.9941999292097,424.482979837489,1.44176484710053,0.121300190414555,30,1,52.0884191374565,1.16046717276873,8,17.7716597847147,36.4587289531086,18.6450382294457,13.8188124578403,7061376.09242751,284.193064160738,0.0030031516400699,282.060362682508,6.27940542066595,1982,0,0,0,0,1,0,0,0,0,0,1,0,1,0,0,0,0,0,0,0,0,0,0,0,0,0,0,0,0,0,0,0,0,0,1,0,0,0,0,0,0,0,0,0
0,117.112725003066,385.703338117454,1.4412410072919,0.217142123799349,21,18,52.6079996078849,-2.129471201205,2,18.9785792382034,35.5572416383043,17.7314937869553,4.426205472756,5709974.38107246,281.723460509764,-3.54240842226992e-05,160.270823113601,6.38252608881158,2000,0,0,0,0,1,0,0,0,0,0,1,0,1,0,0,0,0,0,0,0,0,0,0,0,0,0,0,0,0,0,0,0,0,0,0,0,0,0,0,0,0,0,0,1
6,55.838565708055,756.045903177937,1.44076434863111,0.213792887271639,20,10,53.6301226019112,-0.491530117693023,3,17.7675732774588,36.48138545646,18.6427388907523,13.8059944198371,2831075.62864366,280.671331642694,0.0006591381850413,208.870558855844,2.81683401954496,1994,0,0,0,0,0,1,0,0,0,1,0,0,1,0,0,0,0,0,0,0,0,0,1,0,0,0,0,0,0,0,0,0,0,0,0,0,0,0,0,0,0,0,0,0
4,43.0618006979302,453.951103590291,1.44162466202002,0.168581427785723,12,21,52.1235678517517,-2.7160330962495,10,17.7431596154323,36.4883962508825,18.6390374899056,13.7929291244711,9764584.4452368,286.708716314839,-0.0055480158426984,240.433818978537,2.5690752347709,1984,0,0,0,1,0,0,0,0,0,1,0,0,1,0,0,0,0,0,0,0,0,0,0,0,0,0,0,0,1,0,0,0,0,0,0,0,0,0,0,0,0,0,0,0
5,11.4833361550678,718.453703525079,1.44228833204231,0.194973742529363,20,13,52.9896506238537,-0.363463034950927,8,17.780466881734,35.1804097743066,18.6448307751569,13.8095274721884,10860714.6845737,295.299491499548,-0.001484808641815,156.407302675611,0.67158996086643,2000,0,0,0,0,0,0,0,1,0,0,1,0,0,0,0,1,0,0,0,0,0,0,0,0,0,0,0,0,0,0,0,0,0,0,0,0,0,0,0,0,0,0,0,1
5,-57.1582782689764,56.3558053943401,1.44148477134631,0.195290450422824,22,0,53.2610533014088,-0.307641431700304,6,17.787506758643,36.5018586311083,18.6415630638482,13.8192717027336,5689941.9912628,283.399208642949,0.0015542094645156,315.80554583383,3.11728619544157,1992,0,0,0,0,0,0,0,1,0,0,0,0,0,0,0,1,0,0,0,0,0,0,0,0,0,0,0,0,0,0,0,0,0,0,0,0,0,0,0,0,0,0,0,1
1,-18.8754495933348,1490.47271582408,1.36599894909728,0.203923942859129,13,19,54.1997281923082,-1.66515207075445,5,17.739517955912,36.4757875515397,18.6424185209689,13.8110893773151,7490132.97753096,285.279527940191,-0.0005744478824937,267.297032029451,3.63555404751773,1989,0,0,0,0,0,0,1,0,0,1,0,0,1,0,0,0,0,0,0,0,0,0,0,1,0,0,0,0,0,0,0,0,0,0,0,0,0,0,0,0,0,0,0,0
5,89.9812855087134,206.185122909035,1.4401540917435,0.223628269057311,3,23,53.1891797719804,0.778655460328976,12,17.7550676239631,36.4990787142139,18.638332913126,13.8411829268939,324686.571801285,274.132126300267,0.0032465853625127,212.500956051536,2.89218810229285,1983,0,0,0,1,0,0,0,0,0,0,0,0,0,0,0,1,0,0,0,0,0,0,0,0,0,0,0,0,0,0,0,0,0,0,0,0,0,1,0,0,0,0,0,0
9,156.189471145395,-146.146735625103,2.9137175949481,0.150292004557056,13,2,52.8774298641409,-2.58959864483518,10,17.7508020473337,36.4711265404346,18.634108513531,40.8748737111061,6493579.0635344,284.065371849641,5.14321710438589e-05,180.563340292631,0.316717600767808,1991,0,0,0,0,0,0,1,0,0,1,0,0,0,0,0,1,0,0,0,0,0,0,0,1,0,0,0,0,0,0,0,0,0,0,0,0,0,0,0,0,0,0,0,0
9,56.9553647872488,429.118998098791,1.63630860462233,0.191663397550824,5,21,52.506545397643,-1.26604325483527,7,17.7774062469387,42.4627263528564,18.642013808013,13.8152244706536,7876759.73654882,289.779135540329,4.06023110862473e-05,231.232045155182,2.52127196434817,1997,0,1,0,0,0,0,0,0,0,0,1,1,0,0,0,0,0,0,1,0,0,0,0,0,0,0,0,0,0,0,0,0,0,0,0,0,0,0,0,0,0,0,0,0
8,-79.3449220708884,162.741391902872,1.44150339723478,0.128575163436177,28,2,52.3290166322942,0.11084007917888,3,17.7483345251554,36.4637685365367,18.6414441506434,13.809040824353,2358595.66987133,279.10053989779,-0.0003046300709034,229.882495523783,4.98463027896878,1994,0,1,0,0,0,0,0,0,0,0,0,0,1,0,0,0,0,0,0,0,0,0,0,0,0,0,0,0,0,0,0,0,0,0,0,1,0,0,0,0,0,0,0,0
3,7.03870710348743,355.049092003867,1.44322565917959,0.230943240484391,14,5,51.5598939328226,-1.60827087379945,9,17.7569378146937,36.4824961511302,18.64076880306,13.8547308023167,22913.0441718132,285.652887114575,-0.0001151769267931,196.545035052329,6.05487460127511,1983,0,0,1,0,0,0,0,0,0,0,0,0,1,0,0,0,0,0,0,0,0,0,0,0,0,0,0,0,0,1,0,0,0,0,0,0,0,0,0,0,0,0,0,0
4,12.2254927259451,693.773539826075,1.44202271223563,0.15687853551495,21,7,51.3618321687433,-1.34435995732007,1,17.7542997655062,36.4637594920384,18.6377906711049,13.825123035771,-49929.4941523476,276.413923680361,0.002339548188856,113.566710449893,6.48398130426887,1985,0,0,0,0,0,0,0,1,0,1,0,0,0,0,0,1,0,0,0,0,0,0,0,0,1,0,0,0,0,0,0,0,0,0,0,0,0,0,0,0,0,0,0,0
9,249.700060351353,910.20262586206,0.614380374445483,0.149549731684378,1,22,50.1578277386274,-3.29114892006671,2,57.4884405718876,24.2580043873931,13.6140420790743,1.87819857819844,8773056.18560486,280.782179913897,-0.0050994680200916,229.881511373624,8.49513344959254,2000,0,1,0,0,0,0,0,0,1,0,0,0,1,0,0,0,0,0,0,0,0,0,1,0,0,0,0,0,0,0,0,0,0,0,0,0,0,0,0,0,0,0,0,0
3,183.893839296017,206.419725386821,1.46134395638071,0.160046557384363,21,0,52.3269918662476,-1.63978803462721,4,17.7289923904829,36.4498491428946,18.6489253178721,13.8289960394479,6975708.09702818,280.231527093599,0.0008488709063725,249.857968177971,2.90755827462329,1997,1,0,0,0,0,0,0,0,1,0,0,0,1,0,0,0,0,0,0,0,0,0,0,0,0,0,0,0,0,0,0,0,0,0,1,0,0,0,0,0,0,0,0,0
6,76.7339658984837,1158.57381855791,1.49072066889524,0.108060825697238,23,10,52.1566861530297,-2.28682203836489,7,17.7487902455378,36.4719548499865,18.636665298692,13.8616592154035,4155382.72880696,293.38625645153,0.0025390370347379,125.843453961487,6.22194374795949,1991,0,1,0,0,0,0,0,0,0,0,1,0,0,0,1,0,0,0,0,0,0,0,0,1,0,0,0,0,0,0,0,0,0,0,0,0,0,0,0,0,0,0,0,0
2,194.55828814361,251.384630904175,0.956073218463674,0.158876078238967,2,1,52.275111328871,-4.17812579677046,11,18.3988097889756,47.35398303458,18.6428844361494,24.1375678252425,1302765.94805709,280.330240402396,0.002094155475379,154.114389918312,3.10777341479759,1997,0,1,0,0,0,0,0,0,0,0,1,0,0,0,0,1,0,0,0,0,0,0,0,0,0,0,1,0,0,0,0,0,0,0,0,0,0,0,0,0,0,0,0,0
6,-42.1322196248368,1186.64703514044,1.44158546054379,0.16714494567079,21,23,52.6498605388441,-0.389114747395708,7,17.7487477592315,36.479305762391,18.0657513176955,13.7964896860311,7905738.53637555,288.010541903431,-9.14096354132099e-05,254.192283800133,8.36349387190471,1999,0,1,0,0,0,0,0,0,0,0,1,0,1,0,0,0,0,0,0,0,0,0,0,0,0,0,0,0,0,1,0,0,0,0,0,0,0,0,0,0,0,0,0,0
6,152.460590234831,526.684725870708,1.44212039007556,0.210498137067196,2,0,51.5298541896166,-1.91465646733176,11,17.766408724293,36.4972672672778,18.6494981121353,13.8187104592845,7266235.79845294,284.409928659325,-0.0111179400723643,268.135185635464,6.11945451843495,1984,0,0,0,0,0,1,0,0,1,0,0,0,1,0,0,0,0,0,0,0,0,0,0,0,0,0,0,0,0,0,0,0,0,0,0,1,0,0,0,0,0,0,0,0
2,-20.2803479383876,888.18377865453,2.04707568589915,0.213325159431551,16,7,52.1180491808,-0.32234161348089,12,17.7440264648921,36.570632772559,18.6370776891097,24.5564895318393,-149959.24209347,277.438874618675,0.0080540310733985,298.624246554398,8.64919230285875,1993,0,0,0,0,0,0,0,0,0,0,0,0,0,0,0,1,0,0,0,0,0,0,0,1,0,0,0,0,0,0,0,0,0,0,0,0,0,0,0,0,0,0,0,0
8,51.597530690503,1560.20581841552,1.44307193578992,0.191624389115421,30,17,51.320660330078,0.356791395129572,5,17.7481246989971,36.5507685122083,18.6420695190861,13.8106465391259,4476840.84372924,288.430383184715,-2.64230749087949e-06,37.0477646992953,4.52194786353704,1991,0,0,0,1,0,0,0,0,0,0,1,0,1,0,0,0,0,0,0,0,0,0,0,0,0,1,0,0,0,0,0,0,0,0,0,0,0,0,0,0,0,0,0,0
6,23.5627442806878,870.225606673232,1.44154186550712,0.19166235975827,14,19,54.1360591512282,-0.358649788345141,10,17.7560023673315,36.4783205285166,18.6351605274586,13.8140163912142,4690407.06991363,286.24061052695,-0.0004519611037651,83.0464043648442,4.24627610652522,1988,0,1,0,0,0,0,0,0,1,0,0,0,0,0,0,1,0,0,0,0,0,0,0,1,0,0,0,0,0,0,0,0,0,0,0,0,0,0,0,0,0,0,0,0
9,40.7662082071399,219.495280159374,1.43964310348231,0.259221348574207,6,8,52.4813722832785,0.686981717504085,12,18.8158260926811,36.4822017953454,18.5680950324231,-461658.397163308,-821256402.674036,272.096590603206,39.0022468303541,68.7234804540564,3.45056449987519,1995,0,0,0,0,0,0,0,0,0,1,0,0,0,1,0,0,0,0,0,0,0,1,0,0,0,0,0,0,0,0,0,0,0,0,0,0,0,0,0,0,0,0,0,0
3,119.252346167034,540.76046463054,1.44253172905658,0.162801474235643,28,23,51.8490766266095,-1.51113635290229,7,17.732359446227,36.492430751587,18.6461907431415,13.8163933470003,-381877.417594597,290.329645412673,0.0034454381158442,241.088649755547,5.0726538112158,1989,0,0,0,0,0,0,0,1,1,0,0,0,1,0,0,0,0,0,0,0,0,0,0,0,0,0,0,0,0,0,0,1,0,0,0,0,0,0,0,0,0,0,0,0
3,57.0339553506315,718.371690902439,1.44167849232301,0.168232336810965,7,21,52.0214161479874,-0.409437824127403,10,67.4814387173831,36.490243420912,18.6442763804576,13.8244271322641,6098729.76223138,286.090672945813,-3.02004444934782e-05,309.286072383688,10.1547751088508,1989,0,0,0,0,0,0,0,1,0,0,1,0,0,0,0,0,0,0,0,0,0,0,0,0,0,0,0,0,0,1,0,0,0,0,0,0,0,0,0,0,0,0,0,0
2,87.4903462967463,1222.54526289953,1.31878013052211,0.31926972163444,21,11,51.8476345518633,-1.47273261656087,12,35.5476026431906,40.7554255201539,18.6382440560141,6.11237900375053,1858822.99467664,284.285570358644,-0.0008070164302136,333.361867334025,10.0466165505314,1998,0,0,0,0,0,0,0,0,0,0,1,0,1,0,0,0,0,0,0,0,0,0,0,1,0,0,0,0,0,0,0,0,0,0,0,0,0,0,0,0,0,0,0,0
1,-22.4920070559554,545.168413400454,1.44226016944638,0.127064097800114,18,16,53.4444644281969,-2.68946947299035,2,50.4580526299326,35.3098629928717,17.2010174047136,1.35890881368937,553425.061538178,284.052574705432,0.0002755311051192,227.763028078662,3.51925938788221,1998,0,1,0,0,0,0,0,0,0,0,0,0,1,0,0,0,0,0,0,0,0,0,0,0,0,0,0,0,0,0,0,0,0,0,0,0,0,0,0,0,0,0,0,1
6,207.046638548717,663.292514431161,1.44159255282512,0.123336685279249,7,5,51.0950251532706,-1.4944095106025,12,17.7567496909547,36.4757800140243,18.6361616718775,13.8013063816656,-5018.12397131833,280.85537428243,0.0028428885967412,200.041630733092,5.95257043274247,1986,1,0,0,0,0,0,0,0,1,0,0,0,1,0,0,0,0,0,0,0,0,0,0,1,0,0,0,0,0,0,0,0,0,0,0,0,0,0,0,0,0,0,0,0
6,6.5562521541933,1012.79846286427,1.44211382917049,0.120310854054028,25,10,52.493745434399,-0.844425579685137,6,17.744667349689,36.4705104718527,18.6361053075359,13.8147614189731,1394608.24127212,285.354400446828,0.002162182519468,232.720487012051,4.62037547375589,1991,0,1,0,0,0,0,0,0,0,0,1,0,1,0,0,0,0,0,0,0,0,1,0,0,0,0,0,0,0,0,0,0,0,0,0,0,0,0,0,0,0,0,0,0
9,118.130295868228,354.450288098384,1.31740479181037,0.210488736027916,21,3,52.3169841139129,-2.22561579187478,6,21.9014226792241,38.3790405327575,18.598811231976,170379.736564088,1048105140.30253,283.329447307085,-0.186719723198923,-2.96857378019067,4.3395216093432,1981,0,0,0,0,0,0,1,0,0,0,1,0,0,0,1,0,0,0,0,0,0,0,0,0,1,0,0,0,0,0,0,0,0,0,0,0,0,0,0,0,0,0,0,0
1,36.1427768222351,599.275312000333,0.314746921379199,0.125708057424461,17,8,55.0125150861594,-2.56062646857089,2,37.8258442636193,42.267855421236,18.6445237989532,-20.1268401751246,90439.8999366135,275.588742173408,6.35541657171167e-05,254.190239791032,6.62816861351976,1995,0,1,0,0,0,0,0,0,0,0,1,0,1,0,0,0,0,0,0,0,0,0,0,0,0,0,1,0,0,0,0,0,0,0,0,0,0,0,0,0,0,0,0,0
2,-69.6283235155898,1343.48316047924,1.44148959827033,0.243131942505127,2,15,54.0538121839138,0.174370364783604,3,17.762542500099,36.4741314413114,18.6454223729423,13.8186799285396,3666624.42721517,278.557942324736,-0.0001268804007897,214.08129737591,1.05235075773824,1985,0,0,0,0,0,0,0,0,0,0,1,0,0,0,0,1,0,0,0,0,0,0,1,0,0,0,0,0,0,0,0,0,0,0,0,0,0,0,0,0,0,0,0,0
7,122.606570402557,1154.08648792306,1.44019838504483,0.165253675522459,19,12,52.9555848790699,-0.317049623978989,3,17.7182712561257,36.4902544852478,18.644509127681,13.8430956099611,2644262.40435439,291.325523624077,0.0004345455955253,243.088621748528,12.648156546268,1990,0,1,0,0,0,0,0,0,0,0,1,0,1,0,0,0,0,0,0,0,1,0,0,0,0,0,0,0,0,0,0,0,0,0,0,0,0,0,0,0,0,0,0,0
4,125.772740959656,1211.14916685324,1.35807573179604,0.242220825685403,8,15,53.8467445840194,-2.05633628427227,6,17.7359675123405,36.3685513487187,18.8759584458459,13.8053165289136,3722323.78187308,290.316309444788,0.0010246633259357,285.785624582522,6.3351572325644,1999,0,1,0,0,0,0,0,0,0,0,0,0,0,0,1,0,0,0,0,0,0,0,0,1,0,0,0,0,0,0,0,0,0,0,0,0,0,0,0,0,0,0,0,0
7,-54.7100804606662,112.487692372587,1.44205744547879,0.151443756413148,2,22,51.4649508299465,-1.06735605799684,9,17.7526613251618,36.4275701995956,18.6458171740755,13.7694863971589,6745472.58886064,287.545513886776,-0.000186443689283,228.256786745279,1.63730288782302,1999,0,0,0,1,0,0,0,0,0,1,0,0,1,0,0,0,0,0,0,0,0,0,0,0,0,0,0,0,0,0,0,0,0,0,0,0,0,0,0,0,0,0,0,0
1,31.2208169008633,449.644378257639,1.26979420784982,0.192179029177376,10,7,52.6899086627973,-2.29754652466826,10,18.0828830604633,39.050995172603,18.636822566047,8.75618306912831,193663.63995627,275.760593219011,-0.0023246768521427,247.117941860854,5.9593475852062,1993,0,0,0,0,0,0,0,1,0,0,1,0,0,0,0,1,0,0,0,0,0,0,0,0,0,0,0,0,0,0,0,0,1,0,0,0,0,0,0,0,0,0,0,0
7,-8.61712487033977,-235.536385083167,1.44272657599086,0.195612925087239,16,1,53.3939517425733,-2.72352795318907,10,17.7100982433147,36.5132319417413,18.1848868786282,13.7940540644998,6460183.98743499,278.435041512986,-0.0016882894533461,294.302381565199,0.242487885643001,2000,0,0,0,0,1,0,0,0,0,1,0,0,0,0,0,1,0,0,0,0,0,1,0,0,0,0,0,0,0,0,0,0,0,0,0,0,0,0,0,0,0,0,0,0
2,42.7227692545895,601.817530508995,1.28136746321522,0.233071991696153,29,7,53.7632156446392,-1.36540758648388,4,2.71759422870507,33.5821519017513,18.6323321288697,14.5716127500615,89449.3522535111,273.455365557033,-6.92355482207595e-05,107.967622815007,4.09520474597595,1984,0,0,0,0,0,0,0,1,1,0,0,0,1,0,0,0,0,0,0,0,0,0,0,0,0,0,0,0,0,0,0,0,0,0,0,0,0,1,0,0,0,0,0,0
1,165.383008444595,1379.67531612218,0.934026784755749,0.178843465718353,9,16,52.5588271844193,-0.818871264252555,6,5.68524297944189,32.5328356842306,22.2746918682225,11.7644125041281,3217626.47085123,286.558616245677,0.0008359437009729,229.511843688429,9.7276423876569,1981,0,1,0,0,0,0,0,0,0,0,0,0,0,0,0,0,0,0,0,0,0,0,0,0,0,0,0,0,0,0,0,0,0,0,0,0,0,0,0,0,0,1,0,0
0,70.5881067431303,734.807707835537,0.134126990666484,0.287477955812907,24,17,51.11355208654,-1.87177698895219,8,11.4080121896345,33.8548812233577,18.6936508322652,31073.786128093,-1001865294.77634,294.440428880992,0.132044048298866,268.106085041655,2.98953046673911,1991,0,0,1,0,0,0,0,0,0,0,1,0,0,0,0,0,0,0,0,0,0,0,0,0,1,0,0,0,0,0,0,0,0,0,0,0,0,0,0,0,0,0,0,0
8,-95.7949565899318,893.278405704976,1.44164137273496,0.164573827401656,4,3,51.5727410130909,0.0654365832657202,5,17.756109778059,36.4748303736701,18.6414319155263,13.8085615380615,1265953.21236427,282.310359877467,0.0012900453494847,175.906528124255,8.067387243357,1986,0,1,0,0,0,0,0,0,1,0,0,0,0,0,0,1,0,0,0,0,0,0,0,1,0,0,0,0,0,0,0,0,0,0,0,0,0,0,0,0,0,0,0,0
9,56.9381874816685,16.6703400771122,0.982851031199457,0.164334078820446,29,3,52.739857632676,0.141766890007757,5,9.04625749039425,36.5219235225881,17.6946991786981,25.3546570330928,2285614.20665585,282.244338805867,0.0002932076399053,47.442912961102,2.07283864087719,1999,0,0,0,0,1,0,0,0,1,0,0,0,1,0,0,0,0,0,0,0,1,0,0,0,0,0,0,0,0,0,0,0,0,0,0,0,0,0,0,0,0,0,0,0
8,83.4155514910013,994.43349207227,0.90586366395985,0.259144164236038,21,17,51.3847936493172,-2.00512215198132,9,24.5597546552434,36.9195664056089,18.6320689336871,20.2950787553666,4548435.50514477,287.11819548049,0.0002379358707511,226.177396824567,6.2448947102434,1993,0,0,0,0,1,0,0,0,1,0,0,0,1,0,0,0,0,0,0,0,0,0,0,1,0,0,0,0,0,0,0,0,0,0,0,0,0,0,0,0,0,0,0,0
5,125.091202279474,1345.47084579183,1.44114740568516,0.128910929251527,12,0,53.729887269924,-3.39699796445172,7,17.7673075211206,36.4730258948951,18.6421087750509,13.8041007071738,5100649.54903471,287.7692074845,0.0013792911835472,229.831198540265,11.0199156545261,1991,0,0,0,0,1,0,0,0,0,0,0,0,1,0,0,0,0,0,0,0,0,0,0,0,0,0,0,0,0,0,0,0,0,0,0,0,0,0,0,0,0,0,0,1
6,15.9828291364012,91.4146983168582,1.43978789366999,0.174551232838977,13,11,54.5492240047325,-1.08104152794582,12,17.7439240042663,36.4353162699834,18.6427387543553,13.8141089632689,-1166145.55958621,277.302840652897,0.0072297173836899,276.815848624604,1.67998862381229,1994,0,0,0,0,0,1,0,0,1,0,0,0,1,0,0,0,1,0,0,0,0,0,0,0,0,0,0,0,0,0,0,0,0,0,0,0,0,0,0,0,0,0,0,0
8,146.631876371333,1144.01087629567,0.798762563521231,0.15615410761102,20,11,53.8531259016076,-0.893377701166317,2,56.5295025085846,44.0951703906536,18.670083518863,16.7509411732411,2836945.56963659,283.34672765758,-0.0042090480772073,214.580852807061,8.53832566412188,1990,0,0,0,0,0,0,1,0,0,1,0,0,0,0,1,0,0,0,0,0,0,0,0,0,0,0,0,0,0,0,0,0,0,0,0,1,0,0,0,0,0,0,0,0
0,15.2972210848522,886.831030452258,-0.587894264865073,0.1620688788494,4,11,51.8904612713301,-2.52343324262328,11,92.0750329965307,11.8386009359488,17.2020917615213,11.662436076236,1650031.27743381,281.296324697428,-0.0008318378706865,193.969968126028,6.02497415308321,1999,0,1,0,0,0,0,0,0,1,0,0,0,1,0,0,0,0,0,0,0,0,0,0,0,0,0,0,0,0,0,0,0,0,0,0,0,0,0,0,0,0,0,1,0
0,-68.6080672010497,1261.45174791659,0.367481708826622,0.125145288734651,27,19,53.2304466817537,-0.24529123209509,8,52.1611980334345,22.7893256583689,13.8445423794599,-2.1818116877992,5143572.53649746,295.204480189361,0.0015856407865402,281.068788899353,8.79023338299148,1998,0,1,0,0,0,0,0,0,0,1,0,0,1,0,0,0,0,0,0,0,0,0,1,0,0,0,0,0,0,0,0,0,0,0,0,0,0,0,0,0,0,0,0,0
4,29.4694420075159,233.939990995876,1.44715307254076,0.206217586384518,19,23,52.9668977581785,-1.8492038124099,8,17.745670114617,36.5652506016513,18.679615231042,13.8531335271728,7876568.19602138,288.886587617159,-2.04910547916878e-05,259.709670577288,2.95367033545102,1993,0,0,0,0,0,1,0,0,0,0,0,0,0,0,1,0,0,0,0,0,0,0,0,1,0,0,0,0,0,0,0,0,0,0,0,0,0,0,0,0,0,0,0,0
5,40.6822883943747,800.170425967141,1.44341680953661,0.181670040024107,4,23,52.4382951946715,0.139683248286936,12,17.7466011429999,36.485320950869,18.6414324575268,13.8114649395528,2114917.06993768,282.322746234531,-0.0020896136651179,230.458069780498,6.93311016553906,1986,0,1,0,0,0,0,0,0,0,0,1,0,0,0,0,1,0,0,0,0,0,0,0,0,0,0,0,0,0,0,0,0,0,0,1,0,0,0,0,0,0,0,0,0
1,73.0390827971012,495.091126985742,1.44202809328166,0.178153333313484,5,10,52.6486104272433,-1.64044759731051,2,47.6669189603143,36.519516608183,18.7147181552589,10.215546633226,321314.355917299,281.797283380718,-7.47784121819895e-05,226.686593705551,6.63809092000128,2000,0,0,0,0,0,0,1,0,0,1,0,0,0,0,0,0,0,0,0,0,0,1,0,0,0,0,0,0,0,0,0,0,0,0,0,0,0,0,0,0,0,0,0,0
8,150.437950436082,1522.21616324018,1.39838674811798,0.244029646656047,15,16,52.8536116079587,-1.447299352032,9,3.21151892827034,26.5595503773824,18.6479378848546,18.3650380334561,3894722.48077375,295.062112950337,0.0001691294464152,214.064504030322,13.6197746751977,1997,0,0,0,0,0,0,0,0,1,0,0,0,0,0,0,0,0,0,0,0,0,0,0,0,0,0,0,0,0,0,1,0,0,0,0,0,0,0,0,0,0,0,0,0
9,64.1612422674102,474.773864363981,1.27350703171284,0.137353656727632,27,1,52.1029781636696,-0.353593576928862,5,21.0676699710722,35.6293315050512,18.5590874058257,22.4271199440571,6930824.77846674,282.634535189977,-0.0003986734580148,578.912654093336,4.79921948469089,1996,0,0,0,0,0,0,1,0,1,0,0,0,0,0,0,0,0,0,0,0,0,0,0,1,0,0,0,0,0,0,0,0,0,0,0,0,0,0,0,0,0,0,0,0
3,-26.3621580380435,135.679775946346,1.44316340704948,0.1851894696183,5,5,53.1715180880127,-1.48660664119279,8,17.7603536040612,36.4705829108038,18.64221998902,13.7821119206918,125707.054578753,284.246403077023,-0.0010673296867178,263.62857329362,2.19124341146997,1994,0,0,0,0,1,0,0,0,0,0,1,0,0,0,0,1,0,0,0,0,0,0,0,0,0,0,0,0,0,0,0,0,0,0,1,0,0,0,0,0,0,0,0,0
0,66.484314081282,374.709249792857,1.33759268832499,0.177044333018095,9,4,54.3027399066788,-1.23400629282705,10,17.7749480197272,35.267599158192,18.6359877793925,13.7997047911603,-11.6224399512495,281.854829942332,9.67301911822056e-05,261.085044221992,3.32534633036792,1999,1,0,0,0,0,0,0,0,0,0,1,0,0,0,0,1,0,0,0,0,0,0,1,0,0,0,0,0,0,0,0,0,0,0,0,0,0,0,0,0,0,0,0,0
0,82.7245487551794,444.911514189524,1.44124104326841,0.139507691263501,24,3,51.8239488580571,1.47828140000581,5,48.3300383272926,35.5572375015464,18.6428023318267,32.1777640701964,1328613.55507682,283.778788968615,0.0011304847664181,216.313474381417,3.26542495843896,2000,0,0,0,0,0,1,0,0,1,0,0,0,1,0,0,0,0,0,0,0,0,0,0,0,0,0,0,0,0,0,0,0,0,0,0,0,0,0,0,0,0,0,0,1
9,15.315089026949,185.294262805695,2.52095389124195,0.225800539924285,18,3,51.0773625702085,1.02499329380488,5,17.7366354720401,36.4846313127882,18.6384916678487,59.3565307025126,1465876.46959393,282.35714151246,2.46539891535443e-05,192.950288138493,2.04401544570367,1984,0,0,0,1,0,0,0,0,0,1,0,0,0,0,0,1,0,0,0,0,0,0,0,1,0,0,0,0,0,0,0,0,0,0,0,0,0,0,0,0,0,0,0,0
2,133.520809768766,427.276767360192,0.956073182467142,0.120585148773165,6,1,52.427766170333,-1.97462914279465,8,20.2874464487523,47.3539833397219,18.6416238030029,11.497847028262,6595672.82609509,288.428854892942,0.0011855146769841,256.87230668252,3.34608042055185,1984,0,1,0,0,0,0,0,0,0,1,0,0,0,0,0,1,0,0,0,0,0,0,0,0,0,0,1,0,0,0,0,0,0,0,0,0,0,0,0,0,0,0,0,0
1,102.67470440436,755.250795544664,1.16591789290897,0.195781194390857,10,9,51.6625673550104,-0.338146416444553,6,15.6264492076131,21.7711653325375,18.6408838378589,15.6993467505233,1747040.99031534,288.191531619715,0.0007679104496261,247.648164552784,2.26785437516547,1996,0,0,0,0,1,0,0,0,0,0,1,0,1,0,0,0,0,0,0,0,0,0,0,1,0,0,0,0,0,0,0,0,0,0,0,0,0,0,0,0,0,0,0,0
2,192.295322019571,735.632037373016,0.228179449239807,0.220048289647309,4,8,51.8601570559423,0.0034875292244138,4,22.4122924564727,49.9483922357339,18.6391341027976,9.6673240869099,273190.873186326,276.231077169767,0.0031005211861324,72.6075700244322,4.04584295428305,1981,0,0,0,0,0,1,0,0,0,0,1,0,0,0,0,0,0,0,0,0,0,0,0,0,0,0,1,0,0,0,0,0,0,0,0,0,0,0,0,0,0,0,0,0
5,164.558629432906,789.690796093891,1.44161231410465,0.163094743236933,27,10,52.0382040614585,0.563665672705768,3,17.756850034906,36.4624765385558,18.6445233313442,13.8075986812976,2784997.75558588,276.996808956411,-0.0014711542520474,275.617830999137,2.12404087204432,1995,0,1,0,0,0,0,0,0,1,0,0,0,1,0,0,0,0,0,0,0,0,0,0,0,0,0,0,0,0,0,0,0,0,0,0,1,0,0,0,0,0,0,0,0
8,120.34049129662,-280.040529675597,1.44254189597042,0.173223780344518,26,7,53.6656799532478,0.791870224916804,12,17.7475259012072,36.4953495893396,18.6414172238279,13.8063279750181,32896.4944032956,272.057973452363,-0.0025102744150305,298.196023239414,1.37022526478253,1992,0,0,0,0,0,0,0,1,0,0,0,0,1,0,0,0,0,0,0,0,0,0,1,0,0,0,0,0,0,0,0,0,0,0,0,0,0,0,0,0,0,0,0,0
1,83.4744167165206,543.445289747387,0.471937891087027,0.181699508881181,9,0,51.5290717637442,0.144345096211497,1,18.6846224258588,53.4474183351561,18.6438679064542,9.05033538144376,-3520010.09015018,278.463787169478,0.0050468868104557,254.493600610581,3.98616030644526,2000,0,0,0,0,0,0,0,0,0,1,0,0,0,0,0,1,0,0,0,0,0,0,0,1,0,0,0,0,0,0,0,0,0,0,0,0,0,0,0,0,0,0,0,0
8,134.409395430806,417.582733883855,1.44169200742339,0.192270779669802,6,2,51.7672573422666,-0.928816023387367,9,17.7652260560617,36.4585351359356,18.6454362870323,13.8069689981388,4340262.42054371,285.405238908518,-0.0003800749288403,198.532988693232,3.95051182179533,1994,0,0,0,0,0,0,0,1,1,0,0,0,0,0,0,1,0,0,0,0,0,0,0,0,0,0,0,0,0,0,0,0,0,0,0,1,0,0,0,0,0,0,0,0
9,-2.08182569842883,1095.76835088723,1.61056825295175,0.170399252024452,31,10,51.1788962145025,-0.539896777008785,5,21.0755552117706,32.526350334534,18.7161019674189,21.5514002855337,1686911.76342316,285.07029204054,0.0016448537253794,274.802216581341,1.65286969883775,2000,0,0,0,0,0,0,1,0,0,0,0,0,0,0,0,0,0,0,0,0,0,0,0,0,0,0,0,1,0,0,0,0,0,0,0,0,0,0,0,0,0,0,0,0
3,-98.2028422356012,1144.16259888326,1.44270582808413,0.209008037800642,17,3,53.3954095788173,-0.167777313347794,11,17.7620685764016,36.4713378240474,18.6374779518009,13.8490594338218,432900.525212246,283.79855298021,0.0005035638325711,243.190808119979,9.15528508322303,1981,0,1,0,0,0,0,0,0,0,1,0,0,1,0,0,0,0,0,0,0,0,0,0,0,0,0,0,0,0,0,0,0,0,0,0,0,0,0,0,0,1,0,0,0
2,295.317722930381,374.721312792382,1.04745362406444,0.218366872357339,16,1,52.6923627192465,0.155101055072657,5,14.183598362231,30.8388587195172,18.6400528329711,12.0146157110782,6831949.08030267,281.288904947765,0.0018812693883001,108.079682795171,3.91949769009177,1995,0,0,0,0,1,0,0,0,0,1,0,0,1,0,0,0,0,0,0,0,0,0,0,1,0,0,0,0,0,0,0,0,0,0,0,0,0,0,0,0,0,0,0,0
7,73.6424958236685,28.9146892748457,1.44172458900408,0.178479899422849,16,8,53.2173195948047,-1.71945888643032,3,17.7781014583798,36.4957435880028,18.6416239219454,13.8187065823632,744033.989573731,277.942367369337,0.001524233474467,40.9831740824964,3.85219200492701,1984,0,1,0,0,0,0,0,0,0,0,1,0,0,0,0,1,0,0,0,0,0,0,0,0,0,0,0,0,0,0,0,0,0,0,0,1,0,0,0,0,0,0,0,0
0,103.008313033281,471.573828078189,0.693874693898861,0.179424256510127,30,0,51.9337023480729,-0.683672873422922,11,10.8868083754051,37.2528118116782,18.640472460916,17.3360773091391,1129733.72537191,274.663354437383,0.0021113777337845,-30.9612012956499,5.55244366675995,1981,1,0,0,0,0,0,0,0,0,0,0,0,0,0,1,0,0,0,0,1,0,0,0,0,0,0,0,0,0,0,0,0,0,0,0,0,0,0,0,0,0,0,0,0
5,138.688892953392,551.858718393078,1.4435609001617,0.193673669414869,26,14,52.1922945086346,-2.08372834788535,1,17.7355629905926,36.4760350910962,18.6378874504634,13.7950623985265,2313871.74018157,278.143199036175,3.11438197954563e-05,135.077400386167,3.10908424347819,1986,0,0,0,0,0,1,0,0,0,1,0,0,1,0,0,0,0,0,0,0,0,0,0,0,0,0,0,0,0,0,0,0,0,0,1,0,0,0,0,0,0,0,0,0
0,17.7778214346543,766.467053462539,-0.506514505494865,0.232859387690807,8,23,50.8542694416366,-2.01003179876749,7,11.1090071884212,29.1371343126085,18.6364208773023,7.39040333939533,9059288.51940253,293.285208802834,0.0023724129348105,185.395580012704,5.05209546983409,1984,0,0,0,0,1,0,0,0,0,0,0,0,0,0,0,0,0,0,0,0,0,0,0,0,0,0,0,0,0,0,0,0,0,0,0,0,0,0,0,1,0,0,0,0
8,-15.9337758875506,-179.558404004556,1.35996242377722,0.202834328556916,10,22,51.1564079525362,-2.45503323041507,3,17.7149511007757,37.6560316687009,18.6394433354473,13.813696913876,7020715.20297862,281.64170903925,0.0007833177020414,14.8944774451583,3.75761880873958,1999,0,0,0,0,0,1,0,0,1,0,0,0,0,0,0,1,0,0,0,0,0,0,0,0,0,0,0,0,0,0,0,0,0,0,0,0,0,1,0,0,0,0,0,0
