target,Altitude,blh,co,CVD60,Day,Hour,Latitude,Longitude,Month,no2,o3,pm10,pm2.5,so2,ssr,t2m,tp,ws,Year,Region_East of England,Region_Greater London Authority,Region_North East,Region_North West,Region_South East,Region_South West,Region_West Midlands,Region_Yorkshire and The Humber,Season_Spring,Season_Summer,Season_Winter,Type_Background Suburban,Type_Background Urban,Type_Industrial Suburban,Type_Industrial Urban,Type_Traffic Urban,Zone_Blackpool Urban Area,Zone_Brighton/Worthing/Littlehampton,Zone_Bristol Urban Area,Zone_Coventry/Bedworth,Zone_East Midlands,Zone_Eastern,Zone_Greater London Urban Area,Zone_Greater Manchester Urban Area,Zone_Kingston upon Hull,Zone_Leicester Urban Area,Zone_Liverpool Urban Area,Zone_North East,Zone_North West & Merseyside,Zone_Nottingham Urban Area,Zone_Portsmouth Urban Area,Zone_Reading/Wokingham Urban Area,Zone_Sheffield Urban Area,Zone_South East,Zone_South West,Zone_Southampton Urban Area,Zone_Southend Urban Area,Zone_Teesside Urban Area,Zone_The Potteries,Zone_Tyneside,Zone_West Midlands,Zone_West Midlands Urban Area,Zone_West Yorkshire Urban Area,Zone_Yorkshire & Humberside
3,-34.7572922325576,883.984574899873,1.26979419934377,0.162660466306276,29,11,51.8629460027548,-2.60644556825677,10,37.1192332016591,17.6441624598259,39.05099510178,18.6458284400416,5.71970491837082,4452769.27988624,289.094277496906,-0.0007152060116863,6.59395632314517,1997,0,0,0,0,0,0,1,0,0,0,0,0,0,0,0,1,0,0,0,0,0,0,0,0,0,0,0,0,0,0,0,1,0,0,0,0,0,0,0,0,0,0,0,0
4,120.565866982914,433.144046787067,1.44206617586508,0.161090235577386,24,22,52.3903504528408,0.44664246212632,5,76.3654833944639,17.7017641922209,36.4747376027477,18.641305439912,13.8118877173144,3797770.01566981,283.093175307158,0.0010264340071018,4.54312016525678,1981,0,0,0,1,0,0,0,0,0,0,1,0,0,0,0,1,0,0,0,0,0,0,0,0,0,0,0,0,0,0,0,0,0,0,0,0,0,0,0,0,0,1,0,0
2,-1.48005332242693,727.612239462632,0.381885358708505,0.175819998353077,13,8,51.1232400507177,-1.57779346949938,10,65.6675639260092,12.8500680346518,42.1019687614149,18.6406573208971,2.18835332709853,1070053.06662538,282.173104775625,-0.0047934724593106,7.22108530556521,1993,0,1,0,0,0,0,0,0,0,0,0,0,1,0,0,0,0,0,0,0,0,0,1,0,0,0,0,0,0,0,0,0,0,0,0,0,0,0,0,0,0,0,0,0
3,103.630510623802,610.187355836855,1.44236725217516,0.100345212827802,6,15,51.5529055989575,-2.94355997215171,1,76.3953908486277,17.6977870314828,36.4889677569519,19.535012760968,13.8448518551555,1061761.48981539,278.788276838179,-8.02904603340019e-05,4.0601558929693,1998,0,1,0,0,0,0,0,0,0,0,0,0,1,0,0,0,0,0,0,0,0,0,0,0,0,0,0,0,1,0,0,0,0,0,0,0,0,0,0,0,0,0,0,0
0,31.9733936301417,333.593736055921,1.44270169361525,0.182106403236118,25,2,51.3992698504909,-0.186442882526724,10,76.2790136324438,17.6969614524251,36.468162716973,18.6362215295188,13.829536202032,6363186.03975725,288.839367128479,-0.0014376352148925,5.32072738359681,1991,0,0,1,0,0,0,0,0,1,0,0,0,0,0,1,0,0,0,0,0,0,1,0,0,0,0,0,0,0,0,0,0,0,0,0,0,0,0,0,0,0,0,0,0
5,127.380692627357,545.081795998467,1.44226135403975,0.202920225633568,10,6,54.7071201131436,-2.62577445844683,8,76.3132838204878,17.753345713517,36.4581596648465,18.637659062427,13.8366159143217,160736.691036342,283.288668706728,-0.0005277534338398,5.45320225596734,1985,0,0,0,0,0,0,0,1,0,0,0,0,1,0,0,0,0,0,0,0,0,0,0,0,0,0,1,0,0,0,0,0,0,0,0,0,0,0,0,0,0,0,0,0
8,140.967607799188,1144.01742673858,1.44196294274273,0.193420346768722,22,17,54.3671151234356,-0.293475918318892,8,76.3400331348873,17.7927608281749,36.4857280460779,18.641967838134,13.7873864019624,3404069.9129285,289.205953787639,0.0002526514767916,4.58877965594858,1988,0,0,0,1,0,0,0,0,0,0,1,0,1,0,0,0,0,0,0,0,0,0,0,0,0,0,0,0,0,0,0,0,0,0,1,0,0,0,0,0,0,0,0,0
8,119.661444159995,468.76687412506,1.44234465560032,0.269535957185568,6,1,52.5628552140006,0.712253589729344,4,76.2471435069383,17.7458999803137,36.4678112419312,18.6383595685206,13.8045402763185,3022621.27759228,275.848653469831,0.0051802514362481,2.72721919265938,1983,0,0,0,1,0,0,0,0,0,0,1,0,0,0,0,1,0,1,0,0,0,0,0,0,0,0,0,0,0,0,0,0,0,0,0,0,0,0,0,0,0,0,0,0
5,8.09331000432553,142.268371083255,0.855849652353968,0.157091043817101,9,19,52.0745328660622,-1.4909134043695,1,101.159184771763,14.7707686831104,35.6293322982626,18.640260089996,20.3633902618259,4274616.62982684,278.451934268558,-0.0028993344881124,1.3446016812309,1990,0,0,0,0,0,1,0,0,1,0,0,0,0,0,0,0,0,0,0,0,0,0,1,0,0,0,0,0,0,0,0,0,0,0,0,0,0,0,0,0,0,0,0,0
5,231.834621965845,574.486044808575,0.601154303318242,0.14312511235093,29,3,51.9623132056041,-1.57376999668396,8,69.2894958854821,11.6490232794508,35.6293328465621,16.8792586608635,19.1048894485492,1901282.34013555,283.809722408562,0.0001028422415274,5.63264496993748,1988,0,1,0,0,0,0,0,0,0,0,1,0,0,0,0,0,0,0,0,0,0,0,1,0,0,0,0,0,0,0,0,0,0,0,0,0,0,0,0,0,0,0,0,0
6,14.7563068897906,639.491880959425,0.933528157089465,0.222224447297594,14,13,53.8363658183961,-0.769596284616805,1,83.6810219346721,17.3090201763934,35.319512346384,18.6436943607826,14.6277078999829,851435.042174769,281.695656547501,0.0003948087973934,6.26623538244629,1995,0,0,0,0,0,0,0,0,0,1,0,0,0,0,0,1,0,0,0,0,0,0,0,0,0,0,0,0,0,0,0,0,1,0,0,0,0,0,0,0,0,0,0,0
7,56.32723377656,732.344479311892,1.44276200277463,0.131516542415834,4,6,51.2048082352297,-1.22056502994948,1,76.4023567236441,17.7935418970676,36.4664049339009,18.6402095235658,13.7982226618345,57660.4232459555,278.912142907885,-6.25415789935677e-05,9.11554995014518,1983,1,0,0,0,0,0,0,0,0,1,0,0,1,0,0,0,0,0,0,0,0,0,0,0,0,0,0,0,0,0,0,0,0,0,0,0,0,0,0,0,1,0,0,0
9,145.722643393491,-1013.34366681084,0.956073190140923,0.0912428696146484,28,22,51.8558646374582,-1.01140590183046,1,63.41757429505,4.81882504932611,47.3539834252388,18.654018320755,11.49784778742,4879469.25939304,271.655832130657,-0.0038980252209838,-3.77880521819288,1999,0,0,0,0,0,0,0,0,0,1,0,0,0,0,0,1,0,0,0,0,0,0,0,0,0,1,0,0,0,0,0,0,0,0,0,0,0,0,0,0,0,0,0,0
2,172.466270867518,406.324035629126,0.303782283218252,0.224960290409733,22,19,54.3812922835634,-2.92011675158491,11,49.8292058610757,17.105811801722,32.8889157519089,18.6357130684248,1.22083939464921,1569743.81029842,282.764963280374,9.96553925531608e-05,2.91808242810566,1997,0,0,0,1,0,0,0,0,0,1,0,0,1,0,0,0,0,0,0,0,0,0,1,0,0,0,0,0,0,0,0,0,0,0,0,0,0,0,0,0,0,0,0,0
5,-63.8226193549354,244.054811480125,0.593131235223331,0.125557416698631,27,1,55.0726729027298,-1.49024419434417,4,58.4654505748281,21.7708120646965,22.0399512396837,18.640471270628,6.14706188429205,5258766.01004083,282.919111168236,0.0010959145208919,2.73461176743952,1998,0,0,0,0,0,0,1,0,1,0,0,0,1,0,0,0,0,0,0,0,0,0,0,0,0,0,0,0,0,0,0,0,0,0,0,0,0,0,0,0,0,1,0,0
1,2.59362342879105,1153.7157851647,0.945906415502695,0.181434998539586,23,14,52.1631724334022,-2.05193799991622,12,42.8690499002526,7.10409558405476,32.9744802876099,18.563765537374,11.781670984422,1344595.51007048,280.14352408708,-0.0001563401431963,11.5412752340597,1996,0,0,0,0,0,0,1,0,0,0,0,0,0,0,0,0,0,0,0,0,0,0,0,0,0,0,0,0,0,0,0,0,0,0,0,0,0,0,0,0,0,1,0,0
7,-27.5266063502354,314.253064636594,1.43984553153484,0.18899929979971,31,11,55.7359392769044,-0.610969646597971,12,76.3532279472955,17.7702601103558,36.4774454613972,18.6423125993987,13.8125302486208,-320733.386761371,278.852338022682,0.0011277542946356,3.47233169339094,1988,1,0,0,0,0,0,0,0,0,0,0,0,0,0,0,1,0,0,0,0,0,0,0,0,0,0,0,1,0,0,0,0,0,0,0,0,0,0,0,0,0,0,0,0
8,37.4259313160462,338.617978916994,0.594070363844387,0.133143918753565,1,7,54.2676226580784,-1.59017326364035,3,36.1063067439974,23.3556506047083,26.0459322805005,18.6477865726225,9.2090806653428,-195283.402211838,270.014404813237,0.0003494376102004,1.27006283736726,2000,0,0,1,0,0,0,0,0,0,0,0,0,1,0,0,0,0,0,0,0,0,0,0,0,0,0,0,0,0,0,0,0,0,0,0,0,0,0,0,0,0,1,0,0
9,29.8330484263609,1092.17063909722,0.134127049189391,0.171906609724472,12,21,51.7534372347371,0.60687737858858,5,-115651.068790268,10.2474994724498,33.8548804818996,18.6420784426563,31073.7847845998,-2278857882.11284,280.849308667453,0.44932235163703,7.43910012155915,1987,0,0,0,1,0,0,0,0,1,0,0,0,0,0,0,0,0,0,0,0,0,0,0,1,0,0,0,0,0,0,0,0,0,0,0,0,0,0,0,0,0,0,0,0
6,109.349217023116,648.090621445784,1.442864462398,0.130791633164634,16,16,52.1011924097339,-1.2377088086954,1,76.3092560192852,17.737094091102,36.4722502468135,18.6382637693436,13.8175848420714,-2234649.84343729,279.458180371733,0.0016052649807954,4.55026667051097,1989,0,0,0,1,0,0,0,0,0,0,0,0,1,0,0,0,0,0,0,0,0,0,0,0,0,0,0,1,0,0,0,0,0,0,0,0,0,0,0,0,0,0,0,0
4,82.7603247752239,787.3791387029,1.4416611383345,0.277301413167552,23,7,52.825743169753,-2.6847979528176,1,67.3931480448839,17.7505719030871,36.4770257176081,18.6419565141355,13.8056059610329,88636.0656602698,272.426379583357,-0.0035087358804672,4.90528618470299,1988,0,0,0,1,0,0,0,0,0,0,1,0,1,0,0,0,0,0,0,0,0,0,1,0,0,0,0,0,0,0,0,0,0,0,0,0,0,0,0,0,0,0,0,0
1,114.687388711138,188.912837320352,1.44173658105112,0.201083944724498,20,8,53.6864306544742,-0.479708224542417,10,76.3215944252529,17.7421476371619,36.4788290786318,18.6396868515828,13.8090350737873,320801.834550575,281.818476388685,0.0021681233713651,1.96745884986664,1987,0,0,0,1,0,0,0,0,0,0,1,0,0,0,0,1,0,0,0,0,0,0,1,0,0,0,0,0,0,0,0,0,0,0,0,0,0,0,0,0,0,0,0,0
6,63.7197358019112,1247.19645672185,1.44278814257752,0.211877711786727,14,8,54.3826162448723,-2.08352055922799,10,76.3765224261325,17.7518927227209,36.4418607129474,18.6436222632734,13.8132075836356,1034198.51070727,283.073325250701,-0.002637015740887,8.01241547461377,1982,0,1,0,0,0,0,0,0,0,0,0,0,1,0,0,0,0,0,0,0,0,0,0,0,0,0,0,0,0,0,0,0,0,0,1,0,0,0,0,0,0,0,0,0
2,29.5399147732392,115.495887633813,0.653219338922986,0.147687864633323,4,6,51.7219068531865,-1.49631162088975,9,75.1788125882549,2.42169772302918,15.0882057009847,18.6447161656564,47.9366520895751,20562.6231026282,286.729910610733,7.83305762839249e-05,1.53426280403464,2000,0,0,0,0,0,1,0,0,0,0,0,0,0,0,0,1,0,0,0,0,0,0,0,1,0,0,0,0,0,0,0,0,0,0,0,0,0,0,0,0,0,0,0,0
4,101.211696139049,627.287613895885,1.07948084170809,0.16740709932115,26,10,52.9860596146702,-0.123152824137444,5,79.6897124451406,23.9559357847957,35.6293318603634,18.7150265728353,21.4683976939607,628859.00714366,287.093020058264,0.0021112635454809,6.6715211142627,2000,0,0,0,0,0,0,1,0,0,0,0,0,0,0,0,0,0,0,0,0,0,0,1,0,0,0,0,0,0,0,0,0,0,0,0,0,0,0,0,0,0,0,0,0
0,52.0276371415671,918.13883977573,1.44039959566978,0.213383543496247,7,10,52.8228810754506,-0.108203863505574,8,76.377655535286,17.7525406842188,36.482506319671,18.6400528272719,10.1290384447795,1873871.90167241,292.223971554305,-1.40141554057312e-05,5.78384206291035,1995,0,0,0,0,1,0,0,0,1,0,0,0,1,0,0,0,0,0,0,0,0,0,0,0,0,0,0,1,0,0,0,0,0,0,0,0,0,0,0,0,0,0,0,0
2,81.3785694046256,6.96663929013945,1.44375596994693,0.243677864965621,8,1,52.6636181247696,-0.940149246535037,7,76.5736578308472,17.767729334582,36.4783756002913,18.6347489240898,13.798275273936,9667876.75980601,291.38303312084,-0.0004920332173671,3.95003785688638,1995,0,0,1,0,0,0,0,0,0,0,1,0,0,0,0,1,0,1,0,0,0,0,0,0,0,0,0,0,0,0,0,0,0,0,0,0,0,0,0,0,0,0,0,0
6,-2.09270499198468,96.7111105857924,1.44135858296504,0.169402706481674,3,1,51.8889312182278,0.928444688317068,8,76.356472921569,17.7537744097736,36.4810637622355,25.0660901265169,13.8055891903101,7795582.07745592,288.154767136392,-0.0025186528496335,3.19936431561834,2000,0,1,0,0,0,0,0,0,0,0,0,0,0,0,0,1,0,0,0,0,0,0,0,0,0,0,0,0,1,0,0,0,0,0,0,0,0,0,0,0,0,0,0,0
7,136.101355342414,610.668878474398,1.43604217778223,0.223263259350452,17,21,52.6921095625651,-2.72724759629943,3,64.5544652421833,-0.21094585850885,36.7914467513632,18.6359239049387,17.9311494082091,1490228.60353289,284.453706697295,0.0016611400372651,5.28219439402443,1998,0,0,0,0,0,0,0,1,0,0,0,0,1,0,0,0,0,0,0,0,0,0,1,0,0,0,0,0,0,0,0,0,0,0,0,0,0,0,0,0,0,0,0,0
3,68.262536112548,899.702352016254,1.44222798625952,0.137452596657188,24,17,51.9147896594873,0.840067711800827,11,76.325337926068,17.7094983312639,36.4961235888988,18.6283625908547,13.8563071931514,3055922.35456482,286.645724339293,-5.61700186032903e-06,12.5835320323134,1995,0,0,0,0,0,0,0,1,0,1,0,0,1,0,0,0,0,0,0,0,0,0,0,0,0,0,0,0,1,0,0,0,0,0,0,0,0,0,0,0,0,0,0,0
0,111.433934229536,391.547557874892,1.44335166898442,0.119226021394809,16,2,53.5351169727146,-1.3315492118698,10,76.3761928450868,17.7406032752318,36.4638134279898,18.6347684133143,13.807812856081,4785082.75951178,286.368638599262,-0.0005367037162618,5.75846963876988,1981,0,0,0,0,1,0,0,0,0,1,0,0,1,0,0,0,0,0,0,0,0,0,0,0,0,0,0,0,0,0,0,0,0,0,1,0,0,0,0,0,0,0,0,0
0,165.388640048648,581.613120506598,1.44214984609453,0.167824319671819,15,22,53.9742625898058,0.213520780581748,5,79.249562368561,17.7660762604624,36.4763707046875,18.6430894370883,13.8358539920155,4924235.64670026,284.253145985527,0.0032729776508007,6.16142422259697,1988,0,0,0,0,1,0,0,0,0,1,0,0,1,0,0,0,0,0,0,0,0,0,0,0,1,0,0,0,0,0,0,0,0,0,0,0,0,0,0,0,0,0,0,0
9,-94.7487114581309,1826.17347936497,1.27350706732646,0.173430967271999,16,11,51.3430703111569,-1.86998117621188,3,85.9762198492493,46.6601217337237,35.6293322823433,20.1049875153729,22.427120610452,3532817.83987473,277.981304784667,0.001436532528993,11.6200134508184,1985,0,1,0,0,0,0,0,0,0,1,0,0,0,0,0,0,0,0,0,0,0,0,1,0,0,0,0,0,0,0,0,0,0,0,0,0,0,0,0,0,0,0,0,0
6,54.0989881488003,1226.54232207317,1.44278812556908,0.179332546806932,28,11,51.2897638303602,-1.0434269325608,6,76.3807345469557,17.7518888460267,36.4418588430086,18.6436216111548,13.8132075667802,3206461.76599849,286.775344738915,0.0028251336605406,8.22537279111789,1982,0,1,0,0,0,0,0,0,0,0,0,0,1,0,0,0,0,0,0,0,0,0,0,0,0,0,0,0,0,0,0,0,0,0,1,0,0,0,0,0,0,0,0,0
6,61.7883882091126,438.653605388901,1.44015048192196,0.176217892269501,23,7,54.8053248461465,-1.17238776369354,10,76.3427169078954,17.7464071954291,36.4857981374494,19.1210330323721,13.8302910485372,125122.017200386,282.873593079871,0.0026131497738724,6.7984383770225,1998,0,1,0,0,0,0,0,0,1,0,0,0,0,0,0,1,0,0,0,0,0,0,0,0,0,0,0,1,0,0,0,0,0,0,0,0,0,0,0,0,0,0,0,0
8,72.9751521995891,16.009024498301,1.44206610123682,0.189496233400307,4,19,50.4684189220804,-2.37079805695089,11,76.3732041740214,17.7013601907906,36.4747386846651,18.6433292050848,13.8118879990975,7068553.94074834,282.476055570081,-0.0040687325421161,1.79619855625505,1981,0,0,0,0,0,0,0,0,0,1,0,0,0,0,0,1,0,0,0,0,0,0,0,0,0,0,0,0,0,0,0,0,0,0,0,0,0,0,0,0,0,1,0,0
6,63.814505092982,1392.71567692679,1.40541658792256,0.213917628617964,14,23,51.6210982837336,-1.45536533377086,12,31.7448425545862,1.57069316519091,35.9840315633888,16.2954718418751,26.6824539191064,3746732.26249225,284.474433890139,-0.0024633923359026,10.3058877677448,2000,0,0,0,0,1,0,0,0,1,0,0,0,0,0,1,0,0,0,0,0,0,0,0,0,0,0,0,0,0,0,0,0,1,0,0,0,0,0,0,0,0,0,0,0
4,17.6152448739926,178.139813634974,1.44172459539114,0.189555175325151,12,21,52.3039822154253,-0.0622088824486617,10,76.3187738104822,17.7779714966417,36.4957436377818,18.6384851736623,13.8187057296948,7211544.5603897,285.808510043532,-0.004869893860497,2.37700276608486,1984,0,0,0,1,0,0,0,0,0,0,0,0,0,0,0,1,0,0,0,0,0,0,0,0,0,0,0,0,0,0,0,0,0,0,1,0,0,0,0,0,0,0,0,0
1,-43.8320175290738,1142.02980003066,1.54281457406767,0.216896891137753,20,11,52.4397740748541,-1.54179279287347,2,90.4527337205983,18.7980347626126,31.7290969114243,18.6142808438258,15.6189451314492,2840893.30277457,272.730387900792,-0.0005195154940455,4.79588734515682,1983,1,0,0,0,0,0,0,0,1,0,0,1,0,0,0,0,0,0,0,0,0,0,0,0,0,0,0,0,0,0,0,0,0,0,0,0,1,0,0,0,0,0,0,0
9,21.317269487421,507.564879782569,1.43970177829979,0.180109929071345,15,19,53.3795244943591,-1.04419860916872,2,31.3155724819619,17.7371447468775,36.4700523236905,18.6322431972197,13.8159576324442,3111007.18400883,281.543159260403,0.000977656384383,4.76894868012941,1993,1,0,0,0,0,0,0,0,0,0,0,0,0,0,1,0,0,0,0,0,0,0,0,0,0,0,0,0,0,0,0,0,0,0,0,0,0,1,0,0,0,0,0,0
3,60.3439572257463,801.76907701055,1.63752674694474,0.181031583755527,13,10,53.7057526549223,-1.84179863557633,4,78.3994870456716,44.1722950420599,37.3404329834618,18.6330504844077,4.28617237557313,2844141.60871243,284.467698466343,-0.0003088655886662,5.51200428836854,1982,0,0,0,0,0,0,0,1,0,0,1,0,0,0,1,0,0,0,0,0,0,0,0,0,0,0,0,0,0,0,0,0,0,0,0,0,0,0,0,0,0,0,1,0
9,67.1675648169332,437.818066954493,1.44281478930603,0.157109640447938,18,3,53.1290752714974,-0.195539148965931,10,76.3847573106852,17.7395956034676,36.495290312702,18.6343118525849,13.8208310465862,-26618.8056474609,276.729686157339,0.0016390713760082,5.95592812032706,1990,0,0,0,0,1,0,0,0,1,0,0,0,0,0,0,1,0,0,0,0,0,0,0,0,0,0,0,0,0,0,0,0,0,0,0,0,0,0,0,0,0,0,0,1
5,73.6244265246396,1526.47886359337,1.4412621480934,0.158553005724392,7,14,52.8400642628527,-0.0676313111822122,10,76.3119340056506,17.7467829751231,36.4704898199778,18.6397845733504,13.8153051649917,3367450.36519576,285.625892997748,0.0002032049578351,7.46656515467317,1983,0,0,0,0,0,0,1,0,1,0,0,0,1,0,0,0,0,0,0,0,0,0,0,0,0,0,0,0,0,0,0,0,0,0,0,0,0,0,0,0,0,0,0,1
4,61.1323157511569,778.018049386265,1.23620793466859,0.237023895048034,23,18,51.325285527253,-1.33451431897937,1,452.158473399017,41.4069766124533,36.5034904658403,18.6399360616661,16.2330859470772,5842952.47768792,283.121706183788,-0.0041457289677258,8.19631169087698,1983,0,0,1,0,0,0,0,0,0,0,1,0,0,0,0,1,0,0,0,1,0,0,0,0,0,0,0,0,0,0,0,0,0,0,0,0,0,0,0,0,0,0,0,0
5,185.323301575301,463.927338257296,1.44176828532114,0.16159822066361,9,0,52.2476505878654,-0.52621032633326,9,76.267483371645,17.7756396834031,36.460821286816,18.6388654507138,13.8060179494609,7099176.89352646,286.027496501165,0.0007767264524509,4.75464461618929,1987,0,0,0,0,0,1,0,0,0,0,0,0,1,0,0,0,0,0,0,0,0,0,0,0,0,0,0,0,0,0,0,0,0,0,0,0,0,0,0,0,0,0,0,1
9,100.917648281571,1091.61096908389,1.44256010168895,0.176559405401433,19,20,53.8534343968271,-1.28541292208007,6,76.3773577115512,17.8043571279368,36.4811671999819,18.6421436896093,13.8179814522608,6998323.90971634,283.38708810345,0.0035208940124204,4.15177127504966,1991,0,0,0,1,0,0,0,0,0,1,0,0,1,0,0,0,0,0,0,0,0,0,0,0,0,0,0,0,0,0,0,0,0,0,1,0,0,0,0,0,0,0,0,0
6,66.4023448700706,1255.97593675083,1.320698227292,0.144030972197254,11,2,53.0522350392867,-0.154048264150228,1,111.114218790588,13.6746103606899,38.6867653077173,18.6472579407751,23.0605320879071,-1188523.37111266,284.608803477148,0.0030560800927527,15.7537925116963,1986,0,0,0,0,0,0,0,1,0,0,0,0,0,0,0,1,1,0,0,0,0,0,0,0,0,0,0,0,0,0,0,0,0,0,0,0,0,0,0,0,0,0,0,0
4,75.1524287642627,539.039290920776,1.44104438102659,0.124891615930835,21,21,53.635262245432,-3.16742875606558,5,76.3278898579071,17.7688498757747,36.4746682538566,18.6354646888014,13.8193749305657,6509767.49717942,284.876518289874,0.0001917329745611,1.7260707294194,1988,0,1,0,0,0,0,0,0,0,0,0,0,1,0,0,0,0,0,0,0,1,0,0,0,0,0,0,0,0,0,0,0,0,0,0,0,0,0,0,0,0,0,0,0
2,183.30453548434,1121.48040101491,1.23620796535193,0.120570689979755,25,9,54.2480487640679,-0.207155706772946,6,287.530963616812,1.99354196243805,36.5034899738528,18.6451500904504,16.2330856846659,3516711.1962029,284.171422457881,-0.0009561038347726,3.14304182735328,1999,0,0,0,1,0,0,0,0,0,0,0,0,0,0,0,1,0,0,0,1,0,0,0,0,0,0,0,0,0,0,0,0,0,0,0,0,0,0,0,0,0,0,0,0
6,62.733994416583,-341.22836924371,1.44298620470019,0.200824400392475,16,0,52.6792800219124,-1.44006433456546,11,76.3911706180358,17.748432588402,36.4519248780847,18.6424054247035,13.8061429470958,4924061.9258135,278.110240747278,-0.0010047498049721,-5.74006441051908,1990,0,0,0,0,0,0,0,1,0,0,1,0,1,0,0,0,0,0,1,0,0,0,0,0,0,0,0,0,0,0,0,0,0,0,0,0,0,0,0,0,0,0,0,0
9,-20.9531247555929,796.300241125265,1.44193420895178,0.194234646053906,5,16,52.9349016847854,-1.1916754007349,3,76.3528974728259,17.7345893793717,36.4644970886203,18.6390077405919,13.8056746772279,4613529.1497481,280.042344324599,-0.0003594469732433,1.89256967983685,1984,0,0,0,1,0,0,0,0,0,0,1,0,1,0,0,0,0,0,0,0,0,0,0,0,0,0,0,0,1,0,0,0,0,0,0,0,0,0,0,0,0,0,0,0
9,-35.7685010778928,1135.7935391168,0.885297993852405,0.307264158221031,29,18,53.046102035481,-1.31180178961045,10,50.0561433102342,19.5186164445434,40.5577717589635,18.6452423966801,19.4459799266696,4285246.54871703,277.04827987449,-0.0011694902514312,2.18907451235297,1992,0,0,0,0,0,1,0,0,0,1,0,0,1,0,0,0,0,0,0,0,0,0,1,0,0,0,0,0,0,0,0,0,0,0,0,0,0,0,0,0,0,0,0,0
8,-52.3254973690672,548.11113681652,1.44255413089212,0.138549506614702,10,2,51.8578856515253,-1.5328178276431,4,60.8693641604389,58.365219547393,35.6419651930541,18.650902354452,13.7322579919547,-37679.2052583834,278.96188766784,0.0043108488956705,4.04497893351617,1999,0,0,0,0,0,0,0,0,0,0,0,0,1,0,0,0,0,0,0,0,0,0,0,0,0,0,0,0,0,0,0,0,0,0,0,0,0,0,0,0,0,0,0,1
8,47.652804900977,530.85086818148,1.4420863063362,0.151381018111963,24,23,50.3832349501864,-2.80226742071379,1,76.4179759821644,17.7536372384279,36.4825814144747,18.6407685167812,13.8426547553342,-852386.350013466,273.644836522663,0.0005110981164514,4.69679881301751,1985,0,1,0,0,0,0,0,0,0,1,0,0,1,0,0,0,0,0,0,0,0,0,0,0,0,0,0,0,1,0,0,0,0,0,0,0,0,0,0,0,0,0,0,0
8,96.8154244897137,629.829389995245,1.86076899667444,0.202424899961674,29,4,53.5463581474825,-0.566936859127569,5,62.1525159229855,17.1559364699804,33.4881348459,18.9964807994422,14.7336488183674,-17.5316261222169,280.596074200871,-0.0006019252364039,4.90787356826874,2000,0,1,0,0,0,0,0,0,0,1,0,0,0,0,0,0,0,0,0,0,0,0,0,0,0,0,0,0,0,0,0,0,0,0,0,0,0,0,0,0,1,0,0,0
6,33.7566751364114,54.6396172964051,1.44173830457732,0.15633190857192,25,22,52.8489866801534,0.78555993684516,12,78.7104520195265,31.2115750688121,36.301730669928,18.5589374913528,13.3426346415621,3273048.66060938,278.563766890744,-0.0032049207292765,1.87694078138531,1983,0,0,0,0,0,0,1,0,1,0,0,0,0,1,0,0,0,0,0,0,0,0,0,0,0,0,0,0,0,0,0,0,0,0,0,0,0,0,0,0,0,0,0,1
2,22.1629036735714,548.629065118026,1.4416188177978,0.185900722923883,19,6,51.9506702933255,-2.01770911465652,11,76.433604996589,17.7671303719052,36.4623391710874,18.6429562141417,13.7908560247429,148891.680770913,278.761777110638,0.0023295295211757,6.79963220163696,1993,0,0,0,1,0,0,0,0,0,0,1,0,1,0,0,0,0,0,0,0,0,0,0,0,0,0,0,0,0,0,0,0,0,0,1,0,0,0,0,0,0,0,0,0
1,20.1357993203448,1528.47906765987,0.0967872011325372,0.177632127912609,21,14,51.6164400482438,1.30458441170456,10,46.3685628102882,31.7676349372971,29.039605629582,18.6458163375125,10.0978707504646,4289665.17471334,286.249933588889,0.0017196292510222,10.9177851475865,1999,0,0,0,1,0,0,0,0,0,0,0,0,1,0,0,0,0,0,0,0,0,0,0,0,0,0,0,0,0,0,0,0,0,0,0,0,0,0,0,0,1,0,0,0
2,158.136487745652,652.019919738185,-0.159320605742159,0.251248862459542,19,10,53.2051249859639,-1.93386676452566,8,134.120924783548,47.3475477334739,49.0871457844844,18.6476707069157,20.3098817856534,2402583.71610204,290.471844177831,0.0028402676525352,2.28092981321872,1997,0,0,0,0,0,0,0,0,0,0,0,0,1,0,0,0,0,0,0,0,0,1,0,0,0,0,0,0,0,0,0,0,0,0,0,0,0,0,0,0,0,0,0,0
7,63.0197349654529,153.142241703723,1.44262388889287,0.193916813622757,4,4,52.7122275192455,0.688567032611214,3,76.3352442236161,84.112017333499,36.4894197819943,18.6466080368194,13.8125648682119,20.5412931600177,278.397183415622,0.001019619574538,4.45330023328774,1995,0,0,1,0,0,0,0,0,0,0,0,0,0,0,0,0,0,0,0,0,0,0,0,0,0,0,0,0,1,0,0,0,0,0,0,0,0,0,0,0,0,0,0,0
4,146.22119039733,957.282809112484,1.5831039715736,0.18064978542268,29,1,53.2279140741259,-3.01916124284862,11,85.1249756295797,18.9219209892356,35.9832644674327,16.2954083964483,18.5123369290365,7585668.47678409,283.793754753379,-0.0124861261528253,10.2257328421488,2000,0,0,0,0,1,0,0,0,0,0,1,0,0,0,1,0,0,0,0,0,0,0,0,0,0,0,0,0,0,0,0,0,0,0,0,0,0,0,0,0,1,0,0,0
6,39.5990899112037,786.186498985162,0.712900383286726,0.120025157633356,30,9,52.5908723783064,-1.1933187653175,6,33.9872901070919,45.2398306122767,25.1216585195549,18.6378811870931,10.6751344680124,2315740.28285497,289.151128075336,0.0004779127297251,7.03670197968035,1999,1,0,0,0,0,0,0,0,0,0,1,0,1,0,0,0,0,0,1,0,0,0,0,0,0,0,0,0,0,0,0,0,0,0,0,0,0,0,0,0,0,0,0,0
3,45.8276898000251,27.9388317281378,1.44184515511694,0.147548655105021,3,2,51.8457359060672,-2.74910409315506,10,76.3283970045581,17.7391196807937,36.4851556056642,18.6430639744142,13.8040848811119,3385416.68075472,281.815299880797,-0.0005398222620804,3.38554627585965,1985,0,0,0,0,0,1,0,0,0,1,0,0,1,0,0,0,0,0,0,0,0,0,0,0,0,0,0,0,0,0,0,0,0,0,0,0,0,0,0,0,0,1,0,0
6,99.1432231875903,944.444010941465,1.44233267535764,0.127611467789601,30,11,53.8437055662459,-2.49929428908777,4,-78084.1185130141,21.5812449467708,36.5031193377839,18.7221826065214,10453.9772715236,-399584927.335172,280.682498823561,0.349923470580489,8.18399871711277,1986,0,0,0,0,0,1,0,0,0,1,0,1,0,0,0,0,0,0,0,0,1,0,0,0,0,0,0,0,0,0,0,0,0,0,0,0,0,0,0,0,0,0,0,0
0,71.9796458573223,180.002461362603,1.44205479239717,0.20110481843375,25,2,52.4364448480477,-0.860081449125367,6,76.3473853008938,17.7383810545924,36.4710634376558,18.6369412154158,13.8065277426614,5378326.27160359,283.641868446223,0.0003174770633111,4.65937641684257,1981,0,0,0,0,0,1,0,0,0,1,0,0,1,0,0,0,0,0,0,0,0,0,0,0,0,0,0,0,0,0,0,0,0,0,0,0,0,0,0,0,0,1,0,0
4,71.8278959099918,336.672062618194,1.53926836839336,0.249808791848233,18,20,51.9615508182117,1.20351831565624,1,73.0441218247977,17.7498196360637,36.6290531077676,18.6421980340822,15.6872602270066,4261084.82676731,274.986964856766,-0.0034623561384527,2.8621287707971,1995,0,0,0,1,0,0,0,0,0,0,1,0,0,0,0,1,0,0,0,0,0,0,1,0,0,0,0,0,0,0,0,0,0,0,0,0,0,0,0,0,0,0,0,0
0,-105.451416557395,612.060813988626,2.52833491830777,0.189749160805426,9,22,52.0462359083858,1.31606685346399,5,81.9261004804353,21.6874860615129,36.4730492967302,18.6410245747508,24.7356060656326,7404648.05297867,282.180462489945,0.0003022674301455,2.5547755125705,1991,0,0,0,0,0,1,0,0,0,1,0,0,1,0,0,0,0,0,0,0,0,0,1,0,0,0,0,0,0,0,0,0,0,0,0,0,0,0,0,0,0,0,0,0
6,-37.2205828163933,500.486509660551,1.81130315941073,0.136917469375365,5,23,52.7691574938157,-0.580753181587326,1,99.2734760019181,17.7535147072975,36.4667192104869,18.6410226993681,27.663329264609,3272012.90133483,280.499355210299,-0.0013213479243043,3.70866304535941,1983,0,0,0,0,1,0,0,0,0,0,0,0,0,0,0,1,0,0,0,0,0,0,1,0,0,0,0,0,0,0,0,0,0,0,0,0,0,0,0,0,0,0,0,0
9,-39.1865390181231,1765.95983232119,1.44240785424597,0.175183742936172,25,17,50.8815148968927,-3.05161453642447,8,76.3188294295065,17.7481678130362,36.4863518654908,18.6489250390157,9.12195018538296,6109177.52996183,289.484925907491,-0.0006418727281662,3.57024504385923,1997,1,0,0,0,0,0,0,0,1,0,0,0,1,0,0,0,0,0,0,0,0,0,0,0,0,0,0,1,0,0,0,0,0,0,0,0,0,0,0,0,0,0,0,0
0,95.7478836047472,549.172198623654,1.44131452692067,0.166315634883955,1,7,53.8266627673909,-1.51678580618215,5,76.3664175778942,17.7547583610387,36.4672460658466,18.6362335846033,13.7818055382079,84859.4648016269,283.971845890741,0.0006753575856503,8.4867383488661,1991,0,1,0,0,0,0,0,0,0,0,0,0,0,0,0,1,0,0,0,0,0,0,0,0,0,0,0,0,0,0,0,0,0,0,0,0,0,0,0,0,0,1,0,0
6,44.850921751032,355.656055083766,1.1341760576174,0.176288877185119,3,7,53.0981406164203,-1.88595251841675,11,60.7485367942869,22.825077694526,37.6438802393467,18.6660940605983,17.4233139850333,108407.067123876,283.136594602808,-0.0001113230583574,6.01177441208216,1999,0,0,0,0,0,0,0,1,0,0,0,1,0,0,0,0,0,0,0,0,0,0,0,0,0,0,0,0,0,0,0,0,0,0,0,0,0,0,0,0,0,0,0,0
9,126.361742918095,793.517471954124,0.13412701045169,0.157729932001616,29,23,53.6295517311804,-0.720043171848403,12,-115653.5702867,11.2173555709309,33.8548806285229,12.2411394881071,31072.4163817028,-2022063572.53689,274.279973148533,4.69918318801078,6.67114742504336,2000,0,0,0,0,1,0,0,0,0,0,0,0,0,0,0,0,0,0,0,0,0,0,0,1,0,0,0,0,0,0,0,0,0,0,0,0,0,0,0,0,0,0,0,0
3,36.4102882710879,2083.69838026393,-0.250591316035985,0.209268684411662,31,16,50.2952608363576,-0.346966694507188,8,12.8303281487624,17.7447894451343,36.4517541697978,18.634572640473,13.765462770476,6321355.30148067,294.510016395523,-0.000310418107202,5.41101954151755,2000,0,0,0,1,0,0,0,0,0,0,0,0,0,0,0,1,0,1,0,0,0,0,0,0,0,0,0,0,0,0,0,0,0,0,0,0,0,0,0,0,0,0,0,0
1,59.4339816147865,351.19014297948,1.58460977477833,0.125301055701621,29,6,52.5534363894142,-1.43634294478618,6,65914.8958636683,20.1014521325347,35.4925264649687,18.6417557402215,-232.808973066884,14565941.0720839,284.397881424718,-0.0318111240636296,4.27851365688758,1986,0,1,0,0,0,0,0,0,0,0,0,1,0,0,0,0,0,0,0,0,0,1,0,0,0,0,0,0,0,0,0,0,0,0,0,0,0,0,0,0,0,0,0,0
4,137.174138784137,408.765821993701,1.44209284560019,0.222987117855887,28,1,53.8453318734956,-2.03895001676554,12,76.3295004617717,17.7336299939361,36.4878342468607,18.6010841794519,13.803824224782,5843317.57885528,277.258540172024,-0.0068067842432857,5.51158685742943,1987,0,0,0,0,0,0,0,1,0,0,0,0,0,1,0,0,0,0,0,0,0,0,0,1,0,0,0,0,0,0,0,0,0,0,0,0,0,0,0,0,0,0,0,0
1,95.6617491212111,1093.45694269051,1.45213895783114,0.202955522666063,7,8,51.8380914815957,-1.0697593841297,6,76.3390286971051,17.7525372445711,36.46580357639,18.6428867694315,13.8086843687561,657001.307284798,284.878078531327,0.0001446276018957,6.08415357804026,1983,0,0,0,0,0,1,0,0,1,0,0,0,1,0,0,0,0,0,0,0,0,0,1,0,0,0,0,0,0,0,0,0,0,0,0,0,0,0,0,0,0,0,0,0
8,333.100182090024,1341.06090849732,1.44419529603893,0.0055400783804514,14,21,52.9974710193557,-3.09507930303743,6,76.3365995337367,17.7207475207258,36.4565092061317,18.6408382644208,13.7782783659933,4940193.83433305,292.200253661009,-8.07450895616403e-05,10.0655921731557,1983,0,0,1,0,0,0,0,0,0,0,1,0,1,0,0,0,0,0,0,0,0,0,0,0,0,0,0,1,0,0,0,0,0,0,0,0,0,0,0,0,0,0,0,0
7,68.8064806554523,980.651434574191,2.32193318419733,0.185071596047653,17,11,52.7742005244611,0.0998012258891507,3,62.1614632513037,17.747800547496,36.4895846606917,18.6452784492552,19.4707886499482,790219.633848337,280.11212053986,0.0020732845634714,6.75747783535205,1982,0,0,0,0,0,0,0,0,0,0,1,0,0,0,0,1,0,0,0,0,0,0,1,0,0,0,0,0,0,0,0,0,0,0,0,0,0,0,0,0,0,0,0,0
6,38.1950236997887,1325.68769567755,1.44290288617838,0.230802616547349,9,14,51.5256655373451,-1.25793347891186,3,76.3620045101253,17.77291365031,36.4661238988254,18.6402052312192,13.7964988920513,2549450.44010633,281.596239040401,0.0008906952624382,9.60346047325062,1981,0,0,0,0,0,0,1,0,0,0,1,0,0,0,0,1,0,0,0,0,0,0,0,0,0,0,0,0,0,0,0,0,0,0,1,0,0,0,0,0,0,0,0,0
2,-45.8237948235777,1189.71020312367,1.44252909943366,0.185094914288569,23,13,52.4137994292079,-2.29626803060098,3,76.2872490566686,17.829344850861,36.5168019798654,18.6390726858841,13.8178551257968,2532968.85346198,280.657478328331,0.0037454823610029,9.45982335009362,1984,0,0,0,1,0,0,0,0,0,1,0,0,1,0,0,0,0,0,0,0,0,0,0,0,0,0,0,0,0,0,0,0,0,0,0,0,0,0,0,0,1,0,0,0
8,-20.6748476175398,571.89671057329,0.794847526005386,0.185837364638434,11,18,53.28436135624,0.0456934522141283,2,21.701688000407,43.7989022076796,15.0075845979852,17.324421641771,8.10474883682708,1038328.26019039,276.20635459146,0.0010539740670248,2.726546810865,1999,0,1,0,0,0,0,0,0,0,1,0,0,1,0,0,0,0,0,0,0,0,0,0,0,0,0,0,0,0,0,0,0,0,0,1,0,0,0,0,0,0,0,0,0
8,97.0274451588144,1523.03595426772,1.44132349556668,0.207003693286422,22,13,54.0055135550036,-2.15270907943863,2,76.3088370553464,17.7507462556329,36.4590621616512,18.6369440001305,13.8104397686165,6395325.28506873,280.365380875704,-0.00256151618413,10.1247475490611,1981,0,0,0,0,0,1,0,0,0,1,0,0,1,0,0,0,0,0,0,0,0,0,1,0,0,0,0,0,0,0,0,0,0,0,0,0,0,0,0,0,0,0,0,0
6,78.4642169428711,277.001245113719,1.2735069915459,0.18187435066642,18,2,52.7822747676013,-2.15621883854166,4,108.27446967978,17.3223039308368,35.6293324167555,18.63780470399,22.4271192457247,5953048.75012348,284.394878500621,0.0005817314734775,3.89470033570534,1998,0,0,0,0,0,0,0,0,0,0,0,0,0,0,0,0,0,0,0,0,0,0,1,0,0,0,0,0,0,0,0,0,0,0,0,0,0,0,0,0,0,0,0,0
6,114.525320198759,-27.5546489878857,1.44184521926829,0.102356999626776,28,3,55.4323541889554,0.360431098168302,1,76.3256028978148,17.7391530895464,36.4851536618636,18.6407681221727,13.8040845453816,1484730.70976755,270.634609820619,0.0002113879353833,0.694837938333652,1985,0,1,0,0,0,0,0,0,0,1,0,0,1,0,0,0,0,0,0,0,0,0,0,0,0,0,0,0,0,0,0,0,0,0,0,0,0,0,0,0,0,1,0,0
9,258.659895701155,2012.9504794463,1.27350697131151,0.253004403193964,18,16,51.0772749618963,-0.332838643655499,7,65.9024164042249,50.1972554196399,35.6293318278026,18.6365854598366,22.4271187201157,6479941.08445867,293.315217563948,0.0002532518161161,3.37704378803092,1986,0,0,0,1,0,0,0,0,1,0,0,0,0,0,0,0,0,0,0,0,0,0,1,0,0,0,0,0,0,0,0,0,0,0,0,0,0,0,0,0,0,0,0,0
7,79.9800708117465,377.158098472678,1.43921087691069,0.158435984088824,5,5,53.6388677666148,-0.926494491859325,6,76.4979761003946,17.7813201006427,36.4883064654474,18.6407597828515,13.818388129601,103270.897091666,285.851082271604,0.0002294480481345,3.04633814999165,1984,1,0,0,0,0,0,0,0,1,0,0,0,1,0,0,0,1,0,0,0,0,0,0,0,0,0,0,0,0,0,0,0,0,0,0,0,0,0,0,0,0,0,0,0
6,168.808888173775,179.856090543273,1.28136738446854,0.18671986094476,13,14,51.8661383482314,-2.68137001881592,11,68.792740365588,9.13515829276651,33.5821531306246,18.6359216872466,14.5716127583964,1755516.64117801,279.584915491243,0.000608740208673,1.39191304598552,2000,0,0,0,1,0,0,0,0,0,0,1,0,1,0,0,0,0,0,0,0,0,0,0,0,0,0,0,0,0,0,0,0,0,0,0,0,0,1,0,0,0,0,0,0
6,229.814547676555,672.137878701943,1.27350698328758,0.14571463920811,29,10,52.1639526879051,-0.419937850826165,7,77.9007878351422,17.2747919980653,35.6293328170499,18.5925563033212,22.4271192268697,1054106.21417605,291.425380177427,0.0025346939337941,4.86619092372487,1987,0,0,0,0,0,0,1,0,0,0,1,0,0,0,0,0,0,0,0,0,0,0,1,0,0,0,0,0,0,0,0,0,0,0,0,0,0,0,0,0,0,0,0,0
6,-44.0239779836844,748.384978590276,0.117708153699051,0.208921922335416,21,20,51.7415589994173,-2.83882169767676,8,60.335956986532,31.9050008046643,26.1594728659475,18.6409927781935,11.3848678732709,8220519.62641277,294.372485990532,-0.0004013672550253,5.81175469407012,1996,0,1,0,0,0,0,0,0,0,0,0,0,1,0,0,0,0,0,0,0,0,0,0,0,0,0,0,0,0,0,0,0,0,0,0,0,0,0,0,0,0,1,0,0
9,71.8075384327111,1830.5458334099,1.32069823372264,0.211496718947347,15,18,53.6978274329011,-2.63611034936778,6,119.34157301707,11.8195400922328,38.6867658145223,18.6388836995857,14.6391870765702,9864213.02564026,288.995460593479,-0.0011428507112189,6.92285982005217,1983,1,0,0,0,0,0,0,0,0,0,1,0,0,0,0,1,1,0,0,0,0,0,0,0,0,0,0,0,0,0,0,0,0,0,0,0,0,0,0,0,0,0,0,0
2,210.148111040276,129.478597343822,1.44174529924045,0.138319261224171,3,8,52.3829332654952,-0.682667627058198,7,76.3481624350268,17.7675499223011,36.4334933037796,18.6269524680942,29.9590990115909,128039.237599953,287.506361880642,0.0013151855348223,4.33512375370951,1992,0,0,1,0,0,0,0,0,0,1,0,0,1,0,0,0,0,0,0,0,0,0,0,0,0,0,0,1,0,0,0,0,0,0,0,0,0,0,0,0,0,0,0,0
5,113.741073791228,1028.67185468087,1.44276249670859,0.267456616771788,24,8,52.507761984572,-0.1168498908838,8,76.4836041946426,17.7527214050304,36.4522633590459,18.6359502310502,13.8035886360927,507737.794297738,289.436180509585,0.0018011925699465,10.742288033211,1982,0,0,0,0,0,0,1,0,0,0,1,0,0,0,0,1,0,0,0,0,0,0,0,0,0,0,0,0,0,0,0,0,0,0,1,0,0,0,0,0,0,0,0,0
9,-13.4077228020823,978.294413501423,1.35080310724853,0.30666154019724,4,10,53.9166516935334,0.756871500415811,12,76.3364988353098,17.7162111146385,37.4837452013643,18.6470535023565,13.8087385003371,4963.21035250445,277.035225300463,0.0013568565862593,12.0584850440094,1999,0,0,0,0,0,0,1,0,0,0,1,0,0,0,0,1,0,0,0,0,0,0,0,0,0,0,0,0,0,0,0,0,0,0,0,0,0,0,0,0,0,0,1,0
8,53.2091313742415,433.313340594259,0.601546795795212,0.158758997918125,3,23,53.7930257909521,-1.9139513557265,8,47.11328455707,3.0389974436582,30.2182302447233,18.6359241841025,16.3456621084194,8212759.15777039,287.098384494587,0.0015810990008806,6.05919065050173,1998,0,0,0,0,0,0,0,1,1,0,0,0,1,0,0,0,0,0,0,0,0,0,0,1,0,0,0,0,0,0,0,0,0,0,0,0,0,0,0,0,0,0,0,0
9,60.1872273362338,438.289143136501,1.44076441211014,0.151695192047272,27,21,53.0198368877739,-1.979431187707,9,76.3448522792695,17.7670791114176,36.4813851449756,18.6459024548191,13.8059937004195,6080365.62354664,284.691350888262,0.0004257127029522,2.3002732661789,1994,0,0,0,0,0,0,0,1,0,1,0,0,1,0,0,0,0,0,0,0,0,1,0,0,0,0,0,0,0,0,0,0,0,0,0,0,0,0,0,0,0,0,0,0
4,114.35354104035,1112.18274902484,1.442176918994,0.196375956878814,3,18,53.4849171381327,-2.25541249378778,4,81.4644332842738,17.7356744111762,36.4761733384477,18.645422153626,13.8081808417465,3112350.95177386,281.765411040994,0.0015776028522666,7.90581408258919,1985,0,0,0,0,0,0,0,0,1,0,0,0,0,0,0,1,0,0,0,0,0,0,1,0,0,0,0,0,0,0,0,0,0,0,0,0,0,0,0,0,0,0,0,0
0,173.027082542123,88.4422913407526,1.42957894332462,0.213893058239041,25,12,51.3903308616954,0.35417486610333,4,76.3429263257441,17.737910571954,36.8976118528436,18.6383186877213,13.7939224388951,2692166.99079524,282.482866766823,0.0040282353721663,2.24430838689083,1993,0,0,0,0,0,0,0,1,0,0,1,0,0,0,0,1,0,0,0,0,0,0,0,0,0,0,0,0,0,0,0,0,0,0,0,0,0,0,0,0,0,1,0,0
5,113.611916774387,972.832506199514,1.28136740336724,0.161247997530091,2,21,54.0451156795555,-3.40054807061747,9,65.9882341234795,-2.92513042182005,33.5821519066047,18.6495488707216,16.6908234732157,3532428.04859062,284.985736442015,-0.0005015090217401,8.25202916274836,1992,0,1,0,0,0,0,0,0,1,0,0,0,1,0,0,0,0,0,0,0,0,0,0,0,0,0,0,0,0,0,0,0,0,0,0,0,0,1,0,0,0,0,0,0
7,-8.8950849415596,590.692894417931,1.44161877270188,0.171735803064449,19,2,52.4788358169202,0.450694041466013,6,76.4535967642969,17.767128179874,36.4623392308186,18.6429552839752,13.7908568126882,3625660.62059959,285.845395917432,0.0014021280031231,4.58899400258554,1993,0,0,0,1,0,0,0,0,1,0,0,0,1,0,0,0,0,0,0,0,0,0,0,0,0,0,0,0,0,0,0,0,0,0,1,0,0,0,0,0,0,0,0,0
9,183.122058522401,355.76946453735,1.44132352361621,0.129415992092009,2,23,52.0010020977644,0.217855949571531,12,76.312247802713,17.7504189567796,36.4590621388296,18.6369438155669,13.8104401021822,-124392.903506418,270.243633972157,-0.0008120361539803,1.27703588684596,1981,0,0,0,0,0,1,0,0,0,1,0,0,1,0,0,0,0,0,0,0,0,0,1,0,0,0,0,0,0,0,0,0,0,0,0,0,0,0,0,0,0,0,0,0
0,233.438536759527,734.415682232277,1.76782831246555,0.145576593441948,19,15,52.1097323877418,0.454917882860585,7,94.2571442160828,17.3960301411269,35.3195140441705,18.6460474942645,15.3038086381323,4506754.93320522,293.462625875817,0.0010720812694973,7.6707909757466,1987,0,0,0,0,0,0,0,1,0,1,0,0,0,0,0,1,0,0,0,0,0,0,0,0,0,0,0,0,0,0,0,0,1,0,0,0,0,0,0,0,0,0,0,0
5,89.5837206646115,990.063249301141,3.6769248260498,0.213618071687775,22,16,53.7623958723151,-0.824243962032964,2,83.7397501542586,17.7417432886322,36.4764590464566,18.6410266246181,50.6367244454252,2506401.1689858,280.519070362679,0.0015525167064075,9.16614153234475,1989,0,0,0,0,0,0,1,0,0,1,0,0,0,0,0,1,0,0,0,0,0,0,1,0,0,0,0,0,0,0,0,0,0,0,0,0,0,0,0,0,0,0,0,0
1,8.51687185812187,219.341268370507,0.76602748295156,0.13738259740428,12,8,52.7150228453469,-1.65542295127855,11,49.3159017041836,9.72491341771586,40.7837406363314,18.6283629031116,23.6409865249447,179996.353372497,281.75809188441,-0.0002638824800084,2.00652607093772,1995,0,0,0,0,0,0,0,1,0,1,0,0,1,0,0,0,0,0,0,0,0,0,1,0,0,0,0,0,0,0,0,0,0,0,0,0,0,0,0,0,0,0,0,0
8,-65.3372715518115,1939.26316652706,1.27350701287369,0.234541480193446,13,12,52.5091559547105,-0.84923200821894,7,83.7203211189192,48.8017846438982,35.6293313138619,18.6480866053409,22.4271197432628,8827658.2425883,286.953908313207,0.0011305441382882,6.58149046651248,1984,0,0,0,0,0,1,0,0,0,0,1,0,0,0,0,0,0,0,0,0,0,0,1,0,0,0,0,0,0,0,0,0,0,0,0,0,0,0,0,0,0,0,0,0
0,-67.3466091074016,-62.5905061609484,1.4416927313464,0.143839643080232,30,1,50.3956229222372,-1.96871116385225,6,76.298011008114,17.7145706869441,36.4978542049632,18.6495494591348,13.8061039559141,8646786.55567208,290.052983894898,0.000605496874498,0.964018152029766,1992,0,1,0,0,0,0,0,0,0,0,1,0,1,0,0,0,0,0,0,0,0,0,0,0,0,0,0,0,0,0,0,0,0,0,0,0,0,0,0,0,0,0,0,1
6,24.4193057545236,710.762355290361,2.85737587378516,0.147936944635963,31,6,51.5886089926964,-2.94384122353874,8,79.3084367486673,17.73582497995,36.4835564902366,18.6343293204675,26.0082715381059,189039.668626689,291.606312462233,0.0001359713040751,4.71803642740452,1990,0,0,0,0,1,0,0,0,0,0,0,0,0,0,0,1,0,0,0,0,0,0,1,0,0,0,0,0,0,0,0,0,0,0,0,0,0,0,0,0,0,0,0,0
5,122.335906338653,591.115393389556,1.44254189379692,0.139234393743306,12,4,52.9982116158197,0.501878957051709,8,76.4140721920873,17.7486621695729,36.495348895388,18.646335313991,13.8063278271279,6.64855914585039,283.027204637583,-0.0008164605218231,6.45484289335515,1992,0,0,0,0,0,0,1,0,0,1,0,0,1,0,0,0,0,0,0,0,0,1,0,0,0,0,0,0,0,0,0,0,0,0,0,0,0,0,0,0,0,0,0,0
1,27.7148784919719,1379.97067222102,0.729503538362036,0.190162897524589,26,18,53.8347511180498,-0.270028028088476,5,55.8823808828441,19.438293148157,38.7768997838506,18.597072584595,13.143000061023,6968261.64372824,288.465198296955,0.0018988324890784,4.82312746904594,1992,0,0,0,0,0,0,1,0,0,0,0,0,0,0,0,0,0,0,0,0,0,0,0,0,0,0,0,0,0,0,0,0,1,0,0,0,0,0,0,0,0,0,0,0
5,76.6305669436952,732.077294825047,1.44322559194224,0.191845907028113,20,21,53.6189788765771,-0.377743802180373,4,76.2097079782886,17.7565925696092,36.4824960082302,18.6377924771228,13.8547302080239,2902823.05920839,276.950634546472,-0.0006051001693929,5.14683712668189,1983,0,0,0,1,0,0,0,0,0,1,0,0,1,0,0,0,0,0,0,0,0,0,0,0,0,0,0,0,1,0,0,0,0,0,0,0,0,0,0,0,0,0,0,0
0,70.7742316885816,1041.54249282548,1.45515808293957,0.184212900162242,16,14,55.0427170840671,-0.511093074690081,11,76.3142235765737,17.7470131969554,36.4818290639166,18.6407518002405,13.8183139062084,5514624.44564941,282.694048831687,-0.0036605161604696,4.94582508515467,1984,1,0,0,0,0,0,0,0,0,0,1,0,1,0,0,0,0,0,0,0,0,0,1,0,0,0,0,0,0,0,0,0,0,0,0,0,0,0,0,0,0,0,0,0
2,101.517482390436,990.840752042396,1.44246749513688,0.147381844258356,7,19,53.1059687808653,-2.4364145660502,9,76.3006494062799,17.7637364095546,36.4480836457397,18.6406569397812,13.8023622184424,6731478.30779403,287.090527427841,-0.0024762558802374,6.13023650296147,1993,0,1,0,0,0,0,0,0,0,0,0,0,1,0,0,0,0,0,0,0,0,0,0,0,0,0,0,0,1,0,0,0,0,0,0,0,0,0,0,0,0,0,0,0
3,52.5891612582519,509.75602099407,1.44131823824152,0.184171696832377,27,4,52.0177525230019,-1.22788005533135,3,76.3368769466965,62.7017107510546,36.4533848068492,18.6427372115752,13.8342204367069,29.51743451093,278.283439807731,-0.0002790176921131,6.06279557015626,1994,0,0,0,0,0,0,0,1,1,0,0,0,0,0,0,0,0,0,0,0,0,0,0,0,0,0,0,0,1,0,0,0,0,0,0,0,0,0,0,0,0,0,0,0
2,221.591700474771,690.318019737076,1.4411340958841,0.180845098739785,25,23,52.6945681916267,0.190539719863459,4,76.3031880817826,17.7795669915111,36.4934423608393,18.6448870897516,13.7927119231839,-4274002.89919332,276.510798240438,0.0038101758212557,7.05248131995803,2000,0,0,0,0,0,0,0,1,0,0,1,0,0,0,0,1,0,0,0,0,0,0,0,0,0,0,0,1,0,0,0,0,0,0,0,0,0,0,0,0,0,0,0,0
8,160.247329460247,319.977709737251,1.44293655937176,0.180979620454147,12,20,51.9804763247582,-1.5617447287806,10,76.3936307829261,17.6813395352267,36.5118911171195,18.6416667734431,13.7973756653708,2430456.94483172,283.848724698643,0.0007504658494274,4.91006306146135,1982,0,0,0,0,0,1,0,0,0,0,0,0,1,0,0,0,0,0,0,0,0,0,0,0,0,0,0,0,0,0,0,0,0,0,0,0,0,0,0,1,0,0,0,0
7,92.5863265563504,1353.21506308557,1.44169276649298,0.254464963543987,8,16,52.3324593645807,-1.2570289350359,5,76.2832237957135,17.7151108731713,36.4978534037597,18.6414141006049,13.8061035672017,5266498.45434389,282.369837192269,0.000485287426731,6.97618104260464,1992,0,0,0,0,0,0,0,1,0,0,1,0,1,0,0,0,0,0,0,0,0,0,0,0,0,0,0,0,0,0,0,0,0,0,0,0,0,0,0,0,0,0,0,1
1,177.056436625937,860.247828013725,1.13154659060474,0.214580670135505,28,7,51.7972451713087,1.21765991054879,1,71.6575461244826,15.6640902362598,34.5564881172486,18.6325637931961,4.85401256741364,345973.235973599,276.761680859136,-0.0062725032135929,11.0647321668169,1996,0,0,0,0,1,0,0,0,0,1,0,0,0,0,0,1,0,0,0,0,0,0,0,0,0,0,0,0,0,0,0,0,0,0,0,1,0,0,0,0,0,0,0,0
7,-14.6425196782086,857.688300730157,1.4401334542672,0.157523674669127,10,9,52.761846298864,-2.37749778495278,7,76.3594804108324,17.7750205129492,36.4709357002614,18.6375900119483,13.8038272341586,1460276.96079227,288.743118353475,0.0002589916136592,4.8578844398053,1982,0,0,0,1,0,0,0,0,1,0,0,0,1,0,0,0,0,0,0,0,0,0,0,0,0,0,0,0,0,0,0,0,0,0,0,0,1,0,0,0,0,0,0,0
2,153.755382207902,910.199300286003,1.15813609327476,0.18322996132091,20,13,52.6385157847099,0.630236332820399,7,37.6288933222528,33.7133020738848,38.6809980393554,18.6506344979212,17.220949547995,8850297.6457448,288.597333538731,0.0001657080614393,2.51704898391378,1992,0,0,0,0,0,0,1,0,0,0,0,1,0,0,0,0,0,0,0,0,0,0,0,0,0,0,0,0,0,0,0,0,0,1,0,0,0,0,0,0,0,0,0,0
7,88.6750111540503,809.177417809028,1.44352138168037,0.143085436594351,7,10,53.287697190464,-1.99678958310497,12,76.3135886922276,17.7334938515432,36.5263529764758,18.6378809731274,13.8042056416478,524793.929324002,276.639324522854,-0.002744138705311,5.53515930286168,1999,1,0,0,0,0,0,0,0,0,0,1,0,1,0,0,0,0,0,0,0,0,0,0,0,0,0,0,0,0,0,1,0,0,0,0,0,0,0,0,0,0,0,0,0
0,-83.0509143815531,476.80856087636,1.44419534721803,0.178788229236265,23,3,54.493502820315,-1.48259172838568,6,76.3837572287358,17.7214248662517,36.4565097776982,18.640224816731,13.778277749792,-345165.292269648,276.450659285558,0.000496369412484,4.44537747882466,1983,1,0,0,0,0,0,0,0,0,1,0,0,1,0,0,0,0,0,0,0,0,0,0,0,0,0,0,1,0,0,0,0,0,0,0,0,0,0,0,0,0,0,0,0
9,246.087368550912,972.773027334237,1.43725834505196,0.1406792100081,9,15,55.0471318263026,-0.891630296400866,12,76.4708069983666,17.7554036757788,36.4787798966296,18.6440090761229,13.7927871729033,2103352.39865094,278.229864398433,-0.000860023248603,2.56147235181999,1992,0,0,0,0,0,1,0,0,1,0,0,0,1,0,0,0,0,0,0,0,0,0,0,0,0,0,0,0,0,0,0,0,0,0,0,0,0,0,1,0,0,0,0,0
1,-40.3657984587154,140.236955722189,1.44153614710701,0.196646660322053,10,18,53.0182680531556,-1.54414200400787,12,76.2861756499235,17.7142680186012,36.4703013292061,18.7516909628895,13.8509988534349,1383666.93920896,265.669816945903,-0.0010038394121084,-0.529473309234555,1995,0,0,0,0,0,1,0,0,0,1,0,0,0,0,1,0,0,0,0,0,0,1,0,0,0,0,0,0,0,0,0,0,0,0,0,0,0,0,0,0,0,0,0,0
5,-14.713320200697,189.414550586358,1.44231831167074,0.149670744897435,15,6,50.2622798702165,-2.12482923162947,9,76.3858409706835,12.7226857670652,36.4871230876197,18.6481289509571,13.8091366866839,-48255.6875813938,288.194520746038,-0.0001118598328006,1.67730432278762,1991,1,0,0,0,0,0,0,0,0,1,0,0,0,0,0,0,0,0,0,0,0,0,0,0,0,0,0,0,0,0,0,0,0,0,1,0,0,0,0,0,0,0,0,0
6,86.4809566787441,782.286493600932,1.6105682534231,0.171729389028283,18,8,54.1176306200162,-1.19633073770913,10,84.1952357967567,20.206777749532,32.5263497563818,18.6413947293866,21.5514011563543,1418276.20046198,281.717906822763,-0.0115918365796356,5.86422304900992,1992,1,0,0,0,0,0,0,0,0,0,0,0,0,0,0,0,0,0,0,0,0,0,0,0,0,0,1,0,0,0,0,0,0,0,0,0,0,0,0,0,0,0,0,0
6,198.244610654199,425.71875777847,0.976002214953116,0.145234186049173,17,5,54.4735365489277,-0.610202108088378,1,21.9584842434793,43.5395419529165,21.3322138102805,18.6357129365321,18.0181532135227,82138.3773480774,271.151143819297,0.0003150780883735,-0.214000740496121,1997,0,0,0,1,0,0,0,0,1,0,0,0,1,0,0,0,0,0,0,0,0,0,0,0,0,0,1,0,0,0,0,0,0,0,0,0,0,0,0,0,0,0,0,0
0,144.418545990758,1202.30532917738,1.44461936310708,0.205770192552013,21,15,54.2043345919817,-0.423640510178391,7,76.2887327778672,17.732881460699,36.5243427959262,18.6461346401445,13.7970971275246,5959367.88513948,290.830454255263,-8.35062254030329e-05,2.84899172590747,1997,0,0,0,0,0,0,1,0,0,0,0,0,0,0,0,1,0,0,0,0,0,0,0,0,0,0,0,0,0,0,1,0,0,0,0,0,0,0,0,0,0,0,0,0
7,50.2587708404897,653.709423918772,1.04610502002534,0.107811751159729,7,22,51.9459631289104,-0.497888341590339,1,84.6978186199931,-6.54342625396052,29.1641920741526,18.6464313369199,22.3093149528382,4857957.6733879,285.209861921664,-0.0004001913077774,7.10549863970328,1990,0,1,0,0,0,0,0,0,0,0,0,1,0,0,0,0,0,0,0,0,0,0,0,0,0,0,0,0,0,0,0,0,1,0,0,0,0,0,0,0,0,0,0,0
2,59.9768239715038,-194.256592649383,1.44254689673459,0.161956382286168,6,1,52.7815908143043,0.679466225988699,11,76.4436984190893,17.7478538723821,36.4763420518397,18.641953300781,13.8021661295183,9702034.4198503,279.325071029664,-0.0155436775132424,-0.141338495280789,1987,0,0,0,0,1,0,0,0,0,0,0,0,0,0,0,1,0,0,0,0,0,1,0,0,0,0,0,0,0,0,0,0,0,0,0,0,0,0,0,0,0,0,0,0
5,188.528977988447,325.022010203177,1.44164042135062,0.144852742417583,17,23,53.0978390695168,-2.89770299068055,5,76.3076090128733,17.6987179564053,36.4438035645102,18.6353389220573,13.7957533770755,10415261.1720911,286.105724344758,-0.0005925839912906,2.51142799911435,1990,0,0,0,0,1,0,0,0,1,0,0,0,1,0,0,0,0,0,0,0,0,0,0,0,0,0,0,0,1,0,0,0,0,0,0,0,0,0,0,0,0,0,0,0
0,147.929809065261,1639.45002288584,1.44073354627336,0.156029630064194,16,16,52.7908265973887,-2.84078260241367,5,76.3348909360752,17.7521064678415,36.4637871825965,18.6463358295529,13.8236553288258,7516973.93437442,301.221193356281,-0.000105386673238,5.57769394221844,1992,0,0,0,0,0,0,1,0,0,0,1,0,1,0,0,0,0,0,0,0,1,0,0,0,0,0,0,0,0,0,0,0,0,0,0,0,0,0,0,0,0,0,0,0
4,-5.6224367070587,594.392907441285,1.37295282972688,0.155892248095982,9,7,52.2235574180512,0.827162963224661,6,76.3032951951904,17.7443047484258,36.3945454390045,18.6398593623321,13.8087744259243,302246.497285509,283.435502745732,0.002604674561906,5.20691952157877,1998,0,0,0,0,0,0,1,0,0,1,0,0,0,0,0,1,0,0,0,0,0,0,0,0,0,0,0,0,0,0,0,0,0,0,0,0,0,0,0,0,0,1,0,0
4,-13.9371118902411,1552.81711803865,1.44231631794131,0.176982843561218,7,18,51.7301116123064,-1.08124431541893,7,76.2369441022047,17.7565786959861,36.468463953315,18.638501146707,13.8248731261998,8037949.23826668,294.127019480246,0.0002835471495532,3.43901974112082,1984,0,0,0,1,0,0,0,0,0,0,0,0,0,0,0,1,0,0,0,0,0,1,0,0,0,0,0,0,0,0,0,0,0,0,0,0,0,0,0,0,0,0,0,0
9,75.9760523492637,369.107836103611,1.40204739635322,0.201144729302326,12,14,52.4452943227624,-0.276416565520828,1,68.5723607450061,17.313465389289,45.0637127567661,18.6406637249527,30.9527948932738,1982053.74919049,278.936040265553,-8.93057137322986e-05,2.09961283919518,1992,1,0,0,0,0,0,0,0,0,0,1,0,1,0,0,0,0,0,0,0,0,0,1,0,0,0,0,0,0,0,0,0,0,0,0,0,0,0,0,0,0,0,0,0
5,64.5228229323948,853.349122728009,1.44353935501646,0.248199073067081,16,10,52.9635145391042,-1.28725010581705,1,76.3665223151454,17.7740578676458,36.491036191179,18.6454631002448,13.8197413771222,500348.486412074,284.135726697393,0.0036008847857588,11.9780812527627,1994,0,0,0,0,0,0,0,1,0,1,0,0,0,0,0,1,0,0,0,0,0,0,0,0,0,0,0,1,0,0,0,0,0,0,0,0,0,0,0,0,0,0,0,0
3,57.5831434952509,559.088309485173,1.44082731974315,0.196775580541402,29,22,55.1168998165898,-1.09819317132293,3,61.4007892221505,30.7432821109401,36.4972061062912,18.6464395903232,-3.2656390871631,5237725.11436377,274.790472481583,0.0002329204536231,5.51530756815145,1996,0,0,0,0,0,0,0,0,1,0,0,0,0,0,0,0,0,0,0,0,1,0,0,0,0,0,0,0,0,0,0,0,0,0,0,0,0,0,0,0,0,0,0,0
0,139.027677813828,303.518112126462,1.42881550596627,0.182728784880479,4,21,54.0045679322954,-2.74896627040528,9,96.8418218190106,17.296588560017,21.6318456484,18.6473842034294,13.8314925440465,6316816.75086034,282.241256150555,0.000865874148204,1.14273628905655,1996,0,0,0,0,0,0,0,0,1,0,0,0,1,0,0,0,0,0,0,0,0,1,0,0,0,0,0,0,0,0,0,0,0,0,0,0,0,0,0,0,0,0,0,0
5,63.9639179829141,810.136904132514,1.44039963278358,0.20548753391189,12,11,51.8249030351906,-1.88958450925743,8,76.3750285143709,17.7525189156229,36.4825072056229,18.6400521916099,4.20067590114324,4986699.6310503,293.828594438824,-0.0001190599001684,4.37879980222004,1995,0,0,0,0,1,0,0,0,1,0,0,0,1,0,0,0,0,0,0,0,0,0,0,0,0,0,0,1,0,0,0,0,0,0,0,0,0,0,0,0,0,0,0,0
8,-70.1184960036893,256.453360313857,1.61056820491958,0.204956339339466,7,3,53.8890980300653,-0.679424337815406,2,83.3136234173318,18.7494934958411,32.5263510699245,18.6408983581526,21.5514010037649,1270019.32482755,278.853537100742,1.80850840053491e-05,2.44149617660915,1993,0,0,0,1,0,0,0,0,0,1,0,0,0,0,0,0,0,0,0,0,0,0,0,0,0,0,1,0,0,0,0,0,0,0,0,0,0,0,0,0,0,0,0,0
4,-56.6906531719577,1022.06637152945,1.44247087493714,0.159241750704263,9,18,50.6840218237826,-2.16773049853956,10,90.3169884757978,17.7471616763125,36.470048027869,18.6531964248131,13.8141529361308,4192248.40224293,287.437543722509,0.0002082986805849,10.1794671629228,1987,1,0,0,0,0,0,0,0,0,0,1,0,1,0,0,0,0,0,0,0,0,0,0,1,0,0,0,0,0,0,0,0,0,0,0,0,0,0,0,0,0,0,0,0
3,-7.99358593048119,76.7513538900069,1.74640112071862,0.192580517216582,17,19,51.1987539185565,-0.288575826443935,1,87.6432657027863,17.7498285198084,36.6290542239601,18.6430198793482,22.6803996416211,-3424701.72861857,277.401677461557,0.0129803742925519,3.00332207674832,1995,0,1,0,0,0,0,0,0,0,0,1,0,0,0,0,1,0,0,0,0,0,0,1,0,0,0,0,0,0,0,0,0,0,0,0,0,0,0,0,0,0,0,0,0
5,117.9994125836,1749.52880319303,1.46454935736517,0.159138589693082,31,12,52.9028018760951,-0.877787031180287,3,67.1483791150101,50.6910447253939,37.2788363081533,18.6204911236374,12.7770777899889,3288175.3650792,272.909376997544,0.000439397329491,4.01333770561853,1987,0,0,0,0,0,0,0,0,1,0,0,0,0,0,1,0,0,0,0,0,0,0,0,0,0,0,0,0,0,0,0,0,0,1,0,0,0,0,0,0,0,0,0,0
1,36.9710832390682,937.611313153741,1.20710753660612,0.187913912483808,17,10,54.7494196651323,-1.54152190067491,10,62.1176101534863,32.1763862850947,30.4471027489739,18.6396441824582,15.9968944321781,2397537.01495764,284.73836682139,-0.0036644223664791,7.36804944498551,1994,0,1,0,0,0,0,0,0,0,0,1,0,0,0,1,0,0,0,0,0,0,0,0,0,0,0,0,0,0,0,0,0,0,0,0,1,0,0,0,0,0,0,0,0
5,151.323026569487,1383.21170534023,1.44229265464863,0.127395397637888,23,14,52.4622593746887,-1.70277485829169,6,76.3519819216204,17.7225727973248,36.4926107974821,18.6490288666512,13.8083907890077,8522526.15939546,287.753143976975,-0.0002185433182209,3.35591254049636,1989,0,1,0,0,0,0,0,0,0,1,0,0,1,0,0,0,0,0,0,0,0,0,0,0,0,0,0,0,0,0,0,0,0,1,0,0,0,0,0,0,0,0,0,0
5,63.7226297152213,618.294746157134,1.44214849050684,0.207889290501408,12,4,52.0930927371558,-0.851712750260437,2,69.6100742165597,23.1199052872659,24.9125269431483,18.5216708795572,15.5562165082199,5.18498498036292,281.207867861979,7.19592608504783e-05,9.28296099192113,1997,0,0,0,0,0,1,0,0,0,0,1,1,0,0,0,0,0,0,0,0,0,0,0,0,0,0,0,0,0,0,0,0,0,0,0,0,0,0,0,0,0,0,0,1
1,16.0416048436525,1644.18506872637,1.44099757923145,0.160102178008063,16,11,54.5039457755291,-2.43027230364517,10,76.2991302310727,17.735621636371,36.4752582514204,18.6400254472164,13.7968613391456,4741211.40585691,281.403163628555,-0.0009986070651603,8.33679892756454,1993,0,0,0,0,0,0,1,0,0,1,0,0,0,0,0,1,0,0,0,0,1,0,0,0,0,0,0,0,0,0,0,0,0,0,0,0,0,0,0,0,0,0,0,0
8,0.499241225425081,69.1509176002029,0.942356819867984,0.17366992925307,31,5,53.3720748297851,-3.90009267727782,5,58.8459181547526,23.7997112893094,35.2573396284442,18.6426633591197,22.048831486516,-1536.25842291125,279.73186992086,0.0003022186981542,3.64179865658958,1995,0,0,0,1,0,0,0,0,0,1,0,0,0,0,0,1,0,0,0,0,0,0,0,0,1,0,0,0,0,0,0,0,0,0,0,0,0,0,0,0,0,0,0,0
4,123.469488317688,591.463004036993,-0.286026442743653,0.212453574899397,9,5,52.4956523469671,-2.0945914770797,11,46.2818074957882,33.380795551839,26.8171739955661,18.6408833137207,-1.25299533409263,125737.246571377,285.919549298478,0.0016449461718379,6.81519194301558,1996,0,0,0,0,1,0,0,0,1,0,0,0,1,0,0,0,0,0,0,0,0,0,0,0,0,0,0,0,0,0,0,0,1,0,0,0,0,0,0,0,0,0,0,0
8,190.362188899125,558.744331112245,2.03396044529544,0.18851274723243,15,3,53.1436385778391,0.160301713782708,2,36.9992328978854,17.749250827153,36.4999566506856,18.6361059496719,13.8208150653917,1033766.39563157,274.284887014422,0.0002395150688441,6.21612843493081,1991,0,1,0,0,0,0,0,0,0,1,0,0,1,0,0,0,0,0,0,0,0,0,0,1,0,0,0,0,0,0,0,0,0,0,0,0,0,0,0,0,0,0,0,0
4,113.422436432927,455.704071264335,1.44203758030176,0.24151101507733,15,4,51.4627711436357,-1.10823820914981,6,76.3051415921496,17.7462977719858,36.498143283651,18.6421249409618,13.807699299228,0.0572701326089642,284.425557285101,-0.0001047698171674,5.28763369526912,1994,0,0,0,0,1,0,0,0,0,0,0,0,0,0,0,1,0,0,0,0,1,0,0,0,0,0,0,0,0,0,0,0,0,0,0,0,0,0,0,0,0,0,0,0
4,-39.5129803058964,186.830435473654,1.44186977114167,0.142566113180519,25,23,53.0724286282108,-0.691798113960593,6,57.5772565434537,17.740463401126,36.4752329045453,18.6416599091112,13.813553864704,7987754.00535964,282.381062653077,0.0025094772359721,2.70292156647471,1987,0,1,0,0,0,0,0,0,0,1,0,0,1,0,0,0,0,0,0,0,0,0,1,0,0,0,0,0,0,0,0,0,0,0,0,0,0,0,0,0,0,0,0,0
8,52.8904566174369,662.737882871018,1.44131459722887,0.14096672929754,4,11,52.559697419383,-0.019713334160496,2,76.362125051291,17.7729487259636,36.458873159679,18.6398258315558,13.7934476981812,518063.625704777,279.674810759048,0.0018568145531177,6.02721877703506,1995,1,0,0,0,0,0,0,0,0,1,0,0,1,0,0,0,0,0,0,0,0,1,0,0,0,0,0,0,0,0,0,0,0,0,0,0,0,0,0,0,0,0,0,0
6,105.022598508975,380.631201071321,1.4412564317024,0.220636870640692,29,4,50.40732577502,-1.2324500026992,1,76.4740016197267,17.767240256521,36.4943929841599,18.6380204549364,13.8067641528409,6.39317283666143,282.494128632629,0.0006708629287899,5.02115485189068,1983,0,1,0,0,0,0,0,0,0,0,0,0,0,0,0,1,0,0,0,0,0,0,0,0,0,0,0,0,0,0,0,0,0,0,1,0,0,0,0,0,0,0,0,0
1,107.249556393376,10.0749393040931,1.44185045885582,0.15597423657758,15,23,54.1039343474828,-1.21873598197063,2,76.3446497167099,17.7662607377056,36.4639740206825,18.639542497043,13.8064476320078,3944203.45389134,276.161212937218,-0.0026677978625834,2.94649431823213,1984,0,1,0,0,0,0,0,0,0,0,0,0,1,0,0,0,0,0,0,0,0,0,0,0,0,0,0,0,0,0,0,0,1,0,0,0,0,0,0,0,0,0,0,0
3,92.5037781139838,904.81388908899,1.44226294399863,0.16216484892893,28,1,51.2604203283376,-2.55958491308148,10,76.447853577045,17.7659830311601,36.4778467279435,18.6476318465103,13.7924760268256,2546442.76666006,282.829736179747,0.0010675731776409,9.66105548867783,1989,0,1,0,0,0,0,0,0,0,0,0,0,0,0,0,1,0,0,0,0,0,0,0,0,0,0,0,0,0,0,0,0,0,0,1,0,0,0,0,0,0,0,0,0
2,95.1631234468254,333.821216485896,1.44260914056179,0.172771088046289,5,5,50.5409877408522,-1.30284141269711,4,76.4202040206185,17.7402822667326,36.470439483186,18.6436219547614,13.8024709216078,58387.4338991762,281.402950540377,-0.0001336968248084,4.02620739569337,1982,0,1,0,0,0,0,0,0,0,0,1,0,1,0,0,0,0,0,0,0,0,1,0,0,0,0,0,0,0,0,0,0,0,0,0,0,0,0,0,0,0,0,0,0
4,135.794563037038,206.113732801158,1.28136381551555,0.160217215834292,7,6,52.0713403402388,1.08591185826486,6,68.6998680699062,8.73580840968313,33.5821520821923,18.6382443170412,14.4521573429778,396198.400507511,285.674142744235,-0.0016926729176558,3.57235211648832,1998,0,0,0,0,0,0,0,0,0,0,0,0,1,0,0,0,0,0,0,0,0,0,0,0,0,0,0,0,0,0,0,0,0,0,0,0,0,1,0,0,0,0,0,0
2,242.522517021072,904.651506029524,0.996893253327486,0.226217788561407,4,21,55.5940233957534,-0.773594174874644,5,67.234083139753,24.9387714829009,38.0063158421285,18.6447602240304,18.7533513150095,6570545.7519333,279.964298766411,0.0004902664948797,4.56311297549794,1995,0,0,0,0,0,1,0,0,0,1,0,0,1,0,0,0,0,0,0,0,0,0,1,0,0,0,0,0,0,0,0,0,0,0,0,0,0,0,0,0,0,0,0,0
1,9.76760839748774,440.210937353475,0.942201543533794,0.16004017520434,25,2,52.9861305130014,-1.09881274890136,12,52.0719330474746,23.6685065304177,10.3614455397669,18.6359219539919,10.4215990079823,-846789.012517032,273.182237430894,0.0032422772982608,5.94988760528505,2000,0,0,0,1,0,0,0,0,0,0,1,0,1,0,0,0,0,0,0,0,0,0,0,1,0,0,0,0,0,0,0,0,0,0,0,0,0,0,0,0,0,0,0,0
7,56.7557575202643,1123.33912571552,1.44022643123531,0.230036833966744,18,16,51.1430348752521,-0.90169506463507,1,76.2871442541932,17.7928809611808,36.4821718254105,18.6394990048585,8.79363019430156,1914263.99672378,281.54176499217,-6.99594682558283e-05,10.4207289859736,1998,0,0,0,0,0,1,0,0,0,0,0,0,0,0,1,0,0,0,0,0,0,0,0,0,0,0,0,1,0,0,0,0,0,0,0,0,0,0,0,0,0,0,0,0
6,-130.152172758509,354.28214307955,1.44266792745756,0.223000293211037,20,9,51.7032093243416,-1.33807095088311,12,76.3076188796338,17.7549905733253,36.4908652108922,18.6449196673506,13.8179792239306,1105015.93461591,275.322888094167,-0.0145949560158096,5.75062214015323,1990,0,0,0,1,0,0,0,0,0,0,0,0,1,0,0,0,0,0,0,0,0,0,0,0,0,0,0,0,0,0,0,0,0,0,0,0,0,0,0,1,0,0,0,0
7,196.196337102873,402.476297318515,0.69570748128576,0.174231280509467,3,22,52.1583620223331,-2.15011506642159,6,-71433.9938066104,20.5849505008143,36.5031201229886,18.750208987437,41929.7885733179,-1524358054.84716,284.745180792667,0.395054036549118,5.29317822254561,1990,0,0,0,0,0,1,0,0,0,0,1,1,0,0,0,0,0,0,0,0,1,0,0,0,0,0,0,0,0,0,0,0,0,0,0,0,0,0,0,0,0,0,0,0
6,212.985140918798,257.701240572867,1.44116628631314,0.233583249903703,31,8,52.5153095561203,0.262740164241663,10,76.2945844477257,17.7478546203948,36.4758136552369,18.6405611189847,13.8322769212798,506234.392387304,279.504904888941,-0.0017940219641494,2.86097523270535,1981,0,0,0,1,0,0,0,0,0,0,1,0,1,0,0,0,0,0,0,0,0,0,0,0,0,0,0,0,0,0,0,0,0,1,0,0,0,0,0,0,0,0,0,0
7,92.6576456040854,117.596683624343,1.44246919587568,0.219423831312181,24,1,51.5210847006847,-0.158142771182414,8,76.322908107464,17.7906787997168,36.4783553473288,18.6424162034649,13.8191434519671,4855064.16337372,286.080249246583,0.0016308126788957,2.61696810955388,1989,0,0,0,0,0,0,1,0,0,0,0,0,1,0,0,0,0,0,0,0,0,0,0,0,0,0,0,0,0,0,0,0,0,0,1,0,0,0,0,0,0,0,0,0
8,117.339798758496,437.092593495039,1.34172441432968,0.213769515444816,12,0,53.2274023050953,-0.707591508845564,12,151.688786953752,21.9473251896179,33.2343260147233,18.6408987498221,13.8354544759064,5533740.8323122,278.754441643963,-0.0184325972449015,4.6652437543519,1993,0,0,0,1,0,0,0,0,0,0,1,0,0,0,0,0,1,0,0,0,0,0,0,0,0,0,0,0,0,0,0,0,0,0,0,0,0,0,0,0,0,0,0,0
1,23.3377198311149,931.410070552809,1.4421686199695,0.181618981849075,11,20,52.875131800324,-2.19335156422516,5,76.3490750588379,17.7318484351614,36.4955852307242,18.6507923594231,13.825436554166,4944159.08519575,287.543702651908,0.0007115552919149,7.29617529930274,1994,0,0,1,0,0,0,0,0,0,1,0,0,1,0,0,0,0,0,0,0,1,0,0,0,0,0,0,0,0,0,0,0,0,0,0,0,0,0,0,0,0,0,0,0
6,69.1246578224351,330.042380660703,0.654744528518383,0.218957346809606,1,3,51.5341450236038,-0.770703190766504,8,38.7244945831525,78.5697419231619,17.5467505347753,18.6464303153667,9.4340624206042,3608750.42555389,289.740230604453,0.0009403235478197,2.64696624360925,2000,1,0,0,0,0,0,0,0,1,0,0,0,1,0,0,0,0,0,0,0,0,0,0,0,0,0,0,0,0,0,0,0,0,0,1,0,0,0,0,0,0,0,0,0
4,163.229495915867,475.154204917281,1.42391599938207,0.140417540235291,16,4,51.7305306848598,-2.09257606220542,12,76.3005495002926,17.7556927263997,37.1075536805314,18.6399076556449,13.8220912582166,3.92847673346845,279.296153007753,-0.0004583558792276,4.57168344231644,1994,0,1,0,0,0,0,0,0,1,0,0,0,0,0,0,1,0,0,0,0,0,0,0,0,0,0,0,0,0,0,0,0,0,0,0,0,0,0,0,0,0,1,0,0
7,-139.057155309379,1237.38624351526,1.44256010934997,0.04409100799637,11,15,53.6329541523995,-1.0883585885398,8,76.4792764411253,17.8042714052256,36.4811674094359,18.6361056814624,13.8179809894071,7513179.91736091,295.076343049793,0.000285206042007,8.90181318825187,1991,0,1,0,0,0,0,0,0,0,0,0,0,1,0,0,0,0,0,0,0,0,0,0,0,0,0,0,0,0,0,0,0,0,0,1,0,0,0,0,0,0,0,0,0
1,10.1062295220001,971.6520899479,1.44083525700765,0.167796428478483,17,10,51.7327832672923,-1.6169575543693,9,70.6633999709868,17.7455298722106,36.463924688859,18.6941863227017,16.3442544088389,3173481.21896027,285.818120209229,-0.0009325953518618,5.70996066930107,1996,0,0,1,0,0,0,0,0,0,1,0,0,0,0,0,0,0,0,0,0,0,0,0,0,0,0,0,1,0,0,0,0,0,0,0,0,0,0,0,0,0,0,0,0
7,69.1035317632406,617.396510145796,1.44097805499323,0.208469535954276,17,6,51.8005851820391,-2.03191268493571,8,64.667140879378,17.7371175279449,36.4778745496189,18.6408967763171,13.8155164506787,-32522.2658290331,288.672046797682,0.0013528968132034,8.38608094213011,1990,0,0,0,0,0,1,0,0,1,0,0,0,1,0,0,0,0,0,0,0,0,0,0,1,0,0,0,0,0,0,0,0,0,0,0,0,0,0,0,0,0,0,0,0
2,68.4485318680207,362.474433069587,1.4420227365822,0.184387120014165,14,17,53.4827154531754,0.897290293954147,11,76.3275904302909,17.7543369832187,36.4637595971934,18.639055285927,13.8251233231551,991573.675609353,278.10841078649,-3.34068517468289e-05,5.43981834604458,1985,0,0,0,0,0,0,1,0,0,0,0,0,0,0,0,1,0,0,0,0,0,0,0,1,0,0,0,0,0,0,0,0,0,0,0,0,0,0,0,0,0,0,0,0
3,7.76840956566114,435.20446533359,1.441712473951,0.183878554406933,13,2,50.8602858598869,-0.763021674126188,3,76.2806459262462,17.7500075202206,36.5040574660986,18.6440512641033,13.81105333279,-1596803.13032647,280.058783857048,0.0004562239393131,5.2171496192074,1983,0,0,0,0,0,0,0,1,0,0,0,0,1,0,0,0,0,0,0,0,0,0,0,1,0,0,0,0,0,0,0,0,0,0,0,0,0,0,0,0,0,0,0,0
1,2.18240815826851,578.709904842819,1.44127177919675,0.197505247645555,23,0,53.2299001615809,-0.532604574741574,7,76.4122729361326,17.7496895701312,36.4719712667302,18.6447914704834,13.8213108386008,9344273.54038024,285.337993372506,0.0004030878403769,5.20959319682605,1987,0,1,0,0,0,0,0,0,1,0,0,0,0,0,1,0,0,0,0,0,0,0,1,0,0,0,0,0,0,0,0,0,0,0,0,0,0,0,0,0,0,0,0,0
0,122.607431804069,342.105212388152,0.95607324072269,0.174409596141873,24,19,52.6606568574717,-0.257350674159482,1,70.7138282568222,19.3729194602246,47.3539835682068,18.7980116213474,11.4978477177038,1184631.85398676,276.036997379241,0.0013450852767984,4.98848904342185,1998,0,0,0,0,1,0,0,0,1,0,0,0,0,0,0,1,0,0,0,0,0,0,0,0,0,1,0,0,0,0,0,0,0,0,0,0,0,0,0,0,0,0,0,0
9,-21.4346523657525,497.54642885882,0.651399140470836,0.153649831463536,4,2,51.870694646346,0.0878076800890104,6,91.3825839200371,48.7720880349979,51.1880486867702,18.6685596858422,9.56962556974879,5488185.36024205,285.103848349195,0.0002723160319555,6.22494297882235,1994,0,0,0,0,0,0,1,0,0,0,1,0,0,1,0,0,0,0,0,0,0,0,0,0,0,0,0,0,0,0,0,0,0,0,1,0,0,0,0,0,0,0,0,0
5,23.2653761280393,108.14121880919,1.44202957354682,0.189492523013212,25,23,52.5450580339835,-1.17663928479255,5,55.9274200739728,17.7371531524756,36.4642915107487,18.6459564830404,13.8041665476785,4477156.74272909,286.187051953542,0.0002868723328765,1.82296960346857,1991,0,0,0,0,0,0,0,1,0,0,1,0,1,0,0,0,0,0,0,0,0,0,0,0,0,0,0,0,0,0,0,0,0,0,0,0,0,0,0,0,0,1,0,0
1,-84.6507742056134,314.983594920266,1.44184941219513,0.130338320818354,12,19,52.9052916601999,-2.6796925480104,8,76.3838270286083,17.7538698472556,36.5016558577474,18.6395427934727,13.8002353494299,7988263.70677864,290.642460212792,-0.0015514038717384,1.51180419731905,1984,0,1,0,0,0,0,0,0,0,1,0,0,1,0,0,0,0,0,0,0,0,0,0,0,0,0,0,0,0,0,0,0,0,0,0,0,0,0,0,0,0,0,0,1
4,47.2960626123023,638.640337875894,1.44272655450018,0.0756271788085668,23,1,53.8399845006165,-2.01066885954697,1,76.3671213109984,17.7096098664918,36.5132325808303,26.8011724668442,13.7940540655468,2758337.86395464,278.040890955837,-0.0022702856480205,6.49991277396257,2000,0,1,0,0,0,0,0,0,0,1,0,0,0,0,0,1,0,0,0,0,1,0,0,0,0,0,0,0,0,0,0,0,0,0,0,0,0,0,0,0,0,0,0,0
3,85.371802305583,954.825667728668,1.44159270610028,0.17541830273462,24,8,53.6326732323986,-2.460134340486,10,76.3424780415868,17.7568284361644,36.4757779314487,18.6442472152718,13.8013061879651,834825.829932491,283.424575310491,-0.0023459794930102,11.6752472382936,1986,0,0,0,0,0,0,0,0,1,0,0,0,1,0,0,0,0,0,0,0,0,0,1,0,0,0,0,0,0,0,0,0,0,0,0,0,0,0,0,0,0,0,0,0
2,162.605198170224,558.534420548985,1.28015128150923,0.243349608760206,17,10,52.3404941482349,-0.406678801819404,12,67.2824720447764,16.9216120530843,36.4737180147723,18.6348806428713,18.0195055272538,636761.919838195,279.909360252709,0.0012056216274351,3.86358777625155,1983,0,0,0,1,0,0,0,0,0,1,0,0,0,1,0,0,0,0,0,1,0,0,0,0,0,0,0,0,0,0,0,0,0,0,0,0,0,0,0,0,0,0,0,0
8,48.4352911273046,1145.67866790236,1.04451173629625,0.152357010876081,6,17,49.8989095549132,-1.17240650478151,9,51.4930419188667,19.7966002394867,36.482166404248,18.6423420920071,15.0056457546693,2019362.19556578,289.319696487066,0.0005281279604792,6.48978830460014,1990,0,0,0,0,0,0,0,1,0,0,1,0,1,0,0,0,0,0,0,0,0,0,1,0,0,0,0,0,0,0,0,0,0,0,0,0,0,0,0,0,0,0,0,0
9,38.8806033019632,727.115500047743,1.44297009883782,0.0887157389617689,15,9,50.8306896324883,-2.83809517135569,3,76.4219024206565,17.7619333359374,36.4649324434958,18.6374781925532,13.8153953506978,-197239.86819728,283.892544381535,0.0015448988444188,7.87028045317027,1981,0,1,0,0,0,0,0,0,0,1,0,0,1,0,0,0,0,0,0,0,0,1,0,0,0,0,0,0,0,0,0,0,0,0,0,0,0,0,0,0,0,0,0,0
0,96.5018434972602,729.156737786411,1.4425541010694,0.141505417984874,20,4,51.2195592285563,-2.80625916517315,11,15.2772365639807,52.3739913647442,35.641964934093,19.0137982293062,11.7387073922999,22.0464004140822,280.063022507866,0.0008000093046912,7.64055358669263,1999,0,1,0,0,0,0,0,0,0,0,0,0,1,0,0,0,0,0,0,0,0,0,0,0,0,0,0,0,0,0,0,0,0,0,0,0,0,0,0,0,0,0,0,1
2,155.336882326787,1317.09111501478,1.44095874979106,0.138812379030633,1,19,52.3968048188023,-0.214590728729603,5,76.2904472819024,17.74037617562,36.489414132504,18.6408518743176,13.8009778107176,4044910.65565231,289.533956216714,0.0031371786931049,6.86194855447085,1981,0,0,0,0,0,0,0,0,1,0,0,0,1,0,0,0,0,0,0,0,0,0,0,0,0,0,0,0,0,0,0,0,1,0,0,0,0,0,0,0,0,0,0,0
1,122.446841657846,485.032544612948,1.44154191874782,0.15592328962786,17,2,52.1815896348959,-1.85535802371956,8,76.3453308288271,17.756035185692,36.4783212550148,18.6419156745147,13.8140164633523,3560525.46560444,289.12270850463,0.0013694712632926,5.08983641734829,1988,0,0,0,0,1,0,0,0,0,0,0,0,0,0,0,1,0,0,0,0,0,0,1,0,0,0,0,0,0,0,0,0,0,0,0,0,0,0,0,0,0,0,0,0
9,-35.3770163449394,188.094031435035,1.60069320910251,0.155762854426964,7,2,53.9230613365448,-2.60500271685928,8,78.7832824693115,17.3382330677107,36.4730487589149,18.6499643501972,22.5480793703848,4198147.2173664,285.285540249502,0.000636545133746,3.62805786449182,1991,1,0,0,0,0,0,0,0,1,0,0,0,1,0,0,0,0,0,0,0,0,0,1,0,0,0,0,0,0,0,0,0,0,0,0,0,0,0,0,0,0,0,0,0
3,50.478554510274,322.890151360878,1.44144705901601,0.159198252737074,31,8,51.1602951693466,-1.27408630530718,9,32.773685583117,17.7387273813186,36.4760209788125,18.6420880595349,13.7878257602459,1467868.55399251,287.62839534644,-0.0016899243799825,1.47343381605929,1997,0,0,0,0,0,0,0,1,0,1,0,0,0,0,0,1,0,0,0,0,1,0,0,0,0,0,0,0,0,0,0,0,0,0,0,0,0,0,0,0,0,0,0,0
2,35.7066822203449,1903.32683865904,1.44226018287197,0.233247377202336,4,13,53.0144943076472,-0.598764244290051,4,45.4048412763375,75.5880944555774,35.3098625870977,18.6415449023776,18.622353559659,10388040.7262727,282.378177691021,0.0003031646691748,9.22269107312868,1998,0,0,0,1,0,0,0,0,1,0,0,0,1,0,0,0,0,0,0,0,0,0,0,0,0,0,0,0,0,0,0,0,0,0,0,0,0,0,0,0,0,0,0,1
1,-3.99309413477539,535.771771603053,1.46134383692077,0.170260865087273,30,9,50.8657320920712,-1.99624472806188,5,76.3346229314532,17.7293386459064,36.4498478683171,18.6417879682121,13.8289956946613,1375637.53429615,282.448033652866,0.001337332249468,3.02760314838358,1997,0,1,0,0,0,0,0,0,0,0,1,0,1,0,0,0,0,0,0,0,0,0,0,0,0,0,0,0,0,0,0,0,0,1,0,0,0,0,0,0,0,0,0,0
6,82.3219481918159,670.319485130619,0.945906458208174,0.128001565234871,1,11,51.4416710467709,1.48291692176891,9,39.7906171314431,10.1394521695424,32.5328349333151,18.6417786649187,11.7816717402641,4274399.66094944,289.435551287693,0.0012027200553306,3.87837075285903,2000,0,0,0,0,0,0,0,0,0,0,0,0,0,0,0,0,0,0,0,0,0,0,0,0,0,0,0,0,0,0,0,0,0,0,0,0,0,0,0,0,0,1,0,0
4,1.12155485319495,581.581998460757,1.44176479937797,0.14425313923633,19,17,51.2405547827056,-1.31067372806479,9,76.3358469546291,17.7717116039807,36.458729349484,18.6362209690454,13.8188121469423,2794250.82654491,289.503714734114,-0.0007331435300743,1.75764816314869,1982,1,0,0,0,0,0,0,0,0,1,0,0,1,0,0,0,0,0,0,0,0,0,0,0,0,0,0,0,0,0,0,0,0,1,0,0,0,0,0,0,0,0,0,0
8,118.071029946304,1349.5977383499,1.44094813719382,0.131139768649261,8,11,51.4112718237783,-0.354359879302302,6,76.2862440259795,17.7366121018794,36.4789265732614,18.6416239415847,13.8345861628767,4462681.44600298,289.576874212901,0.0009946546066069,5.8065784730161,1984,0,1,0,0,0,0,0,0,0,0,1,0,0,0,0,1,0,0,0,0,0,0,0,1,0,0,0,0,0,0,0,0,0,0,0,0,0,0,0,0,0,0,0,0
2,83.8954253663233,1315.23184812397,1.44258608322555,0.129506871096229,7,17,51.8112889337577,-2.4832384753924,4,76.3136509974199,17.7633002583463,36.4907194428704,18.6379314763162,13.783252288488,3365845.77019415,285.696037267573,0.001010998623015,7.01293150161282,1987,0,0,0,0,0,0,1,0,0,0,1,0,0,1,0,0,0,0,0,0,0,0,0,0,0,0,0,0,0,0,0,0,0,1,0,0,0,0,0,0,0,0,0,0
1,155.458768801019,633.020642920573,1.44157113541045,0.168382219017309,1,23,54.2557310466341,-1.62200317056313,7,76.3435463939799,17.7356509500715,36.4568475227715,18.6387693076301,13.7911522822286,4804201.53384087,288.636341032629,-0.0007250833430806,6.28984416041438,1994,1,0,0,0,0,0,0,0,0,0,1,0,1,0,0,0,0,0,0,0,0,0,0,0,0,0,0,0,1,0,0,0,0,0,0,0,0,0,0,0,0,0,0,0
4,184.383436116993,-231.071098042352,1.11214036063252,0.217418054163152,8,22,50.9210760247967,-1.1983702890406,1,66.6394154535557,14.6368748366666,36.2141123854851,18.6439590477926,12.3849594019144,4582541.13167867,274.347635099852,-0.0048366801861714,-2.87933632288181,1992,0,0,0,0,1,0,0,0,0,0,0,0,1,0,0,0,0,0,0,0,0,0,1,0,0,0,0,0,0,0,0,0,0,0,0,0,0,0,0,0,0,0,0,0
9,16.2428739204861,769.852268859839,1.44398092844067,0.113275922090592,27,23,52.9734766129165,2.44998789974312,4,76.4648800315309,17.7986617062933,36.4780701907326,18.6464309917609,13.81099211808,3109419.74713033,277.942185474888,0.0006323499256456,5.27431785774166,1990,0,1,0,0,0,0,0,0,0,0,1,1,0,0,0,0,0,0,0,0,0,0,0,0,0,0,0,0,0,0,0,0,0,0,0,0,0,1,0,0,0,0,0,0
0,99.2321675944665,686.483158324952,1.66985297592653,0.147572478874913,1,20,51.5343530247891,-3.12294107600076,6,58.4914555552742,17.7418647546788,36.4764574484133,18.6477701616599,18.5182340016991,11631110.1521542,287.805505739304,-0.0003193245644486,4.15831948047768,1989,0,0,0,0,0,1,0,0,0,1,0,0,0,0,0,1,0,0,0,0,0,0,1,0,0,0,0,0,0,0,0,0,0,0,0,0,0,0,0,0,0,0,0,0
4,185.934934123389,113.049982777085,1.44166502831282,0.11725370630037,3,23,49.7052990968438,-0.541033625732212,3,76.3976195518919,17.7461861804264,36.4758884090026,18.6279678294111,13.8375379520176,4869555.08508639,278.091781509948,2.09188701533281e-05,2.42887543354928,1986,0,0,0,0,0,0,1,0,0,1,0,0,0,0,1,0,0,0,0,0,0,0,1,0,0,0,0,0,0,0,0,0,0,0,0,0,0,0,0,0,0,0,0,0
5,47.4381384838825,-90.7078297578516,1.44051795751642,0.197578643635017,4,3,51.9483675252991,-0.515848066984405,12,76.3914484464461,17.7409928768823,36.4439390485001,18.6398269035208,13.8301198093858,2081798.11344036,275.788376459231,0.001203999965327,-0.600809440752478,1985,0,0,0,1,0,0,0,0,0,1,0,0,1,0,0,0,0,0,0,0,0,0,0,0,0,0,0,0,0,0,0,0,0,0,0,0,0,0,0,0,1,0,0,0
7,142.389589672541,-188.100434047111,0.917492428223755,0.143248749352996,1,7,51.2616321218808,-1.77084551978018,8,65.0350041033743,15.9076174689302,37.4445724917896,18.6409924540246,35.6795240866196,99545.2243278308,283.508481341503,0.0007014972691271,0.359013761672829,1996,0,1,0,0,0,0,0,0,1,0,0,0,1,0,0,0,0,0,0,0,0,0,0,0,0,0,0,0,0,0,0,0,0,0,0,0,0,0,0,0,0,1,0,0
9,-127.141531683056,290.30587660718,1.44211333569587,0.110370690173015,18,3,51.7867518447357,-0.106847812897352,8,76.2930384328504,17.7365182288609,36.4559536076375,18.6388940750206,13.814742369067,2657982.61612379,284.67070698559,-0.0004926195472017,3.85525351677653,1990,0,0,0,0,0,0,0,1,0,0,1,0,0,0,0,1,0,0,0,0,1,0,0,0,0,0,0,0,0,0,0,0,0,0,0,0,0,0,0,0,0,0,0,0
3,69.8376282349743,802.443257771658,0.942154008148077,0.231041477850307,4,5,48.9933546954593,-2.07982931493116,1,65.1632408809297,25.9317754481251,39.6192441241245,18.6436948852616,15.190278135768,-92832.9979096663,279.25145487757,0.0018239508597532,7.91321816572652,1994,0,0,0,1,0,0,0,0,0,1,0,0,1,0,0,0,0,0,0,0,0,0,1,0,0,0,0,0,0,0,0,0,0,0,0,0,0,0,0,0,0,0,0,0
8,-108.850796901839,460.492013200118,1.29343144061472,0.199681556822456,11,4,55.0075635134173,0.11866738419476,8,167.9591244076,17.7570972577783,34.5648569509569,18.6442398763611,13.8099357383263,-1.10304253746801,288.639405983587,0.0003655680950937,3.07589466057056,2000,0,0,0,0,0,1,0,0,0,0,0,0,0,0,0,1,0,0,0,0,0,1,0,0,0,0,0,0,0,0,0,0,0,0,0,0,0,0,0,0,0,0,0,0
9,153.779282636747,280.066356344168,1.27350698635386,0.189250061744331,19,1,52.043085771106,-0.233812988025382,11,81.9250616913838,17.3803505397025,35.6293324889355,18.6400204655546,22.4271189784091,2295258.83712165,280.117821748632,0.0022359201868412,3.81079255214341,1986,0,0,0,0,1,0,0,0,0,1,0,0,0,0,0,0,0,0,0,0,0,0,1,0,0,0,0,0,0,0,0,0,0,0,0,0,0,0,0,0,0,0,0,0
7,247.651917944028,1123.86660032041,1.44138456331064,0.128430860812969,20,17,53.7135199607087,-0.3730754097877,8,76.2613318138803,17.7397727413722,36.4723312713416,20.413858717013,13.7942185195603,1287206.19588842,287.501862981061,0.0008018494753756,7.0046621775966,1998,0,1,0,0,0,0,0,0,0,1,0,0,1,0,0,0,0,0,0,0,1,0,0,0,0,0,0,0,0,0,0,0,0,0,0,0,0,0,0,0,0,0,0,0
2,120.528136595149,469.836255131419,1.43431255334186,0.148939610128798,17,10,53.5366827588862,-1.69437988459648,9,76.2790969807962,17.7429789173261,36.4736648488743,18.6516153918915,13.8234230227283,-232824.153055342,289.083579123469,0.0054048356899972,6.74109585003928,1992,0,0,0,0,0,0,0,0,0,0,0,0,0,0,0,1,0,0,0,0,0,0,0,1,0,0,0,0,0,0,0,0,0,0,0,0,0,0,0,0,0,0,0,0
4,165.327784472868,519.709968009788,1.44199846051963,0.185141844587819,24,15,51.7618605116387,-2.65605830254722,1,76.297687779541,17.737256044951,36.4905218323366,18.6354657488984,13.8262007813472,2090034.63014023,278.975768459653,-4.47240651387187e-05,3.77038504995544,1988,0,1,0,0,0,0,0,0,0,0,0,0,1,0,0,0,0,0,0,0,0,0,0,0,0,0,0,0,0,0,0,0,0,0,0,0,0,0,0,0,0,0,0,1
4,-59.6324367525458,610.825464040986,1.32466699837065,0.117622696396833,5,0,54.3141908229874,-1.80118806635504,5,58.9771969107409,17.7480389985317,36.4895842535414,18.6356585433902,18.7425440388515,4123560.80378082,279.937749276894,0.0030797561689249,3.95000429738129,1982,0,0,0,0,0,0,0,1,0,0,0,0,0,0,0,1,0,0,0,0,0,0,1,0,0,0,0,0,0,0,0,0,0,0,0,0,0,0,0,0,0,0,0,0
5,16.4384737190264,419.234387924034,0.282940799613491,0.139490276583153,4,6,53.3358804520908,0.571226327001317,11,60.7984039071382,14.3354203136432,22.1108148730796,18.6408832878923,5.19792137784636,-4528.56123403383,277.301607921937,-9.39690495318621e-05,4.73717895922422,1996,0,0,0,0,1,0,0,0,0,1,0,0,1,0,0,0,0,0,0,0,0,0,1,0,0,0,0,0,0,0,0,0,0,0,0,0,0,0,0,0,0,0,0,0
6,161.244287796725,463.160177061889,1.44247095280122,0.149558945758564,17,6,55.0747980991407,-2.58754040047952,12,25.6653913496944,17.7470336471981,36.4700481609542,18.6531966604621,13.8141521202508,176878.034179442,276.498914259335,0.0001028790683625,0.314832652450654,1987,1,0,0,0,0,0,0,0,1,0,0,0,1,0,0,0,0,0,0,0,0,0,0,1,0,0,0,0,0,0,0,0,0,0,0,0,0,0,0,0,0,0,0,0
0,161.175950103066,1017.72737248917,1.44135865919981,0.147376218649078,26,11,51.8754121033117,-0.436652831584206,12,76.355013469833,17.7536076374149,36.48106434425,18.6391216819175,13.8055891286536,1740409.55121709,281.898759212324,-0.0017684974520686,10.6329770987424,2000,1,0,0,0,0,0,0,0,0,1,0,0,0,0,0,1,0,0,0,0,0,0,0,0,0,0,0,0,1,0,0,0,0,0,0,0,0,0,0,0,0,0,0,0
3,37.017648807748,429.147418877211,1.44093729272493,0.187520733801981,4,14,51.4077305522813,0.678726356752437,10,76.3164943587548,17.7499403659302,36.5087891404384,18.6422006005977,13.8223501281573,-122464.256060117,289.964137924983,0.002786321017007,6.15014420505732,1988,0,0,0,0,0,0,0,1,0,0,0,0,0,0,0,1,0,0,0,0,0,0,0,0,0,0,1,0,0,0,0,0,0,0,0,0,0,0,0,0,0,0,0,0
5,77.6641690544297,-990.422725741615,0.379679229953498,0.167660492563288,23,2,51.909789645927,0.692938418949634,4,52.8294839552228,-35.3607859099294,5.13825698270147,18.6359237281909,1.87311981765563,3313246.77984563,275.612145867564,0.0004146356784098,-4.34481207639697,1998,0,0,0,0,0,0,0,1,0,0,0,0,1,0,0,0,0,0,0,0,0,0,0,1,0,0,0,0,0,0,0,0,0,0,0,0,0,0,0,0,0,0,0,0
1,3.14654194762001,161.712533311241,1.44172323566475,0.247152342334922,7,2,49.8322727300036,-1.0107583071156,8,76.3714551838806,17.7581171318535,36.4577754492912,18.6495488624355,13.8111312288308,7884511.86459592,291.330650810373,-0.0028035385856611,3.01383628744368,1992,0,1,0,0,0,0,0,0,1,0,0,0,1,0,0,0,0,0,0,0,0,0,0,0,0,0,0,0,0,0,0,0,0,1,0,0,0,0,0,0,0,0,0,0
0,97.2540647330445,467.850699034844,1.44290509397363,0.15295386451106,25,16,54.2516114430722,-1.70413857780205,2,76.4062940418282,17.7330823228604,36.5155146345167,18.6359225099724,13.8478468057664,537004.490777196,277.803093392671,0.0004599982908654,7.16427987803033,1984,0,0,0,0,1,0,0,0,1,0,0,0,0,0,0,1,0,0,0,0,0,0,0,0,0,0,0,0,0,0,0,0,0,0,0,0,0,0,0,0,1,0,0,0
5,-39.9154909779628,989.18501609774,1.34172445214485,0.197610784675061,20,8,53.1203250253651,-2.83697770136386,9,35.0867645162468,29.8380277678784,33.2343276822207,18.6426883599736,13.8354539502589,1016824.64392909,286.272778845397,-0.0020385921197877,7.79827193084348,1983,0,0,0,0,0,1,0,0,0,1,0,0,0,0,0,0,1,0,0,0,0,0,0,0,0,0,0,0,0,0,0,0,0,0,0,0,0,0,0,0,0,0,0,0
1,8.55356022189236,319.72192761263,1.44378947976234,0.209600718889594,23,22,52.6830037984483,-3.18178733159053,6,76.2815920745019,17.7682100126687,36.4974833853819,18.6365144214907,13.7860818331873,6650826.52904445,286.701702935553,0.0005215351139483,2.81481003214352,1986,0,0,0,1,0,0,0,0,1,0,0,0,1,0,0,0,0,0,0,0,0,0,0,0,0,0,0,0,0,0,0,0,0,0,0,0,0,0,0,1,0,0,0,0
2,94.3537320372489,288.11381612536,0.743124544690894,0.189610199301908,18,4,54.9964130039823,-1.83436570547632,12,86.9602230435432,14.4640528644565,31.7108296689483,18.6466271596051,14.4403081578457,0.702864668102589,273.243805005602,0.0006346866894378,3.73112368639126,2000,0,0,0,0,0,0,1,0,1,0,0,1,0,0,0,0,0,0,0,0,0,0,0,0,0,0,0,0,0,1,0,0,0,0,0,0,0,0,0,0,0,0,0,0
6,-53.0960674869791,1125.9471064815,1.44093517974064,0.243178640430091,2,11,51.0723880222284,-1.88289629499357,12,76.1651730906843,17.7554768695537,36.4717771128132,18.6348794929738,13.8221456350701,2856292.11221896,283.332067576379,-0.0082916888277924,8.06302569386038,1993,0,0,0,0,1,0,0,0,0,0,1,0,0,0,0,1,0,0,0,0,0,1,0,0,0,0,0,0,0,0,0,0,0,0,0,0,0,0,0,0,0,0,0,0
3,1.51345755730883,1027.30753959705,1.44089330098842,0.209380732003141,26,19,52.7477866968852,-2.38542135423236,5,76.3951764731888,17.7418857700606,36.4765877586884,18.6375811378463,13.8135673951498,6396903.3392963,288.810842834708,0.0001046982063421,1.91998412780902,1982,0,0,0,1,0,0,0,0,1,0,0,0,1,0,0,0,0,0,0,0,0,0,0,0,0,0,0,0,1,0,0,0,0,0,0,0,0,0,0,0,0,0,0,0
7,-18.3500804267476,573.700504564354,1.44245895237504,0.18190522413683,12,5,51.9805452641007,-1.92215077216096,7,76.4150675919742,17.768965658652,36.4925853158275,18.6414210384358,13.8209524883529,46930.0408159119,284.718277203708,6.65598258026392e-05,4.93652305941577,1992,0,0,0,0,0,0,0,1,0,0,0,0,1,0,0,0,0,0,0,0,0,0,0,0,0,0,0,0,0,0,0,0,0,0,1,0,0,0,0,0,0,0,0,0
0,-54.1230663515814,883.538019266449,1.44216408343392,0.199080414187343,5,15,52.9144629613113,-1.2264465560775,9,76.2734108557643,17.7603721670561,36.4414269841928,18.638436168707,13.8291852654279,4766445.42924499,287.088555777091,0.0011389641757295,4.28530961255227,1991,0,0,1,0,0,0,0,0,0,1,0,0,1,0,0,0,0,1,0,0,0,0,0,0,0,0,0,0,0,0,0,0,0,0,0,0,0,0,0,0,0,0,0,0
2,189.32151648646,431.412247553993,1.44214846479989,0.156790724140637,13,23,51.0408136163024,-0.73599271392938,7,67.4421453987004,22.9060839429152,35.5515923812382,18.5916834368594,16.9755401850524,6106248.36553518,290.272048948229,0.0006208296243806,3.81146781032392,1985,0,0,0,0,0,1,0,0,1,0,0,1,0,0,0,0,0,0,0,0,0,0,0,0,0,0,0,0,0,0,0,0,0,0,0,0,0,0,0,0,0,0,0,1
1,34.2335643881316,202.407453270331,1.44101054096004,0.126800428897255,24,7,52.0721060906637,-0.94748603520511,7,76.3252021581399,17.7277199086079,36.4849445289641,18.6430199800192,13.7860531278356,240749.570148435,288.388063689493,0.0002013830172197,2.5443903780462,1995,0,1,0,0,0,0,0,0,0,1,0,0,0,0,0,1,0,0,0,0,0,0,0,0,0,0,0,0,0,0,0,0,0,1,0,0,0,0,0,0,0,0,0,0
1,146.41842264742,773.426182874195,1.4417075686884,0.224067841085439,16,3,52.3653010074919,0.390001153178214,2,76.2955247045568,17.7921174328488,36.4720686180595,18.6420664394684,13.800691626487,-762079.093076388,273.699686688796,0.0002959448314378,8.69381049937789,1986,0,1,0,0,0,0,0,0,0,1,0,0,1,0,0,0,0,0,0,0,0,0,0,0,0,0,0,0,0,0,0,0,0,0,1,0,0,0,0,0,0,0,0,0
3,139.700579021095,1181.51218093163,1.13154662414971,0.235163887852055,17,2,51.7830243396824,-1.58889493983633,10,71.9187902034145,16.5408384073414,34.55648860037,18.6337304380384,4.85401292213298,90292.3021438499,284.7801016599,0.0053570617510253,11.5331147642927,1982,0,0,0,1,0,0,0,0,0,1,0,0,0,0,0,1,0,0,0,0,0,0,0,0,0,0,0,0,0,0,0,0,0,0,0,1,0,0,0,0,0,0,0,0
1,-45.4747278030033,624.651713907484,1.04610504133783,0.117345777287094,14,9,51.5760236348623,-0.614694429361799,6,93.6480711920933,3.96742110551409,29.1641923192399,18.6574623690282,22.3093152920371,1362817.3718971,286.797063559515,0.0002736942168215,1.98698097284784,1987,1,0,0,0,0,0,0,0,1,0,0,1,0,0,0,0,0,0,0,0,0,0,0,0,0,0,0,0,0,0,0,0,1,0,0,0,0,0,0,0,0,0,0,0
5,232.026047156697,432.118330360074,1.42318682957421,0.191140852835354,3,4,54.320247945548,0.666795805062866,2,76.2606453445951,17.7262839435132,36.4736511416444,18.6324372222433,13.8350839314457,-0.691667282513299,277.181034645253,-9.96952105351826e-05,3.74171204588714,1993,1,0,0,0,0,0,0,0,0,0,1,0,0,0,0,1,0,0,0,0,0,0,0,1,0,0,0,0,0,0,0,0,0,0,0,0,0,0,0,0,0,0,0,0
7,223.34854693638,785.05821416108,1.44140118933197,0.197343146410943,26,18,51.5099683148983,-2.80519116546802,3,76.6820743138226,17.7468808777766,36.4637608967232,18.6430200915267,13.81646143379,979899.01982162,277.23121376781,0.0011469141896551,7.68459592599587,1995,0,1,0,0,0,0,0,0,0,1,0,0,0,0,0,1,0,0,0,0,0,1,0,0,0,0,0,0,0,0,0,0,0,0,0,0,0,0,0,0,0,0,0,0
0,129.576799702231,571.327111347162,0.228183976411398,0.129053242571908,18,8,53.7164230798281,-3.27642123521499,5,68.0546554727875,25.1522859894417,22.8645655890028,18.6360240085476,9.66730640902952,828160.178810343,276.936527708436,-0.0001001279264872,2.32922266451194,1996,0,0,0,0,0,0,0,1,0,0,1,0,0,0,0,0,0,0,0,0,0,0,0,0,0,1,0,0,0,0,0,0,0,0,0,0,0,0,0,0,0,0,0,0
1,31.5106049298935,1161.50495903636,1.44245893872099,0.160303224552105,20,15,52.2370318802918,-0.878222522384175,5,76.3860654609252,17.7676216478702,36.4925856651311,18.6495486073656,13.8209526076082,5683461.98782878,291.702325233562,0.0009667691929088,2.90777000606042,1992,0,1,0,0,0,0,0,0,1,0,0,0,1,0,0,0,0,0,0,0,0,0,0,0,0,0,0,0,0,0,0,0,0,0,1,0,0,0,0,0,0,0,0,0
7,-14.2535289949414,1155.66413460162,1.44247096829314,0.162081883678169,1,16,53.314446121995,-0.558066538185684,7,85.7500360000528,17.7471921167894,36.4700484855275,18.6401726960614,13.814152797982,4560344.56142303,292.899494472226,0.0001459076080401,6.82346130070954,1987,0,0,0,0,0,0,0,1,0,0,1,0,1,0,0,0,0,0,0,0,0,0,0,1,0,0,0,0,0,0,0,0,0,0,0,0,0,0,0,0,0,0,0,0
8,6.55487228742406,1100.62538019572,1.44270690525081,0.16918422350357,7,15,51.5743993410862,-0.377071821827267,5,76.3866377287699,17.7705140089507,36.5007050365605,18.63990814641,13.8008903813728,6258935.40723101,287.699663759199,0.0003153690969963,1.4413665282975,1994,0,1,0,0,0,0,0,0,0,1,0,0,0,0,0,1,0,1,0,0,0,0,0,0,0,0,0,0,0,0,0,0,0,0,0,0,0,0,0,0,0,0,0,0
5,39.6246093048651,329.231524156549,0.810078011422844,0.151647884659435,15,22,52.161476083565,-2.77004367225464,10,80.7881359488414,17.0246266530742,35.3195127255564,18.6517500416644,24.9828887895371,4731519.08032859,284.787235961355,-0.0009531318573986,5.31672648409345,1987,1,0,0,0,0,0,0,0,0,1,0,0,0,0,0,1,0,0,0,0,0,0,0,0,0,0,0,0,0,0,0,0,1,0,0,0,0,0,0,0,0,0,0,0
9,3.73085611885758,912.660297355934,1.32910538915687,0.148411808327836,2,8,54.1763627446854,-0.464779256656883,3,76.2775552348124,17.7804315656165,38.3583652890158,18.6398056812957,13.8109239309581,284200.886719475,278.572570257518,0.0009096683817784,6.20799261371695,1996,0,1,0,0,0,0,0,0,0,0,1,0,0,0,1,0,0,0,0,0,0,0,0,0,0,0,1,0,0,0,0,0,0,0,0,0,0,0,0,0,0,0,0,0
3,51.2490711293934,446.121987357874,1.0523657848545,0.134143006653548,13,17,51.4724745406436,-0.709344300237353,2,76.2822522793884,17.6756240016937,36.469553639263,18.6286028145108,13.8167527183145,2508181.5586858,282.720068344832,-0.000237003885882,5.2291437015862,1999,0,0,0,0,0,0,0,1,0,1,0,0,1,0,0,0,0,1,0,0,0,0,0,0,0,0,0,0,0,0,0,0,0,0,0,0,0,0,0,0,0,0,0,0
3,62.2439948724224,677.349811643564,1.44082499446894,0.170188392439432,21,11,52.6917750469033,-1.97716137301861,1,61.197758431603,17.7388481141174,36.486363519757,18.6490293032213,13.8065810625184,-494220.203916489,277.457404243921,0.0029670329146872,4.61565451908296,1989,0,1,0,0,0,0,0,0,0,0,1,0,1,0,0,0,0,0,0,0,0,0,0,1,0,0,0,0,0,0,0,0,0,0,0,0,0,0,0,0,0,0,0,0
5,68.8311330307792,1249.6071432719,1.35807571971015,0.191185711398291,27,12,53.6723742349933,-1.69790549520106,2,76.3061826111403,17.7359568412389,36.3685474192465,18.875957191695,13.8053160997462,2883983.87645438,280.561552599505,0.0020944842034414,10.8315204591946,1999,0,1,0,0,0,0,0,0,0,1,0,0,0,0,1,0,0,0,0,0,0,0,1,0,0,0,0,0,0,0,0,0,0,0,0,0,0,0,0,0,0,0,0,0
6,-46.5787969889071,1854.95217301945,1.44275929227232,0.136082581823372,8,15,52.2876308738095,-3.76167191342735,5,76.4318544066603,63.1432586157888,36.4798420709668,18.6389196059239,13.8039713955655,7325355.07408842,286.922210504388,0.0004386492716716,4.62220744582656,1990,0,0,0,0,0,0,0,0,0,0,1,0,0,0,0,0,0,0,0,0,0,1,0,0,0,0,0,0,0,0,0,0,0,0,0,0,0,0,0,0,0,0,0,0
5,36.2414674036851,1129.48393754704,1.77225913814535,0.169130336163127,24,17,53.1017252153829,-1.64257766896247,3,99.5015254966374,17.5983103179051,41.0811642256142,18.6475277609423,11.1313458720436,4105705.01852915,280.087074370342,-0.0008817566097523,4.76265561775746,1999,0,0,0,0,0,0,1,0,0,0,1,0,0,0,0,1,0,0,0,0,0,0,1,0,0,0,0,0,0,0,0,0,0,0,0,0,0,0,0,0,0,0,0,0
3,146.844137436471,739.685786946412,1.44206080268141,0.168713574860339,19,13,51.3445050584587,0.930190178657885,1,76.272679222073,17.7374204666253,36.4953925623928,18.649029044151,13.7905139944672,3209382.18445817,278.136248001594,-0.0014680261413279,3.13629335269879,1989,0,1,0,0,0,0,0,0,1,0,0,0,1,0,0,0,0,0,0,0,0,0,0,0,0,0,0,0,1,0,0,0,0,0,0,0,0,0,0,0,0,0,0,0
4,-23.8293583450914,1235.09107425242,1.44265683417773,0.149351731516603,9,16,55.0581474953943,-0.978270042601654,4,76.3305965567537,17.7515133056704,36.5546066613878,18.641341254842,13.7954751797431,2433336.35400201,282.647005363287,0.0011175342289327,7.75424745376552,1995,0,0,0,0,0,0,0,0,0,0,1,0,1,0,0,0,0,0,0,0,0,0,0,0,0,0,0,0,0,0,0,1,0,0,0,0,0,0,0,0,0,0,0,0
8,120.231771363071,470.994109482328,0.110401838372164,0.116472176309545,7,2,52.702330851461,-2.26707965983764,9,36.3003217375222,27.3714187228585,30.3212452796929,18.6417880196334,-5.18011663385104,1109174.87529604,284.48169813159,0.0009617893634037,4.70068003596139,1997,0,1,0,0,0,0,0,0,1,0,0,0,1,0,0,0,0,0,0,0,0,0,0,0,0,0,0,0,0,0,0,0,0,0,0,0,0,0,0,0,0,1,0,0
8,36.0107322369462,508.783582606165,1.44316797840046,0.185035510076859,16,6,51.2657759722295,-3.72974530739126,4,76.3812495647861,17.747351773877,36.4774750653564,18.6450273794341,13.8259894674535,40735.5255336317,277.609098449339,6.13551791347304e-05,5.89018960054244,1984,0,0,0,0,0,0,1,0,0,1,0,0,1,0,0,0,0,0,0,0,1,0,0,0,0,0,0,0,0,0,0,0,0,0,0,0,0,0,0,0,0,0,0,0
6,56.8056370062975,794.07133878264,1.45213888446826,0.190059902552944,26,9,52.8025915229615,0.393734939584934,9,76.3355611291642,17.752613078942,36.4658055889745,18.6377968046861,13.8086842966922,1961032.83684783,287.990969069742,-0.0011252199435102,3.22778650968364,1983,0,0,0,1,0,0,0,0,0,0,1,0,1,0,0,0,0,0,0,0,0,0,1,0,0,0,0,0,0,0,0,0,0,0,0,0,0,0,0,0,0,0,0,0
9,144.770340901614,999.014474932467,1.44011280670402,0.145215884440647,10,1,49.4116875686525,0.832655571491785,12,76.2751475227495,17.7905422709907,36.4827420747133,18.6397747570468,13.8282070417573,3005335.29004827,280.57622284659,-0.0025589132888761,10.627928717371,1983,0,0,0,0,0,0,1,0,1,0,0,0,1,0,0,0,0,0,0,0,0,0,0,0,0,0,0,0,0,0,1,0,0,0,0,0,0,0,0,0,0,0,0,0
4,74.7200642907714,235.84976156088,0.945906430971956,0.19511610111288,16,7,51.2123635253904,-1.86439898740628,1,38.4636457894779,12.867587483375,32.5328338873302,18.6341895620606,11.7816711457907,-90877.4584983928,274.430854621084,0.002923742622592,3.4543977054719,1993,1,0,0,0,0,0,0,0,0,0,0,0,0,0,0,0,0,0,0,0,0,0,0,0,0,0,0,0,0,0,0,0,0,0,0,0,0,0,0,0,0,1,0,0
7,252.164627885783,365.299131570483,1.44199751355485,0.180363873264309,19,5,52.7533927135409,-0.292832687957865,7,76.283508489743,17.7316791383306,36.4986008629077,18.6428036199731,13.8069365146497,92114.4717938362,286.880097086964,0.0001945806437836,1.98093241508581,1983,0,0,0,0,0,1,0,0,0,1,0,0,1,0,0,0,0,0,0,0,0,0,0,0,0,0,0,0,0,0,0,0,0,1,0,0,0,0,0,0,0,0,0,0
1,94.2283031586888,263.283648202182,1.44136621770448,0.129670740146366,7,13,50.7677356450256,-1.66490024601888,12,76.2811633124043,17.7662303087636,36.4940801658955,18.6382299888679,13.8195744508898,506665.758072622,278.126208968013,0.0032889000199928,3.492822835879,1989,0,0,0,1,0,0,0,0,1,0,0,0,1,0,0,0,0,0,0,0,1,0,0,0,0,0,0,0,0,0,0,0,0,0,0,0,0,0,0,0,0,0,0,0
3,-33.3682073985804,221.817464525184,1.44292284838309,0.14388548011577,14,1,54.3678666377865,-1.30674190766948,5,76.3805063832989,17.7334659087986,36.4704074912252,18.6410140694632,13.7752346830813,10517017.1718584,281.898607477349,0.0005762863413302,3.53650585607172,1983,0,0,0,0,1,0,0,0,0,1,0,0,0,0,0,1,0,0,0,0,0,0,0,0,0,0,0,0,0,0,0,0,0,0,0,0,0,0,0,0,0,1,0,0
