target,Altitude,co,CVD60,Day,Hour,Latitude,Longitude,Month,no2,o3,pm10,pm2.5,so2,ssr,t2m,tp,wd,ws,Year,Region_East of England,Region_Greater London Authority,Region_North East,Region_North West,Region_South East,Region_South West,Region_West Midlands,Region_Yorkshire and The Humber,Season_Spring,Season_Summer,Season_Winter,Type_Background Suburban,Type_Background Urban,Type_Industrial Suburban,Type_Industrial Urban,Type_Traffic Urban,Zone_Blackpool Urban Area,Zone_Bournemouth Urban Area,Zone_Brighton/Worthing/Littlehampton,Zone_Bristol Urban Area,Zone_Coventry/Bedworth,Zone_East Midlands,Zone_Eastern,Zone_Greater London Urban Area,Zone_Greater Manchester Urban Area,Zone_Kingston upon Hull,Zone_Leicester Urban Area,Zone_Liverpool Urban Area,Zone_North East,Zone_North West & Merseyside,Zone_Nottingham Urban Area,Zone_Portsmouth Urban Area,Zone_Preston Urban Area,Zone_Reading/Wokingham Urban Area,Zone_Sheffield Urban Area,Zone_South East,Zone_South West,Zone_Southampton Urban Area,Zone_Southend Urban Area,Zone_Teesside Urban Area,Zone_The Potteries,Zone_Tyneside,Zone_West Midlands,Zone_West Midlands Urban Area,Zone_West Yorkshire Urban Area,Zone_Yorkshire & Humberside
3,116.04900499793,1.4431680286305,0.179310220800596,5,8,53.3684243034166,-1.02017152286193,4,76.3477225387521,17.7472726079892,36.4774742047151,18.6450274703143,13.8259897520905,266887.195296747,275.215283762116,0.0003193813544232,57.7171187623478,3.00109251607774,1984,0,0,0,0,0,0,1,0,0,1,0,0,1,0,0,0,0,0,0,0,0,1,0,0,0,0,0,0,0,0,0,0,0,0,0,0,0,0,0,0,0,0,0,0,0,0
1,-110.80805110572,0.987622712580627,0.181266869592328,15,6,52.8091597544319,-0.780258735005666,8,95.3035399589829,20.4682280770155,38.0686774356553,18.6396450216128,13.7809533266007,302479.227115682,285.414885708533,-3.09150404713326e-05,327.541927584273,2.58090895839874,1995,0,0,0,0,0,0,0,0,0,0,1,1,0,0,0,0,0,0,0,0,0,0,0,0,0,0,0,1,0,0,0,0,0,0,0,0,0,0,0,0,0,0,0,0,0,0
4,58.6174192887348,1.44152412440381,0.184633849637491,28,5,53.5238297811843,-0.567833168332787,2,76.3181434339481,17.7101838031472,36.4991853584935,18.6354654276785,13.8204566193211,-20935.1841021806,271.613948997452,0.0012815317596016,333.038058758462,7.86990530992124,1988,0,1,0,0,0,0,0,0,0,0,1,0,1,0,0,0,0,0,0,1,0,0,0,0,0,0,0,0,0,0,0,0,0,0,0,0,0,0,0,0,0,0,0,0,0,0
0,127.363879838106,1.44212052673236,0.188441609359971,13,1,50.755021112543,-0.0846232240408531,8,76.3610270387951,17.7673863308525,36.4972682748326,18.6494982992586,13.8187102638281,10736245.2570738,290.071226435317,0.0004699936519487,233.547798430863,0.921515052206662,1984,0,0,0,0,0,1,0,0,0,1,0,0,1,0,0,0,0,0,0,0,0,0,0,0,0,0,0,0,0,0,0,0,0,0,0,0,1,0,0,0,0,0,0,0,0,0
0,-77.8570599091145,1.44193416988174,0.234826545789391,6,3,51.9842052836697,-1.2810349641747,12,76.3528989195001,17.7346838384917,36.4644949254445,18.6390075064934,13.8056748034522,2139871.09961277,277.902105576048,-0.0012047111044133,262.819991199342,1.38330502556857,1984,0,0,0,1,0,0,0,0,1,0,0,0,1,0,0,0,0,0,0,0,0,0,0,0,0,0,0,0,0,1,0,0,0,0,0,0,0,0,0,0,0,0,0,0,0,0
8,182.708260609001,1.28136746520113,0.147779269966223,29,18,53.679247528123,-1.77826085143461,9,62.8457497418008,-29.2149423965063,28.9121283757472,18.6415769219661,14.5716129092409,1608635.49319289,282.65818765529,0.0025897462436654,247.610951923228,3.07612691055652,1994,0,0,0,0,1,0,0,0,0,1,0,0,1,0,0,0,0,0,0,0,0,0,0,0,0,0,0,0,0,0,0,0,0,0,0,0,0,0,0,1,0,0,0,0,0,0
7,49.8354871883588,1.44048686600732,0.25102835245718,15,16,53.8235858154658,-1.88036357849546,2,76.3163871164112,17.7342718778567,36.4997193309431,18.6283625880087,13.8279756498759,1916792.72743473,278.844301648266,0.0011390652304098,237.098635316518,9.82343289894219,1995,0,0,0,0,0,0,0,1,0,0,0,0,1,0,0,0,0,0,0,0,0,1,0,0,0,0,0,0,0,0,0,0,0,0,0,0,0,0,0,0,0,0,0,0,0,0
4,82.8578930199535,1.44216856073298,0.178048266072134,28,0,50.0470230213617,-1.83910467627645,2,76.3317634863243,17.732132260472,36.4955857936556,18.6415761604005,13.8254360688097,3618234.45532927,275.810097606998,-0.0041366155100494,178.166443062211,2.75793639745717,1994,0,0,0,0,1,0,0,0,0,1,0,0,1,0,0,0,0,0,0,0,0,1,0,0,0,0,0,0,0,0,0,0,0,0,0,0,0,0,0,0,0,0,0,0,0,0
8,67.8213210832986,1.4416928054859,0.061204976472382,27,12,51.1737349322648,0.125210112107176,5,76.2855150594788,17.7150924396678,36.4978535557058,18.6495486671884,13.8061032627274,7574111.87985177,295.241392901292,0.0004723461041728,63.6242015324801,5.00997808919028,1992,0,1,0,0,0,0,0,0,0,0,0,0,1,0,0,0,0,0,0,0,0,0,0,0,0,0,0,0,0,0,0,0,0,0,0,0,0,0,0,0,0,0,0,0,0,1
0,94.282851919345,1.4419733307738,0.172563126758605,11,22,50.6796148858878,0.392946462770981,6,76.314195355528,69.7302771884159,36.4635206303213,18.6403033695262,13.8143705252449,9727369.95133612,286.639164186936,0.0028315910528678,125.037946593896,0.757309199277004,1993,0,0,0,0,0,0,0,0,1,0,0,0,0,0,0,0,0,0,0,0,0,0,0,0,0,0,0,0,0,0,0,0,0,0,0,0,1,0,0,0,0,0,0,0,0,0
4,-34.1656772690121,0.529290129768673,0.221869547188777,1,17,54.254557084072,-3.45554938273954,12,49.3936626942655,31.7189047489116,27.1402892909048,18.6466895311097,22.7786897910035,1996790.42664159,280.453242344098,0.0001318343063435,135.459424347131,5.11055844677066,1994,0,0,0,0,0,0,1,0,1,0,0,0,1,0,0,0,0,0,0,0,0,0,0,1,0,0,0,0,0,0,0,0,0,0,0,0,0,0,0,0,0,0,0,0,0,0
6,-41.5736663873813,1.23620791255376,0.190675040843139,27,15,52.9755261400619,-1.56423283655444,12,593.557421655581,18.8280965217298,36.503489284451,18.6399080793295,16.2330863539079,2465944.57418133,276.65549844024,-0.0012483659679814,240.064116836749,8.3076295309303,1994,0,1,0,0,0,0,0,0,1,0,0,0,0,0,0,1,0,0,0,0,1,0,0,0,0,0,0,0,0,0,0,0,0,0,0,0,0,0,0,0,0,0,0,0,0,0
8,316.772296335352,1.44218092134117,0.179468849969829,29,18,52.4612909540104,-2.49465500962768,6,76.2877742033662,17.7600026905855,36.4584028959236,18.6420908631382,13.8061508071316,6619562.51670561,290.156156963278,0.0017910584173678,19.1092805812817,4.51318833380353,1997,0,0,0,0,0,0,0,1,0,0,0,0,0,0,0,1,0,0,0,0,0,0,0,0,0,0,0,0,0,1,0,0,0,0,0,0,0,0,0,0,0,0,0,0,0,0
0,273.96442874122,0.570392349304296,0.146287096090995,10,19,51.7153567736398,-2.67962058008489,12,30.5896094180662,2.38478700832252,9.48328837983576,18.6458158926177,8.37737091870311,1093616.30088519,272.502287011618,0.0021082953529122,177.83490736176,-0.088802627388603,1999,0,0,0,1,0,0,0,0,1,0,0,0,1,0,0,0,0,0,0,0,0,0,0,0,0,0,0,0,0,0,0,0,0,0,0,0,0,1,0,0,0,0,0,0,0,0
3,140.710585970603,1.44229267047284,0.154979105107204,5,0,50.7666703923468,-0.149711562105626,6,76.3537836787351,17.7229214324731,36.4926116188154,18.6424015729528,13.8083906787979,3746948.36420636,284.369827032387,0.001533233756857,282.313948534212,4.09753143497046,1989,0,0,0,0,0,0,1,0,1,0,0,0,1,0,0,0,0,0,0,0,0,0,0,0,0,0,0,0,0,0,0,0,0,0,0,1,0,0,0,0,0,0,0,0,0,0
7,-1.19558830615114,0.829351423267019,0.135750428012201,22,18,53.0730665686554,-0.610534031414243,5,35.7154325074471,5.58132481493165,38.7768990299256,18.6360333373188,10.5307502121622,4988319.6664088,291.766951537368,0.0014534580022108,82.048277121558,-0.527131500388532,1985,0,0,0,0,0,0,0,1,0,0,0,0,0,0,0,0,0,0,0,0,0,0,0,0,0,0,0,0,0,0,0,0,0,0,1,0,0,0,0,0,0,0,0,0,0,0
9,109.757449827782,2.06343657574278,0.173442120268083,21,17,54.8645754149863,-0.163004735852533,7,56.5758162402613,15.2778472644853,32.1079185214812,18.6427913555124,23.2822247740958,5677624.32559554,288.818646351382,7.03336946914071e-05,274.652220746304,2.69539999707802,1991,0,0,0,1,0,0,0,0,1,0,0,0,0,0,1,0,0,0,0,0,0,0,0,0,0,0,0,0,0,0,0,0,0,0,0,0,0,0,0,0,0,0,0,0,0,0
2,10.6389911890389,1.44142244100903,0.16853691232603,12,2,54.3838824059996,-0.805301296413587,4,76.3486299082135,17.7420121786522,36.4891935046308,18.6420665401025,13.7990079364296,1437634.1126751,273.756727814135,0.0029740720608857,145.658972065582,5.00935390633211,1986,0,1,0,0,0,0,0,0,1,0,0,0,1,0,0,0,0,0,0,0,0,0,0,0,1,0,0,0,0,0,0,0,0,0,0,0,0,0,0,0,0,0,0,0,0,0
7,187.207348097533,1.44135860427801,0.185844070076074,28,14,54.86063415003,-2.40806019789963,1,76.354782370787,17.7535986973337,36.4810642429189,25.7178995697622,13.8055898136833,-65794.6890781708,277.955287707618,0.0005834345061348,231.803843875638,10.3032843803803,2000,0,1,0,0,0,0,0,0,0,0,1,0,0,0,0,1,0,0,0,0,0,0,0,0,0,0,0,0,0,1,0,0,0,0,0,0,0,0,0,0,0,0,0,0,0,0
8,175.819285144013,1.44170758698297,0.136801898626777,31,9,52.4210817197431,-0.635810824011424,6,76.2796098562867,17.7909045389355,36.4720697337602,18.6420667713289,13.8006911063045,1903250.41891061,285.530312445324,-0.0001390971538725,75.6590657643154,4.7044439166833,1986,0,1,0,0,0,0,0,0,0,1,0,0,1,0,0,0,0,0,0,0,0,0,0,0,0,0,0,0,0,0,0,0,0,0,0,0,1,0,0,0,0,0,0,0,0,0
7,2.77553521338007,1.44291820016406,0.196018437327383,5,16,52.8448020659636,-1.20613252754816,9,76.3273266504632,17.7468261002218,36.4881236454369,18.6402345972815,13.8184439047226,4883462.5808905,284.538340910708,-0.0004051984207394,259.582503743613,2.61455879221566,1988,0,0,1,0,0,0,0,0,0,0,1,0,0,0,0,1,0,0,0,0,0,0,0,0,0,0,0,0,0,1,0,0,0,0,0,0,0,0,0,0,0,0,0,0,0,0
0,81.8652328843766,1.04687897442352,0.216616751063303,18,0,55.0978718970673,-3.35414126419802,10,-661.260690695303,20.5056735010713,35.65217765265,18.634679309636,16.2022974348651,-5681859.48828174,272.759926275515,0.0054357657005746,247.981378144961,-0.357293343436364,1992,0,0,0,0,0,0,0,0,0,0,1,1,0,0,0,0,0,0,0,0,0,0,0,0,0,1,0,0,0,0,0,0,0,0,0,0,0,0,0,0,0,0,0,0,0,0
4,-27.9698063599434,1.44105025169806,0.219710460887135,10,21,52.5115573980109,1.18675926447046,1,76.3549869996577,17.7407185563252,36.4718256018066,18.6420664621131,13.8145917077747,1487111.99215034,277.882548397099,-0.001296541174604,248.830830152271,7.48739571777886,1986,0,1,0,0,0,0,0,0,0,0,0,0,1,0,0,0,0,0,0,0,0,0,0,0,0,0,0,0,0,0,0,0,0,0,0,0,0,0,0,0,0,0,0,1,0,0
6,-53.1977855596331,1.44278812877424,0.145550702404715,9,23,51.55778266079,-2.98786658617807,1,76.4277081057646,17.7517999168237,36.4418602417747,18.6436220261244,13.8132077966447,-4187022.58196702,267.866238641285,0.0038199781019574,63.8535475827047,9.07308315802495,1982,0,1,0,0,0,0,0,0,0,1,0,0,1,0,0,0,0,0,0,0,0,0,0,0,0,0,0,0,0,0,0,0,0,0,0,0,1,0,0,0,0,0,0,0,0,0
7,140.196080040634,1.37215034738263,0.226120871073805,16,0,52.8262901830822,0.934381209835613,3,68.0414193421109,16.1465998299833,40.2894640850039,18.6372983030053,15.7265331423969,5322281.71906031,275.739939999743,0.0015661399064053,0.443084144718064,8.63196115194435,1989,0,0,0,1,0,0,0,0,1,0,0,0,0,1,0,0,0,0,0,0,0,0,0,1,0,0,0,0,0,0,0,0,0,0,0,0,0,0,0,0,0,0,0,0,0,0
6,120.14998134022,1.44022646675782,0.159200423185163,8,17,52.4898586352106,-0.766864051375191,9,76.2865162291341,17.7927688593554,36.4821694101296,18.6498538391491,12.0265880516984,3774701.93602866,290.84023056821,4.8908723244169e-05,39.3052412155141,3.7018430927238,1989,0,1,0,0,0,0,0,0,1,0,0,0,0,0,1,0,0,0,0,0,0,0,0,0,0,0,0,0,1,0,0,0,0,0,0,0,0,0,0,0,0,0,0,0,0,0
4,-36.7581939135487,1.44112108274894,0.2252691778632,5,7,53.0985641356437,-3.59008330069436,2,76.3840941952584,17.7518638625823,36.4785702956528,18.6456853692992,13.7909522111225,96953.0511665707,275.500401623146,-0.0002461396909609,208.548035903279,4.35291009259054,1982,0,0,0,0,0,0,0,0,1,0,0,0,1,0,0,0,0,0,0,0,0,0,0,0,0,0,0,0,0,0,0,0,0,0,0,0,0,0,0,0,0,0,0,0,0,1
7,243.074622987847,1.44159268184237,0.185470713685154,16,11,52.8196313467714,0.450286883749311,1,76.353123663604,17.7568688573347,36.4757783698915,18.6412678843553,13.8013065234862,30031.6206439296,278.438062939677,0.0015194244889515,361.883626479945,10.5780252400887,1986,0,0,0,0,1,0,0,0,1,0,0,0,1,0,0,0,0,0,0,0,0,0,0,1,0,0,0,0,0,0,0,0,0,0,0,0,0,0,0,0,0,0,0,0,0,0
5,33.4081865688617,1.44086063933607,0.168164241062087,21,22,52.3274665540613,-2.4007370099571,3,76.3237994857054,17.7258133849928,36.506452852508,18.6369335412704,13.814358483997,4721284.85448295,280.77912822783,-0.0040552004053938,201.487445821032,7.80891486987145,1981,0,0,0,0,0,1,0,0,0,0,0,0,1,0,0,0,0,0,0,0,0,0,0,0,0,0,0,1,0,0,0,0,0,0,0,0,0,0,0,0,0,0,0,0,0,0
4,49.2873234698233,1.44322565547917,0.242046046652619,14,9,52.7493310569393,-1.3639752307364,7,76.2097074116956,17.7567188515201,36.4824961686535,18.6397747252172,13.8547306817986,2051187.31724121,289.720223467493,0.0003764389886422,217.38578474166,2.3768117373798,1983,0,0,0,0,0,0,1,0,1,0,0,0,1,0,0,0,0,0,0,0,0,0,0,0,0,0,0,0,0,1,0,0,0,0,0,0,0,0,0,0,0,0,0,0,0,0
2,-28.6016048144634,1.63469140099028,0.127378738535807,1,17,53.3838991407356,-0.574339103900404,10,86.9735512597924,22.1377310905729,29.5242393968648,18.6390741239988,15.4451210588427,1567888.12233393,285.336833035047,0.0008477734568718,223.842826127508,4.44443646460749,1986,0,0,1,0,0,0,0,0,0,0,0,0,0,0,0,1,0,0,0,0,0,0,0,0,0,0,0,0,0,0,0,0,0,0,0,0,0,0,1,0,0,0,0,0,0,0
3,173.469239302577,1.44170902560244,0.212867160108724,25,5,53.0729933514234,-1.79308494115587,11,76.3284685374517,17.7589781940166,36.4739711748026,18.6374780475418,13.8158297102803,12722.4400007751,276.635596821989,0.0015671003423043,270.752423321591,5.87873234363529,1981,0,1,0,0,0,0,0,0,0,0,0,0,1,0,0,0,0,0,0,0,0,0,0,0,0,0,0,0,0,1,0,0,0,0,0,0,0,0,0,0,0,0,0,0,0,0
2,113.844190128786,1.44141868827566,0.197411621224306,24,1,52.1516308320085,-1.46797670631861,5,76.3346479191641,17.7516721968644,36.4877314189686,18.6433324864959,13.8450564086397,13362213.2692488,289.249516044348,-0.0005224093145812,-18.9344107074192,3.6944457566783,1989,0,0,0,0,0,0,0,0,0,0,0,0,0,0,0,1,0,0,0,0,0,0,0,0,0,0,0,0,0,1,0,0,0,0,0,0,0,0,0,0,0,0,0,0,0,0
8,-95.434982854316,1.44221040433756,0.19634194334973,24,2,50.2845084660801,-1.5088920290699,1,98.1587682587282,17.7391121562926,36.4503127463436,18.644509041049,13.8103979890968,3005587.80434881,280.550683667969,-0.0026179744496732,240.650549702046,9.58695670991632,1990,0,1,0,0,0,0,0,0,0,1,0,0,1,0,0,0,0,0,0,0,0,0,0,0,0,0,0,0,0,0,0,0,0,0,1,0,0,0,0,0,0,0,0,0,0,0
0,-31.9473140398516,1.37215039790507,0.135149947370073,19,5,52.9472141482917,-2.63328128098312,8,73.5379529349671,16.5297499593327,40.2894636793351,18.8901574373101,15.7265327349323,68168.6522257501,284.863306749788,-0.0002560698866973,88.88297286116,1.34270755507137,1983,0,1,0,0,0,0,0,0,1,0,0,0,0,1,0,0,0,0,0,0,0,0,0,1,0,0,0,0,0,0,0,0,0,0,0,0,0,0,0,0,0,0,0,0,0,0
1,32.5570356455499,1.13274710286161,0.252333532117324,11,19,53.8798973687719,-0.270582151873703,7,85.1509013203359,17.7387487656626,36.4853248599446,18.6395453970475,13.7999139352872,1985560.77459045,286.200225305269,0.0013466182487757,269.085876559241,5.30351309006312,1993,0,0,0,0,0,0,0,1,0,0,1,0,1,0,0,0,0,0,0,0,0,0,0,0,1,0,0,0,0,0,0,0,0,0,0,0,0,0,0,0,0,0,0,0,0,0
2,-33.6717327575655,1.21193103631965,0.171440035362399,14,2,51.0595772500807,-1.05665423372251,7,64.1100932936923,16.7850885816234,33.4881350749619,18.6440228546582,12.2782379713755,4593444.63874748,286.276033188976,-5.90291745190805e-05,112.78617830139,2.83755865260921,1987,0,0,0,0,1,0,0,0,0,0,1,0,0,0,0,0,0,0,0,0,0,0,0,0,0,0,0,0,0,0,0,0,0,0,0,0,0,0,0,0,0,0,1,0,0,0
8,-9.44276685452752,0.729503488467092,0.172725668294601,3,10,52.3488279418795,0.0975667728890477,1,62.2881214035,14.3650010831666,38.7768978853648,18.6260426519186,44.3385036664996,158210.849872473,276.704871373321,-0.0003616875779525,271.419085878964,10.8634350266337,1981,0,0,0,0,0,0,1,0,0,0,0,0,0,0,0,0,0,0,0,0,0,0,0,0,0,0,0,0,0,0,0,0,0,0,1,0,0,0,0,0,0,0,0,0,0,0
2,36.3794182799792,1.61056823298363,0.215606688197084,17,9,51.6109898982447,-0.387959456501154,2,93.5474272468608,18.777352036183,32.526350621522,18.6411784957018,21.5513999728679,-735347.438961687,285.489938291497,0.0003019565108945,245.466802631042,5.08196294936582,1998,0,0,0,1,0,0,0,0,0,0,0,0,0,0,0,0,0,0,0,0,0,0,0,0,0,0,0,1,0,0,0,0,0,0,0,0,0,0,0,0,0,0,0,0,0,0
1,-85.0496530884575,0.693874718137129,0.138878881639341,29,1,50.9255165859299,0.0821159316135542,11,38.1073244966748,15.1178616183437,37.2528118881229,18.640744586843,-10.8550709618408,-1922029.98904767,282.33753558796,0.0008037215922292,226.742687827682,3.592089564513,1986,0,1,0,0,0,0,0,0,0,0,1,0,0,0,1,0,0,0,0,1,0,0,0,0,0,0,0,0,0,0,0,0,0,0,0,0,0,0,0,0,0,0,0,0,0,0
6,-34.1166139999586,1.65835556894711,0.224204594564214,20,22,52.9418195169064,-2.58009363323277,1,90.4568425897735,40.7421655081263,35.6293324042038,18.6580065752284,24.3287337370292,2756090.55367475,275.406804288166,-0.0027406802611052,214.035141347757,5.94518194289471,1988,0,0,0,0,0,0,1,0,0,0,1,0,0,0,0,0,0,0,0,0,0,0,0,1,0,0,0,0,0,0,0,0,0,0,0,0,0,0,0,0,0,0,0,0,0,0
4,-44.8938944104515,0.835314462867575,0.261646692886639,22,23,52.01945149082,-2.72920596371742,8,56.5147102087357,17.3517507684494,32.7828685212514,18.6507919212549,17.8734393691284,2985352.50924461,289.294796092818,0.002536082472245,117.745472039008,4.97609786874995,1994,0,0,1,0,0,0,0,0,1,0,0,0,1,0,0,0,0,0,0,0,0,0,0,1,0,0,0,0,0,0,0,0,0,0,0,0,0,0,0,0,0,0,0,0,0,0
4,99.0321766089224,1.44216852809038,0.189346032505839,14,5,51.5735399456494,0.313381694314542,3,76.3270585481764,17.7321221266414,36.4955858840097,18.6427383347584,13.8254368169525,85440.0102828772,279.985371208191,0.038704521622848,273.579130098407,6.0433992039568,1994,0,0,0,0,0,1,0,0,0,0,1,0,1,0,0,0,0,0,0,0,0,1,0,0,0,0,0,0,0,0,0,0,0,0,0,0,0,0,0,0,0,0,0,0,0,0
6,31.6096030044835,1.27350700644383,0.0888848767676408,16,9,53.5424554536346,-0.225017584854254,4,59.9497547423631,27.0824130780696,35.6293314140857,18.9704137677088,22.4271194582882,1409758.11589413,283.962564716033,0.0032513346869704,231.347948357449,7.40358507726384,1998,0,1,0,0,0,0,0,0,0,0,1,0,0,0,0,0,0,0,0,0,0,0,0,1,0,0,0,0,0,0,0,0,0,0,0,0,0,0,0,0,0,0,0,0,0,0
8,37.9152350093026,1.44105772181235,0.221378401323642,25,15,54.1000775790951,-1.23673445140901,11,76.4134049495347,17.733157430935,36.4955224278285,18.639802970271,13.8041232715637,4687595.28731209,279.90174539349,-8.68327492589738e-05,26.4021208022343,7.88627255341982,1985,0,0,0,1,0,0,0,0,0,0,1,0,1,0,0,0,0,0,0,0,0,0,0,0,0,0,0,0,0,0,0,0,0,0,0,0,0,0,1,0,0,0,0,0,0,0
4,153.340055118398,1.44318655293286,0.165285729490882,8,4,51.8421517013917,-1.35250712224517,3,76.3750375433635,17.8115119995763,36.470147035953,18.6486352066476,13.8165762992341,-16.8005470081773,278.721488796538,0.0016739387139351,404.622790923793,5.22772277628312,1992,0,1,0,0,0,0,0,0,1,0,0,0,0,0,0,1,0,0,0,0,0,0,0,0,0,0,0,0,0,0,0,0,0,0,0,0,0,0,0,1,0,0,0,0,0,0
6,-107.940491388972,1.44322561789833,0.231982022741583,30,12,50.1361007288516,-1.04774814366006,7,76.2097063274581,17.7564875207876,36.4824955423927,18.6440758459456,13.854730752856,6200621.94161819,292.36928434408,0.0011262308265102,53.1802311673929,1.98249485519896,1983,0,0,0,0,1,0,0,0,0,0,1,0,1,0,0,0,0,0,0,0,0,0,0,0,0,0,0,0,0,1,0,0,0,0,0,0,0,0,0,0,0,0,0,0,0,0
8,65.8361115859643,2.16299144845627,0.140257325740302,11,18,53.5433432202731,-0.178148082873917,11,66.6618573409974,25.1098488419107,36.4730500539955,18.6361062766368,16.5921568762304,3386536.7474944,281.66808854977,-0.0010739619101134,243.282284783931,10.8508930754081,1991,0,1,0,0,0,0,0,0,0,1,0,0,1,0,0,0,0,0,0,0,0,0,0,1,0,0,0,0,0,0,0,0,0,0,0,0,0,0,0,0,0,0,0,0,0,0
0,43.8117677483926,0.762440977495215,0.242790013535343,20,6,53.0706323625555,-0.87818826975872,1,57.9174928890698,38.8853070719714,15.7155925646777,18.6393583638597,10.982719182776,174667.552928799,277.000017585943,-0.0003822322276707,222.114530608729,-0.421326442017079,1999,0,0,0,0,0,1,0,0,0,0,1,0,1,0,0,0,0,0,0,0,0,0,0,1,0,0,0,0,0,0,0,0,0,0,0,0,0,0,0,0,0,0,0,0,0,0
6,6.99830939677214,0.925122528236692,0.163741151681029,12,18,53.7004672644999,0.547169286184571,3,83.5205613493077,37.3244381825791,29.7862360951945,19.2995439887413,25.5931228076873,481117.567300174,278.739974930361,0.0005796162638202,117.769130858896,7.01195113599861,1984,0,1,0,0,0,0,0,0,0,0,0,0,0,0,0,0,0,0,0,0,0,0,0,0,0,0,0,0,0,0,0,0,0,0,0,0,0,0,0,1,0,0,0,0,0,0
5,-42.1092180800193,1.44240788245672,0.189166277126116,6,19,50.7869802047852,1.64019653200424,3,76.3187942740952,17.7471358328833,36.4863501490749,18.6457390924118,8.72378157893652,3907202.33018083,281.765320684147,0.0006287975587993,264.176007944548,6.13205803218973,1997,0,0,0,0,0,0,1,0,0,1,0,0,1,0,0,0,0,0,0,0,0,0,0,0,0,0,0,0,1,0,0,0,0,0,0,0,0,0,0,0,0,0,0,0,0,0
4,67.5396906712366,1.66804523666934,0.19601828047297,28,2,52.7465438719082,-0.564276198987705,2,69.7236676542985,20.3108601327633,34.7847934044559,18.6461185958124,15.8962847206775,-1801003.52776891,277.783646047311,0.0011121287017885,238.204507992862,3.49673903806695,1982,0,0,0,0,0,1,0,0,0,0,1,0,0,0,1,0,0,0,0,0,0,0,0,0,0,0,0,0,0,0,0,0,1,0,0,0,0,0,0,0,0,0,0,0,0,0
7,73.1165326889674,1.44128290215282,0.181173048845799,22,17,53.3250300323081,-2.31849021855346,5,76.3332500785982,17.7173318484214,36.4631010580491,18.6374783712583,13.8050025873183,3677680.74357,292.239109953943,0.001661548396249,199.106710359229,8.72957630057499,1981,0,1,0,0,0,0,0,0,1,0,0,0,1,0,0,0,0,0,0,0,0,1,0,0,0,0,0,0,0,0,0,0,0,0,0,0,0,0,0,0,0,0,0,0,0,0
3,89.6471118794974,1.38735282290479,0.148987294265835,8,3,52.3492340665129,-1.13108778475137,8,49.7012170877044,17.7492519287939,36.4999568832052,18.6500289055854,13.8208157686583,3081332.58703826,287.935024397644,0.0005153097157269,330.998993899788,4.07910549289791,1991,1,0,0,0,0,0,0,0,0,1,0,0,1,0,0,0,0,0,0,0,0,0,0,0,1,0,0,0,0,0,0,0,0,0,0,0,0,0,0,0,0,0,0,0,0,0
3,118.540972072246,1.44203914646381,0.122684648741828,23,6,52.8034800713059,-2.46100235682488,7,76.4557370954217,17.7595017486315,36.479983676973,18.6365006800129,13.8131027208822,153629.607965278,285.32739986659,0.0011610522583453,208.644778419433,5.73895122502242,1988,0,0,0,0,0,0,1,0,0,0,0,0,0,0,0,1,0,0,0,0,0,0,0,0,0,0,0,0,0,0,0,0,0,0,0,0,1,0,0,0,0,0,0,0,0,0
1,-262.672151811903,1.44131269410429,0.141518766500536,2,22,52.7631666301676,-2.27080003399258,9,81.6544934857325,17.7444973397254,36.4510825963324,18.6432755141189,13.8225637936218,5501304.81799452,292.170549258081,-0.0003368295647875,171.583915394644,1.96763816441031,1999,0,0,0,0,0,0,1,0,0,1,0,1,0,0,0,0,0,1,0,0,0,0,0,0,0,0,0,0,0,0,0,0,0,0,0,0,0,0,0,0,0,0,0,0,0,0
5,110.739364791701,1.25334894658728,0.16891843121666,9,22,48.858274139735,0.275374245485354,8,37.1778095555387,25.6417530993842,38.4663240431971,18.6363441630802,11.9557498267889,5417534.68064694,296.50204121262,0.0011387085305051,67.4012519564066,8.59850594198761,1983,0,0,0,1,0,0,0,0,0,0,0,0,0,0,1,0,0,0,0,0,0,0,0,0,0,0,0,0,0,0,0,0,0,0,0,0,0,0,0,0,0,1,0,0,0,0
3,69.6022519676974,1.0363653111201,0.228023654887193,1,18,52.3327360139609,0.2910087135083,5,39.9673462925995,37.3185471740582,31.2884833575047,18.6400526352792,23.2104922128737,2410950.80131081,286.444679654955,0.0005100138937555,115.095240014703,3.64816709462379,1995,0,0,0,0,1,0,0,0,0,0,0,0,1,0,0,0,0,0,0,0,0,0,0,0,0,0,0,0,0,0,0,0,0,0,0,0,0,0,0,0,0,0,0,1,0,0
1,46.9601235663408,0.666826111205937,0.230684172858475,22,23,53.087613455078,-0.0906930542808797,7,66.3730150685176,17.7312183289978,35.0997174246281,18.6345725365198,33.0690292378768,4849048.55091071,289.084094434014,0.0006524694997539,71.4633073265648,2.6388289689871,2000,0,0,0,1,0,0,0,0,0,0,1,0,0,0,0,1,0,0,0,0,0,0,0,0,1,0,0,0,0,0,0,0,0,0,0,0,0,0,0,0,0,0,0,0,0,0
9,13.9053310060081,1.44051799801446,0.223988076386813,23,14,51.1232679916063,-2.7022235175624,6,76.3914327858511,17.7390623986556,36.443937982982,18.6376797477668,13.83011998277,8474737.9849379,291.094522245321,0.0016829296453218,229.871644529457,3.88886243826806,1985,0,0,0,0,0,0,0,1,0,0,0,0,1,0,0,0,0,0,0,0,0,0,0,0,0,0,0,0,0,0,0,0,0,0,0,0,0,0,0,0,0,0,1,0,0,0
7,80.5452854614889,1.44018162462272,0.220847472077925,28,10,53.7652743960592,-1.12232813366506,9,76.369485519822,17.7537754603683,36.4756919221176,18.6393376423562,13.8563619825026,-652566.069017256,286.434896326619,0.0050343904976052,246.65314945297,12.5938310982856,1988,0,0,1,0,0,0,0,0,0,0,1,0,1,0,0,0,0,0,0,0,0,0,0,0,0,0,0,0,1,0,0,0,0,0,0,0,0,0,0,0,0,0,0,0,0,0
8,126.396621944855,1.44151898281245,0.172098899736701,8,13,52.3896045682146,-0.754273563296427,8,76.2137091360073,17.7491679235192,36.481529618989,18.6423671122435,13.811177559815,5832323.68982152,292.147780292111,0.0007462831583031,271.720908877383,4.18987463866464,1989,0,0,0,0,1,0,0,0,1,0,0,0,0,0,0,1,0,0,0,1,0,0,0,0,0,0,0,0,0,0,0,0,0,0,0,0,0,0,0,0,0,0,0,0,0,0
0,2.28250473871687,1.46134388042288,0.186331052758325,15,19,51.2597860259615,0.947465798933665,11,76.3328697582509,17.7285593828218,36.4498485691091,18.6408296457058,13.8289951201847,4787063.04260792,283.080369997073,-0.001361770549264,182.636587313127,1.96872068120133,1997,0,0,0,0,0,0,0,1,0,0,1,0,1,0,0,0,0,0,0,0,0,0,0,0,0,0,0,0,0,0,0,0,0,0,0,1,0,0,0,0,0,0,0,0,0,0
5,93.2329722024461,1.42172908120153,0.148796906378944,16,15,52.4753432421754,-1.61472964213074,12,76.2708841269252,17.7944740580908,36.4767878611457,17.9478048170872,13.8099291225024,2455712.38368294,282.999429727804,-0.00179152390694,279.555466120336,6.97352321996371,1998,0,0,0,0,1,0,0,0,1,0,0,0,1,0,0,0,0,0,1,0,0,0,0,0,0,0,0,0,0,0,0,0,0,0,0,0,0,0,0,0,0,0,0,0,0,0
6,-5.51010211156644,1.44136625256858,0.268578061721593,20,16,52.0719801216787,-2.98445950602531,1,76.2945859906324,17.7658630155269,36.4940812418068,18.6424000538452,13.8195749323434,827211.229299142,277.335988304713,0.0006175672674308,193.312033278739,5.64571047207444,1989,0,0,0,0,0,0,1,0,1,0,0,0,1,0,0,0,0,0,0,0,0,1,0,0,0,0,0,0,0,0,0,0,0,0,0,0,0,0,0,0,0,0,0,0,0,0
3,67.5294699537872,1.44254618651521,0.214404420409314,13,16,53.7763125189893,0.616360616805089,11,76.3922357272001,17.774049829232,36.4804586753602,18.6410327939928,13.805927495739,1487817.81616278,282.116827513777,-0.0001799724604967,218.591267110018,1.79609188166711,1990,0,0,0,0,0,0,1,0,0,0,1,0,1,0,0,0,0,0,0,0,0,0,1,0,0,0,0,0,0,0,0,0,0,0,0,0,0,0,0,0,0,0,0,0,0,0
4,49.2163720496164,1.28136749305804,0.266649485072198,14,22,52.3151798842619,-0.401091826810477,3,67.4417761169315,3.32556654929502,33.5821518101848,18.6355472071535,14.5716129100649,6183064.122904,282.612407904785,0.0018111418368933,242.144282418273,7.04670232648102,1988,0,0,1,0,0,0,0,0,0,0,1,0,1,0,0,0,0,0,0,0,0,0,0,0,0,0,0,0,0,0,0,0,0,0,0,0,0,0,0,1,0,0,0,0,0,0
4,253.85018762845,1.44097468394525,0.292848005842949,25,10,52.5786411423063,-0.200537152483792,12,76.3421865516937,43.8604436875964,36.4779125383252,18.6303299557847,13.8098810212788,-741398.927526282,273.907871933885,0.0050812230320369,240.897106088013,6.16016611903146,1999,0,0,0,0,0,0,0,1,0,0,1,0,0,0,0,0,0,0,0,0,0,0,0,0,0,0,0,0,0,1,0,0,0,0,0,0,0,0,0,0,0,0,0,0,0,0
3,-20.317935464833,1.44163520344778,0.10941704920906,8,21,50.3744053489033,-1.25128148290618,9,76.3056445847863,17.7481523815914,36.4768808675719,18.643621908487,13.809448507098,2958934.15711132,283.816106750056,-0.0006621011193702,276.084097309072,2.68838831169279,1982,0,1,0,0,0,0,0,0,0,0,1,0,1,0,0,0,0,0,0,0,0,0,0,0,1,0,0,0,0,0,0,0,0,0,0,0,0,0,0,0,0,0,0,0,0,0
6,34.965834889869,1.00757563731035,0.269190678731856,23,0,50.1051154063276,-2.8154065905362,5,74.147809010445,36.020905353476,35.7446088536321,18.6464756115529,7.84627792970019,3640986.07130804,283.547319163173,0.0056650946674287,195.069020014834,6.64509688295278,2000,0,0,0,0,0,0,0,1,0,0,1,0,1,0,0,0,0,0,0,0,0,0,0,1,0,0,0,0,0,0,0,0,0,0,0,0,0,0,0,0,0,0,0,0,0,0
0,-89.3749285898306,1.44280744668988,0.166021265617061,26,6,52.7501039452529,-2.85837849002588,10,76.4359917121485,17.7331970196764,36.4780182543997,18.6410326590466,13.7753875953092,40708.676127894,286.020021629496,0.0009513243369894,229.34678095387,3.24972488701146,1989,0,0,0,0,0,0,1,0,0,0,0,0,0,0,0,1,0,0,0,0,0,0,0,0,0,0,0,0,1,0,0,0,0,0,0,0,0,0,0,0,0,0,0,0,0,0
4,118.035915864692,1.4411128926898,0.177395700242287,2,8,52.4398518455049,-0.464656635403062,9,76.3066900794251,17.7473585478951,36.4548108977746,18.6376640663893,13.7945026020679,704245.514669723,284.931624994169,-0.0006290334553076,240.310031062276,4.28461654688117,1985,0,0,0,0,0,0,0,1,0,0,1,0,1,0,0,0,0,0,0,0,0,0,0,0,0,0,0,0,0,0,0,1,0,0,0,0,0,0,0,0,0,0,0,0,0,0
6,66.7162153356343,0.942356846765842,0.175542356719644,13,19,52.9877270374359,-0.362527455020941,5,-467.620444196338,5.81357673936507,15.3399431737496,18.6388835292478,18.8238691802894,-1987322.95720351,282.965789668933,0.0032449420692469,205.678722292632,7.7267771759897,1983,1,0,0,0,0,0,0,0,0,0,0,0,0,0,0,1,0,0,0,0,0,0,0,0,0,1,0,0,0,0,0,0,0,0,0,0,0,0,0,0,0,0,0,0,0,0
9,-73.1298720885085,-0.789144772404412,0.161784910586354,19,0,51.6556949296334,-1.86764733436252,3,29.7557987956851,64.1099183119621,26.363533033153,18.647670206536,4.45675636909911,4725391.99474802,283.868316898944,0.0023409178389748,311.941686650802,15.1285684025245,1997,0,0,0,0,0,0,0,0,0,0,1,0,1,0,0,0,0,0,0,0,0,0,0,0,0,0,0,0,0,0,0,0,0,0,0,0,0,1,0,0,0,0,0,0,0,0
0,48.5576571295905,0.134127038807227,0.165248394263594,3,5,54.0186913852585,0.481700218239049,8,-115655.87791403,-15.2532078736092,33.8548819913518,18.6539884166742,31073.7850230795,-12758627.3323466,284.525941259057,0.141813791503491,186.855175869052,0.286752465240741,1999,0,0,0,0,0,0,0,0,0,0,0,0,0,0,0,0,0,0,0,0,0,0,0,0,1,0,0,0,0,0,0,0,0,0,0,0,0,0,0,0,0,0,0,0,0,0
1,33.261633152923,1.44186978987898,0.133385890095842,16,6,52.7512267498965,0.454592288495706,4,53.2813550666998,17.740462571586,36.4752316439075,18.6416599552394,13.8135547496633,-54077.0023200518,280.76486353301,0.0002651578326867,275.559582564407,2.32747184594333,1987,0,1,0,0,0,0,0,0,0,0,0,0,1,0,0,0,0,0,0,0,0,0,0,1,0,0,0,0,0,0,0,0,0,0,0,0,0,0,0,0,0,0,0,0,0,0
6,2.98180812074585,0.519186672777132,0.2196099579116,21,14,52.294263575636,-1.05026526922807,3,74.6613392390321,17.7276871953687,36.4650734544732,18.6387200860606,13.8191030135271,4901723.86632922,282.808595383989,0.0002012326897311,116.295493204139,2.00517232902635,1994,1,0,0,0,0,0,0,0,0,1,0,0,1,0,0,0,0,0,0,0,0,0,0,0,0,0,0,0,0,0,0,0,0,0,1,0,0,0,0,0,0,0,0,0,0,0
4,32.2077542618819,1.4422153657981,0.183469620476637,29,3,53.9504007807762,-1.17134020243497,11,76.3549714916497,17.7617601334606,36.4892578434443,18.6416602630395,13.8105106049376,1868685.89525679,279.365687903095,0.0004719030298641,201.700726686858,3.38789593178871,1987,0,1,0,0,0,0,0,0,0,1,0,0,1,0,0,0,0,0,0,0,0,0,0,0,0,0,0,0,0,0,0,0,0,0,0,1,0,0,0,0,0,0,0,0,0,0
3,181.143564883302,0.116058135346421,0.130657789193163,11,6,53.529896664934,-2.54657611296368,9,24.0607395179753,38.9533748953196,45.8484966497637,18.6464753884942,8.47738382368036,52578.2148079033,285.072154384253,-0.0004760309222112,121.039180379912,5.53043082415988,2000,0,0,0,0,0,0,0,1,0,0,0,0,1,0,0,0,0,0,0,0,0,0,0,0,0,0,0,0,0,0,0,0,0,0,0,0,0,0,0,0,0,0,0,0,1,0
8,-72.2428956580306,2.01099105104027,0.137929764510934,9,17,54.3792144155541,-2.6035732418188,4,95.9004583605626,17.7453090183233,37.6439073402353,18.6384826746175,20.0075233342507,2642996.35947158,282.585527868576,-6.78080323998786e-05,206.509811174333,2.89583643982341,1996,0,0,0,1,0,0,0,0,0,0,0,0,0,0,0,1,0,0,0,0,0,0,0,1,0,0,0,0,0,0,0,0,0,0,0,0,0,0,0,0,0,0,0,0,0,0
4,47.7992698396145,1.44217701117869,0.158922877423626,7,19,51.463313103734,-0.499769022850298,12,72.6634403959238,17.7355995405802,36.4761733369457,18.6446929090763,13.8081811872988,3266043.42790226,285.56556268324,-0.0019437007939371,170.592696404853,8.23263619919451,1985,0,0,1,0,0,0,0,0,1,0,0,0,0,0,0,1,0,0,0,0,0,0,0,1,0,0,0,0,0,0,0,0,0,0,0,0,0,0,0,0,0,0,0,0,0,0
9,-95.12689368589,1.44212038432756,0.174460299212039,21,14,52.6002236101459,-0.154423462839067,8,76.541331380461,17.7645370263823,36.4972678180653,18.6432015289169,13.8187100839559,7719281.04164848,292.507225937431,0.0009371185982722,114.092849650522,4.95796949362367,1984,0,0,0,0,0,0,0,0,0,0,0,0,1,0,0,0,0,0,0,0,0,0,0,0,0,0,0,0,0,0,0,0,0,0,0,0,1,0,0,0,0,0,0,0,0,0
3,229.928249157035,1.44105026570789,0.230968200372927,12,0,52.730381658574,-1.57323478899866,2,76.3371659169582,17.7406686729605,36.4718256951305,18.6365182184188,13.8145920142886,1568563.70446238,270.579517287858,5.55176323488752e-05,118.569162617283,3.48198231638061,1986,0,0,0,1,0,0,0,0,1,0,0,0,1,0,0,0,0,0,0,0,0,0,0,0,0,0,0,0,0,0,0,0,0,0,0,0,0,0,0,0,0,0,0,1,0,0
0,38.9072146238102,1.44199748849123,0.217888944560738,10,6,53.4637530138897,-0.183915014724091,2,76.3168933191765,17.731731013541,36.4986017566293,18.6428037943972,13.8069360525324,-148712.288508537,270.62544017634,-0.0011769733256045,132.056281325272,3.76729870582312,1983,0,0,0,0,0,1,0,0,0,1,0,0,1,0,0,0,0,0,0,0,0,0,0,0,0,0,0,0,0,0,0,0,0,0,0,1,0,0,0,0,0,0,0,0,0,0
0,-28.7983593875591,1.44211387944018,0.108535026176053,12,8,51.4643236091671,-1.67697281288419,4,76.356159290225,17.7431267336448,36.4705095861226,18.6361056871027,13.8147619312278,456716.63320606,278.652695533203,0.0001227332658602,91.8879216269988,0.78660679194192,1991,0,1,0,0,0,0,0,0,0,0,1,0,1,0,0,0,0,0,0,0,0,1,0,0,0,0,0,0,0,0,0,0,0,0,0,0,0,0,0,0,0,0,0,0,0,0
7,122.014017919048,0.990006777118003,0.147150097109535,19,14,54.2167107238197,1.61388623749409,11,42.0154269382905,17.7451817358848,106.173171802292,18.6385691088941,18.7085761972587,1388359.16217545,283.929026579631,0.0001647109242858,172.274345798884,3.28913574870004,1996,0,1,0,0,0,0,0,0,0,1,0,0,0,0,0,1,0,0,0,0,0,0,0,1,0,0,0,0,0,0,0,0,0,0,0,0,0,0,0,0,0,0,0,0,0,0
9,188.724918976816,1.44273595663546,0.256360045323628,12,15,51.3213374034293,-0.265968231572907,4,76.3502624764291,17.7682520638397,36.4694166354909,18.6393578034568,13.7949610106102,2078158.07078153,281.83331258626,0.0013798206955473,265.037948041461,6.84738726629894,1999,0,0,0,0,0,1,0,0,0,0,0,0,1,0,0,0,0,0,0,0,0,1,0,0,0,0,0,0,0,0,0,0,0,0,0,0,0,0,0,0,0,0,0,0,0,0
6,-31.9804731996087,1.44148657906113,0.253796429631523,9,10,53.7734453140086,-2.7029945371364,11,76.2927978378643,17.7492446855484,36.4788675634063,18.6357135788211,13.8119092648781,974743.703493242,282.29466295592,-0.0047774051809598,187.618245657409,9.81230826687397,1997,0,0,0,1,0,0,0,0,1,0,0,0,1,0,0,0,0,0,0,0,0,1,0,0,0,0,0,0,0,0,0,0,0,0,0,0,0,0,0,0,0,0,0,0,0,0
0,-13.1663140120902,1.44254189375827,0.115296190605106,12,5,52.5811860592794,-2.22714819442269,1,76.3704692303918,17.7480009633616,36.4953500291086,18.6495488161393,13.8063282192547,-65114.3436865603,270.121895975053,0.0004521996370307,-14.4321593978834,0.454265267708667,1992,0,1,0,0,0,0,0,0,1,0,0,0,1,0,0,0,0,0,0,0,0,0,1,0,0,0,0,0,0,0,0,0,0,0,0,0,0,0,0,0,0,0,0,0,0,0
9,83.3064320229079,1.44276948212152,0.20336157641231,17,10,55.2528016685734,-1.0049266461644,6,76.4672636244005,17.7300116932208,36.4697067087019,18.6408647289334,13.810219506961,4438051.15790679,284.747978016037,-0.0001494789401979,315.196084320352,3.58027561742287,1991,0,0,0,1,0,0,0,0,1,0,0,0,0,0,0,1,0,0,0,0,0,0,1,0,0,0,0,0,0,0,0,0,0,0,0,0,0,0,0,0,0,0,0,0,0,0
9,56.8577258643536,1.42391592810594,0.128773941654146,14,13,53.833516608669,-2.65164884628625,7,76.2891187725373,17.7570148126711,37.1075515773671,18.642888777644,13.822090490576,9454819.28945048,290.95655955453,-0.0001398626234444,223.659808124495,2.56259682894227,1994,0,0,0,0,0,1,0,0,0,0,0,0,0,0,0,1,0,0,0,0,0,0,0,0,0,0,0,0,0,0,0,0,0,0,0,0,0,0,0,0,0,0,0,1,0,0
8,159.855709055956,1.44454189419398,0.20437019987342,16,18,52.7613828067375,-0.727870001643512,5,76.3893078476395,17.7850323028802,36.4431926330315,18.6462620751287,13.8150813232698,4460544.77720015,284.294439911394,0.0017098755049529,272.941099411683,1.55130490602658,1986,0,0,0,0,0,0,0,1,0,1,0,0,1,0,0,0,1,0,0,0,0,0,0,0,0,0,0,0,0,0,0,0,0,0,0,0,0,0,0,0,0,0,0,0,0,0
2,249.05786105072,1.44233384348049,0.184326138390552,23,20,51.755599320975,-0.880275363596872,11,76.2314443926764,17.7912367992996,36.4683009324397,18.6440229787946,13.8067977558201,6235033.90048392,280.169306637572,-0.0059242594309983,207.93741550483,4.50809241029723,1983,0,0,0,0,0,0,0,1,0,0,0,0,1,0,0,0,0,0,0,0,0,0,1,0,0,0,0,0,0,0,0,0,0,0,0,0,0,0,0,0,0,0,0,0,0,0
8,118.142006468132,1.43387692627101,0.216909327333498,21,7,51.1524480366543,-2.08026008467171,10,76.3479348556842,17.7308709076559,35.9319981412773,18.6404713524303,13.8076626410188,-50148.1759626045,281.204246531881,0.0035655248540772,214.762907088031,14.4338015284014,1998,0,0,0,0,0,0,1,0,0,1,0,0,1,0,0,0,0,0,0,0,0,0,0,0,0,0,0,0,0,0,0,0,0,0,0,1,0,0,0,0,0,0,0,0,0,0
8,63.6798240335953,1.44083528074276,0.225619781090191,10,17,51.6149488214268,0.156318286856224,5,76.3275177423645,17.7459806426832,36.4639239443364,18.6265603324744,16.3442540244915,5472079.10624928,289.260291936457,-0.0012737889190053,173.491659229033,1.56233075569206,1981,0,0,0,0,0,0,1,0,0,0,0,0,0,0,0,0,0,0,0,0,0,0,0,0,0,0,0,0,1,0,0,0,0,0,0,0,0,0,0,0,0,0,0,0,0,0
6,42.6842805284215,1.44096396585729,0.255365052497868,17,11,52.8079761769538,-1.62170068892024,3,76.3440914423314,17.77232390503,36.4881300741244,18.6378575772862,13.8140137840365,2496024.45345239,279.866059739601,0.0002577363678183,254.366899201582,4.85695759563739,1983,0,1,0,0,0,0,0,0,0,0,1,0,1,0,0,0,0,0,0,0,0,0,0,0,0,0,0,0,0,0,0,0,0,0,0,0,1,0,0,0,0,0,0,0,0,0
0,15.3138704620977,1.44131451072737,0.26053626332526,26,4,53.5780290889043,-3.38967760078292,9,76.3785779271613,17.7552457250172,36.4672465333856,18.6408617379438,13.7818059631051,-8.12452912290333,283.245147661388,0.0006315242791931,44.3820794909775,1.59246463268917,1991,0,0,0,1,0,0,0,0,0,0,1,0,0,0,0,1,0,0,0,0,0,0,0,0,0,0,0,0,0,0,0,0,0,0,0,0,0,0,0,0,0,0,0,1,0,0
9,5.45019750621668,1.08924771010343,0.242014886744195,14,2,52.232333621698,-1.57794624048069,1,10.9356381778885,38.2370934288262,38.5939515499908,18.640657290725,19.103393178114,2193109.45718421,283.700913677125,-0.0017400721832454,216.634553452994,11.2118267854359,1993,0,1,0,0,0,0,0,0,0,0,1,0,1,0,0,0,0,0,0,0,0,0,0,0,0,0,0,0,0,0,0,0,0,0,0,0,0,0,0,0,0,0,0,0,1,0
1,128.600480495967,3.24542431148824,0.24810329040626,25,1,52.7784022062876,-0.778650409037061,5,81.7617091971476,17.7359595623588,36.4835563292148,18.6343292495763,44.6472037845193,7133643.90394971,282.777805156343,0.0021080844981089,58.3674489592442,3.15021951058403,1990,0,0,0,0,1,0,0,0,0,0,0,0,0,0,0,1,0,0,0,0,0,0,0,1,0,0,0,0,0,0,0,0,0,0,0,0,0,0,0,0,0,0,0,0,0,0
6,3.85993787744693,1.28136742285796,0.154896541272185,26,9,52.8785156260313,0.279605602680806,6,66.5599963089295,-0.466373499520916,33.582152804454,18.6495487875798,16.074042531895,1849578.22464554,288.700747581472,-7.11447245864611e-06,-27.1421815885619,2.00968085529871,1992,0,1,0,0,0,0,0,0,0,0,0,0,1,0,0,0,0,0,0,0,0,0,0,0,0,0,0,0,0,0,0,0,0,0,0,0,0,0,0,1,0,0,0,0,0,0
1,162.840739316497,1.28136737747289,0.214563073390723,20,0,53.7651159596321,-1.26591136424965,5,68.553899060403,8.10805220647815,33.5821529608576,18.6449323165688,15.1548352861619,3819724.39203051,282.668772874,0.0019664392777925,194.159195927658,2.29816928813471,1992,0,0,0,0,0,0,0,1,0,0,0,0,1,0,0,0,0,0,0,0,0,0,0,0,0,0,0,0,0,0,0,0,0,0,0,0,0,0,0,1,0,0,0,0,0,0
4,247.123308485772,1.44045834553667,0.0642088036261556,13,19,51.8813792830448,-0.164943869526146,7,76.318136843533,17.7834384876036,36.401599556668,18.6462675760886,13.7948831292327,10625422.310417,290.282368078021,-0.0003710303592114,136.498294160504,1.04853230983391,1986,0,0,0,0,0,0,0,1,0,0,1,0,1,0,0,0,0,0,0,0,0,0,0,0,0,0,0,0,0,0,0,0,0,0,0,0,0,0,0,0,1,0,0,0,0,0
2,-7.53675936017198,1.40178457127452,0.166096463636272,5,21,52.9607678059434,-1.71046079361791,9,76.2680953910842,17.7422261144665,36.4889373115967,18.6454608426053,13.8152726289467,7169564.67921196,285.877655364232,0.0009638448874536,253.411598255687,2.42896716655271,1994,0,0,0,0,0,0,0,1,0,0,1,0,0,0,0,1,0,0,0,0,0,0,0,0,1,0,0,0,0,0,0,0,0,0,0,0,0,0,0,0,0,0,0,0,0,0
8,-84.0791386888989,1.44255716496265,0.148493543791375,10,11,51.6216455262538,-1.6494877784303,5,75.670646599203,17.7592911257682,36.4930535646964,18.6421045622906,13.8242528347667,5052258.1511737,280.598198526433,0.0004466347725894,-146.359258246741,2.57015385822675,1991,0,0,0,0,1,0,0,0,1,0,0,0,1,0,0,0,0,0,0,0,1,0,0,0,0,0,0,0,0,0,0,0,0,0,0,0,0,0,0,0,0,0,0,0,0,0
1,-74.0556650686021,1.44239981744095,0.0966752429282678,30,6,51.8706277331202,-1.29409021622126,3,76.0234798009785,17.7404840510471,36.4764536953951,18.6364959906396,13.8077763142419,146038.602994717,275.100784692311,0.0002816590892921,258.959095941792,4.1691653302114,1988,0,0,0,0,0,0,1,0,0,0,0,0,0,0,0,1,0,0,0,0,0,0,1,0,0,0,0,0,0,0,0,0,0,0,0,0,0,0,0,0,0,0,0,0,0,0
1,107.956833471292,1.43744338688332,0.210227325083158,7,5,52.4359230993386,-0.704254890916906,1,9.37371586032819,23.5958980544684,36.4418517091534,18.1621371739573,13.8185283197685,51828.7350109268,274.11545606909,0.0013704412557952,302.368835483722,3.89211475555945,1994,0,1,0,0,0,0,0,0,1,0,0,0,0,0,0,0,0,0,1,0,0,0,0,0,0,0,0,0,0,0,0,0,0,0,0,0,0,0,0,0,0,0,0,0,0,0
4,-42.9559615469675,1.44177024929968,0.176095304834924,24,5,51.0684739352771,-2.49526146041546,12,78.3565194170805,20.0476572913824,36.465859132301,18.6484759876657,9.03590781890224,-6288.35682821747,279.31355122482,-0.0005603887655168,194.500683991416,5.27156292922528,1990,0,0,0,0,0,0,0,1,0,0,0,0,0,0,0,0,0,0,0,0,0,0,0,0,0,0,0,0,0,0,0,0,0,0,0,1,0,0,0,0,0,0,0,0,0,0
7,-17.6896720573557,1.44136621998531,0.167861838178742,7,17,51.0785128745644,-0.780312036340987,6,76.2962256698339,17.7657112473459,36.4940807308842,18.6468805580936,13.8195744798976,6640828.2867418,287.541226118596,0.0012562865494705,106.509613458351,6.41135648337738,1989,0,0,0,0,0,0,0,0,0,0,0,0,1,0,0,0,0,0,0,0,0,1,0,0,0,0,0,0,0,0,0,0,0,0,0,0,0,0,0,0,0,0,0,0,0,0
8,136.458119927743,0.56625594358403,0.0908830233756303,20,13,51.1400672382438,-0.0160793417083398,7,-0.714187288315696,62.2182712706145,14.7670298574571,18.070420948484,6.31733228981896,5631624.79683099,287.63471315543,0.0031518864160649,408.851086185709,1.9088486609296,2000,0,1,0,0,0,0,0,0,0,1,0,1,0,0,0,0,0,0,0,0,0,0,0,1,0,0,0,0,0,0,0,0,0,0,0,0,0,0,0,0,0,0,0,0,0,0
2,14.398995980279,1.44251625559605,0.118669011349104,17,20,50.6879794930556,-2.37258580852068,1,76.324209713443,17.7317469369844,36.4495635603439,18.6228811393901,13.7942568630673,2489106.51131137,276.342089496655,-0.0003596135300921,188.912390519431,3.21378474217275,1982,0,0,0,0,0,0,1,0,0,1,0,0,0,0,0,0,0,0,0,0,0,0,0,0,0,0,0,0,0,0,0,0,0,0,0,0,1,0,0,0,0,0,0,0,0,0
4,80.6247867273523,1.46454933593941,0.0886514633039423,6,7,50.57662041205,-1.46471340643155,5,66.4840572215814,52.2924917385197,37.278835851364,18.643764474859,5.94210038689732,80396.3856072366,287.848424940998,0.0005878762708156,257.917374348113,5.53923325377355,1982,0,1,0,0,0,0,0,0,0,0,1,0,0,0,1,0,0,0,0,0,0,0,0,0,0,0,0,0,0,0,0,0,0,0,0,1,0,0,0,0,0,0,0,0,0,0
8,117.750909842186,0.933528098681345,0.169170876273016,28,18,53.2949406406976,-1.71186211023454,4,87.6362165110521,11.8689941839903,22.5578625365146,18.645086373442,14.6277081161655,5959509.22714673,284.163858710021,0.0011640478314429,53.2913503827915,3.64401677850242,1999,0,0,0,0,0,0,1,0,0,0,1,0,0,0,0,1,0,0,0,0,0,0,0,0,0,0,0,0,0,0,0,0,0,0,1,0,0,0,0,0,0,0,0,0,0,0
8,172.95321512636,1.44715311467931,0.194026390372428,25,12,52.2884013177281,-1.36580254189538,5,76.3117167652131,17.7465560622781,36.5652532677764,18.6431639050604,13.8531334809504,1949163.4878476,287.771002834218,0.0100212044878719,68.4713888376653,7.01671444203136,1993,0,0,0,1,0,0,0,0,0,1,0,0,0,0,1,0,0,0,0,0,0,0,0,1,0,0,0,0,0,0,0,0,0,0,0,0,0,0,0,0,0,0,0,0,0,0
0,54.1278775611939,0.233899105784064,0.199533193825726,2,23,51.678542732295,0.840428849600408,12,58.8796150481602,-24.0059266068113,4.52682366732402,18.645292490956,21.0603647510563,-262818.490489739,270.688720059441,0.000770252631874,216.80156618388,-5.49771176943054,2000,0,0,0,0,0,0,1,0,1,0,0,0,1,0,0,0,0,0,0,0,0,0,1,0,0,0,0,0,0,0,0,0,0,0,0,0,0,0,0,0,0,0,0,0,0,0
2,244.028177864742,1.23620799901153,0.175184212818903,29,15,50.6805516299695,0.566963030817498,2,203.205340563673,18.3036046995793,36.5034908513057,18.6420933663342,19.2197805085825,5474582.97132133,285.753102633546,-0.0006370676737988,227.691057858771,4.63144172724348,1997,0,0,0,0,1,0,0,0,0,0,1,0,0,0,0,1,0,0,0,0,1,0,0,0,0,0,0,0,0,0,0,0,0,0,0,0,0,0,0,0,0,0,0,0,0,0
0,20.0685601085582,0.96774711335814,0.118744414852488,30,17,51.4986259809083,0.22079616049004,4,59.9169146442419,21.4298940164051,29.1681123414946,18.6417751302152,20.2311632324337,-1956276.81785739,282.863382744463,0.0035793723489547,54.3480942306205,7.11310764014622,1998,0,0,1,0,0,0,0,0,0,0,0,0,1,0,0,0,0,0,0,0,0,0,1,0,0,0,0,0,0,0,0,0,0,0,0,0,0,0,0,0,0,0,0,0,0,0
6,35.3823271739229,3.7300409831361,0.137350177766699,15,14,55.500671218288,-0.665461918330064,9,100.185207246374,17.7357761808718,36.4835554944861,18.6457829754046,30.3081980328336,3921811.28646396,286.149675994203,-0.0004132518114574,42.687267608824,2.59423508135552,1990,0,1,0,0,0,0,0,0,0,1,0,0,0,0,0,1,0,0,0,0,0,0,0,1,0,0,0,0,0,0,0,0,0,0,0,0,0,0,0,0,0,0,0,0,0,0
5,111.170508353016,1.42643495727732,0.175977450415119,22,8,51.8285639440989,-3.57908996087438,5,42.7561053910089,17.7450478847123,60.4118735603237,18.733632535083,4.88772248279727,358836.997125053,279.024358705715,0.0011843057792509,203.355720207856,4.29398799575244,1996,0,0,0,0,1,0,0,0,0,1,0,0,0,0,0,1,0,0,0,0,0,0,0,1,0,0,0,0,0,0,0,0,0,0,0,0,0,0,0,0,0,0,0,0,0,0
8,0.296048170058562,1.44099766855322,0.200924474048489,2,19,52.3434707053332,-1.0585715893993,3,76.2953021985362,17.7357472035666,36.4752595328564,18.6324373029555,13.7968612338393,4722729.42025937,281.291545790133,0.001521489339958,65.1384027566274,10.5650133661449,1993,1,0,0,0,0,0,0,0,0,0,0,0,0,0,0,1,0,0,0,0,0,1,0,0,0,0,0,0,0,0,0,0,0,0,0,0,0,0,0,0,0,0,0,0,0,0
9,-2.18189045995378,1.28136748984994,0.243660177131237,28,13,52.1023919506072,0.390865723803245,6,64.2920528882317,-10.2192620586779,33.5821521465687,18.6477880653469,14.5716128392653,7657610.26471671,292.819533543416,-0.0002536105997745,228.712859655864,9.35341535702749,1999,0,0,0,0,0,0,1,0,0,0,0,0,1,0,0,0,0,0,0,0,0,0,0,0,0,0,0,0,0,0,0,0,0,0,0,0,0,0,0,1,0,0,0,0,0,0
2,11.3502235731974,1.44288734909402,0.141311513257485,10,9,52.607945101207,0.719762881660749,1,76.2925823371483,17.74134546912,36.4709862344642,18.6393953723745,13.8152913024933,269584.037513703,278.490344197438,-0.0024476720223727,237.511916775301,6.47588595146439,1983,0,0,0,0,0,0,1,0,0,1,0,0,0,0,0,1,0,0,0,0,0,0,0,0,0,0,0,0,0,1,0,0,0,0,0,0,0,0,0,0,0,0,0,0,0,0
2,47.6248203872111,1.44097469514398,0.133919201604293,14,2,51.9256647879154,-2.01066749773956,6,76.327115157091,36.1998528526917,36.4779116136297,18.0020643577335,13.8098805350919,4681089.63146258,281.998208051224,-0.0006775561329956,317.445264931812,2.15428156188454,1999,0,1,0,0,0,0,0,0,1,0,0,0,0,0,0,0,0,0,0,0,0,0,0,0,0,0,0,0,0,1,0,0,0,0,0,0,0,0,0,0,0,0,0,0,0,0
6,144.190994613377,1.4420862852077,0.165694324530828,23,12,52.4246922916983,-0.848984820057942,1,76.4179651456333,17.7543144042911,36.4825803296009,18.6427651389863,13.8426548890662,705476.893500505,276.532248225942,0.0017680104207837,288.694358861703,6.67712632142291,1985,0,0,0,0,1,0,0,0,0,0,0,0,1,0,0,0,0,0,0,0,0,0,0,0,0,0,0,0,0,1,0,0,0,0,0,0,0,0,0,0,0,0,0,0,0,0
8,81.6757822882621,1.44269977246298,0.115166210529625,18,15,54.0054781948965,-0.992247673318733,5,76.3728993759836,17.7562242432818,36.477619503598,18.6354653203433,13.807509371356,6622424.89034583,290.977179011585,0.000693165632516,34.2620511235759,2.29250803439505,1988,0,1,0,0,0,0,0,0,0,0,0,0,1,0,0,0,0,0,0,0,0,0,1,0,0,0,0,0,0,0,0,0,0,0,0,0,0,0,0,0,0,0,0,0,0,0
1,91.6778674256031,1.43964310063145,0.132293651491884,18,7,52.7237137657775,-0.306730221785171,7,40114.2264352959,18.9429510035136,36.4822012338444,18.7371833773817,-461658.397131346,-288418971.373174,283.113983575724,0.618373972686677,368.03447781765,2.17518314964239,2000,0,0,0,0,0,0,1,0,0,0,1,0,0,1,0,0,0,0,0,0,0,1,0,0,0,0,0,0,0,0,0,0,0,0,0,0,0,0,0,0,0,0,0,0,0,0
7,30.7937397434392,1.08129737765049,0.234991519250448,27,16,52.0710758613617,-2.48847448669011,2,139.095918308474,15.2336275474489,36.468014270621,18.6482064022537,15.0821781452839,1035650.64288646,280.102521156794,0.0003209298796915,221.278352211225,7.13041318754168,2000,0,0,1,0,0,0,0,0,0,0,0,1,0,0,0,0,0,0,0,0,1,0,0,0,0,0,0,0,0,0,0,0,0,0,0,0,0,0,0,0,0,0,0,0,0,0
0,106.755877809474,0.417786234234881,0.157998421399035,27,7,53.1184772084422,-1.13612372148442,7,37.1435214127837,22.6972932153668,31.7197734953882,18.6428021028246,15.7169132991883,262452.613959232,285.076647435694,-6.61333852466664e-05,231.032049013334,1.60603054708725,2000,0,0,0,0,0,1,0,0,0,1,0,0,1,0,0,0,0,0,0,0,0,0,0,1,0,0,0,0,0,0,0,0,0,0,0,0,0,0,0,0,0,0,0,0,0,0
9,-46.8161130459273,0.134127057564241,0.247332447542249,11,13,51.0652754084054,-2.78864118069233,7,-115661.946490917,8.93730442679034,33.8548823325886,18.642031404892,31073.7845934586,-1067232549.86367,293.557935925392,0.683079304905798,163.743842808278,5.77398483148257,1991,0,0,0,1,0,0,0,0,0,0,1,0,0,0,0,0,0,0,0,0,0,0,0,0,1,0,0,0,0,0,0,0,0,0,0,0,0,0,0,0,0,0,0,0,0,0
3,110.967459948383,1.37389159793734,0.185691189786192,22,14,51.0234654521514,-3.14409149024943,11,57.96614121987,17.7498155890925,36.6290541616679,18.6405432304652,5.44141905813053,2934492.31464197,281.527289890819,-0.0002561748160085,287.31314582324,2.09986140325293,1995,1,0,0,0,0,0,0,0,0,0,0,0,0,0,0,1,0,0,0,0,0,0,0,1,0,0,0,0,0,0,0,0,0,0,0,0,0,0,0,0,0,0,0,0,0,0
6,23.9062578184028,1.26520015380012,0.127622727516957,1,1,53.1149420260999,-2.16864053462153,9,55.8727433483421,-1.78299016138837,31.9885285586085,18.6339202739354,8.74577088698216,3292215.85408026,286.300450658665,0.0013459262489196,177.896425701982,8.61939481262088,1988,0,1,0,0,0,0,0,0,0,1,0,1,0,0,0,0,0,0,0,0,0,0,0,0,0,0,0,0,0,0,0,0,0,0,0,0,0,0,0,0,0,0,0,1,0,0
6,67.7678699119008,1.17256496565548,0.178538161083389,31,11,50.9697877450099,-0.721960679713644,9,67.1054874439019,4.85843011525404,41.5505379422826,18.6437979796016,17.9832580072227,5483947.85345856,295.432560028628,-0.0027294808557696,285.907743426487,5.61002229503758,1982,0,1,0,0,0,0,0,0,0,1,0,0,0,0,0,1,0,0,0,0,0,0,0,0,0,0,0,0,0,0,1,0,0,0,0,0,0,0,0,0,0,0,0,0,0,0
0,60.5420562279606,1.44186971181341,0.147952675562503,7,22,52.0256314677298,-2.55031860396153,4,63.8031341152963,17.7403556986429,36.4752332310923,18.6417136723718,13.8135547975121,2165694.03765607,280.088472273785,0.0029167242283309,29.0910764317463,2.88713038848678,1987,0,0,0,1,0,0,0,0,0,0,0,0,1,0,0,0,0,0,0,0,0,0,0,1,0,0,0,0,0,0,0,0,0,0,0,0,0,0,0,0,0,0,0,0,0,0
7,165.472149308143,0.933528116549061,0.167571077202909,9,18,53.2762964407572,-1.42344821888891,9,81.2984972640877,17.6890466761425,32.3819251423605,18.6457834317909,17.626738240394,4696634.657706,284.930945464126,0.0010410030836918,258.375001336766,2.93062739485599,1990,0,1,0,0,0,0,0,0,1,0,0,0,0,0,0,1,0,0,0,0,0,0,0,0,0,0,0,0,0,0,0,0,0,0,1,0,0,0,0,0,0,0,0,0,0,0
1,275.416128061904,1.44254615752989,0.181657712701331,13,1,52.0375097699192,-1.81663386030978,11,76.6541008703138,17.7740607542175,36.4804596556345,18.6449216499464,13.8059277513701,2359476.93682425,279.869045278652,0.0007099015810578,203.242420406996,2.11938038912671,1990,0,0,0,1,0,0,0,0,0,0,0,0,1,0,0,0,0,0,0,0,0,0,1,0,0,0,0,0,0,0,0,0,0,0,0,0,0,0,0,0,0,0,0,0,0,0
5,20.3764125847159,0.0180928704806786,0.197649259033088,17,8,52.2913921791223,-1.21638737456468,10,19.9096323187817,50.7665042954095,26.7961364855055,17.731155455616,-3.65701208767126,659628.26512991,281.640133392355,0.0006745729643538,223.598326443283,6.42584637139558,2000,0,0,0,0,1,0,0,0,1,0,0,0,1,0,0,0,0,0,0,0,0,0,0,1,0,0,0,0,0,0,0,0,0,0,0,0,0,0,0,0,0,0,0,0,0,0
6,0.236998736745164,1.44150335186772,0.245201701723464,5,11,51.3285600201149,-0.696335847912239,2,76.3773566162001,17.7470140164062,36.4637689914708,18.6436950610324,13.8090407216387,2271842.0866625,279.613698347061,-0.0015818330518939,192.227139973406,2.32761108148507,1994,0,0,0,1,0,0,0,0,1,0,0,0,1,0,0,0,0,0,0,0,0,0,0,0,0,0,0,0,0,0,0,0,0,0,0,0,1,0,0,0,0,0,0,0,0,0
6,207.799055213243,0.118612810435929,0.213596349846653,15,21,52.5288632601149,-0.91413258456918,8,-796.439502062865,54.6370609670828,36.4464500871161,20.4281131527042,12.5591455870876,-4246525.20537781,290.410780473006,0.0040762753393257,254.524578104062,4.27681082980649,2000,0,1,0,0,0,0,0,0,0,0,1,0,1,0,0,0,0,0,0,0,1,0,0,0,0,0,0,0,0,0,0,0,0,0,0,0,0,0,0,0,0,0,0,0,0,0
6,108.623005797451,1.44164135097142,0.193941368320261,20,16,54.5402627587028,-0.831355537542021,11,76.8588556703311,17.7561665210301,36.474830446746,18.6457133215853,13.8085611250238,215021.797426919,282.221396574129,0.0010182681578856,260.134143259168,9.25543219585748,1986,0,0,0,0,0,0,0,1,0,0,1,0,0,0,0,1,0,0,0,0,0,0,0,1,0,0,0,0,0,0,0,0,0,0,0,0,0,0,0,0,0,0,0,0,0,0
4,-28.4820832305639,0.933528148508673,0.196074801928474,16,2,52.225687038235,-0.637089035348747,3,88.135649207238,17.2493914652621,49.4810339430101,18.640680295864,26.3604690912411,1891402.6656254,282.264664275108,0.0005007169226362,183.244977774706,4.50650699856863,1990,0,0,0,0,0,1,0,0,0,0,0,0,0,0,0,1,0,0,0,0,0,0,0,0,0,0,0,0,0,0,0,0,0,0,1,0,0,0,0,0,0,0,0,0,0,0
5,114.2796078596,1.44082769866008,0.133495676692038,7,18,52.8823993431999,-2.4248758120992,11,59.7919230592776,58.856002170679,36.4972061150283,18.5053491732202,8.57605298980338,3347430.63522946,281.483861460469,-0.0023516377806181,265.389563123604,5.86043705204025,1996,0,1,0,0,0,0,0,0,0,0,0,0,0,0,0,0,0,0,0,0,0,1,0,0,0,0,0,0,0,0,0,0,0,0,0,0,0,0,0,0,0,0,0,0,0,0
1,57.2929549972121,1.44322559854923,0.174563200227591,16,6,52.0816753921771,0.326065584643467,12,76.2097096230879,17.7570585722112,36.4824972589164,18.6401844927023,13.8547304989776,-58357.0788019796,278.970049216848,0.000219557066622,131.445353155302,4.05949081869849,1983,1,0,0,0,0,0,0,0,0,1,0,0,1,0,0,0,0,0,0,0,0,0,0,0,0,0,0,0,0,1,0,0,0,0,0,0,0,0,0,0,0,0,0,0,0,0
3,-11.8098658145,1.90252103063612,0.175294691810361,18,8,52.2834607226322,-0.599314394656349,3,90.9898866462807,17.7350456037707,36.5791574411112,18.642983447458,16.0468814578054,481748.678151355,275.316838495576,-0.0003111063562489,204.559943519597,1.55926280661621,1992,0,0,0,1,0,0,0,0,0,1,0,0,0,0,0,1,0,0,0,0,0,0,0,1,0,0,0,0,0,0,0,0,0,0,0,0,0,0,0,0,0,0,0,0,0,0
3,-98.4734895296701,1.42172909070825,0.193458626794846,1,3,53.2838776982164,-2.41658429740016,3,76.2708822394883,17.7948497488203,36.4767867718178,18.6434391868105,13.8099289781719,413269.802933887,282.62257107684,0.001000115346078,269.820305767369,8.03038483499843,1998,0,0,0,0,0,1,0,0,0,1,0,0,1,0,0,0,0,0,1,0,0,0,0,0,0,0,0,0,0,0,0,0,0,0,0,0,0,0,0,0,0,0,0,0,0,0
3,-23.1390537457796,1.44111372913184,0.23233262872165,17,7,51.7918228682096,-1.33954694204164,1,76.2564782167211,17.7258824419885,36.4580356937953,18.6385951202165,13.8327198140385,258762.127568129,272.093854139629,-0.0064359130889256,267.064605987113,2.25364225231452,1992,1,0,0,0,0,0,0,0,1,0,0,0,1,0,0,0,0,0,0,0,0,0,0,0,0,0,1,0,0,0,0,0,0,0,0,0,0,0,0,0,0,0,0,0,0,0
4,-144.959795125158,1.37357728171032,0.15767768434427,8,9,51.0884582259006,-0.144601225765429,8,51.0729201475488,21.9253506011997,42.9537161475438,18.6395451459489,26.6553508167807,1594856.11473073,286.494383706938,0.0009049921668415,282.195590521363,2.07362456759087,1993,0,0,0,0,0,0,0,1,0,1,0,0,1,0,0,0,0,0,0,0,0,0,0,1,0,0,0,0,0,0,0,0,0,0,0,0,0,0,0,0,0,0,0,0,0,0
1,41.8436841769457,1.44219019138522,0.216204028335807,22,9,52.3441088088574,-0.535283223747501,11,76.4240637488888,17.7180029038532,36.4673148431485,18.6402082717171,13.8515206772785,-87260.7485686735,275.153034866496,-4.4880437527883e-05,364.790303512113,2.30462820852832,1983,1,0,0,0,0,0,0,0,0,0,1,0,1,0,0,0,0,0,1,0,0,0,0,0,0,0,0,0,0,0,0,0,0,0,0,0,0,0,0,0,0,0,0,0,0,0
6,68.4360432388006,1.4418697697038,0.143982290567247,12,13,53.2882399663153,0.780752449985903,10,71.904040847927,17.7407939255589,36.4752314756995,18.6380730194811,13.8135541100461,2651301.5599546,285.224772574437,0.0040222585183663,143.118678172796,7.03862636300021,1987,0,0,0,0,0,0,1,0,0,1,0,0,1,0,0,0,0,0,0,0,0,0,0,1,0,0,0,0,0,0,0,0,0,0,0,0,0,0,0,0,0,0,0,0,0,0
6,-26.8154926794326,1.44170899888169,0.156057693925383,15,8,53.9151008080796,-1.66539849940534,6,76.3284880926756,17.7597584132215,36.4739712952113,18.6408791457246,13.8158294963082,246936.731719089,284.800157490321,0.0014648293752229,259.845228372097,7.26864771332938,1981,0,0,0,0,0,0,0,0,0,1,0,0,1,0,0,0,0,0,0,0,0,0,0,0,0,0,0,0,0,1,0,0,0,0,0,0,0,0,0,0,0,0,0,0,0,0
4,22.9895824627075,1.27350703000037,0.175945745169745,22,12,50.6620994570258,-0.777251117532529,10,105.280729832043,22.9026534824985,35.6293320560759,13.9483660353921,22.4271197978249,1703936.77247781,287.645287878467,0.0025419137856669,221.864523133739,6.52091697469199,1998,0,0,0,0,1,0,0,0,1,0,0,0,0,0,0,0,0,0,0,0,0,0,0,1,0,0,0,0,0,0,0,0,0,0,0,0,0,0,0,0,0,0,0,0,0,0
4,70.0141947281666,1.46794394070099,0.190422978810784,15,22,50.9102872368093,-0.105440934058311,4,69.2938445122339,67.4566259999563,6.30392796559644,18.6417654675568,17.5750881526248,3318327.88647196,281.382836416438,0.0019122586658312,169.639945288895,8.14998833935111,1998,0,0,1,0,0,0,0,0,1,0,0,0,1,0,0,0,0,0,0,0,0,0,1,0,0,0,0,0,0,0,0,0,0,0,0,0,0,0,0,0,0,0,0,0,0,0
6,65.7937543010065,1.44297012143252,0.185680592564028,23,15,53.6099553298621,-0.870618865171682,9,76.4327174304741,17.7617463228797,36.4649320718392,18.6352077562586,13.8153958028711,5446752.50388205,289.551360004481,-0.0007940476766401,203.373502497681,8.02430718296979,1981,0,0,1,0,0,0,0,0,0,1,0,0,1,0,0,0,0,0,0,0,0,0,1,0,0,0,0,0,0,0,0,0,0,0,0,0,0,0,0,0,0,0,0,0,0,0
0,-33.6060371814236,-0.0215793016095137,0.234623307519501,29,1,52.2763711116547,0.773114837405832,4,59.330548867866,6.30218328865446,15.5127735475829,18.6468087096847,3.97886208710775,8067420.37130861,282.859063726834,0.000765208163246,-48.1873569419862,1.36968701811364,2000,0,0,1,0,0,0,0,0,0,1,0,0,1,0,0,0,0,0,0,0,0,0,0,1,0,0,0,0,0,0,0,0,0,0,0,0,0,0,0,0,0,0,0,0,0,0
4,45.7044365642225,1.23620797696093,0.140090301405998,8,16,51.101488171385,0.900333555366508,5,474.445223559939,14.1704346357212,36.5034893894409,18.3283340991378,16.2330856894345,5184793.89628586,289.506130034684,0.0002309892348632,172.212832754478,3.29021723009502,1998,0,0,0,0,1,0,0,0,1,0,0,0,0,0,0,1,0,0,0,0,1,0,0,0,0,0,0,0,0,0,0,0,0,0,0,0,0,0,0,0,0,0,0,0,0,0
3,161.802792738394,1.6375267034166,0.166934177026854,13,1,54.0946036119582,-0.663523470547035,11,62.8748054602991,17.4004217715354,24.6813100256636,18.6276302892662,4.28617335160743,2840529.99322197,277.383951040409,-0.0039710010394713,259.688466020881,4.73084986589028,1987,0,0,0,0,0,0,0,0,0,0,1,0,0,0,1,0,0,0,0,0,0,0,0,0,0,0,0,0,0,0,0,0,0,0,0,0,0,0,0,0,0,0,0,0,1,0
5,101.538998610973,1.44260037972788,0.146542945337332,22,23,51.6205703600252,-1.02511235792576,6,76.3009973753678,22.2724709163534,36.4952634221811,16.8656317617514,13.8272756297156,6368147.37132906,285.705246703488,-0.0001489301695164,205.062554976191,4.82475814164672,1988,0,1,0,0,0,0,0,0,1,0,0,0,0,0,0,0,0,0,0,0,0,0,0,0,0,0,0,0,0,1,0,0,0,0,0,0,0,0,0,0,0,0,0,0,0,0
4,193.870967790497,1.86009949045015,0.165904998936422,25,19,53.2055726442421,-0.183777905267235,7,74.8988949479478,17.7498118011247,36.6290530354513,18.634597302106,27.7115874423935,5014472.96388935,294.229965824926,0.0003039358732511,130.696299601056,5.13594984110205,1995,0,0,1,0,0,0,0,0,0,1,0,0,0,0,0,1,0,0,0,0,0,0,0,1,0,0,0,0,0,0,0,0,0,0,0,0,0,0,0,0,0,0,0,0,0,0
6,104.598555695624,2.26359945970264,0.204116347223377,14,0,51.7349068116462,-1.52198352870455,11,84.7908944312532,17.7440194142472,36.5706327458164,18.6347861285618,35.6222989297491,107485.202806888,279.013160053314,0.0057852058912197,323.397709606738,11.2823786672553,1993,0,0,0,0,1,0,0,0,0,0,0,0,0,0,0,1,0,0,0,0,0,0,0,1,0,0,0,0,0,0,0,0,0,0,0,0,0,0,0,0,0,0,0,0,0,0
9,14.0860084157049,1.44110771178583,0.102514188854494,15,18,54.5828426463213,-1.09052541073874,8,76.2892740277183,17.7893092798545,36.4731753660038,18.6423031872716,13.8088141485843,6722117.0448987,292.833408023927,0.000964027981863,192.38961016778,11.3650206773293,1990,0,0,0,0,0,0,1,0,0,0,1,0,0,0,0,1,0,0,0,0,0,0,0,0,1,0,0,0,0,0,0,0,0,0,0,0,0,0,0,0,0,0,0,0,0,0
8,56.3312358605664,0.921013815178706,0.170105705713217,26,15,51.3117982501194,-1.85541411922178,3,51.908144313273,69.1094243485224,25.274619679399,18.6405701638771,16.3467932043271,2975913.35814013,282.461009985267,-0.0001166949598676,233.532046605707,8.1104401262338,1997,0,0,0,0,0,1,0,0,1,0,0,0,1,0,0,0,0,0,0,0,0,0,1,0,0,0,0,0,0,0,0,0,0,0,0,0,0,0,0,0,0,0,0,0,0,0
2,46.3816920712516,1.53960322152922,0.180664506371775,14,15,51.5362664611551,-1.66428665198996,11,74.9726375424805,17.7448168299968,47.0422855288986,18.6403358024084,11.0105018996388,903782.131083864,284.874479583709,-0.0004112506510126,215.014518559304,1.26981089612067,1996,0,0,0,1,0,0,0,0,0,0,0,0,0,0,0,1,0,0,0,0,0,0,0,1,0,0,0,0,0,0,0,0,0,0,0,0,0,0,0,0,0,0,0,0,0,0
0,181.652528573002,1.23620797669341,0.156582911117328,29,5,50.6580352182124,-0.460023653298031,7,288.203118111726,18.0201382247741,36.5034900000804,18.6464246598091,16.2330860112764,117366.777000545,289.02528066323,-0.0001019213197819,203.272616162688,1.29787714656062,1994,0,0,0,0,0,0,1,0,0,0,1,0,0,0,0,1,0,0,0,0,1,0,0,0,0,0,0,0,0,0,0,0,0,0,0,0,0,0,0,0,0,0,0,0,0,0
3,43.0279576446248,1.44224166564341,0.168547902789029,13,20,51.449711383352,0.769347214815958,3,76.3170447951285,17.8022410804688,36.4560919380615,18.6457144007964,13.8121977210852,355505.984326547,279.322536313992,0.0007092336320917,244.904710198901,3.0456455748862,1990,1,0,0,0,0,0,0,0,1,0,0,0,1,0,0,0,1,0,0,0,0,0,0,0,0,0,0,0,0,0,0,0,0,0,0,0,0,0,0,0,0,0,0,0,0,0
9,147.110511692176,1.14424325646018,0.288282746278926,30,19,53.1829614269036,0.581561197018247,7,79.9333158319872,26.7863820395414,32.3604174440452,18.6404009805582,24.9435582362033,12264274.7820688,292.891971644717,-0.0013741209852986,337.062712905798,2.02404523834891,1992,0,0,0,1,0,0,0,0,0,0,1,0,1,0,0,0,0,0,0,0,0,0,0,1,0,0,0,0,0,0,0,0,0,0,0,0,0,0,0,0,0,0,0,0,0,0
7,95.217558124886,1.44260915465639,0.17703523503737,31,15,51.8583155022597,0.250840215288479,1,76.4202520677208,17.7411923773478,36.470439984991,18.6436224963175,13.8024711546833,2997754.3776261,280.91241348589,-0.0009377773870168,279.239665127576,7.20092769497752,1982,0,1,0,0,0,0,0,0,1,0,0,0,1,0,0,0,0,0,0,0,0,0,1,0,0,0,0,0,0,0,0,0,0,0,0,0,0,0,0,0,0,0,0,0,0,0
9,85.5776592345561,1.28136744535396,0.130164588648466,6,22,51.7372444027787,-1.49723404094746,10,63.4801823852812,-13.7105735031894,33.5821536777315,18.6445233707576,14.5716131746167,1987128.41347232,288.771228867657,0.0030122329773074,200.25284569504,13.9916331296883,1995,0,1,0,0,0,0,0,0,0,0,0,0,1,0,0,0,0,0,0,0,0,0,0,0,0,0,0,0,0,0,0,0,0,0,0,0,0,0,0,1,0,0,0,0,0,0
2,50.7017983431861,1.4426701079058,0.252327794127457,30,0,53.7095084821273,-0.480980698682562,10,76.3431970513513,17.7333084377043,36.5226422086093,18.6450165958074,13.8066314021235,5921129.13536005,287.348112604575,-0.0009186857255906,308.934914947272,4.88271438422931,1985,0,0,1,0,0,0,0,0,0,0,1,0,1,0,0,0,0,0,0,0,0,0,0,0,0,0,0,0,0,0,0,0,0,1,0,0,0,0,0,0,0,0,0,0,0,0
0,122.208971750134,0.901153180165419,0.182532622015037,8,8,51.545179262574,0.209198446031293,10,66.9926867773162,-1.72611946375813,29.1587898479198,18.6409926842084,16.5422714264799,725452.211186882,283.682691393713,-0.0020985673863494,280.705043370868,1.15212304289078,1996,0,1,0,0,0,0,0,0,0,0,1,0,1,0,0,0,0,0,0,0,0,0,0,0,1,0,0,0,0,0,0,0,0,0,0,0,0,0,0,0,0,0,0,0,0,0
0,11.4726943265309,1.44174359679096,0.181313400505685,24,5,53.0241736743967,-0.454714290454005,12,76.3835947129297,17.7092763697866,36.5011901689682,18.6413405860469,13.8086435314839,-9116.77600119483,276.102014439763,-0.000388607723063,223.233386224642,3.38726864249226,1984,1,0,0,0,0,0,0,0,0,0,0,0,0,0,0,1,0,0,0,0,0,0,0,0,0,0,0,0,0,0,0,0,0,0,0,0,0,0,0,0,0,0,0,0,0,1
0,31.7863758063949,1.26979421912462,0.155662567642184,7,20,52.5633516175386,-2.07588107220797,11,52.8389262204946,17.0002798467466,28.0131054618714,18.6517498635721,-7.91042389077882,2572349.9032311,277.937032995384,-0.0031425995189404,234.016358228944,0.986431853093057,1987,1,0,0,0,0,0,0,0,1,0,0,0,0,0,0,1,0,0,0,0,0,0,0,0,0,0,0,0,0,0,0,0,0,1,0,0,0,0,0,0,0,0,0,0,0,0
0,116.909446876359,0.839383185835291,0.234569164884952,8,7,52.2638350734611,-2.08252919007059,12,77.7538758613956,10.1547576366693,40.256644531878,18.6404748039342,0.638235094698912,-60044.1878250052,274.360950131604,0.0064530868519293,254.620737592829,-0.26558957097582,1993,0,0,0,0,0,0,1,0,0,0,0,0,1,0,0,0,0,0,0,0,0,0,0,1,0,0,0,0,0,0,0,0,0,0,0,0,0,0,0,0,0,0,0,0,0,0
4,-91.9221754279114,1.43075334781127,0.17943040240446,15,22,51.3743335215533,-2.4780216543658,5,76.2709389802607,17.7268280935058,36.5092424975046,18.5966993326423,13.8232464459178,2364272.22323751,283.244002705271,0.0027851135323268,207.433871967281,4.65108038724645,1994,0,0,0,0,0,0,0,0,1,0,0,0,0,0,1,0,0,0,0,0,0,0,0,1,0,0,0,0,0,0,0,0,0,0,0,0,0,0,0,0,0,0,0,0,0,0
6,89.0227159871705,1.44154192314602,0.176678085444245,2,6,53.6106673238367,-2.44566290192395,2,76.3433312421193,17.7560079899751,36.4783211229609,18.6423124328474,13.8140165778496,-137036.980735167,270.961646404127,-0.000173843289599,242.503485413937,6.24765613012304,1988,1,0,0,0,0,0,0,0,0,0,1,0,0,0,0,1,0,0,0,0,0,0,0,1,0,0,0,0,0,0,0,0,0,0,0,0,0,0,0,0,0,0,0,0,0,0
6,108.604222344651,0.85882577915226,0.203723892150076,17,2,52.0454950737725,-0.434096378141527,4,29.9876546025798,28.9414123091416,16.1488099522972,18.6507924268197,3.82090104044654,1925881.51805576,281.092222897768,0.0027541357400401,13.9344148703457,8.75956476363779,1994,0,0,1,0,0,0,0,0,0,0,0,0,1,0,0,0,0,0,0,0,0,0,0,0,0,0,0,0,0,0,0,0,0,0,0,0,0,0,0,0,0,0,0,1,0,0
2,40.3101446209738,1.09164381817626,0.159927721194828,30,7,54.118658874468,-2.36994231588747,3,81.0965343057039,17.7119224994148,36.5035152440312,18.6414075143771,13.8015505837522,165446.346181078,279.120125176645,0.0001466256215577,132.174582260237,4.4365061262179,1992,0,0,0,0,0,0,0,1,0,0,1,0,1,0,0,0,0,0,0,0,0,0,0,0,0,0,0,0,0,0,0,0,0,0,1,0,0,0,0,0,0,0,0,0,0,0
2,118.896614650816,0.134127038751769,0.337136346600945,9,2,51.1285877499666,0.463889876070788,12,-115655.623439239,12.8716637725565,24.9504919342186,18.6461378437724,31075.487197422,-1041108890.6598,279.681854197593,0.865691504455717,289.394787991474,-0.176600543515629,1988,0,0,0,0,0,1,0,0,1,0,0,0,0,0,0,0,0,0,0,0,0,0,0,0,1,0,0,0,0,0,0,0,0,0,0,0,0,0,0,0,0,0,0,0,0,0
4,73.2432132727139,1.4420965175307,0.142247989541459,7,9,49.7847769462689,-1.22877515842805,4,76.2963244313586,17.7573540269721,36.494213955485,18.643200927253,13.8097033866662,924936.043358415,280.524504544627,0.0003221059476115,40.468293484555,4.9638613103886,1984,0,0,0,0,0,0,0,0,0,0,1,0,1,0,0,0,0,0,0,0,0,0,0,0,0,0,0,0,0,0,0,0,0,0,0,0,0,0,0,0,0,0,0,1,0,0
1,19.279543504259,1.44243013244366,0.167956163482538,8,6,51.7013056939397,-2.82531013850103,2,76.3318607781952,17.7792311822203,36.4861615992276,18.6486352847935,13.812373360709,114793.625220912,274.553638082395,0.0005632987816038,173.568725874549,3.4543444600575,1992,0,1,0,0,0,0,0,0,1,0,0,0,0,0,0,1,0,0,0,0,0,0,0,0,0,0,0,0,0,0,0,0,0,0,0,0,1,0,0,0,0,0,0,0,0,0
4,201.003455219232,2.22780399745106,0.256685454108521,9,23,50.2775574334353,-1.13978246884408,3,112.109403063539,17.7480751339954,36.4895848635155,18.6369460016365,31.6423885962687,920653.741083054,278.431370301214,0.0068399431113585,203.116518515598,7.47931324335304,1982,0,0,0,1,0,0,0,0,0,0,1,0,0,0,0,1,0,0,0,0,0,0,0,1,0,0,0,0,0,0,0,0,0,0,0,0,0,0,0,0,0,0,0,0,0,0
9,174.045559446111,1.44278207111064,0.258071894039168,14,1,54.3730486181999,-0.28286992402703,1,76.3287156043841,17.7601606498463,36.4742470514829,18.6417140936727,13.8069617421527,-7981429.48829975,275.214935991132,0.0077491308597248,61.3794732499608,16.7819356661214,1987,0,0,0,1,0,0,0,0,0,1,0,0,1,0,0,0,0,0,0,0,0,0,1,0,0,0,0,0,0,0,0,0,0,0,0,0,0,0,0,0,0,0,0,0,0,0
1,-25.6319507078458,1.44048683521173,0.107468521645986,23,6,50.9035382300565,-1.23163820259805,7,76.3236682594193,17.7345471064883,36.4997189515384,18.6400521098699,13.8279756781286,127282.292633141,289.811754791514,-0.0007333397377234,209.444386484934,3.71011905497209,1995,0,0,0,0,1,0,0,0,1,0,0,0,1,0,0,0,0,0,0,0,0,1,0,0,0,0,0,0,0,0,0,0,0,0,0,0,0,0,0,0,0,0,0,0,0,0
6,-6.69354059096462,1.08698999343578,0.240565110837707,2,4,53.2538700481363,-1.10783464928157,10,83.1931240866112,18.6319503313988,32.1895159074458,18.6583932989195,9.82232054171743,-24.4416891813345,287.357526740204,0.0006511065989346,196.854523614322,8.37799326237926,1990,0,0,0,0,0,0,0,0,1,0,0,0,0,0,1,0,0,0,0,0,0,0,0,0,0,0,0,0,0,0,0,0,0,0,0,0,0,0,0,0,0,0,0,1,0,0
6,75.4166718800395,1.44245709069893,0.132356161949047,23,11,51.127443924071,0.131421933673299,7,76.3026804264299,17.7433355064098,36.4728328413754,18.6365287319025,13.8013815879488,2894167.10619567,292.40001125618,0.0014293064721723,41.2011404539333,5.10756803410448,1982,0,0,0,0,0,0,1,0,0,1,0,0,1,0,0,0,0,0,0,0,0,0,0,0,0,0,0,0,1,0,0,0,0,0,0,0,0,0,0,0,0,0,0,0,0,0
1,148.466502880521,1.44266577822082,0.176034033972155,22,23,52.2119708960466,-0.0797209699537516,12,76.3488119111415,17.7362334082581,36.5152113126562,18.6481132721079,13.7871439734666,7339212.78545151,278.599398935392,-0.0157932296943446,123.724925572481,3.74749879679518,2000,0,0,1,0,0,0,0,0,0,0,1,0,1,0,0,0,0,0,0,0,0,1,0,0,0,0,0,0,0,0,0,0,0,0,0,0,0,0,0,0,0,0,0,0,0,0
7,-7.17051156072596,1.44155054154976,0.185791921867087,19,10,52.3321322337444,-1.61597210482948,8,76.3190097458558,17.7585386750573,36.44984796162,18.6382566282673,13.8181588474747,1258939.09917858,286.462645317085,0.0028598477010132,255.155272045292,8.53755749283131,1982,0,0,1,0,0,0,0,0,1,0,0,0,1,0,0,0,0,0,0,0,1,0,0,0,0,0,0,0,0,0,0,0,0,0,0,0,0,0,0,0,0,0,0,0,0,0
8,106.478523350476,0.297972462882721,0.246754423502747,24,16,53.2110573325701,-3.45232020105728,4,64.9411213829319,18.3715188489875,45.8154182161255,18.6320616635774,9.08551956551871,2252584.19789844,287.707315182741,0.0003811618741578,237.266805362042,5.74971252769356,1997,0,0,0,0,1,0,0,0,0,0,0,0,0,0,0,1,0,0,0,0,0,0,0,1,0,0,0,0,0,0,0,0,0,0,0,0,0,0,0,0,0,0,0,0,0,0
0,101.463062021869,1.44199751613234,0.209084435189384,27,6,52.6518253412538,-0.15383583073018,11,76.3070996900567,17.7320244544658,36.4986008309067,18.6378564244536,13.8069374516027,183234.798924174,272.208127158624,0.0006191687353014,280.075813042813,-12.1283642988881,1983,0,1,0,0,0,0,0,0,0,0,0,0,1,0,0,0,0,0,0,0,0,0,0,0,0,0,0,0,0,0,0,0,0,0,0,1,0,0,0,0,0,0,0,0,0,0
4,183.347642826786,1.44221425211367,0.188792582914585,31,1,52.1497721418471,-0.268485051335479,3,75.6558528440831,17.7494671761837,-9.42878566830164,18.6471687231439,-11.5817581761206,1482692.75515807,277.036679582259,0.0001041485051611,144.713107073291,4.3501433800989,1999,0,0,0,0,0,1,0,0,0,0,1,0,0,0,1,0,0,0,0,0,0,0,0,0,0,0,0,0,0,0,0,0,0,0,0,0,0,0,0,0,0,0,0,0,0,1
5,165.558024384072,2.11203513304485,0.194161644295093,11,13,53.5557400958086,-1.67765032080354,11,87.5606459793194,17.741845057123,36.476458697466,18.638548542717,24.8498355042054,811239.09078392,283.96819129055,0.0017170704620736,168.454229167085,7.08739108649683,1989,0,0,0,1,0,0,0,0,0,1,0,0,0,0,0,1,0,0,0,0,0,0,0,1,0,0,0,0,0,0,0,0,0,0,0,0,0,0,0,0,0,0,0,0,0,0
5,49.8199186532669,1.4414281582723,0.221493017193117,22,23,50.5449499212559,-0.763359295211113,5,76.3069323595454,17.7291381780942,36.4629067351214,18.6413330771869,13.7971579575711,6342733.83782389,285.145424590025,0.0031482069150925,196.012552317185,5.27992368111667,1981,0,0,0,1,0,0,0,0,1,0,0,0,0,0,0,1,0,0,0,0,0,1,0,0,0,0,0,0,0,0,0,0,0,0,0,0,0,0,0,0,0,0,0,0,0,0
6,248.145322737113,1.44186969652714,0.153583151364291,26,22,51.4651512409352,-2.02871566295045,12,71.3569746762826,17.7407826238813,36.4752332417703,18.6401697205561,13.8135546576135,2958720.56773344,283.473547855671,-0.0002390556594603,226.445867149347,6.92748159782859,1987,0,0,0,0,0,0,0,1,0,1,0,0,1,0,0,0,0,0,0,0,0,0,0,1,0,0,0,0,0,0,0,0,0,0,0,0,0,0,0,0,0,0,0,0,0,0
7,93.7734303687584,1.27530901102698,0.227436635841968,7,16,52.3590881194625,-1.44517491641678,9,82.4931013609625,17.3521275474104,33.6659534181754,18.6783316648429,12.2891510815241,3085735.82239095,293.891189156374,-0.0005522451976393,202.495786936169,3.40360575074172,1981,0,0,0,1,0,0,0,0,0,0,1,1,0,0,0,0,0,0,0,0,0,0,0,0,0,0,0,0,0,0,0,0,0,0,0,0,0,0,0,0,0,0,0,0,1,0
8,34.360216126587,1.441196828586,0.13584571447758,20,19,50.4843566577511,-1.04141118043076,7,76.3606192047457,84.0767583868317,36.4619388137874,18.6408989305679,13.830863518189,11070506.0364389,291.105572723954,-0.0017738216625398,337.238372097979,6.03509499011355,1993,0,0,0,1,0,0,0,0,0,0,0,0,0,0,0,0,0,0,0,0,0,0,0,0,0,0,0,0,0,0,0,0,0,0,0,0,0,0,0,0,0,0,0,0,0,1
2,36.8003132429768,1.44182615036332,0.18429469347201,9,21,51.9201499042661,0.210139596376521,4,76.3568631796002,17.7403307571904,36.4823809488234,18.6410489753875,13.8162507032693,5444857.25806828,282.186759001817,0.001493004591,145.092508834787,4.41567575987325,1989,0,0,0,0,0,0,1,0,1,0,0,0,0,0,0,1,0,0,0,0,0,0,1,0,0,0,0,0,0,0,0,0,0,0,0,0,0,0,0,0,0,0,0,0,0,0
8,60.3942224176239,1.28136749329792,0.138602828732207,5,15,53.2672016171786,-0.484917628268935,10,65.2309119818161,-6.18186674314707,33.5821530490944,18.6430069992677,14.5716134430054,3713613.53995614,283.145031554555,-0.0007886519485313,278.527148936823,5.86369359142295,1991,1,0,0,0,0,0,0,0,0,1,0,0,1,0,0,0,0,0,0,0,0,0,0,0,0,0,0,0,0,0,0,0,0,0,0,0,0,0,0,1,0,0,0,0,0,0
2,153.965274615763,1.44216030075647,0.214753645590795,14,3,52.4593861858127,-0.837002180969041,4,76.2553053882889,17.7516653334912,36.5122329620745,18.6341459344907,13.7729125983433,824050.411213828,276.464156976349,0.0003394595257679,62.9933059256172,5.85700501764373,1981,0,0,1,0,0,0,0,0,0,1,0,0,0,0,0,1,0,0,0,0,0,0,0,0,0,0,0,0,0,0,0,0,0,0,0,0,0,0,0,0,0,0,0,0,1,0
7,114.733538690968,0.942356795528975,0.252916950143538,17,16,52.0394014700675,-0.729755224867553,12,-877.647519769685,19.4838300738656,35.2573393971436,18.6417661244828,18.8238694258366,-3511188.1568789,282.702807036903,0.0048673541661746,296.60468950528,10.7532208799769,1982,0,0,0,0,0,1,0,0,0,0,0,0,0,0,0,1,0,0,0,0,0,0,0,0,0,1,0,0,0,0,0,0,0,0,0,0,0,0,0,0,0,0,0,0,0,0
7,100.636797307214,1.27350705924305,0.244859125713415,21,22,53.1022794818491,0.917486914919672,12,77.918499936618,38.942360831886,35.6293322398893,18.7452918511094,22.4271203571961,4655954.23295413,280.478278904761,-0.0051155711502963,221.522139725698,9.72357760301957,1983,0,0,0,0,0,0,1,0,0,0,0,0,0,0,0,0,0,0,0,0,0,0,0,1,0,0,0,0,0,0,0,0,0,0,0,0,0,0,0,0,0,0,0,0,0,0
3,170.552091454828,1.44255057133239,0.242208783514127,17,8,52.3063301605965,-1.56362760281969,7,76.4173880833133,17.7479294215854,36.4839709787422,18.6359210494462,13.7957975245391,874860.956022586,286.47566286563,0.0016180153569469,309.600576531614,2.1723668398339,1984,0,0,0,0,1,0,0,0,0,0,0,0,0,0,0,1,0,0,0,0,0,0,0,0,0,0,0,0,0,0,0,0,0,0,0,1,0,0,0,0,0,0,0,0,0,0
0,55.2804511331034,1.23330845848038,0.225212963567552,9,13,51.800539772256,1.77272685783754,2,45.5091911356345,3.28580756020459,7.83456158077739,18.6440129966458,15.2212618858178,-1672056.42210351,280.592442436903,0.0020459595507074,226.024711892386,5.73647020369853,1997,0,0,1,0,0,0,0,0,1,0,0,1,0,0,0,0,0,0,0,0,0,0,0,1,0,0,0,0,0,0,0,0,0,0,0,0,0,0,0,0,0,0,0,0,0,0
9,102.089850133157,1.03247774817745,0.151423710947893,19,14,52.5408838012288,-0.615943606548053,5,57.2278169791592,37.3344889065435,31.0969510546031,18.6414443101413,23.2758254009572,7114037.86320304,285.567340819477,-0.0005361792913665,68.2684757802897,3.74705569365752,1994,0,1,0,0,0,0,0,0,1,0,0,0,1,0,0,0,0,0,0,0,0,0,0,1,0,0,0,0,0,0,0,0,0,0,0,0,0,0,0,0,0,0,0,0,0,0
8,-68.4898554281191,1.43330445323304,0.204045932775698,24,17,54.8297560291616,-2.36477038570779,5,76.4019749379781,65.1119308215586,36.4021272034865,18.5009435401572,13.7941983737216,5251412.6678189,286.35290090604,-8.7413294216108e-06,227.71707123649,6.93451478600332,1996,0,1,0,0,0,0,0,0,0,0,1,0,0,0,0,0,0,0,0,0,0,0,1,0,0,0,0,0,0,0,0,0,0,0,0,0,0,0,0,0,0,0,0,0,0,0
0,16.8232646564855,1.44308341950009,0.186804287127764,26,22,52.1409386073424,0.377201599064721,8,76.3165967660495,17.7277283055438,36.4900399561724,18.6415761372443,9.64686049592249,10847503.9856808,287.830963410845,-0.0015673726357408,214.866301701853,2.55552559877591,1994,0,0,0,0,1,0,0,0,0,0,1,0,1,0,0,0,0,0,0,0,0,0,0,0,0,0,0,0,1,0,0,0,0,0,0,0,0,0,0,0,0,0,0,0,0,0
0,95.5764549118136,1.58118099314109,0.167870932881978,9,7,52.6624845474783,0.67450953284142,10,70.7106335458428,17.744531296464,36.5706322579533,18.634785695398,21.752359467404,274408.389176023,279.179481701587,-0.0014584134945417,218.988953773913,0.696132393234723,1993,0,0,0,0,1,0,0,0,1,0,0,0,0,0,0,1,0,0,0,0,0,0,0,1,0,0,0,0,0,0,0,0,0,0,0,0,0,0,0,0,0,0,0,0,0,0
6,27.267917708623,1.13154660853262,0.26609465570665,1,17,51.1090546009538,-0.212034842575407,1,69.2080552592103,15.6908002818027,24.7619318088554,18.6699251804262,4.85401363481242,-496052.571863341,282.146389437997,0.0011800356804854,232.615226994431,8.19282819163436,1983,0,0,0,0,1,0,0,0,0,0,1,0,0,0,0,1,0,0,0,0,0,0,0,0,0,0,0,0,0,0,0,0,0,0,0,0,0,1,0,0,0,0,0,0,0,0
1,51.4146901752142,1.62398224140374,0.205313093458592,15,6,51.0231259278106,2.14523146338561,2,104.720639670764,-20.0158181479784,35.6293327274457,16.8792584858511,24.1588882483541,-49276.972926628,269.250606608161,-0.0018153491407235,178.679833960598,1.80255166648773,1988,0,1,0,0,0,0,0,0,0,0,0,0,0,0,0,0,0,0,0,0,0,0,0,1,0,0,0,0,0,0,0,0,0,0,0,0,0,0,0,0,0,0,0,0,0,0
4,94.3355407469686,1.13154663912287,0.27581042557235,20,3,51.9405630561868,-0.772214459838502,1,66.1182435652218,31.6585101864123,34.5564884939751,18.6365341400924,4.85401353261175,-238664.244526414,272.351655445334,0.0003165830539718,102.300137212646,6.41834561735369,1992,0,0,0,0,0,0,0,1,0,0,1,0,0,0,0,1,0,0,0,0,0,0,0,0,0,0,0,0,0,0,0,0,0,0,0,0,0,1,0,0,0,0,0,0,0,0
9,-100.705969697979,1.44327398122711,0.184054828651743,7,15,51.4785818768495,-1.09956985231518,1,76.3605865479256,17.734668741851,36.4765604036964,18.6413407530149,13.8430278742463,2322167.35546836,281.434759656602,-0.0007037492442639,314.31132990441,13.3753529868585,1984,1,0,0,0,0,0,0,0,0,0,1,0,0,0,0,1,0,0,0,0,0,1,0,0,0,0,0,0,0,0,0,0,0,0,0,0,0,0,0,0,0,0,0,0,0,0
7,21.0209153530467,1.44097345040331,0.187962711744664,23,11,52.9744475981254,-1.12401156637753,3,76.3303762188825,17.7392430615957,36.48569529047,18.6359218586813,7.70886410976992,2376707.3242468,280.707426163975,-0.0001584009328923,134.499700740545,5.62307013503794,2000,0,0,0,1,0,0,0,0,0,0,1,0,1,0,0,0,0,0,0,0,0,0,0,0,0,0,0,0,1,0,0,0,0,0,0,0,0,0,0,0,0,0,0,0,0,0
8,20.900292208879,0.905391844260562,0.210049134748547,21,17,51.724266679713,-0.775433992311556,5,70.0209844481542,39.03430510365,39.5080894998735,18.6432554644052,16.5769687324471,6744843.04365114,284.03853090273,0.0004119343482008,56.1380404085161,4.74496637906384,1994,0,0,0,0,0,0,0,0,0,0,0,0,1,0,0,0,0,0,0,0,0,0,0,1,0,0,0,0,0,0,0,0,0,0,0,0,0,0,0,0,0,0,0,0,0,0
7,-5.26745335427303,1.4414557989799,0.153846967786953,23,22,52.2213936867627,1.60815303171739,8,76.3360520302583,17.7523388913017,36.4558936132239,18.6407675286493,13.8121990516863,4176881.82720048,286.971181534388,-0.0012789081743499,225.257522832079,7.43024239217581,1985,0,1,0,0,0,0,0,0,0,1,0,0,1,0,0,0,0,0,0,0,0,0,0,0,0,0,0,0,0,0,0,0,0,0,0,0,0,0,0,0,0,0,0,0,0,1
7,146.624238329904,0.365005516492585,0.219185682895114,21,19,51.4826831568301,0.306522888851563,7,45.1758764815895,66.7281054953095,13.2315019731322,18.6464301843551,17.985653605243,9345645.66862739,292.101972011914,0.0015525391526331,27.6496065982631,4.76712851161891,2000,1,0,0,0,0,0,0,0,1,0,0,0,1,0,0,0,0,0,0,0,0,0,1,0,0,0,0,0,0,0,0,0,0,0,0,0,0,0,0,0,0,0,0,0,0,0
0,53.5650045512875,1.44199749424112,0.21369211238137,3,1,52.7081744688186,1.43305295888655,6,76.3146003896576,17.7317395116635,36.4986017425596,18.6440467347127,13.806936783854,3104230.01350561,287.786719165452,0.0021642132553815,173.175489806354,2.22929433075064,1983,0,0,0,0,0,0,0,1,1,0,0,0,1,0,0,0,0,0,0,0,0,0,0,0,0,0,0,0,0,0,0,0,0,0,0,1,0,0,0,0,0,0,0,0,0,0
5,247.221909858348,1.44228770823523,0.237513114258835,15,7,52.2276303179776,-0.344778761127672,7,76.3217165981552,17.7200033246904,36.4768918652074,18.6450327527623,13.8012869601909,147231.075499607,287.710643071034,0.0002777935207884,274.834187534075,5.26108358071728,1982,0,0,0,0,1,0,0,0,0,0,0,0,1,0,0,0,0,0,0,0,0,0,0,0,0,0,0,0,0,0,0,0,0,0,1,0,0,0,0,0,0,0,0,0,0,0
7,-10.7241862804941,1.44203342665514,0.128636415115209,7,20,53.3591465334165,-0.971480069314026,8,76.2935644473751,66.1451345280386,35.1306666085973,18.6141747348045,13.8041726112104,6163901.75922092,287.605893957644,0.0004223515949546,247.737382950035,2.7911743375966,1998,0,0,0,0,0,0,1,0,0,0,0,0,0,0,0,0,0,0,0,0,0,0,0,0,0,0,0,0,0,0,0,0,0,0,0,0,0,0,0,0,0,0,0,0,0,1
7,177.510713404429,1.44236736622842,0.184150345705806,1,3,54.0351070427942,-0.891769853658874,2,76.3551006885093,17.7324178414466,36.4864643511005,18.6421652070568,13.7735604467778,-740692.311675012,278.948591933677,0.0003569169745701,241.48649508005,11.313234815198,1994,0,0,0,0,1,0,0,0,0,0,0,0,0,0,0,1,0,0,0,0,0,0,0,0,0,0,0,0,0,0,0,0,0,0,0,0,0,0,0,0,0,0,0,0,0,1
6,40.2472285209616,1.3174047780381,0.214377207746964,8,4,53.2286342059611,-0.0731726301990021,1,467704.989182091,29.7050784240493,38.3790417177455,18.6469476869486,170376.19280676,-2176.16735395151,280.777371891138,0.0013972846528159,240.301128373328,10.0064260559889,1998,1,0,0,0,0,0,0,0,0,0,0,0,0,0,1,0,0,0,0,0,0,0,0,0,1,0,0,0,0,0,0,0,0,0,0,0,0,0,0,0,0,0,0,0,0,0
6,-77.0431983977487,1.45133389731171,0.220906996035079,24,15,52.0208683415031,-2.79753044000041,2,76.3003181471499,17.7438336575309,36.4792532495105,18.6805160283728,13.806375327846,2849829.59733768,280.063139944226,-0.0010610709145296,123.415487627389,2.4519583103601,1983,0,0,0,0,0,0,1,0,1,0,0,0,0,0,1,0,0,0,0,0,0,0,0,1,0,0,0,0,0,0,0,0,0,0,0,0,0,0,0,0,0,0,0,0,0,0
0,85.0438270885726,0.42327595452499,0.196448286065185,27,0,52.3984499213129,-1.00607623043564,7,40.0312378454854,4.13787269186214,28.9519641794737,18.648135702307,4.14121519874293,4935715.91876711,285.180050787352,-0.0011807889134446,222.316097060398,2.07639780450342,2000,0,0,0,0,0,0,0,0,1,0,0,0,1,0,0,0,0,0,0,0,0,0,0,1,0,0,0,0,0,0,0,0,0,0,0,0,0,0,0,0,0,0,0,0,0,0
3,15.8355459931394,1.44297015267248,0.230867736480624,5,2,52.5509917188492,-0.373539223930295,9,76.4126442096486,17.7623754052181,36.4649333510181,18.6369424169775,13.8153954994027,3366275.07357184,286.817986934248,0.0009015361418883,155.080418827353,4.37157634458355,1981,0,0,0,0,0,1,0,0,1,0,0,0,1,0,0,0,0,0,0,0,0,0,1,0,0,0,0,0,0,0,0,0,0,0,0,0,0,0,0,0,0,0,0,0,0,0
7,110.597509162018,0.258674344758261,0.153953421961931,8,19,53.614591870528,1.13416193019106,4,13.2508579551854,68.9584447127303,19.4668181862058,18.6508968649075,4.48532797423469,5158044.32307165,282.551940090424,0.000504720177003,293.477130831565,4.24056865897314,1999,0,0,0,0,0,0,0,0,0,0,0,0,1,0,0,0,0,0,0,0,0,0,0,1,0,0,0,0,0,0,0,0,0,0,0,0,0,0,0,0,0,0,0,0,0,0
9,8.85572341444879,1.43955817114741,0.156942313236267,26,19,53.8095600658298,-0.965424826939199,7,76.3589552111728,17.732483916173,36.4713907739003,18.64996035492,13.8107721882534,8983993.13933843,293.808629405893,-0.0006805766269482,299.745433009834,2.34157463662498,1991,1,0,0,0,0,0,0,0,0,1,0,0,1,0,0,0,0,0,0,0,0,0,0,0,0,0,0,0,0,0,0,0,0,0,0,0,0,0,0,0,0,0,0,0,1,0
3,-66.752747795833,1.23606843903665,0.183293854316066,20,11,50.6714844550043,-1.81299565593943,5,56.4039846538759,23.0729883564734,36.361420310394,18.6593851165327,25.4253737228815,3054099.99199189,286.03407898051,0.0013129063660398,55.6843647481354,5.04372372343381,1990,0,0,0,0,0,0,0,0,0,0,0,0,0,0,1,0,0,0,0,0,0,0,0,0,0,0,0,0,0,0,0,0,0,0,0,0,0,0,0,0,1,0,0,0,0,0
0,18.8725995042537,1.43968039849357,0.210877441261034,15,1,52.663405175,-2.45384635371056,1,25.3993261458757,7.14917148448477,19.4669146867781,18.6417885128129,7.18822649190848,6759900.43648044,271.55311329837,-0.0008271089567837,159.943718816824,2.42304872173931,1997,0,1,0,0,0,0,0,0,1,0,0,0,1,0,0,0,0,0,0,0,0,0,0,0,0,0,0,0,0,0,0,0,0,0,0,0,0,0,0,0,0,0,1,0,0,0
0,242.936476150024,1.43979869452107,0.191626015594101,17,9,51.6906320681046,-0.295659912594889,1,76.4353776351053,17.7557962121384,36.4604603049565,18.6514974284949,13.8216349759918,508119.147203351,276.799779903801,-0.0015283932245281,176.975102106332,3.98828005282742,1991,1,0,0,0,0,0,0,0,0,0,1,0,0,0,0,1,0,0,0,0,0,0,0,0,0,0,0,0,0,0,0,0,0,0,0,0,0,0,0,0,0,0,0,0,1,0
9,139.574457127486,1.44095875521468,0.180786142899381,3,14,51.4578336841161,-1.60617603607204,7,76.2914266310557,17.7403669539119,36.4894139974268,18.634771237997,13.8009779254449,4812623.70734574,290.106193614801,0.0005160868836848,244.973970348406,8.40642634564243,1981,0,0,0,0,1,0,0,0,0,1,0,0,1,0,0,0,0,0,0,0,0,0,0,0,0,0,0,0,0,0,0,0,0,0,1,0,0,0,0,0,0,0,0,0,0,0
2,39.8596759716538,1.44286354433395,0.132406400354078,10,1,51.6631985361712,-3.3921505362737,8,76.3312813283485,17.7401972668858,36.4822214702137,18.6399920604983,13.7957434781326,13785186.2746798,288.655768822645,-0.000161474439463,89.1950459776506,3.04493277536046,1995,0,1,0,0,0,0,0,0,0,1,0,0,0,0,1,0,0,0,0,0,0,0,0,0,0,0,0,0,0,1,0,0,0,0,0,0,0,0,0,0,0,0,0,0,0,0
8,59.2036804969381,1.44272658146611,0.195996784597664,13,15,52.0368158672259,-2.30728700143222,9,76.3668119374633,17.7093031989335,36.5132332110886,18.6391219481384,13.7940543224345,5853041.33242684,289.836606630036,-0.0001911854780811,262.992336472524,3.0900424410564,2000,1,0,0,0,0,0,0,0,1,0,0,0,0,0,0,1,0,0,0,0,0,1,0,0,0,0,0,0,0,0,0,0,0,0,0,0,0,0,0,0,0,0,0,0,0,0
2,53.6229478128551,0.628344933466602,0.180655787392324,24,6,53.2203679633231,-1.76339766358424,4,47.1432828377816,38.7198080284197,18.0460852625712,18.6415449636938,-1.68630751368548,77184.3937025325,277.368475034336,-0.0013587644416214,196.653893237136,2.73381558734061,1998,0,0,0,1,0,0,0,0,0,0,0,0,1,0,0,0,0,0,0,0,0,0,1,0,0,0,0,0,0,0,0,0,0,0,0,0,0,0,0,0,0,0,0,0,0,0
9,34.6881468626777,1.43890469461621,0.264906750524574,7,11,53.2532500519663,-1.95090585678175,3,76.4134309994323,17.7635152905008,36.4428133335747,18.6416675188564,13.7885832042916,3277995.48006125,276.045612047964,0.0015297000325505,133.097550366462,11.7385945621407,1987,0,0,1,0,0,0,0,0,0,0,1,0,1,0,0,0,0,0,0,0,0,0,0,0,0,0,0,0,0,0,0,0,1,0,0,0,0,0,0,0,0,0,0,0,0,0
6,158.996725087184,1.44222799724902,0.181821906879742,27,10,50.9216022076573,-2.07362542331726,4,76.3253380467347,17.7095243109952,36.4961232208734,18.6385342623791,13.8563075054595,1207727.53789402,282.094847776097,0.002345410621295,55.3657737242056,4.76168515095416,1995,0,0,0,0,0,0,1,0,0,0,0,0,1,0,0,0,0,0,0,0,0,0,0,0,0,0,0,0,0,1,0,0,0,0,0,0,0,0,0,0,0,0,0,0,0,0
9,85.2205367468506,1.39849458110913,0.15450402906769,6,18,52.1375713294078,-1.69475569599419,7,131.067491796995,37.2663561593683,32.3807336077688,18.6341861318615,12.8820291793713,13271133.9024906,297.952860311807,-0.0013060962495324,289.272308241901,7.53667405968206,1996,0,0,0,0,0,0,0,1,0,1,0,0,0,0,1,0,0,0,0,0,0,0,0,0,0,0,1,0,0,0,0,0,0,0,0,0,0,0,0,0,0,0,0,0,0,0
7,79.129247660687,1.44211507194601,0.207510541623094,11,23,53.996765654825,-2.97205487231915,1,76.288521987915,17.7358763512119,36.4855070636488,18.5846452760598,13.794742507246,281784.18051099,280.004928925557,0.0018013563789008,203.173049395763,11.2715160082852,1989,0,0,0,0,0,0,1,0,1,0,0,0,0,0,1,0,0,0,0,0,0,0,1,0,0,0,0,0,0,0,0,0,0,0,0,0,0,0,0,0,0,0,0,0,0,0
6,-15.7361205635792,0.640325373766662,0.167634438578791,14,17,52.442690758306,-2.09209716331822,12,87.1742267802948,17.7276915062563,36.4650733550221,18.6414444264148,13.8191028848122,6045411.71817076,278.819323350366,-0.0053703073057072,-51.9077936424865,6.03365016346715,1994,0,1,0,0,0,0,0,0,0,0,0,0,1,0,0,0,0,0,0,0,0,0,0,0,0,0,0,0,0,0,0,0,0,0,1,0,0,0,0,0,0,0,0,0,0,0
9,38.4245017298989,1.3078426858273,0.173445900570282,17,15,52.3630146242628,-1.79896528395985,6,68.0387689071571,-8.4693791221991,41.5505369152669,18.6168689304632,18.254550770448,5602564.4803001,286.800655835642,4.15705606709954e-05,311.450712356824,5.0184720181356,1991,0,0,0,0,0,0,1,0,0,1,0,0,0,0,0,1,0,0,0,0,0,0,0,0,0,0,0,0,0,0,1,0,0,0,0,0,0,0,0,0,0,0,0,0,0,0
0,63.7086572033857,1.44341685579367,0.219649008164222,24,11,52.6738715677163,0.17746568578943,9,76.352283003767,17.7460578257568,36.4853220220479,18.6398373754244,13.8114649795107,4272795.05664616,284.753630500745,-0.0008259978003601,50.5051893421302,3.92713955120913,1986,0,0,1,0,0,0,0,0,0,0,1,0,0,0,0,1,0,0,0,0,0,0,0,0,0,0,0,0,0,0,0,0,0,0,0,1,0,0,0,0,0,0,0,0,0,0
4,-36.4663957498908,1.440117286999,0.174112888152065,12,5,52.2103591747696,-1.53154331078954,9,76.3195369190156,17.6937054094485,36.5003137549259,18.6430619626619,13.8032222303772,67366.7546865535,289.971450041522,-0.0011471702912963,250.692993012113,4.15890067673591,1985,0,0,0,0,0,1,0,0,0,0,0,0,1,0,0,0,0,0,1,0,0,0,0,0,0,0,0,0,0,0,0,0,0,0,0,0,0,0,0,0,0,0,0,0,0,0
0,144.824026609187,0.134127233985748,0.0885910502229112,25,22,51.8811458501249,-2.7842230422849,4,-115657.278299102,14.1197994025409,33.8548816082208,16.2455724396922,31073.7805421861,-2221411061.15032,278.36119976321,1.05468052569909,178.206649387997,0.206000770551181,1983,0,1,0,0,0,0,0,0,0,1,0,0,0,0,0,0,0,0,0,0,0,0,0,0,1,0,0,0,0,0,0,0,0,0,0,0,0,0,0,0,0,0,0,0,0,0
8,-14.8579663229035,1.44447311232665,0.188726094570094,6,12,51.5745369276994,-0.12669875335674,1,76.376644606782,17.7503455994963,36.4911917630446,18.6354525595285,13.788636635528,3693093.38152432,281.747529242347,0.0019634186431681,219.342780119512,8.37665731909676,1991,0,0,0,0,0,0,0,0,0,0,0,0,1,0,0,0,0,0,0,0,0,0,0,0,0,0,0,0,0,0,1,0,0,0,0,0,0,0,0,0,0,0,0,0,0,0
4,99.4976471532601,0.932401795657065,0.143916224647407,24,7,53.6924655128811,-2.95130325773051,11,72.8025173796344,18.2001905159582,36.4821663104262,18.6445092352799,14.8928753226235,-99450.2180028375,273.569208071926,0.0017735958933664,111.657823090997,6.3201185206903,1990,0,1,0,0,0,0,0,0,0,0,1,0,1,0,0,0,0,0,0,0,0,0,0,1,0,0,0,0,0,0,0,0,0,0,0,0,0,0,0,0,0,0,0,0,0,0
8,60.0601894465681,1.1310707271509,0.154409936001126,8,17,54.7978930287252,-2.21208774402073,4,26.2089415326553,24.4568452179174,38.7805863631151,18.601962021732,23.3323337681528,4292516.9428484,281.536525196534,0.0011448277013769,244.917637163865,8.82734530062028,1991,0,0,0,0,0,0,0,0,1,0,0,0,0,0,1,0,1,0,0,0,0,0,0,0,0,0,0,0,0,0,0,0,0,0,0,0,0,0,0,0,0,0,0,0,0,0
2,171.146837166933,1.44226295732916,0.143288533152877,6,8,52.48034228743,-3.36144515806798,7,76.5591985810147,17.7657623682349,36.4778463172603,18.6385464831105,13.792476097043,512336.424877913,290.629704763502,0.0016871451984472,87.2107775606061,4.90090381010388,1989,0,0,0,1,0,0,0,0,0,0,0,0,0,0,0,1,0,0,0,0,0,0,0,0,0,0,0,0,0,0,0,0,0,0,0,0,1,0,0,0,0,0,0,0,0,0
6,53.9018636974464,1.4126934562726,0.225782139209068,10,17,54.107543766096,-0.147647200012406,2,76.3180066387469,17.7269309750185,36.5554378323193,18.6272555167383,13.7956694035484,2982441.29613015,278.393815635887,-3.56420705599362e-06,249.841643226087,8.14300077993137,1992,0,0,1,0,0,0,0,0,1,0,0,0,0,0,0,1,0,0,0,0,0,0,0,0,0,0,0,0,0,0,0,0,0,0,0,0,0,0,0,0,0,0,0,1,0,0
6,-20.4126386239957,1.44192134136531,0.281816768597657,12,14,52.9170645397556,-1.63391720659449,2,39.6980800032831,17.7675200851304,36.473213005188,18.6417157881894,13.8138206039485,4560589.34931296,279.824217884174,-0.0016219948086774,248.532454817794,3.28582624159991,1987,0,0,0,1,0,0,0,0,0,0,0,0,1,0,0,0,0,0,0,0,0,0,0,0,0,0,0,0,0,0,0,0,0,0,0,0,0,0,0,0,0,0,0,1,0,0
9,77.6474764668492,1.44185370660515,0.148013094963631,4,16,50.1788564829342,-3.19641027549217,6,76.3275757385692,17.7564180887471,36.4493828937579,18.6490290616662,13.8198636086507,8958933.40118387,296.783831771803,-0.0002276309042696,242.020095160178,5.91417372814243,1989,0,1,0,0,0,0,0,0,0,0,0,0,1,0,0,0,0,0,0,0,0,0,0,0,0,0,0,0,0,0,0,0,0,0,0,0,0,0,0,0,0,0,0,0,1,0
2,-85.1346862962879,1.44148960674464,0.173438027243907,16,6,53.6796048272239,-1.16047627055341,6,76.1561380465248,17.7621531930969,36.4741324416959,18.6434246918036,13.8186804132939,32789.201481082,283.144788788078,0.0014107146539073,328.58084208468,3.29590347363758,1985,0,0,0,0,1,0,0,0,1,0,0,0,0,0,0,1,0,0,0,0,0,0,1,0,0,0,0,0,0,0,0,0,0,0,0,0,0,0,0,0,0,0,0,0,0,0
2,120.661203719877,1.44136486317932,0.296622098251476,29,10,52.7433950772865,-2.29672425559869,1,76.338798879321,17.7607132380536,36.4773422119753,18.6379774809968,13.8316859217492,685331.129855355,274.245635226745,-0.0015902509595619,274.660259202158,1.8853629581862,1982,0,0,0,1,0,0,0,0,0,0,1,0,0,0,0,0,0,0,0,0,0,0,0,0,0,0,0,0,0,0,0,0,0,0,0,0,0,0,0,0,0,0,0,0,0,1
7,36.3297291159812,1.44220135119912,0.174656159065626,7,15,51.6628069066507,-0.0972554154689342,11,76.33430505286,17.7231101503321,36.4574600464025,18.6457125584722,13.8062096307701,4846757.80252223,282.772929742206,-0.0005148858013335,47.9257549801113,3.18719124304752,1990,1,0,0,0,0,0,0,0,0,0,0,0,1,0,0,0,0,0,0,0,0,1,0,0,0,0,0,0,0,0,0,0,0,0,0,0,0,0,0,0,0,0,0,0,0,0
3,20.5281668740579,1.44383303101723,0.173675020158988,22,19,52.9989692852135,0.29930328784085,11,76.3397660956532,17.7319787141533,36.4624506362444,18.6416603046737,13.8294611110008,2060703.62484335,279.613911397478,-0.0011028807696163,277.9720579968,4.83213719957735,1987,0,1,0,0,0,0,0,0,0,0,0,0,1,0,0,0,0,0,0,0,0,0,0,0,0,0,0,0,0,0,0,0,0,0,0,0,0,0,0,0,0,0,1,0,0,0
9,47.7600789283009,1.44174035581407,0.248571574650685,24,13,51.6129419252892,-1.74039353793451,5,76.3076820562545,17.7635955478456,36.4839724761646,18.6410419743156,13.7921207647332,5721976.93880357,290.905191715655,-1.13500024339535e-06,405.007770337486,2.18923873541404,1991,0,0,0,0,0,1,0,0,0,0,0,0,1,0,0,0,0,0,0,0,0,0,0,0,0,0,0,0,0,0,0,0,0,0,0,1,0,0,0,0,0,0,0,0,0,0
5,103.171951172479,-0.377389400230401,0.137746333661365,24,11,52.635869653721,-2.87924730311196,6,14.0206047008321,33.7615863954254,24.7925853504679,18.6417876561128,0.213822078745878,3745177.20325899,285.486069838096,0.0041775684795664,250.228321480843,3.75694601567475,1997,0,1,0,0,0,0,0,0,0,0,0,0,1,0,0,0,0,0,0,0,0,0,0,1,0,0,0,0,0,0,0,0,0,0,0,0,0,0,0,0,0,0,0,0,0,0
