target,Altitude,blh,co,CVD60,Day,Hour,Latitude,Longitude,Month,no2,o3,pm10,pm2.5,so2,ssr,t2m,tp,wd,Year,Region_East of England,Region_Greater London Authority,Region_North East,Region_North West,Region_South East,Region_South West,Region_West Midlands,Region_Yorkshire and The Humber,Season_Spring,Season_Summer,Season_Winter,Type_Background Suburban,Type_Background Urban,Type_Industrial Suburban,Type_Industrial Urban,Type_Traffic Urban,Zone_Blackpool Urban Area,Zone_Bournemouth Urban Area,Zone_Brighton/Worthing/Littlehampton,Zone_Bristol Urban Area,Zone_Coventry/Bedworth,Zone_East Midlands,Zone_Eastern,Zone_Greater London Urban Area,Zone_Greater Manchester Urban Area,Zone_Kingston upon Hull,Zone_Leicester Urban Area,Zone_Liverpool Urban Area,Zone_North East,Zone_North West & Merseyside,Zone_Nottingham Urban Area,Zone_Portsmouth Urban Area,Zone_Preston Urban Area,Zone_Reading/Wokingham Urban Area,Zone_Sheffield Urban Area,Zone_South East,Zone_South West,Zone_Southampton Urban Area,Zone_Southend Urban Area,Zone_Teesside Urban Area,Zone_Tyneside,Zone_West Midlands,Zone_West Midlands Urban Area,Zone_West Yorkshire Urban Area,Zone_Yorkshire & Humberside
5,95.9828250149008,601.905521648157,0.700886668315459,0.141315585049909,11,12,51.3784668827633,-1.7108755773103,3,28.2727903901677,39.6928491476683,16.5618901933002,16.4289209144053,7.72131027585627,1228311.99966822,280.723696921475,0.0018648911306889,233.793586423038,1998,0,1,0,0,0,0,0,0,0,0,1,0,1,0,0,0,0,0,0,0,0,0,0,1,0,0,0,0,0,0,0,0,0,0,0,0,0,0,0,0,0,0,0,0,0
9,101.651762932447,1484.91909149991,1.73186304682036,0.177701469684876,6,17,53.1747765402729,-1.84132752136874,3,-35833.6089796467,38.2910010498836,33.4867800604175,18.6424749761759,156.363179019482,-242395065.307063,284.948306093634,0.0744126471134343,287.424161639363,1995,0,0,0,0,1,0,0,0,1,0,0,0,0,1,0,0,0,0,0,0,0,0,1,0,0,0,0,0,0,0,0,0,0,0,0,0,0,0,0,0,0,0,0,0,0
8,11.7996454857155,809.011725245866,1.44199843037422,0.0812749978813667,2,7,52.16616138752,-0.801422598987207,9,76.3087266239968,17.7370386704852,36.4905218281628,18.6419740457924,13.8262009837871,61661.3465290754,283.538580526471,0.0005007499907879,275.411915897302,1988,0,0,0,1,0,0,0,0,0,0,1,0,1,0,0,0,0,0,0,0,0,0,0,0,0,0,0,0,0,0,0,0,0,0,0,0,0,0,0,0,0,0,0,0,1
1,14.9038368451991,223.039828513538,1.44274242602359,0.18816344321675,2,0,51.0986947496611,0.57894139401124,7,76.3438263672097,17.7491306969591,36.5098884017889,18.6421133322986,13.8021318798779,9927086.51185643,290.013337794834,0.0019266693394821,75.3870385630489,1991,0,0,0,1,0,0,0,0,0,0,1,0,1,0,0,0,0,0,0,0,0,0,0,0,0,0,0,0,0,0,0,0,1,0,0,0,0,0,0,0,0,0,0,0,0
1,150.184097639401,861.780962948836,1.44066318782175,0.0844327735038668,12,14,54.0034163231413,-1.1203327655252,8,76.3238164296576,17.7520208527704,36.484167540573,18.6401657732798,13.8408188121737,4297185.01981285,290.640133651058,0.0022668257902063,229.750899165131,1987,0,0,0,0,0,0,0,1,1,0,0,0,1,0,0,0,0,0,0,0,0,0,0,0,0,0,0,1,0,0,0,0,0,0,0,0,0,0,0,0,0,0,0,0,0
4,99.3202254946929,823.4158808781,2.71876298128968,0.2288034564918,5,19,52.1419414092189,-0.0648148199207765,3,92.0422366850697,17.7440578751959,36.5706322500784,18.6421700198202,31.64745547169,2970606.44689204,283.682280586784,0.0014146925077297,296.421326566243,1993,0,0,0,1,0,0,0,0,0,0,1,0,0,0,0,1,0,0,0,0,0,0,0,1,0,0,0,0,0,0,0,0,0,0,0,0,0,0,0,0,0,0,0,0,0
5,149.633842001382,362.163059183492,1.44097469377266,0.186828579292943,16,17,52.5978029795474,0.113762003086631,8,76.3345734391986,8.08628299952,36.4779123130253,18.5682165229781,13.8098807091492,3069721.38756997,292.286266049231,-0.0001914173116153,258.806318890651,1999,0,0,1,0,0,0,0,0,0,0,0,0,0,0,0,0,0,0,0,0,0,0,0,0,0,0,0,0,0,1,0,0,0,0,0,0,0,0,0,0,0,0,0,0,0
8,66.9318061325262,1010.67603380147,1.28136740809536,0.165628754308581,6,19,53.4825905040181,0.11218743686038,6,65.13782308995,-3.50068760535892,23.4263892061661,18.599290970749,14.5716128849715,4346311.4674114,292.80446147516,0.0009934971027724,256.343901083809,1989,1,0,0,0,0,0,0,0,0,0,1,0,1,0,0,0,0,0,0,0,0,0,0,0,0,0,0,0,0,0,0,0,0,0,0,0,0,0,0,1,0,0,0,0,0
4,241.95525525518,857.470875889491,0.925122611127568,0.135456072561006,28,10,51.8836726068851,1.60631562813833,7,83.4253714368612,39.2207959224835,29.7862363209962,18.6464393902026,27.4580458409416,4113967.703428,291.821740757465,0.0003745172509284,249.229422748086,1996,0,0,0,0,0,0,0,0,0,1,0,0,0,0,0,0,0,0,0,0,0,0,0,0,0,0,0,0,0,0,0,0,0,0,0,0,0,0,0,1,0,0,0,0,0
7,167.688145094877,191.683425643885,2.13582262404282,0.245661488780773,14,5,53.7682132156468,-1.77992158783185,9,170.804725410579,46.3002706956778,21.7560405996918,18.6405700379556,8.49950004420334,-12822.724748494,284.064862478379,0.0003738685048629,264.594480293464,1997,0,0,0,0,0,1,0,0,0,0,1,0,1,0,0,0,0,0,0,0,0,0,1,0,0,0,0,0,0,0,0,0,0,0,0,0,0,0,0,0,0,0,0,0,0
2,34.4049820042103,179.242779503891,1.44166120196373,0.211335400530344,11,1,52.8100340873047,-0.0832136231946314,3,72.1137721262162,17.7502747451467,36.477026910199,18.6419564296696,13.805605434465,4518154.03093758,273.518225055552,0.0023994494607532,289.501512359968,1988,0,0,0,1,0,0,0,0,1,0,0,0,1,0,0,0,0,0,0,0,0,0,0,1,0,0,0,0,0,0,0,0,0,0,0,0,0,0,0,0,0,0,0,0,0
1,238.290160510025,233.627047670715,1.44164134992198,0.174058992712845,3,6,53.562584805699,0.661352072110929,9,74.2890611469028,17.7563948712544,36.4748296402614,18.6350324359739,13.8085607474195,133068.039376273,281.635065774342,-0.0008509614892817,242.497788265027,1986,1,0,0,0,0,0,0,0,1,0,0,0,0,0,0,1,0,0,0,0,0,0,0,1,0,0,0,0,0,0,0,0,0,0,0,0,0,0,0,0,0,0,0,0,0
6,42.323491966274,920.328488435969,1.44236731170767,0.126079950791915,5,19,52.7930997827563,-1.35043028877882,6,76.395394911213,17.698085089407,36.488968268035,18.5290241902349,13.844852191933,7493564.99630844,285.868815470598,0.0035997718470259,91.3460866896948,1998,0,1,0,0,0,0,0,0,1,0,0,0,1,0,0,0,0,0,0,0,0,0,0,0,0,0,0,0,0,1,0,0,0,0,0,0,0,0,0,0,0,0,0,0,0
8,-35.8122167472463,750.806476643421,1.2735070217015,0.157132582391891,16,17,52.2133428287345,-0.634487914413617,4,89.2681073686736,26.2951031561525,35.629332044752,18.6332878059044,22.4271194014864,2958357.09397101,288.76113343555,0.0025125556139998,249.949218758319,1993,0,0,0,0,1,0,0,0,0,0,0,0,0,0,0,0,0,0,0,0,0,0,0,1,0,0,0,0,0,0,0,0,0,0,0,0,0,0,0,0,0,0,0,0,0
4,172.400268126903,294.399277728135,1.50938004984758,0.152364437961288,25,7,51.249247894308,0.0244452653885807,2,93.1006313753359,17.7497740112116,36.5434452186974,18.6399077841518,20.0080274215972,219612.116904921,274.590203856186,-0.0016706088670243,104.799164955949,1994,0,1,0,0,0,0,0,0,0,1,0,0,0,0,0,1,0,0,0,0,0,0,0,1,0,0,0,0,0,0,0,0,0,0,0,0,0,0,0,0,0,0,0,0,0
8,293.820648647938,599.98455830643,1.44067465898782,0.150731276835953,23,7,52.9617058720146,-1.05050428168812,4,76.3117833181024,17.7667814155465,36.4999532013105,18.626559613678,13.8173954800753,128488.415732447,276.437849565964,0.0002872053731373,175.011416623386,1995,0,0,0,0,0,0,0,1,0,0,1,0,0,0,0,1,0,0,0,0,0,1,0,0,0,0,0,0,0,0,0,0,0,0,0,0,0,0,0,0,0,0,0,0,0
9,94.4696790554499,1677.95068021583,1.44362749544773,0.235247294371249,31,2,52.6831046527205,-2.09402314070308,10,76.3297066493473,17.7158243859415,36.4439244916786,18.6410184027703,13.7791238546068,2117481.77607389,286.646536562724,0.0020242733888643,276.379563637086,1990,0,0,0,0,0,0,1,0,1,0,0,0,1,0,0,0,0,0,0,0,0,0,0,0,0,0,0,1,0,0,0,0,0,0,0,0,0,0,0,0,0,0,0,0,0
6,15.0497700400232,697.053342346211,1.44171246908877,0.188421635041957,30,18,52.0635056648554,-2.88111511607198,9,76.2805767815703,17.7499877328101,36.5040574594957,18.6397573750656,13.8110538118709,5032130.54191128,289.95629982353,-0.0007213999182195,93.0321723154181,1983,0,0,0,0,0,0,1,0,0,1,0,0,1,0,0,0,0,0,0,0,0,0,0,0,1,0,0,0,0,0,0,0,0,0,0,0,0,0,0,0,0,0,0,0,0
4,156.194322050626,787.989360654638,0.378702882194246,0.244032537273261,21,20,51.820350852881,-2.09420685487679,5,21.4693086387387,35.1843295512349,12.7628327219344,18.6357126659803,8.60813458976389,8464039.94779282,285.933931828321,-0.0002286162012672,29.2120345750493,1997,0,0,0,1,0,0,0,0,0,0,0,0,1,0,0,0,0,0,0,0,0,0,0,0,0,0,0,0,0,0,0,0,0,0,0,0,0,0,0,0,0,0,1,0,0
9,30.6274613723484,570.304766588195,1.44184470737981,0.164008497439538,30,0,51.9850412387878,-1.46915602481637,11,76.3471859579946,17.738215460321,36.4810121639819,18.6407511581577,13.8183845840407,2922251.78525186,287.143120556749,0.0015838831680779,160.35094471424,1984,1,0,0,0,0,0,0,0,0,0,1,0,1,0,0,0,0,0,0,0,0,0,0,0,0,0,0,0,0,0,0,0,0,0,0,0,0,0,0,0,0,0,0,1,0
8,15.3756360609491,885.617844335416,1.43901766555425,0.15202398755011,15,0,53.5234579351458,-0.894883096588857,8,76.3318407498661,17.7644366481077,36.4635258780633,18.636204881659,13.7882714545891,3417603.30703292,290.160164474649,0.000784667806697,166.4068944845,1982,1,0,0,0,0,0,0,0,0,1,0,0,1,0,0,0,0,0,0,1,0,0,0,0,0,0,0,0,0,0,0,0,0,0,0,0,0,0,0,0,0,0,0,0,0
7,138.205055073524,660.906878702612,1.41250392000009,0.174715123510231,20,3,51.9007570966193,-1.65073954969204,4,125.310987535816,74.0885557019528,36.3904157711332,18.6410236073303,12.3331294414311,1424034.33299565,279.447405618597,0.0006966729014215,41.9236559139626,1997,0,0,0,0,1,0,0,0,1,0,0,0,0,0,0,0,0,0,0,0,0,0,1,0,0,0,0,0,0,0,0,0,0,0,0,0,0,0,0,0,0,0,0,0,0
2,207.407353132009,7.01552426714723,1.44218656526467,0.0959780897827108,4,17,52.6316915442924,-0.855515702166368,1,76.3209262269384,17.7422404065291,36.4808029869973,18.6445093352912,13.7929023868291,2469655.90067875,276.947871824275,-0.0009786033373359,219.532019342734,1990,0,1,0,0,0,0,0,0,0,0,0,0,1,0,0,0,0,0,0,0,0,0,0,0,0,0,0,0,0,0,0,0,0,0,0,0,0,0,0,0,0,1,0,0,0
1,17.4332239736365,1253.51114534836,0.933528097463339,0.222772818285311,18,13,51.4344709561775,-1.05994314999593,7,82.3444829211803,17.8718465545243,27.05033566341,18.6394624702792,14.2673279090929,9076550.51413965,290.35912153488,0.0014267569832748,189.688790794323,1990,0,0,0,1,0,0,0,0,0,0,0,0,0,0,0,1,0,0,0,0,0,0,0,0,0,0,0,0,0,0,0,0,0,0,1,0,0,0,0,0,0,0,0,0,0
6,85.2017297206309,508.155243781528,1.40674194219323,0.202331117579669,31,10,53.1353795487365,-2.08127543663864,10,69.1618323281101,23.6680557826176,35.5515909236909,18.6387701648028,15.5562166762,568302.533831622,281.409060386013,-0.001205029034411,245.164435430957,1981,0,0,0,0,0,0,1,0,0,0,1,1,0,0,0,0,0,0,0,0,0,0,0,0,0,0,0,0,0,0,0,0,0,0,0,0,0,0,0,0,0,0,0,0,1
8,71.5240457155097,1077.86648070936,1.27350702353175,0.18936972207555,7,10,51.7637628839921,-0.670309323318105,10,74.9166156735539,53.2480594138248,35.6293319177631,18.6449512761643,22.4271200666646,2911515.64618399,289.197471593399,-0.0028272624889318,250.467564380875,1983,0,0,0,0,1,0,0,0,0,0,0,0,0,0,0,0,0,0,0,0,0,0,0,1,0,0,0,0,0,0,0,0,0,0,0,0,0,0,0,0,0,0,0,0,0
7,135.030849432181,735.168359477299,1.18561914714647,0.276642528341709,19,5,52.2547379256532,-1.59968019900042,10,61.8866659580534,38.0154360613203,50.6728381349107,18.6436956284502,4.23281650063918,100648.813146036,286.598424951224,0.0016329314484232,134.610735616314,1994,0,0,0,1,0,0,0,0,0,1,0,0,1,0,0,0,0,0,0,1,0,0,0,0,0,0,0,0,0,0,0,0,0,0,0,0,0,0,0,0,0,0,0,0,0
9,95.9308644428091,1380.54464462373,1.44158550146281,0.115830281218896,4,13,53.8774732774238,-1.51612602354073,6,76.3557228000755,17.7483425641811,36.4793062002091,18.6458167390506,13.7964906391167,4185194.04416852,289.44575479186,0.0078952741091954,255.303073463036,1999,0,0,0,1,0,0,0,0,0,0,0,0,1,0,0,0,0,0,0,0,0,0,0,0,0,0,0,0,0,1,0,0,0,0,0,0,0,0,0,0,0,0,0,0,0
0,50.9265161119912,223.377319339388,1.0860490031561,0.228415944574447,11,6,52.1618245682669,-1.75912079313957,3,86.8565726340272,14.5242956277501,38.2459517264943,18.7783172194368,13.2799618890224,57622.1333621772,275.162773357982,-0.0138084843052315,169.988078405443,1986,0,0,1,0,0,0,0,0,0,0,1,0,0,1,0,0,0,0,0,0,0,0,0,0,0,0,0,0,0,0,1,0,0,0,0,0,0,0,0,0,0,0,0,0,0
2,37.0734196916628,322.609257214023,-1.24674125887873,0.207596567317012,26,19,52.2201830209426,-2.43106970796576,3,26.3300359422784,17.7297405011513,33.2209118684293,18.6447454697203,13.7931778040283,-603348.347066837,280.118263436113,0.0006502057942968,280.294371787235,2000,0,0,0,0,0,0,0,1,0,1,0,0,0,0,0,1,0,0,0,1,0,0,0,0,0,0,0,0,0,0,0,0,0,0,0,0,0,0,0,0,0,0,0,0,0
9,47.5117829374116,1204.33346224809,1.44163743223873,0.184045318131419,29,20,53.4553368132501,-2.20804561223223,10,76.3062270491329,17.7386737139179,36.4476820745497,18.6405229671036,13.8076836902287,-1032336.05361162,282.321100328582,0.0051587629314845,260.26083653075,1981,0,0,0,1,0,0,0,0,1,0,0,0,1,0,0,0,0,0,0,0,1,0,0,0,0,0,0,0,0,0,0,0,0,0,0,0,0,0,0,0,0,0,0,0,0
8,57.3944765204755,933.149990273278,0.832913471890558,0.198784872392135,7,16,51.7290285757572,-3.94376928061502,12,91.2543758419974,12.7355577446727,41.7850648709381,18.6202355225546,22.144918960497,2107307.96685005,279.130381179897,-0.0009846610541999,110.914724728608,1982,0,0,0,0,0,0,1,0,0,0,0,0,0,0,0,0,0,0,0,0,0,0,0,0,0,0,0,0,0,0,0,0,0,0,0,0,0,0,0,0,0,0,0,1,0
8,11.4976622903193,911.15473473183,1.44145904892256,0.110659770244433,10,23,54.2162976919385,-2.22851959290321,6,76.2723230272047,17.7871321117591,36.4679167444761,18.6430190182595,13.8317193022442,-537582.346689209,286.934067445361,0.0032072019456194,342.091067726396,1995,0,1,0,0,0,0,0,0,0,1,0,0,0,0,0,1,0,0,0,0,0,0,0,0,0,0,0,0,0,0,0,0,0,0,0,0,1,0,0,0,0,0,0,0,0
9,19.7449255926301,1576.74874923549,1.44341680596575,0.0919215788646813,25,12,52.2715309944011,-2.41060239671555,5,76.3122531300574,17.747153070953,36.4853226010801,18.6414322607911,13.8114646085832,7618799.54835954,283.708069850831,1.68503074630599e-05,230.369207647509,1986,0,1,0,0,0,0,0,0,0,1,0,0,0,0,0,1,0,0,0,0,0,0,0,0,0,0,0,0,0,0,0,0,0,0,0,1,0,0,0,0,0,0,0,0,0
9,91.6250438400954,1191.87154526877,1.43744340499289,0.201733442043678,6,12,51.3259974004431,-1.90778016974668,1,18.6383076251102,17.7722593803531,36.4418506419035,18.6401412807399,13.8185285569397,-873140.636849817,276.865157477527,0.0044307046615423,461.627656448653,1987,0,0,0,0,0,0,0,1,0,1,0,0,0,0,0,0,0,0,1,0,0,0,0,0,0,0,0,0,0,0,0,0,0,0,0,0,0,0,0,0,0,0,0,0,0
7,118.464544207615,864.795879674204,1.44249243099502,0.213324241106542,11,1,54.2412849816519,-1.7301040361866,1,76.5170092907874,17.7522200854554,36.4636775097974,18.6410299259327,13.817810454308,-3644282.85178248,276.448999874665,0.0044938484115834,213.818789798307,1983,0,0,0,0,1,0,0,0,0,1,0,0,0,0,0,1,0,0,0,0,0,0,1,0,0,0,0,0,0,0,0,0,0,0,0,0,0,0,0,0,0,0,0,0,0
6,29.4577428460919,435.700216853914,1.44229194335166,0.251523262718726,19,6,52.0276518947221,0.126382374018422,6,76.3138216390033,45.2292329533787,36.4812461857438,18.7172679596941,13.8052753185813,135138.832274882,281.284518223145,-0.0004967712308738,45.1649223973442,1987,0,0,1,0,0,0,0,0,0,0,0,0,0,0,0,0,0,0,0,0,0,0,0,0,0,0,0,0,0,0,0,0,0,0,0,1,0,0,0,0,0,0,0,0,0
6,68.2914487524103,603.375043650967,1.44170244395347,0.149799981027036,16,2,51.4260548822876,-0.336957910599649,4,76.3487878858298,17.7519287327869,36.4755719842096,18.6490288181017,13.821161101072,-842092.255321559,278.036955560474,0.0033018504326424,26.2285741089409,1989,0,1,0,0,0,0,0,0,0,0,0,0,1,0,0,0,0,0,0,0,0,0,1,0,0,0,0,0,0,0,0,0,0,0,0,0,0,0,0,0,0,0,0,0,0
5,120.443128529989,621.517990494478,-0.0322630270205247,0.167750922172171,11,8,52.1404114130742,-2.30493279346785,3,39.9949898078957,10.523781590622,9.96229835678867,18.628602287237,17.6166580955682,230158.067482548,277.010742080005,0.0007791811887474,156.29479584155,1999,0,0,0,0,0,0,0,1,0,0,0,0,1,0,0,0,0,0,0,0,0,0,0,0,1,0,0,0,0,0,0,0,0,0,0,0,0,0,0,0,0,0,0,0,0
6,13.8747570598133,611.689393241599,0.290161056637858,0.118080367360905,21,16,54.0995520552756,-0.861166162438374,9,42.9329388239113,25.045130956722,33.2214601239157,16.9800392995028,11.4667138392645,696416.923594889,288.078309931322,0.0012915129117703,185.995342353704,2000,0,1,0,0,0,0,0,0,0,1,0,0,1,0,0,0,0,0,0,0,0,0,0,1,0,0,0,0,0,0,0,0,0,0,0,0,0,0,0,0,0,0,0,0,0
1,95.6848556884063,195.300889759995,0.734845369234187,0.34575241255476,10,11,54.2359582249773,0.953036071877424,12,73.7230189525826,25.0334237882475,29.9530259741791,18.6458161817856,-5.57403822714271,2828863.1765562,275.492676281103,-0.0092596919986516,154.214017509543,1999,0,0,0,1,0,0,0,0,0,0,1,0,1,0,0,0,0,0,0,0,0,0,1,0,0,0,0,0,0,0,0,0,0,0,0,0,0,0,0,0,0,0,0,0,0
3,112.686190398015,912.024964440652,0.899749612598072,0.139961106377016,1,17,53.9738724036195,0.486655134308993,4,42.4357789725742,17.7451771936089,63.6372071025749,18.6549787458639,9.88327188805354,4961148.27491836,275.073877352242,-0.0003784764968549,30.4319957392215,1996,0,0,0,0,0,0,0,1,0,1,0,0,0,0,0,1,0,0,0,0,0,0,0,1,0,0,0,0,0,0,0,0,0,0,0,0,0,0,0,0,0,0,0,0,0
2,59.4757143937143,183.739597731038,1.44084673485757,0.15723366224593,14,23,52.668607802706,-1.61606915694008,6,76.2807172454268,17.7924037643752,36.4544529264746,18.6365035765956,13.8402406667519,2696328.11957346,285.084448554596,0.0079795876293688,329.47852942852,1982,0,0,0,0,0,0,1,0,0,0,0,0,1,0,0,0,0,0,0,0,0,0,0,0,0,0,0,0,0,0,0,0,0,0,0,0,0,0,0,0,0,0,0,1,0
4,-12.3697777323754,544.925664959372,1.44214304460213,0.154891110544672,10,1,50.7597813464144,-3.47468008601386,6,76.4401969991861,17.739763969687,36.4432007410322,18.635339143799,13.8062249542349,10395846.8520315,287.000791686451,-0.0018349518187604,415.443648130943,1990,0,0,0,0,1,0,0,0,1,0,0,0,1,0,0,0,0,0,0,0,0,0,0,0,0,1,0,0,0,0,0,0,0,0,0,0,0,0,0,0,0,0,0,0,0
4,42.3836770815129,2081.4763371588,0.682351996625145,0.151056343154909,25,13,52.8757211580144,-0.510537295158682,8,46.0189303491194,36.2723329915408,42.0280315750636,18.6429554469587,15.5807908572795,8706113.89566741,289.501409337811,0.0010697926229283,328.126369091026,1993,0,0,0,1,0,0,0,0,0,1,0,0,1,0,0,0,0,0,0,0,0,0,0,1,0,0,0,0,0,0,0,0,0,0,0,0,0,0,0,0,0,0,0,0,0
9,116.407481254107,1281.72108183787,2.61476009733224,0.195897469942172,10,10,53.6123187851768,-2.88673784579424,2,92.8096582831776,25.5175975633161,36.4730491593756,18.6355092401317,6.16331700952079,1630024.16961331,279.295892130276,-0.0013827601819583,313.218116152167,1991,0,0,0,0,0,0,0,0,1,0,0,0,1,0,0,0,0,0,0,0,0,0,0,1,0,0,0,0,0,0,0,0,0,0,0,0,0,0,0,0,0,0,0,0,0
4,34.1004084675835,1829.54809253041,1.63469139144883,0.244437953414856,22,13,52.7650304643185,-2.82288597259087,5,85.704149099341,35.8186962635811,29.5242384878117,18.6426053103795,15.4451214196217,12717168.3111527,293.516439113789,-0.0001206407628631,148.480913044135,1995,0,0,0,0,0,1,0,0,0,0,1,0,0,0,0,1,0,0,0,0,0,0,0,0,0,0,0,0,0,0,0,0,0,0,0,0,0,0,1,0,0,0,0,0,0
3,109.627085547758,561.716119133499,1.04123539569146,0.140887588764328,19,3,52.5155735886787,-3.77079984451962,3,67.0610426097726,25.9961599731261,44.6846896198586,18.640665263523,5.06332777544374,2720726.07882555,280.774213384015,0.0002119328305548,313.102900838155,1997,0,0,0,0,1,0,0,0,0,0,0,0,1,0,0,0,0,0,0,0,0,0,0,0,0,0,0,0,0,0,0,0,0,0,0,0,1,0,0,0,0,0,0,0,0
0,-47.4133957042255,-298.177251247811,1.44245897583239,0.200390880411356,5,7,50.9302463225142,-3.28328420584613,11,76.2737478501514,17.7416238257209,36.5008393144287,18.6436221750783,13.8157184802483,411500.174245936,280.544322103943,-0.0087486766202983,139.82435924876,1982,0,1,0,0,0,0,0,0,0,1,0,0,1,0,0,0,0,0,0,0,0,0,0,0,0,0,0,1,0,0,0,0,0,0,0,0,0,0,0,0,0,0,0,0,0
7,-44.3471970132886,1155.04238753,1.4411210460121,0.162465392323727,29,18,51.2789096373938,0.0368594298297722,3,76.2090412970501,17.7708551855376,36.482634796291,18.6399079199033,13.8057653659586,5053011.93872557,281.565757592218,0.0007130401711666,254.311618468426,1994,0,1,0,0,0,0,0,0,1,0,0,0,0,0,0,1,0,0,0,0,0,0,1,0,0,0,0,0,0,0,0,0,0,0,0,0,0,0,0,0,0,0,0,0,0
4,86.451101189299,362.827640295024,1.44189442356981,0.179554650366592,31,3,52.1262352141357,-0.121827006350607,10,76.3999190325807,17.7078908766576,36.4233136785862,18.6418852247187,13.818084670043,2434833.22014532,283.990445924503,0.0009307119718251,243.504055797438,1988,0,0,0,1,0,0,0,0,0,0,0,0,1,0,0,0,0,0,0,0,1,0,0,0,0,0,0,0,0,0,0,0,0,0,0,0,0,0,0,0,0,0,0,0,0
2,98.3650631749542,1726.73281095137,1.44170248595292,0.12310124769497,23,18,50.3454387871599,-0.811991096578481,7,76.3689678430858,17.7514996043051,36.4755734171162,18.6461755320514,13.821160701753,10462241.3157155,303.264011042142,-0.0008365823787461,193.143489865565,1989,0,0,0,0,0,0,0,1,0,0,0,0,1,0,0,0,0,0,0,0,0,0,1,0,0,0,0,0,0,0,0,0,0,0,0,0,0,0,0,0,0,0,0,0,0
2,-5.06070313068514,437.594663401985,1.44176823119111,0.217813032691563,24,1,51.6283712978469,-0.434701105649076,7,76.3048978431282,17.775650756148,36.4608205689373,18.6417274825388,13.806017478533,6738892.12889894,290.683545086893,0.0010527928940337,315.694120873572,1987,0,0,0,1,0,0,0,0,0,0,0,0,1,0,0,0,0,0,0,0,0,0,0,0,0,0,0,0,0,0,0,0,0,0,0,0,0,0,0,0,0,0,0,0,1
6,148.929824296002,662.971213807963,1.4412828309655,0.220493393356143,28,22,51.1871088318555,-2.20431370415252,4,76.3492125730499,17.7175160196767,36.4630998304294,18.6374785060008,13.8050022498648,3187046.83780603,283.960740947314,0.0021867020720624,330.017299215665,1981,0,1,0,0,0,0,0,0,0,1,0,0,1,0,0,0,0,0,0,0,0,1,0,0,0,0,0,0,0,0,0,0,0,0,0,0,0,0,0,0,0,0,0,0,0
6,133.832553799924,391.272508934996,1.44166114691273,0.24480321506736,2,22,52.2598763934377,-0.18898109299208,3,73.4073995192213,17.7503780124513,36.4770258580617,18.64656176136,13.8056052463692,-20806.8991713576,280.038852889634,0.0043149602557849,313.547122805186,1988,0,0,0,0,0,0,0,1,0,0,1,0,1,0,0,0,0,0,0,0,0,0,0,1,0,0,0,0,0,0,0,0,0,0,0,0,0,0,0,0,0,0,0,0,0
0,162.219100656861,-297.563073096564,1.28136742212936,0.227570242631848,13,1,51.377640043854,1.44241450182362,12,58.4024682967319,2.73048806376253,33.5821529173716,18.6670800230313,-26.0695984312291,4482076.95162948,274.751516370493,-0.00671186178169,246.983797712579,1985,0,0,1,0,0,0,0,0,0,0,0,0,1,0,0,0,0,0,0,0,0,0,0,0,0,0,0,0,0,0,0,0,0,0,0,0,0,0,0,1,0,0,0,0,0
5,70.7578796799036,975.292214744021,1.44186967769536,0.187467823551831,17,17,51.426039003631,-2.26527208128626,9,74.3092496305841,17.7408732382644,36.4752336388421,18.6416601458372,13.8135548919568,5518057.19597552,294.746935038766,0.0008800160180993,269.466964935383,1987,0,1,0,0,0,0,0,0,1,0,0,0,1,0,0,0,0,0,0,0,0,0,0,1,0,0,0,0,0,0,0,0,0,0,0,0,0,0,0,0,0,0,0,0,0
5,34.4012589152362,560.976377875104,1.44151216704949,0.212051310350127,22,5,51.7889415676551,-1.03688224935033,8,76.313185414301,17.7424542403482,36.4617788334695,18.6429533710497,13.8111509688939,42446.5927848931,285.943903362076,0.0001176298800512,301.13731844031,1981,0,0,0,0,0,0,0,1,1,0,0,0,1,0,0,0,0,0,0,0,0,0,0,0,1,0,0,0,0,0,0,0,0,0,0,0,0,0,0,0,0,0,0,0,0
6,74.0244445179995,1033.65829638059,1.55839364938558,0.190013576105989,20,19,52.0729005113401,-3.57014913014268,3,69.118870035714,34.7774680082236,36.996992628727,18.6513453237292,15.984497157805,2782118.15654336,278.258850023129,-0.0008667690999664,242.258352787214,1992,0,0,0,0,0,0,0,0,0,0,0,0,0,0,0,0,0,0,0,0,0,0,0,0,0,0,0,0,0,0,0,0,0,0,0,0,0,0,1,0,0,0,0,0,0
3,106.185250544033,314.061021248865,1.35210172471168,0.189868418792755,8,1,50.4182637217505,-1.2811790888234,4,76.3149399276431,17.7588471678039,35.880506924999,18.6478627313471,13.8218544794766,295191.473940835,278.282688427164,0.0027968215317975,228.897422803019,2000,0,0,1,0,0,0,0,0,1,0,0,0,1,0,0,0,0,0,0,0,0,0,0,0,0,0,0,0,0,0,0,0,0,0,0,1,0,0,0,0,0,0,0,0,0
4,16.8547844050823,1456.48341740932,1.44193570516073,0.129181912491575,19,14,52.3307407610906,-0.103366250696928,7,76.3628963914339,17.7759636378091,36.4638625485298,18.6318925707213,13.8187692393552,7172592.18539379,288.67342684454,-0.0001064935089519,239.922808261772,1993,0,0,0,0,1,0,0,0,0,0,1,0,1,0,0,0,0,0,0,0,1,0,0,0,0,0,0,0,0,0,0,0,0,0,0,0,0,0,0,0,0,0,0,0,0
3,22.895599355,238.013303162605,1.44186978505528,0.217238023477461,27,1,52.1001345068427,-0.0742389601920108,10,74.9623766096037,17.7404902422163,36.4752331702321,18.6417137653803,13.8135546845364,7231089.23941281,278.473526363371,-0.0030602717223558,246.375811763739,1987,0,0,0,1,0,0,0,0,1,0,0,0,1,0,0,0,0,0,0,0,0,0,0,1,0,0,0,0,0,0,0,0,0,0,0,0,0,0,0,0,0,0,0,0,0
9,-32.4429387469034,1024.07018802587,1.08699000822849,0.246375148598559,27,20,51.6287833005889,-1.62121340888573,12,79.7407519682913,19.1767737394144,32.1895156579046,18.6676478058723,9.82232116361444,3188055.83090045,284.619544036751,-0.0030432614647846,35.4873275545242,1985,0,0,0,0,0,1,0,0,0,0,0,0,0,0,1,0,0,0,0,0,0,0,0,0,0,0,0,0,0,0,0,0,0,0,0,0,0,0,0,0,0,0,1,0,0
8,-70.4986292142335,1394.13390263021,0.728729958222854,0.153749824658351,23,15,52.4406014744713,0.353445378801521,2,64.9094021604002,14.0201178925895,38.7768987291078,18.6539883811458,13.1421524284318,1855140.95514682,276.405137901448,0.0004055353318478,348.741931904766,1999,0,0,0,0,0,0,0,0,1,0,0,0,0,0,0,0,0,0,0,0,0,0,0,0,0,0,0,0,0,0,0,0,0,0,1,0,0,0,0,0,0,0,0,0,0
7,6.02154102514326,999.828357791763,1.81805577143017,0.137090841685383,7,11,52.7658953260736,-0.687015538699745,9,88.1722585812346,17.7295356462411,33.2209083626665,18.6461538612544,13.7931780365687,4072379.47300844,291.621843795819,-0.0016970287367499,245.960499737869,2000,0,0,0,0,0,0,1,0,0,0,0,0,0,0,0,1,0,0,0,1,0,0,0,0,0,0,0,0,0,0,0,0,0,0,0,0,0,0,0,0,0,0,0,0,0
9,51.6321311099014,1139.74191203087,1.4411625369869,0.147215657991491,14,1,52.6594411656883,-0.190337395285383,3,76.269444335911,17.739057563879,36.4829235992246,18.6476313228735,13.8385769085903,2896122.77995027,284.910976069197,-0.0002061031193701,231.511060329312,1989,0,1,0,0,0,0,0,0,0,0,1,0,0,0,0,1,0,0,0,0,0,0,0,0,0,0,0,0,0,0,0,0,0,0,0,0,0,0,0,0,0,0,0,0,1
6,62.7131727755437,694.236106597594,1.44277916409378,0.0984147141781404,6,3,52.3136342209351,-1.47679613555984,8,76.407965483121,17.7733249566481,36.4843953176843,18.6445094557546,13.8126084493124,1650808.83849976,286.905731675062,0.0019953916219972,321.144876816147,1990,0,1,0,0,0,0,0,0,0,0,1,0,1,0,0,0,0,0,0,0,0,0,0,0,0,0,0,0,0,0,0,0,0,0,0,0,1,0,0,0,0,0,0,0,0
7,-55.2584792107286,847.447605830057,0.40832695397611,0.202714739813795,10,9,53.644403800313,-1.50186629149826,7,-4.64897482329444,44.4254348469223,20.090894153462,18.645292146641,14.752091339277,262823.341299982,287.526456970482,0.0015818634758877,265.130323010169,2000,0,0,0,0,0,0,1,0,1,0,0,0,1,0,0,0,0,0,0,0,0,0,1,0,0,0,0,0,0,0,0,0,0,0,0,0,0,0,0,0,0,0,0,0,0
3,131.91041973511,846.897088923018,1.44275299335079,0.148600196700766,29,20,52.1382370382572,-0.75695089186094,9,76.34393302933,17.7511024021003,36.4915575436202,18.6422538463259,13.8075301637896,2454948.6304031,283.160097518569,0.0009153498103797,222.080338661624,1990,0,0,0,0,0,0,1,0,0,0,1,0,0,0,0,1,0,0,0,0,0,0,0,0,0,0,0,0,0,0,0,0,0,0,0,0,0,0,0,0,0,1,0,0,0
2,115.738704382401,2365.21922356896,-0.483584691489576,0.200193385097362,24,17,54.2445974910369,-0.787150688176631,5,-127442.09661556,6.11335449660549,33.8548801696888,18.6458620033835,45253.7439381524,-1176874785.66364,283.330160788626,0.321342764866313,222.926866517053,1993,0,0,0,0,0,1,0,0,0,0,1,0,0,0,0,0,0,0,0,0,0,0,0,0,1,0,0,0,0,0,0,0,0,0,0,0,0,0,0,0,0,0,0,0,0
3,85.6442438669631,652.257271934243,1.44015412916446,0.163552369117814,18,21,54.3647425569734,-1.48480292256105,7,76.323720052311,17.7559728901634,36.499077723881,18.6424452237315,13.8411819776232,10868153.9247407,290.387446687239,-0.0001560352399057,278.254881278415,1983,0,0,0,0,0,1,0,0,0,0,1,0,0,0,0,1,0,0,0,0,0,0,0,0,0,0,0,0,0,0,0,0,0,0,0,0,0,0,0,1,0,0,0,0,0
1,19.4084432059385,385.70409302781,0.555662567725233,0.100916457090681,27,22,53.7112278990172,-1.50657917689688,7,22.3048471018795,43.5449540930159,32.1013331812406,18.6464308693491,2.64602119964045,6708391.40718622,288.920888292652,0.0019921334170209,205.012722373591,2000,1,0,0,0,0,0,0,0,0,1,0,0,1,0,0,0,0,0,0,0,0,0,0,0,0,0,0,0,0,0,0,0,0,0,0,0,0,0,0,0,0,0,1,0,0
8,-78.1230708377688,813.714413996749,1.4423338256271,0.219982436548012,19,23,53.19116176346,-3.08920163066399,1,76.3598340575348,17.7903927975938,36.4683012700398,18.6377963496223,13.8067970476716,2935984.263204,276.609798193549,-0.0021153122936473,325.38827974531,1983,0,0,0,1,0,0,0,0,0,1,0,0,1,0,0,0,0,0,0,0,0,0,1,0,0,0,0,0,0,0,0,0,0,0,0,0,0,0,0,0,0,0,0,0,0
9,40.2327869788103,1485.91917692506,1.44164133113405,0.221465694422438,23,17,52.9040318069558,-0.249709725578907,10,77.4179445235244,17.7558533412767,36.4748290849846,18.6350322426832,13.8085610469071,5324402.11617528,286.310623549005,-8.75174911534546e-05,282.064949980711,1986,1,0,0,0,0,0,0,0,0,1,0,0,0,0,0,1,0,0,0,0,0,0,0,1,0,0,0,0,0,0,0,0,0,0,0,0,0,0,0,0,0,0,0,0,0
3,115.489944739245,-70.094463552033,1.44118307148918,0.240110540490794,23,2,53.2048053887393,0.807516480741852,6,76.5875770051407,17.7589246485545,36.4848538576677,18.6457200924389,13.8039499475683,5496060.52148262,285.607501588324,0.00032583123725,70.6485393062773,1986,0,0,0,0,0,0,0,1,0,0,1,0,0,0,0,1,0,0,0,0,0,0,1,0,0,0,0,0,0,0,0,0,0,0,0,0,0,0,0,0,0,0,0,0,0
1,45.3321064669991,121.804567024352,1.28136750793577,0.122570435955148,2,4,51.6302445868068,-0.732180092418174,9,68.9980533233908,10.0180568028845,33.582152147672,18.6286023317139,14.5716126393629,1.0839923107937,286.591969019142,0.0001342849320948,212.884550813901,1999,0,0,0,0,0,0,0,1,0,1,0,0,1,0,0,0,0,0,0,0,0,0,0,0,0,0,0,0,0,0,0,0,0,0,0,0,0,0,0,1,0,0,0,0,0
8,131.833613797594,758.717346572772,2.17962081515918,0.197664807813112,19,5,53.8337004418522,-2.48369314135831,6,76.3462682896861,17.7451413465958,36.4639241605886,18.6400214407817,16.3442540657722,-77198.2012541163,288.006902076069,0.0008518340303808,86.8392952153382,1986,0,0,0,0,1,0,0,0,0,1,0,0,0,0,0,0,0,0,0,0,0,0,0,0,0,0,0,0,1,0,0,0,0,0,0,0,0,0,0,0,0,0,0,0,0
7,163.383377667612,718.66416651177,1.44093295188338,0.172793242488949,30,3,52.7983738197201,-1.74505849863835,11,76.2840669176411,17.7585953201756,36.4694213558739,18.6495488572368,13.8500677920981,1862140.47655825,283.536428094174,-0.0002755981173247,214.694030997203,1992,0,1,0,0,0,0,0,0,0,1,0,0,1,0,0,0,0,0,0,0,0,0,0,0,0,0,0,0,0,0,0,0,0,0,0,0,0,0,0,0,0,0,0,0,0
3,156.00873695732,334.30200381802,1.32735556303672,0.156498298946189,20,5,54.3172773077781,0.670299808173664,9,258.58205342893,17.7567030600062,36.4729407492644,18.5967229646519,13.8057242681754,94745.8002661232,283.952148480298,-0.0024615787939618,390.022423286512,1994,0,0,0,0,0,0,0,0,0,0,0,0,0,0,1,0,0,0,1,0,0,0,0,0,0,0,0,0,0,0,0,0,0,0,0,0,0,0,0,0,0,0,0,0,0
3,144.834843346492,351.498954625252,0.869448148736252,0.176447311964137,13,5,54.0074667090307,-2.23849465024818,8,110.862133034149,9.70795280831975,32.8021841263846,18.6053971480382,14.9250014674914,14728.0020422294,286.284825023024,2.9483098573289e-05,200.514346544867,1987,0,0,0,0,0,0,0,1,0,0,0,0,0,1,0,0,0,0,0,1,0,0,0,0,0,0,0,0,0,0,0,0,0,0,0,0,0,0,0,0,0,0,0,0,0
3,167.975675627882,175.207771360122,1.46134394669569,0.234188701110131,19,19,52.9073761168861,-0.703292363712793,11,76.2867064778563,17.7289593214879,36.4498483500265,18.6427356327859,13.8289958430766,2289790.75553116,280.964068743226,0.0004369087412566,153.255748832635,1997,0,0,1,0,0,0,0,0,0,1,0,0,1,0,0,0,0,0,0,0,0,0,0,0,0,0,0,0,0,0,0,0,0,0,0,1,0,0,0,0,0,0,0,0,0
0,179.457761769681,-418.999339391899,1.44173836589823,0.123388182408562,7,3,51.4457701704627,-0.236253299445374,12,86.1119104877012,25.0767641338785,75.839235257479,18.6877749167069,13.3426354938455,1599685.00993646,271.999614312178,0.0002277574180405,215.195316321557,1997,0,0,1,0,0,0,0,0,1,0,0,0,0,1,0,0,0,0,0,0,0,0,0,0,0,0,0,0,0,0,0,0,0,0,0,0,0,0,0,0,0,0,0,0,1
9,-60.6726395037917,1228.0365624486,1.44094810509994,0.171972018198951,23,15,52.315790101432,-1.4082188904216,9,76.2843193914779,17.7366820901155,36.4789265738341,18.6359207758131,13.8345866391595,3957327.76377942,289.294124971985,0.0016800040861051,310.535026589954,1984,0,0,0,0,1,0,0,0,0,0,0,0,0,0,0,1,0,0,0,0,0,0,0,0,1,0,0,0,0,0,0,0,0,0,0,0,0,0,0,0,0,0,0,0,0
6,-16.571162259776,399.256906763495,1.45489197703257,0.199837385716857,22,3,53.8257489484535,-1.52531626226123,2,76.2914806407764,17.7427563517546,36.4800817620801,18.6399100153174,13.8070505009995,-226508.817289278,276.87814377546,0.0003831407305244,133.929232142802,1984,0,0,1,0,0,0,0,0,0,1,0,1,0,0,0,0,0,0,0,0,0,0,0,1,0,0,0,0,0,0,0,0,0,0,0,0,0,0,0,0,0,0,0,0,0
7,87.3082245698543,370.249959274041,0.481824340101961,0.186530668844851,3,8,52.9376910520142,0.114125244230734,2,181.102194535602,28.1945747142908,25.2113496739685,18.6428013889975,2.96034097020193,-50831.0490908811,277.642850952413,-0.0007929063367131,286.007390839748,2000,0,0,0,0,0,1,0,0,0,1,0,0,1,0,0,0,1,0,0,0,0,0,0,0,0,0,0,0,0,0,0,0,0,0,0,0,0,0,0,0,0,0,0,0,0
5,36.9944075783855,447.761099013892,1.44059509154026,0.112610987788825,23,9,50.2107036318967,-2.45326526400266,5,76.3569892999721,17.7670288736471,36.4594426497062,18.6420662747696,13.8209384010484,627756.82904106,285.160390167257,0.0038510602340521,211.960845900225,1986,0,1,0,0,0,0,0,0,0,1,0,0,1,0,0,0,0,0,0,0,0,0,0,0,0,0,0,0,0,0,0,0,0,0,0,0,0,0,0,0,0,0,0,0,1
6,84.0920366155479,734.582798430343,1.64079460918133,0.257779204457929,7,20,52.4457193825602,-1.72994054542741,11,74.4272096612152,17.7397953351934,36.4757880647725,18.6430018445251,13.8110888542045,5202066.80787977,279.803938026612,-0.0056564009153736,189.004650380141,1989,0,0,0,0,1,0,0,0,0,0,1,0,1,0,0,0,0,0,0,0,0,0,0,1,0,0,0,0,0,0,0,0,0,0,0,0,0,0,0,0,0,0,0,0,0
8,114.567302497073,591.839337526031,1.28243282662514,0.170136907629641,11,12,53.1606462928685,-0.860496960895855,1,76.3762166233741,17.7144271979143,35.3304494487539,21.6581996513023,13.7940876503136,268600.285698027,280.36344477255,0.0002045932106588,215.037925711291,2000,0,1,0,0,0,0,0,0,0,0,0,0,0,0,0,1,0,0,0,0,0,0,0,0,0,0,0,0,0,0,0,0,0,0,0,0,0,0,0,1,0,0,0,0,0
4,-3.42452955528915,213.680199659161,1.44150334223878,0.271958414214592,23,18,51.8060452915259,-1.10419388613092,2,76.3790948587816,17.7482397548143,36.4637687349795,18.6507925039113,13.8090404421269,531492.702838224,273.375542521069,0.0015316944121903,103.188744953407,1994,0,0,1,0,0,0,0,0,1,0,0,0,1,0,0,0,0,0,0,0,0,0,0,0,0,0,0,0,0,0,0,0,0,0,0,0,1,0,0,0,0,0,0,0,0
3,-6.92544289237348,928.498119803475,1.44259327747147,0.240107476847462,5,17,51.8061166739962,-1.77905299623342,4,76.3132939550483,17.7361497340228,36.4778514443976,18.6395426505523,13.8105341717655,2742064.58515447,285.128826571313,0.0002809183195705,-27.4661115051365,1984,0,1,0,0,0,0,0,0,0,1,0,0,1,0,0,0,0,0,0,0,0,0,0,0,0,0,0,0,0,0,0,0,0,0,0,1,0,0,0,0,0,0,0,0,0
8,63.8405124079267,958.153580984846,0.198460651197584,0.212434379520635,22,22,51.2465167644283,-0.347743691039027,6,46.6059467251028,44.3283227434669,27.9139984364335,18.6480737447745,7.93631653901393,7892445.0899932,288.738288908463,0.0008790208443214,231.56159895638,2000,0,0,0,0,0,0,0,0,0,0,1,0,1,0,0,0,0,0,0,0,0,0,0,0,0,0,0,0,0,0,0,0,0,1,0,0,0,0,0,0,0,0,0,0,0
9,175.165669023383,1589.17665542817,1.63469141025309,0.195143146501724,14,12,53.3732955518523,-1.53522671136489,12,94.3825193389324,51.6863084613771,29.5242392085168,19.9496823279314,15.4451214982495,77060.6147995848,281.005187425755,0.0007607318517572,223.664563429804,1998,0,1,0,0,0,0,0,0,1,0,0,0,0,0,0,1,0,0,0,0,0,0,0,0,0,0,0,0,0,0,0,0,0,0,0,0,0,0,1,0,0,0,0,0,0
2,185.037359700372,914.501578289912,0.933528103134119,0.160985467284946,22,20,53.4462460606322,-2.15867194318193,4,81.5952588167634,17.5611015282477,35.3195136626679,18.6420801936199,14.6277075820708,7465131.85129921,281.026295816678,0.0009145794665668,88.3671456051363,1988,0,0,1,0,0,0,0,0,0,0,0,0,0,0,0,1,0,0,0,0,0,0,0,0,0,0,0,0,0,0,0,0,0,0,1,0,0,0,0,0,0,0,0,0,0
0,230.699818447645,247.939184458999,1.44186982924588,0.155523222467655,20,23,50.7428740537213,0.416114809383424,11,76.3505543608377,17.7445859742138,36.4723350975267,18.6420667547053,13.7905160546941,3447001.10214861,274.791288441334,-0.0007779869860901,331.547724676141,1986,0,1,0,0,0,0,0,0,0,0,0,0,1,0,0,0,0,0,0,0,0,0,0,0,0,0,0,0,0,1,0,0,0,0,0,0,0,0,0,0,0,0,0,0,0
0,-33.4472876898165,1141.62590238045,1.44173166240158,0.183616189139545,30,12,52.4794488619597,-0.422966959533821,5,76.3778316961987,17.7534391226285,36.4918917016748,18.6416235782376,13.8412345787009,5511478.21614739,284.642200877162,-0.0017102707037123,108.690483452951,1984,0,1,0,0,0,0,0,0,1,0,0,0,0,0,0,1,0,0,0,0,0,0,0,0,0,0,0,1,0,0,0,0,0,0,0,0,0,0,0,0,0,0,0,0,0
1,117.046275064892,232.062169923038,1.4423998611459,0.310902568928686,16,6,52.2710194580897,-1.28468622298249,5,76.6125332424753,17.7404905509411,36.4764539676032,18.6423129941938,13.8077768829169,30509.396319703,278.343539089131,0.0005677899983212,33.5406014931608,1988,1,0,0,0,0,0,0,0,0,0,0,0,0,0,0,1,0,0,0,0,0,0,1,0,0,0,0,0,0,0,0,0,0,0,0,0,0,0,0,0,0,0,0,0,0
1,28.1656247435231,94.7895126483754,-0.468482155709124,0.161461504942976,19,21,51.9333714682368,-1.98547462692453,2,48.574286140968,-0.696132344039518,19.9463351771401,18.6269527055326,-15.6888856606399,2896277.10756633,281.499274319149,9.88806728952284e-05,263.911549095268,1992,0,0,1,0,0,0,0,0,0,0,0,0,1,0,0,0,0,0,0,0,0,0,0,0,0,0,0,0,0,0,0,0,0,0,0,0,0,0,0,0,1,0,0,0,0
3,-51.3903794417716,418.347279483916,1.44283860510587,0.218800365417299,5,21,52.1336929242772,-0.406771059422298,6,76.3299871309641,17.7653894908598,36.4704574698665,18.6355170987908,13.8133675673256,3757517.15113929,284.484558924804,0.0030609982459669,159.731082467068,1991,0,0,0,0,0,0,0,0,0,0,1,0,1,0,0,0,0,0,0,0,0,0,1,0,0,0,0,0,0,0,0,0,0,0,0,0,0,0,0,0,0,0,0,0,0
7,158.062461180418,856.212723219112,1.44259326975915,0.14914972364148,14,14,52.0907265742837,-3.17647791684587,9,76.2506822583796,17.7362658279168,36.4778532878544,18.6391061982285,13.8105342105639,2282460.07462515,287.637830904998,0.0010822726608478,280.269588966031,1984,0,0,0,0,0,0,0,1,1,0,0,0,1,0,0,0,0,0,0,0,0,0,0,0,0,0,0,0,0,0,0,0,0,0,0,1,0,0,0,0,0,0,0,0,0
7,104.914802000206,685.946875614169,1.44259697076919,0.192171530661061,17,17,50.4951658127817,-2.38733990841914,11,18.1065158868317,59.6387099567864,36.4716609141939,18.5871397198159,-6.27382686982461,5419441.11015036,281.710020415386,-0.0018601109669438,235.547906148976,1991,0,0,0,0,0,0,1,0,0,0,0,0,0,0,0,0,0,0,0,0,0,0,0,0,0,0,0,0,0,0,0,0,0,0,0,1,0,0,0,0,0,0,0,0,0
9,174.916128017553,1310.063060172,1.44038134946508,0.185137020323154,22,15,53.3362070901593,-3.2230162683041,2,76.3092247267171,17.7484412192626,36.4790191948937,18.6410364667315,13.8154577576743,673484.69686411,279.13765362673,0.0006639881949358,208.183064646219,1989,0,0,0,0,0,0,1,0,0,0,1,0,0,0,0,1,0,0,0,0,0,0,0,0,1,0,0,0,0,0,0,0,0,0,0,0,0,0,0,0,0,0,0,0,0
5,248.387590761597,437.325157908816,0.386703239764091,0.152335788037774,18,6,52.0119850307562,-3.22896459550155,6,35.3521331668282,6.26916308069536,32.1675665574597,18.6404710899248,18.728323324131,-12417.1728980631,287.686975705095,0.0006650677686658,201.237501674144,1998,0,0,0,0,0,0,1,0,1,0,0,0,1,0,0,0,0,0,0,0,0,0,0,1,0,0,0,0,0,0,0,0,0,0,0,0,0,0,0,0,0,0,0,0,0
9,143.708684195687,812.133196330731,1.27350703246036,0.237244033906029,7,6,51.9544246077984,-3.91851712215923,2,75.8141475511828,38.2807518378015,35.6293328728301,18.6402046995424,22.4271199096847,112572.617032925,275.461403789444,0.0005742102554083,275.703268108623,1983,1,0,0,0,0,0,0,0,0,0,1,0,0,0,0,0,0,0,0,0,0,0,0,1,0,0,0,0,0,0,0,0,0,0,0,0,0,0,0,0,0,0,0,0,0
8,193.134162225288,547.122157333156,1.4419950390271,0.127499975512881,2,7,50.9644110460635,-3.2367428014818,6,-2552.8720267676,17.4154666666197,36.484164332812,18.6433465338533,314306.004502765,206371159.63131,284.53472011617,-0.737926255561649,41.6913920914986,1997,0,1,0,0,0,0,0,0,0,0,0,0,0,0,1,0,0,0,0,0,0,1,0,0,0,0,0,0,0,0,0,0,0,0,0,0,0,0,0,0,0,0,0,0,0
0,-34.504671563332,129.272617275026,1.4416415656178,0.166980541762566,20,23,51.2874299041884,-4.4106412572845,5,76.2759801096387,17.7131296603492,36.4935010288685,18.6383937931137,13.7882619332724,5434499.76945621,284.741366136422,0.0011429377015895,197.938866285958,1987,0,0,0,0,0,1,0,0,0,1,0,0,0,0,0,1,0,0,0,0,0,1,0,0,0,0,0,0,0,0,0,0,0,0,0,0,0,0,0,0,0,0,0,0,0
5,198.259629586832,486.507010355291,0.956073240315275,0.196326861184116,29,9,54.2857532919044,-0.300603985615119,1,70.4279918309262,3.84030787510204,47.353983185831,18.645782796173,14.0644771731386,-457239.807791018,275.78267129464,0.011021076293197,192.485500892517,1990,0,1,0,0,0,0,0,0,1,0,0,0,0,0,0,1,0,0,0,0,0,0,0,0,0,0,1,0,0,0,0,0,0,0,0,0,0,0,0,0,0,0,0,0,0
6,-23.2740789238286,559.536794258892,1.44059678169262,0.184715311051724,9,6,54.2477057576838,2.47632541663533,10,76.3490489694075,17.7769351745201,36.4665891484754,18.6457424715822,13.8044571053874,62448.6488074834,282.010292560058,0.000308579778773,330.634298029457,1982,0,0,0,0,0,0,0,0,0,0,1,0,0,0,0,0,0,0,0,0,0,0,0,0,0,0,0,0,0,1,0,0,0,0,0,0,0,0,0,0,0,0,0,0,0
8,12.6963174409328,2210.64731261411,1.44240787044773,0.0930912019080681,1,16,52.4998776171225,-2.28764669143932,8,76.3196259105623,17.7485971070794,36.4863503395774,18.6417880307386,-0.878327096295383,7662503.83715697,296.231261249778,-0.0001844543298237,264.510086832062,1997,0,1,0,0,0,0,0,0,0,1,0,0,1,0,0,0,0,0,0,0,0,0,0,0,0,0,0,0,1,0,0,0,0,0,0,0,0,0,0,0,0,0,0,0,0
3,-56.9124381174541,401.191905683125,1.44216658855897,0.192448952553743,17,19,52.354298262636,0.535320151290019,2,76.3366640782062,17.7515273480909,36.4476424423992,18.6374450476139,13.8230022907831,4484532.46054472,273.110555906637,-0.0001130044270483,83.857917143301,1982,1,0,0,0,0,0,0,0,1,0,0,0,0,0,0,1,0,0,0,0,0,1,0,0,0,0,0,0,0,0,0,0,0,0,0,0,0,0,0,0,0,0,0,0,0
2,62.543947100144,148.869184793619,1.4421046836798,0.161787615750511,10,1,50.8564344129311,-0.64607791820327,5,76.2496482507297,37.3775712929541,35.1821945231676,18.6344103384127,13.8137693541701,7415919.08379334,285.781494371058,0.0030069479373729,61.7052861627586,2000,0,0,0,1,0,0,0,0,0,0,0,0,0,0,0,0,0,0,0,0,0,0,0,0,0,0,0,0,0,0,0,0,0,0,0,0,0,0,0,0,0,0,0,0,1
9,111.710588904138,1111.26586740499,0.503317099803737,0.185553412552986,12,1,50.589447940729,-1.67179381015319,4,12.9616384567889,74.7253708083441,13.4335268288494,17.7311460250434,11.0848422783954,-3556478.89554773,281.77731253011,0.0091330432531444,213.989461159917,2000,0,0,0,0,1,0,0,0,0,1,0,0,1,0,0,0,0,0,0,0,0,0,0,0,0,0,0,1,0,0,0,0,0,0,0,0,0,0,0,0,0,0,0,0,0
1,85.2257831933866,78.6679106898206,1.44243414466647,0.176297886044991,3,6,53.6233576119972,-0.964213216172535,6,76.3772694949341,17.7397050679677,36.4714388327396,18.6805085387706,13.7852650218746,36452.2308597173,283.125294833105,-0.0003988920396785,186.204238581985,1983,0,0,0,0,0,0,1,0,0,1,0,0,0,0,1,0,0,0,0,0,0,0,0,0,0,0,0,1,0,0,0,0,0,0,0,0,0,0,0,0,0,0,0,0,0
9,-12.8706191590166,1385.45693521653,2.23252946836653,0.211846095209597,11,17,53.5665457336049,-2.75522705043474,1,93.5790583843425,17.7369831606922,36.4846318490646,18.6416238418136,42.2466927024184,2540.40795001679,274.574755920772,0.0016015516139314,226.846402299845,1984,0,1,0,0,0,0,0,0,0,1,0,0,0,0,0,1,0,0,0,0,0,0,0,1,0,0,0,0,0,0,0,0,0,0,0,0,0,0,0,0,0,0,0,0,0
4,-34.8229583716781,412.521337424534,0.905983126442424,0.219451964861922,25,23,52.2855505375931,-3.45408388243654,8,76.3865140512403,-1.88186048198109,8.0456419426916,17.6766491300493,-5.66564953723602,1219522.03034771,285.022602720054,0.0014707595384311,143.296260964287,1999,0,0,0,0,1,0,0,0,0,0,1,0,1,0,0,0,0,0,0,0,0,0,0,1,0,0,0,0,0,0,0,0,0,0,0,0,0,0,0,0,0,0,0,0,0
5,139.726539489285,257.641097464398,1.44174037522672,0.17408113041998,2,3,53.9278568694483,1.05021842201389,4,76.2934904606692,17.763046250225,36.4839721757682,18.6459782839023,13.7921205630624,1515524.59583939,278.892850504929,-0.0016893840575679,218.648798191482,1991,0,0,0,0,0,0,0,1,0,1,0,0,1,0,0,0,0,0,0,0,0,0,0,0,0,0,0,0,0,0,0,0,0,0,0,1,0,0,0,0,0,0,0,0,0
7,14.2580796389251,52.7372356334323,1.44087218327137,0.117858314730582,9,18,51.424177966207,-0.454110465078859,7,76.226263528173,17.7593365468467,36.5209006613914,18.6449358885045,13.8055423665659,1142779.3215808,286.251551546866,0.0009362369813274,259.393627677189,1990,0,0,1,0,0,0,0,0,1,0,0,0,1,0,0,0,0,0,0,0,0,0,0,0,0,0,0,0,0,0,0,0,0,0,0,0,0,0,1,0,0,0,0,0,0
9,-18.3167817265519,1670.70769081262,1.81860051009938,0.137278740610947,31,14,53.5360730659807,-2.52639731663538,3,72.6252523880557,30.1522517959153,38.2925999507673,18.6395095201045,11.3450105518604,4731140.86805004,280.164799294746,0.0007045278920131,241.861954530739,1994,0,1,0,0,0,0,0,0,1,0,0,1,0,0,0,0,0,0,0,0,0,0,0,0,0,0,1,0,0,0,0,0,0,0,0,0,0,0,0,0,0,0,0,0,0
2,166.453147004764,379.044988551081,1.44270172841972,0.0922663171492708,17,4,51.4486042384128,-0.0210271581536841,6,76.279012156784,17.6969338405277,36.4681629522348,18.6366649207772,13.8295359357305,-15.9488899857104,286.100368290536,0.0004336139132484,309.103439776752,1991,0,1,0,0,0,0,0,0,0,0,0,0,0,0,1,0,0,0,0,0,0,0,1,0,0,0,0,0,0,0,0,0,0,0,0,0,0,0,0,0,0,0,0,0,0
6,84.0232518742552,741.264131174537,1.44212770121237,0.284228984640794,9,11,51.827762679316,-1.21472450403321,2,76.4056672104377,17.7257690056566,36.4758073345432,18.6447562806235,13.7972121694099,770922.89000489,281.011228462472,0.0041925396171628,218.704032735088,1990,0,0,0,1,0,0,0,0,0,1,0,0,0,0,0,1,0,0,0,0,0,0,0,0,0,0,0,0,0,0,0,0,0,0,0,1,0,0,0,0,0,0,0,0,0
8,9.05441751358701,902.614993541804,1.44318644313781,0.146344464218585,17,18,50.3559427708032,0.321157059553518,5,76.3750376667084,17.8115587046373,36.4701462369748,18.6475581456044,13.8165762392582,9938964.59061475,302.77346860508,0.001048353885363,97.0274418275553,1992,0,0,0,0,0,0,1,0,1,0,0,0,0,0,0,1,0,0,0,0,0,0,0,0,0,0,0,0,0,0,0,0,0,0,0,0,0,0,0,1,0,0,0,0,0
1,155.112779726034,576.352134237402,1.44243008971319,0.186257945232983,3,4,50.7359084701722,-3.5617320655779,2,76.5508558232513,17.7789570061158,36.4861611725348,18.6429283023825,13.8123733673226,7.96658290289286,274.953340799972,-0.0001251982016561,287.459743970419,1992,0,0,0,1,0,0,0,0,1,0,0,0,0,0,0,1,0,0,0,0,0,0,0,0,0,0,0,0,0,0,0,0,0,0,0,0,1,0,0,0,0,0,0,0,0
7,30.4049042625567,842.640403931567,1.44102036549156,0.167524717007824,17,15,51.9937436166312,-3.34969873559747,10,76.4196623221365,17.7646037406278,36.4694001931336,18.6404747198204,13.8039898929066,3440346.2559638,281.085058771986,-0.0007880751906765,22.7148548428858,1993,0,0,0,0,0,0,1,0,0,0,0,0,1,0,0,0,0,0,0,0,0,0,1,0,0,0,0,0,0,0,0,0,0,0,0,0,0,0,0,0,0,0,0,0,0
4,149.484059189313,414.248459331668,1.26979429490536,0.145424670589911,12,5,51.498434964453,-1.32201791678856,7,89.5173815028803,17.9803324918117,39.0509953865842,18.6398055553524,8.75618330265207,52170.9676852775,285.793102369214,0.0003963334649494,301.022177587848,1993,0,1,0,0,0,0,0,0,1,0,0,0,0,0,0,1,0,0,0,0,0,0,0,0,0,0,0,0,0,0,0,0,0,1,0,0,0,0,0,0,0,0,0,0,0
6,81.0801515128649,2108.28408637242,1.44025065563238,0.162010187328925,27,15,52.737327247915,-1.68516977998029,3,76.3379969633982,17.7508533405332,36.4635026182613,18.6348873800541,13.8171972395701,5482290.51471354,282.952249643152,-0.0006971709688823,154.185723723083,1993,0,0,0,0,1,0,0,0,0,1,0,0,0,0,0,1,0,0,0,0,0,0,0,0,0,0,0,0,0,0,0,0,0,0,0,0,0,0,0,0,0,1,0,0,0
9,175.832757079268,1191.38093180422,0.945906447175525,0.172875524161153,20,9,54.9937855512253,-2.3828770926292,12,39.9002414841373,6.86758662532102,32.5328345505198,18.6481294761411,11.781670433701,-956304.169555922,272.798027403999,0.0083216686189515,285.481326016037,1991,1,0,0,0,0,0,0,0,0,1,0,0,0,0,0,0,0,0,0,0,0,0,0,0,0,0,0,0,0,0,0,0,0,0,0,0,0,0,0,0,0,0,1,0,0
2,119.498424256085,358.056745529428,1.11932642527698,0.178922954363294,8,9,52.9357521597213,-1.86919554085745,3,63.8000048170032,8.15699727086093,14.4722257842199,18.6405700488014,34.1619020276567,725817.893276082,281.719366843496,-0.0003875390277502,123.031990477899,1997,0,0,0,0,0,1,0,0,1,0,0,0,1,0,0,0,0,0,0,0,0,0,0,0,0,0,0,0,0,0,1,0,0,0,0,0,0,0,0,0,0,0,0,0,0
4,159.609258410759,556.172116514536,1.44330870692762,0.176272241390189,12,0,52.6703991140275,0.148765204891872,8,76.5277600132672,17.7394131319194,36.4614837535508,18.6351605065594,13.8364692249318,6137726.46326513,286.36145737404,0.00055428476434,197.347064443812,1988,0,1,0,0,0,0,0,0,0,0,1,0,0,0,0,1,0,0,1,0,0,0,0,0,0,0,0,0,0,0,0,0,0,0,0,0,0,0,0,0,0,0,0,0,0
0,93.5857879871294,-111.121291871389,1.44482880480285,0.145160611380158,19,6,51.9191861903964,-0.363499403501419,2,76.3407372442823,17.7668395239523,36.4448611677038,18.646335743679,13.8300561443314,58615.9494233204,271.594357415288,-0.0012123991223631,223.073716448391,1992,0,0,0,0,0,0,1,0,1,0,0,0,1,0,0,0,0,0,0,0,0,0,0,0,0,0,0,0,0,0,1,0,0,0,0,0,0,0,0,0,0,0,0,0,0
4,253.363264639959,411.566288732321,1.58460975242272,0.180036945364503,12,5,51.6694377225445,-0.779636155479294,3,65802.4831778523,18.938461679832,28.0607941957699,18.6285092424646,-238.189447692964,6950832.72018931,278.96325221318,-0.50157711783615,318.842100608922,1998,0,0,0,0,0,1,0,0,0,1,0,1,0,0,0,0,0,0,0,0,0,0,1,0,0,0,0,0,0,0,0,0,0,0,0,0,0,0,0,0,0,0,0,0,0
5,-63.5253141796108,1370.80983765023,1.58460977047032,0.189035354528234,17,16,52.5734102107672,-0.683219892828539,6,65985.7902028612,0.461113936807937,25.4705026232828,18.6597063647685,-232.808973700613,344256471.529851,292.171103148721,-0.0719128700074187,26.638097578508,1992,1,0,0,0,0,0,0,0,0,0,0,1,0,0,0,0,0,0,0,0,0,0,1,0,0,0,0,0,0,0,0,0,0,0,0,0,0,0,0,0,0,0,0,0,0
1,65.6085070282906,569.534743429384,1.7702405353025,0.164325835375294,11,8,50.3970417170691,-1.25998782434259,7,84.9002006740721,17.7498237670692,36.5434451763094,18.643969540708,25.1104471629819,1617835.0323556,289.777363043612,4.23039898154434e-05,176.33051750562,1994,0,0,0,0,0,1,0,0,1,0,0,0,0,0,0,1,0,0,0,0,0,0,0,1,0,0,0,0,0,0,0,0,0,0,0,0,0,0,0,0,0,0,0,0,0
5,182.027661337798,546.577065096447,1.4415121983882,0.16555171230491,21,20,52.5049507123891,-2.35856985160543,7,76.3037783377277,17.7424744134836,36.4617784164916,18.6374782364079,13.8111504543091,5438484.21373248,286.875975319059,0.0022365005465939,276.220843770654,1981,0,1,0,0,0,0,0,0,0,1,0,0,1,0,0,0,0,0,0,0,0,0,0,0,1,0,0,0,0,0,0,0,0,0,0,0,0,0,0,0,0,0,0,0,0
2,209.661104921224,344.158966516773,1.44101052862238,0.245312610940047,26,6,52.6364683685647,-1.33134494077214,12,76.434478917607,17.7277575986428,36.4849447903529,18.6422468763624,13.7860530553148,47489.0165988517,271.185729457855,0.000738501804111,243.000755735787,1995,0,0,0,1,0,0,0,0,0,0,1,0,0,0,0,1,0,0,0,0,0,0,0,0,0,0,0,0,0,0,0,0,0,0,0,1,0,0,0,0,0,0,0,0,0
0,8.24659814867071,669.276771790781,1.44211503221452,0.222286362762805,27,21,51.1815675744821,0.863401898072997,7,76.2885075811276,17.736324221297,36.4855068768285,18.6410452902484,13.7947428178955,8546549.47626558,289.786847432076,0.0007987885781433,292.258808511298,1989,0,0,0,0,0,0,0,0,1,0,0,0,0,0,1,0,0,0,0,0,0,0,1,0,0,0,0,0,0,0,0,0,0,0,0,0,0,0,0,0,0,0,0,0,0
1,114.22012091528,363.656155585467,1.44202957796433,0.188684010973535,23,19,53.1583549202153,-1.6470128847592,10,64.473596589315,17.7371065147564,36.464292628883,18.6361055941455,13.8041665391145,1035310.5729988,280.328985051621,0.0014848506710691,431.301864530116,1991,0,1,0,0,0,0,0,0,1,0,0,0,1,0,0,0,0,0,0,0,0,0,0,0,0,0,0,0,0,0,0,0,0,0,0,0,0,0,0,0,0,0,1,0,0
9,-6.33566393112348,1178.4442752238,1.44118307583105,0.155511615357151,25,8,52.946419978831,-2.6918109876092,8,76.3199664888273,17.7600288187564,36.4848530202373,18.6350324759883,13.8039495901841,310592.601273337,284.470030690951,0.0008726635860658,170.022706050663,1986,1,0,0,0,0,0,0,0,0,1,0,0,0,0,0,1,0,0,0,0,0,0,1,0,0,0,0,0,0,0,0,0,0,0,0,0,0,0,0,0,0,0,0,0,0
1,27.8598628062409,442.569367643269,1.46134390722247,0.211431048576009,1,18,55.3777263848558,-1.34427378755118,11,76.3257476948644,17.7292402032686,36.4498491515763,18.6408303001337,13.8289962155287,-221507.253419861,280.283953772844,0.0011783003880481,282.782854574751,1997,0,0,0,0,0,0,0,1,0,1,0,0,1,0,0,0,0,0,0,0,0,0,0,0,0,0,0,0,0,0,0,0,0,0,0,1,0,0,0,0,0,0,0,0,0
2,155.368328635975,634.259195305382,0.454390555568396,0.170977789155733,12,20,52.8702143449755,-3.70475654150176,4,62.1035968871458,22.8545998790246,41.3982024730787,18.6415761983129,11.4635590730881,5104601.23308773,285.862671214718,0.0022453143720806,352.206105525149,1994,0,0,0,0,1,0,0,0,0,0,1,0,1,0,0,0,0,0,0,0,0,0,0,1,0,0,0,0,0,0,0,0,0,0,0,0,0,0,0,0,0,0,0,0,0
5,-9.99672241019205,375.710508879485,1.46134390588416,0.14012829085415,4,22,54.8063489512085,-3.27193532495794,3,76.3362944513077,17.7291696176709,36.4498483985,18.6417878291435,13.8289949310367,3403621.59424904,279.747648145278,-0.0001198493094585,101.128838896755,1997,0,1,0,0,0,0,0,0,1,0,0,0,1,0,0,0,0,0,0,0,0,0,0,0,0,0,0,0,0,0,0,0,0,0,0,1,0,0,0,0,0,0,0,0,0
5,-67.7691612130365,174.087307635332,1.02927428580514,0.231051751102294,23,1,54.3981303707075,-0.375200282386,7,871.21974817947,44.7747368684746,15.6353704223632,18.6391946469355,30.2980408652873,14484703.0685709,287.326571615568,-0.0007439367517486,263.064999034131,1999,0,0,1,0,0,0,0,0,0,0,1,0,1,0,0,0,0,0,0,0,0,0,0,0,0,1,0,0,0,0,0,0,0,0,0,0,0,0,0,0,0,0,0,0,0
1,38.2074929541979,374.075562714729,1.61056828428082,0.257706057904464,6,21,53.6732349252281,0.540770256561463,11,89.2240524101766,-9.56493076209028,32.5263505223175,18.6382948796115,26.6124553526969,2095837.75342073,278.058799763643,-0.0024661471190567,45.368841614748,1984,0,0,0,1,0,0,0,0,1,0,0,0,0,0,0,0,0,0,0,0,0,0,0,0,0,0,0,1,0,0,0,0,0,0,0,0,0,0,0,0,0,0,0,0,0
2,42.0289878608199,381.353300789362,0.933528090935342,0.174171325310198,21,21,51.3987892245952,-3.38054996184616,10,82.859442094104,17.0724027793586,35.3195138098354,18.6372926626727,14.6277075341985,4251614.99219391,278.827802093303,0.0009969928995501,425.962475870739,1991,0,0,0,0,1,0,0,0,1,0,0,0,0,0,0,1,0,0,0,0,0,0,0,0,0,0,0,0,0,0,0,0,0,0,1,0,0,0,0,0,0,0,0,0,0
6,31.8429175045407,271.662118931636,1.19818674167026,0.191636302880077,29,3,51.5365177893136,0.418810552353343,8,61.1957368703808,22.7465393155785,46.8609261058751,18.6283623293879,26.9984452236289,1539983.69651019,284.207279402784,0.0001258049471957,291.604267375272,1995,0,0,0,0,0,0,0,1,1,0,0,0,1,0,0,0,0,0,0,0,0,0,0,1,0,0,0,0,0,0,0,0,0,0,0,0,0,0,0,0,0,0,0,0,0
4,147.670255058433,240.445907998424,1.44116271446326,0.165276705525,15,21,54.52660235974,-1.37184858479257,3,76.4601312950204,17.7600282092869,36.4783169717429,18.638342826402,13.8236584521128,-527822.706174889,274.397035073258,0.003512797558743,262.35785542224,1985,0,0,0,0,0,0,1,0,1,0,0,0,1,0,0,0,0,0,0,0,0,0,1,0,0,0,0,0,0,0,0,0,0,0,0,0,0,0,0,0,0,0,0,0,0
7,91.2592072166909,805.627164097254,1.43911757994358,0.211049861770028,23,19,51.004992497901,-3.21255778484285,1,76.3404550843727,17.7617443539426,36.5032216771323,18.6427959733498,13.7851545287437,1074426.19685585,275.316455607246,0.0006635095788182,250.986151459468,1985,0,0,0,0,1,0,0,0,0,0,0,0,1,0,0,0,0,0,0,0,0,0,0,0,0,0,0,0,0,0,0,0,0,0,0,0,0,0,0,0,0,0,0,0,0
5,126.679719301816,419.746270526809,1.20033269960345,0.171460861391911,26,7,52.3686391721538,-1.43257348180728,4,66.5630271711454,26.4956846323301,42.9792993745838,18.647429454963,5.69903245407424,2508.91713816439,277.804744183856,0.0018408491036862,284.324616264082,1996,0,0,0,0,0,1,0,0,1,0,0,0,1,0,0,0,0,0,0,0,0,0,0,0,0,0,0,0,0,0,0,0,0,0,0,0,0,0,0,0,0,0,0,1,0
4,123.422244080465,726.498411828169,1.05365093649617,0.135477658412307,17,9,54.0952279526752,-3.33500913956012,8,80.1050659695705,16.6558347303902,35.3195141384611,18.645272257302,14.7085625423043,2209941.75853193,284.976467773297,-0.00109637745302,182.505846850386,1986,0,0,0,0,0,0,0,0,0,1,0,0,0,0,0,1,0,0,0,0,0,0,0,0,0,0,0,0,0,0,0,0,0,0,1,0,0,0,0,0,0,0,0,0,0
1,25.3831142767381,314.229962115214,1.37215036317376,0.204558561989847,12,1,53.041132636075,-0.697168735465941,2,73.9986242524284,16.4004600253997,40.2894641785082,20.7419391661643,15.7265325687034,432238.153757854,275.83013992153,0.000947289633024,120.072999842352,1993,0,1,0,0,0,0,0,0,1,0,0,0,0,1,0,0,0,0,0,0,0,0,0,1,0,0,0,0,0,0,0,0,0,0,0,0,0,0,0,0,0,0,0,0,0
9,-44.2276717370776,1658.72460362567,0.717403870427773,0.215056846714276,10,22,52.7036856706197,-1.59367193203984,12,10.0160155104638,75.1918293650683,11.4578883572652,18.6477888031358,10.1287405158064,1568702.19189782,286.349228009234,0.0005331486838145,246.610991969651,1999,0,0,0,0,0,0,1,0,0,1,0,0,1,0,0,0,0,0,0,0,0,0,0,0,0,0,0,0,0,0,0,0,0,0,0,0,0,0,0,0,0,0,1,0,0
9,189.32244938886,1166.84248696671,1.02412176398458,0.257088940285068,28,3,55.1414674801098,-1.66620675815155,3,30.8102883554088,28.4429640800004,38.7768989622799,18.6423582665259,12.9826193429959,-1796171.81894531,280.515653001004,0.000835370380806,282.536027798974,1985,0,0,0,0,1,0,0,0,0,0,1,0,0,0,0,0,0,0,0,0,0,0,0,0,0,0,0,0,0,0,0,0,0,0,1,0,0,0,0,0,0,0,0,0,0
6,-5.87283623118896,1111.78267231297,0.513062610201147,0.217675538676412,1,15,52.4375615026439,-1.11435298575696,10,40.8416243853514,36.4770326129243,38.6809979503081,18.7391600767134,11.8098428161968,5148374.27053622,285.124031267626,-0.0005992085288281,181.18275073156,1982,0,0,0,0,0,0,0,1,1,0,0,1,0,0,0,0,0,0,0,0,0,0,0,0,0,0,0,0,0,0,0,0,0,0,0,1,0,0,0,0,0,0,0,0,0
0,-65.1064737937671,659.967849065868,1.44246714075096,0.209425135804361,3,10,53.6107595079686,-0.600521214041872,7,76.305051758973,17.7649549677787,36.4678103048775,7.81847178343436,13.8056861374477,2798569.72957458,288.94090955856,-0.0007422022313551,107.269541914804,1987,0,0,0,0,1,0,0,0,0,0,0,0,0,0,1,0,0,0,0,0,0,0,1,0,0,0,0,0,0,0,0,0,0,0,0,0,0,0,0,0,0,0,0,0,0
0,31.7037294968309,-255.173848222488,1.44206078984414,0.141977144650594,1,5,53.1918302094463,-0.310951793419892,12,76.2726721570455,17.7371928637349,36.4953925682898,18.6423989767449,13.7905134560919,21122.6656254098,271.724200281637,0.0001502628526529,98.1050409094409,1989,0,0,0,0,0,0,1,0,0,1,0,0,1,0,0,0,0,0,0,0,0,0,0,0,0,0,0,0,0,1,0,0,0,0,0,0,0,0,0,0,0,0,0,0,0
9,19.0642961176784,928.98423712584,1.44138457145248,0.17821655617842,18,15,52.1148364309413,-0.823392288797566,1,76.2874635460804,17.739742552997,36.4723308908395,20.4130642646768,13.7942186166765,1454730.87262939,282.089104420939,0.000314875797004,286.328083881808,1998,0,1,0,0,0,0,0,0,1,0,0,0,1,0,0,0,0,0,0,0,0,1,0,0,0,0,0,0,0,0,0,0,0,0,0,0,0,0,0,0,0,0,0,0,0
3,-51.8189293120637,693.976092056257,1.44002480600626,0.0441777064190898,16,19,54.5845655520579,0.454166403864628,5,76.3074850854003,17.696983465187,36.4455870028865,18.6495484926059,13.812771763535,8291133.07554755,288.944750445615,0.0006719720972134,38.2443746750095,1992,0,1,0,0,0,0,0,0,0,0,0,0,1,0,0,0,0,0,0,0,1,0,0,0,0,0,0,0,0,0,0,0,0,0,0,0,0,0,0,0,0,0,0,0,0
9,102.032226115932,746.575577296354,1.44213933114078,0.231863717091354,24,6,49.8974381484154,-0.892162683983949,12,76.3025527994205,17.7395503319848,36.4621528908841,18.6452755371404,13.8322015731029,172103.732226442,281.00534278302,0.0017884928670082,306.743471195838,1993,0,0,0,0,0,1,0,0,0,1,0,0,1,0,0,0,0,0,0,0,0,0,0,0,0,0,0,0,0,0,0,0,0,0,0,1,0,0,0,0,0,0,0,0,0
5,108.527907334265,1413.53222156393,1.48402952087914,0.161637826337405,22,18,53.4038772856291,-0.458924666114638,5,76.3062133791227,17.7523283966913,36.4768375413751,18.6360892450025,13.8129566805773,1223483.12993896,280.799401607194,0.0012578862063585,190.10875088519,1996,0,0,0,0,0,0,1,0,0,1,0,0,1,0,0,0,0,0,0,0,0,0,0,0,0,0,0,0,0,0,0,0,0,0,0,0,1,0,0,0,0,0,0,0,0
4,-6.06824121003837,688.409536576068,1.4425627492059,0.195295876201788,31,22,52.1647460406559,1.20470182397919,3,76.4601144437078,17.6920342626952,36.4585716088568,18.6357136759206,13.8037085303016,7098676.49300785,282.075801353512,-0.0009091867185034,250.203260253533,1997,0,0,0,1,0,0,0,0,1,0,0,0,1,0,0,0,0,0,0,0,0,0,0,0,0,0,0,0,0,1,0,0,0,0,0,0,0,0,0,0,0,0,0,0,0
5,91.2002124862742,775.485019473954,1.44157355910615,0.151042986546011,11,21,52.7745768490476,-0.248917996980205,5,76.2401324191397,71.8700946774944,36.4658045844247,18.6481291583821,13.8359373497337,9677734.73684289,285.788279501721,-0.0001072332791138,272.027582877051,1991,1,0,0,0,0,0,0,0,0,0,0,0,0,0,0,0,0,0,0,0,0,0,0,0,0,0,0,0,0,0,0,0,0,0,0,0,0,0,0,0,0,0,0,0,1
4,-85.0936578974687,433.887791727009,1.44212773413076,0.178024731764939,16,17,52.0922807698963,-0.212643930553645,2,76.2515877990876,17.725852574065,36.4758080043225,18.6405759393526,13.797211940908,4509177.81629306,288.896775808746,-0.0010378027872762,100.82640796088,1990,0,0,0,0,0,1,0,0,0,1,0,0,0,0,0,1,0,0,0,0,0,0,0,0,0,0,0,0,0,0,0,0,0,0,0,1,0,0,0,0,0,0,0,0,0
7,194.466872680998,1565.67542488532,1.44139418025073,0.171287226428859,21,15,51.6382476931726,-2.51412865090084,5,76.2551910830887,112.327906550438,36.499332312139,18.6464397370962,13.8136972852357,8745431.33725001,289.732734607976,0.0001460100783397,266.6050548055,1996,0,0,0,0,0,0,0,0,0,0,0,0,0,0,0,0,0,0,0,0,0,0,0,0,0,0,0,0,0,0,0,0,0,0,0,0,0,0,0,0,0,0,0,0,1
6,74.7578436122206,439.459040773175,0.629443096743911,0.283633137361499,8,19,53.1214363263029,0.167671469837758,1,63.5969309664089,20.5117380931932,57.5576715831272,18.6370419779273,2.74488714167001,1914673.87486515,279.818289605968,-0.0008624619141636,180.285172667322,1996,0,0,0,0,0,0,0,1,0,0,0,0,1,0,0,0,0,0,0,0,0,0,0,0,0,0,0,0,0,0,0,0,0,0,0,0,0,0,0,0,0,0,1,0,0
4,88.2943009188595,139.836375826096,1.4421526139805,0.151380840100796,8,0,53.7099057582697,-0.771101287260704,3,76.3373240056632,17.728247875501,36.4689683203157,18.6355214872503,13.7975944086429,2186544.86646539,279.88600974887,0.0043222978120234,139.398368373575,1991,0,0,0,0,0,0,0,0,0,1,0,0,1,0,0,0,0,0,0,0,0,0,0,0,0,0,0,0,0,1,0,0,0,0,0,0,0,0,0,0,0,0,0,0,0
5,-111.613991556922,584.841017001128,0.187001755489687,0.280268363525749,6,18,51.3810510602811,-3.55596148759682,3,41.8444864240984,25.562412850869,41.5490819610761,18.6405691282286,-13.6521385437379,2895984.84166816,282.675869503062,0.0003362332944155,136.593997414554,1997,0,0,0,0,0,1,0,0,0,1,0,0,1,0,0,0,0,0,0,0,0,0,0,1,0,0,0,0,0,0,0,0,0,0,0,0,0,0,0,0,0,0,0,0,0
2,137.129489238901,332.847223906572,1.4423998245619,0.202781408342167,10,4,55.0746168053257,-2.1873602646117,5,76.6744383566339,17.7405064782985,36.4764547128327,18.6458620115009,13.8077767732669,-9.20441378282555,283.824492497845,0.0001872494622688,327.228519102135,1988,0,0,0,0,0,1,0,0,0,0,1,0,0,0,0,1,0,0,0,0,0,0,1,0,0,0,0,0,0,0,0,0,0,0,0,0,0,0,0,0,0,0,0,0,0
7,9.62555631868905,984.228022977393,0.281946880030946,0.13896445962612,17,21,52.8234117734111,-0.138570474467481,7,62.1826803234482,35.5124401980483,27.2453925498134,18.6382440316767,4.76860798253136,3739106.86906488,289.643811388752,0.0027862694617536,182.973601229424,1998,0,0,0,0,0,0,0,0,0,0,0,0,1,0,0,0,0,0,0,0,0,0,0,1,0,0,0,0,0,0,0,0,0,0,0,0,0,0,0,0,0,0,0,0,0
3,73.6624597485019,248.50974861156,1.04691742753815,0.213495467126446,11,22,52.5548206592577,-0.613820034047104,8,73.7932451828356,5.72295251131852,33.3194912131783,18.6283627384624,24.7368231711396,8446587.7537537,290.697906124871,-0.0001316603914381,120.395679582274,1995,0,0,0,0,0,0,0,1,1,0,0,0,1,0,0,0,0,0,0,0,0,0,0,1,0,0,0,0,0,0,0,0,0,0,0,0,0,0,0,0,0,0,0,0,0
3,66.2660419537157,297.591090854581,1.13508440289789,0.0729543060686001,25,6,52.5214375299684,-0.565605100806807,7,82.680219826732,23.6631065952052,22.8824872084229,18.1196385329311,14.4512637468295,111454.675344643,287.308804426776,-0.0001260223905353,245.166892471046,1998,0,1,0,0,0,0,0,0,1,0,0,0,1,0,0,0,0,0,0,0,0,0,0,0,0,0,0,0,0,0,0,0,0,0,1,0,0,0,0,0,0,0,0,0,0
4,115.469390926948,351.276347967858,1.44148653715637,0.150864964985004,6,23,53.1126829443195,0.0095635052590763,6,76.2932608505564,17.7491693659363,36.4788682788589,18.6357132727975,13.811909028274,5228327.53194866,282.754363499177,0.0028778565431572,119.95860160953,1997,0,0,0,1,0,0,0,0,0,0,0,0,1,0,0,0,0,0,0,0,0,1,0,0,0,0,0,0,0,0,0,0,0,0,0,0,0,0,0,0,0,0,0,0,0
7,154.278303427782,842.914814474389,1.443417143046,0.173149872463015,5,12,54.0604373940399,-1.67143110097338,1,76.2987377259215,17.7816533863863,36.4686162431823,18.6414443194084,13.7777931678037,991379.014370091,277.220705281555,0.002743600463754,186.520580024887,1994,0,1,0,0,0,0,0,0,0,1,0,0,1,0,0,0,0,0,0,0,0,0,0,0,0,0,0,0,0,0,0,0,0,0,0,1,0,0,0,0,0,0,0,0,0
0,266.677362923286,44.1706604834107,1.44229266815174,0.31534155793843,25,3,51.0234142516789,-3.34265313723159,12,76.3324102132578,17.7231028321162,36.4926106023403,18.6450166856561,13.808391017357,2912558.75633977,275.932547662954,0.0013488332043805,199.152194014603,1989,1,0,0,0,0,0,0,0,0,0,1,0,1,0,0,0,0,0,0,0,0,0,0,0,0,0,0,0,0,0,0,0,0,0,0,1,0,0,0,0,0,0,0,0,0
0,57.8240882790463,258.915391601356,0.104588906544607,0.169155615634296,3,10,51.3891108294488,-2.63326186516523,1,21.0733669795809,27.8713643568709,1.6836342865487,13.914959915357,7.90923213555507,785062.707476673,278.930892722662,-0.0009418470844879,244.845845723755,2000,0,1,0,0,0,0,0,0,1,0,0,0,1,0,0,0,0,0,0,0,0,0,0,0,0,0,0,0,0,0,0,0,0,0,0,0,0,0,0,0,0,0,1,0,0
9,7.85485749673376,988.109019037215,1.44221539175977,0.217443280952642,2,2,51.6881435463246,-1.33434130449775,1,76.3638230030021,17.7614419704176,36.4892577042908,18.6380459108971,13.8105111730163,-831530.082445562,278.715024778035,0.001328757687536,159.20599330081,1987,0,0,0,0,0,0,1,0,0,0,1,0,1,0,0,0,0,0,0,0,0,0,0,0,0,0,0,0,0,0,0,0,0,0,0,1,0,0,0,0,0,0,0,0,0
5,76.3712153371279,673.454404713905,1.44278810379754,0.156022703721232,9,6,52.0560185695506,-0.3435656935236,7,76.3709845070355,17.7517781476664,36.4418591359698,18.6436220725197,13.8132071341474,142452.999307532,284.566463027732,0.0003582943443485,214.206835364141,1982,0,1,0,0,0,0,0,0,0,0,1,0,1,0,0,0,0,0,0,0,0,0,0,0,0,0,0,0,0,0,0,0,0,0,0,0,1,0,0,0,0,0,0,0,0
6,97.0588554041592,620.935888213544,1.44172321597604,0.171847638401706,13,7,53.0286922044753,-0.880520735790665,12,76.3728241702139,17.7584038278459,36.4577744275412,18.643917027749,13.8111318373379,-54838.0194192415,277.837328734545,0.0021655879781456,265.856865282583,1992,0,0,0,0,1,0,0,0,1,0,0,0,1,0,0,0,0,0,0,0,0,0,0,0,0,0,0,0,0,0,0,0,0,0,0,1,0,0,0,0,0,0,0,0,0
7,150.427150805129,511.205765868425,1.44212264587892,0.250771345371649,16,10,52.2138947069164,-2.7498123687349,11,76.4140167615421,17.7411558344751,36.467449968796,18.6390109852491,13.7863064971922,972193.973504402,282.452324633302,-0.001732602967934,19.7725316009803,1984,0,0,0,1,0,0,0,0,1,0,0,0,1,0,0,0,0,0,0,0,0,0,1,0,0,0,0,0,0,0,0,0,0,0,0,0,0,0,0,0,0,0,0,0,0
0,27.1159244808787,-8.10831162521899,1.37430577630786,0.12165290313623,19,8,51.5742471418064,-1.58702579495719,2,76.3635781017678,17.7165387853924,36.2807189376875,18.6438681808763,13.8046066537637,196743.785355386,273.251891855079,0.0008678757441932,352.208965245243,2000,0,0,0,0,0,0,0,0,0,0,0,0,0,0,0,1,0,0,0,0,0,0,0,0,0,0,0,1,0,0,0,0,0,0,0,0,0,0,0,0,0,0,0,0,0
1,2.01687702541308,158.672914616975,1.4431680035783,0.246586025696988,1,9,52.194376066863,-0.398646273002546,10,76.395492665539,17.7470474712126,36.4774751700422,18.6390236724326,13.8259899043077,949334.521588807,287.081932141549,-0.0017448645302965,156.198360179589,1984,0,0,0,1,0,0,0,0,1,0,0,0,1,0,0,0,0,0,0,0,0,1,0,0,0,0,0,0,0,0,0,0,0,0,0,0,0,0,0,0,0,0,0,0,0
4,227.869208992534,429.076088583938,1.44122997174481,0.176127143672363,20,5,53.7016038164114,-1.86866530919992,11,76.3353730884794,17.7712242408587,36.4785685722895,18.6436195811278,13.8026767406572,54423.7123810043,276.921194031491,0.000848236296524,283.974026938469,1986,0,0,0,0,0,0,1,0,0,0,0,0,1,0,0,0,0,0,0,0,0,0,0,0,0,0,0,0,0,0,0,0,0,0,0,0,0,0,1,0,0,0,0,0,0
7,45.9382983147477,509.090938634343,1.44254626684962,0.237796774257978,19,1,53.2349175085941,-0.285379476244717,12,76.3650390149374,17.7740414857284,36.4804605270575,18.6398606743914,13.805927813478,1444210.47764949,277.584225836478,-0.0015609207078833,305.273141256978,1990,0,0,0,0,0,0,0,0,0,1,0,0,1,0,0,0,0,0,0,0,0,0,1,0,0,0,0,0,0,0,0,0,0,0,0,0,0,0,0,0,0,0,0,0,0
7,132.297321511339,2154.19932644487,1.44136694278143,0.161299799498564,4,15,52.5224062719476,0.146171031018466,8,76.4342270180376,17.7291876182581,36.4657363713535,18.6416278712914,13.7936546317502,8398054.23184999,293.207600688364,-0.0008680848506113,257.721608687585,1992,0,0,0,0,0,1,0,0,0,0,1,0,0,0,0,1,0,0,0,0,0,0,0,0,0,0,0,0,0,0,0,0,0,0,0,1,0,0,0,0,0,0,0,0,0
0,-38.0488393986936,123.063316276567,1.44199754595359,0.28860386292829,24,16,51.0400732839261,-2.12775181283461,12,76.3289392187815,17.7317247524499,36.4986013171664,18.6377889758181,13.8069369900114,2616923.47224764,279.87989586375,-0.0010096381733063,251.41454542835,1983,0,0,0,1,0,0,0,0,0,0,1,0,1,0,0,0,0,0,0,0,0,0,0,0,0,0,0,0,0,0,0,0,0,0,0,1,0,0,0,0,0,0,0,0,0
6,68.8385207641147,527.144566578549,1.44144703563927,0.184573500338042,29,21,53.4207659044772,-1.52058785697602,2,69.8426357234917,17.7386343048997,36.4760209456515,18.6364654421017,13.7878252169068,3804881.1275227,275.93012849094,-0.002047662474416,231.061529532253,1997,0,0,0,1,0,0,0,0,0,1,0,0,0,0,0,1,0,0,0,0,0,1,0,0,0,0,0,0,0,0,0,0,0,0,0,0,0,0,0,0,0,0,0,0,0
7,97.5128123610895,587.758122614608,1.44218092247511,0.0921555272599448,5,8,53.2031091551116,-1.29483456627911,1,76.2900152437138,17.7585233255356,36.4584027253092,18.6428848044269,13.8061509932298,-840707.056250365,276.346541499819,0.0055602675613172,52.125827990326,1997,0,1,0,0,0,0,0,0,0,1,0,0,0,0,0,1,0,0,0,0,0,0,0,0,0,0,0,0,0,1,0,0,0,0,0,0,0,0,0,0,0,0,0,0,0
1,66.1881256436817,127.826227750003,1.44074943814554,0.232640160316857,1,5,52.0621190175922,-1.06432505839183,7,76.3392995141612,17.7213645566702,36.4897473858771,18.6464759621375,13.8036710979392,66487.4922844173,284.845536036847,0.0003501870414388,145.924156916865,2000,0,0,0,0,0,0,0,1,0,0,1,0,1,0,0,0,0,0,0,0,0,0,0,0,0,0,0,0,0,1,0,0,0,0,0,0,0,0,0,0,0,0,0,0,0
9,25.1358351650837,932.377630204141,1.44193555163748,0.200233303229412,18,7,51.5964622426011,-0.572252830434218,1,76.3685782605188,17.7588746267738,36.4758645890069,18.6340927910135,13.806319807803,366283.850313962,280.991336787391,0.0002160963198607,193.314201983403,1991,0,0,0,0,0,0,1,0,0,0,0,0,0,0,0,1,0,0,0,0,0,1,0,0,0,0,0,0,0,0,0,0,0,0,0,0,0,0,0,0,0,0,0,0,0
0,-60.579823032782,-250.574883029484,1.4613439030189,0.181050875593478,27,17,52.3673935389996,-1.46356573260768,11,76.3503849865519,17.7285122767059,36.4498493496967,18.6417878621408,13.8289956685214,730229.55779987,276.793096741864,0.0004728753249569,141.102415992944,1997,0,1,0,0,0,0,0,0,0,0,1,0,1,0,0,0,0,0,0,0,0,0,0,0,0,0,0,0,0,0,0,0,0,0,0,1,0,0,0,0,0,0,0,0,0
7,-76.1873228455432,701.449121072097,1.44104339436233,0.175079808568485,17,6,51.0130371443596,-0.383647410938678,11,76.4482061627859,17.7605522578394,36.349891649227,18.6374786983746,13.8042494615726,-49456.2484985277,283.164822162989,0.0017628725450274,258.257036702595,1981,0,1,0,0,0,0,0,0,0,1,0,0,1,0,0,0,0,0,0,0,0,0,0,0,0,0,0,0,0,0,0,0,0,0,0,0,0,0,1,0,0,0,0,0,0
6,14.3492174141669,676.194049903937,1.44000461785424,0.263998606928093,17,23,52.9577579762438,-1.07074151905262,3,76.4305863931265,17.718411196058,36.4977849713858,18.6371006315668,13.8278475889094,5929018.3517879,278.552421706194,-0.0006026184179311,301.766511189083,1985,0,0,0,1,0,0,0,0,1,0,0,0,0,0,0,1,0,0,1,0,0,0,0,0,0,0,0,0,0,0,0,0,0,0,0,0,0,0,0,0,0,0,0,0,0
4,-67.8335406397116,374.431872049312,1.44335173682133,0.154378653514867,19,21,52.2485200128666,-2.72177613511537,5,76.4368703941368,17.7406138635819,36.4638134858178,18.6369427045469,13.807813389386,7860116.50910164,288.17895882645,-0.0016164488658569,167.18200183609,1981,0,0,0,0,0,1,0,0,0,0,1,0,1,0,0,0,0,0,0,0,0,0,0,0,0,0,0,0,0,0,0,0,0,0,0,0,1,0,0,0,0,0,0,0,0
2,-37.4270355242098,304.646392256178,1.44233270859356,0.185590413844081,6,10,51.4824293649136,0.644702568367332,11,-78089.8679509763,20.4051097522477,36.5031187918025,18.5953069642156,10453.9758708466,-299158936.280705,278.731937096728,0.644888558973001,39.6186646397748,2000,0,0,0,1,0,0,0,0,1,0,0,1,0,0,0,0,0,0,0,0,0,1,0,0,0,0,0,0,0,0,0,0,0,0,0,0,0,0,0,0,0,0,0,0,0
4,-0.387193996607458,1072.24673801004,1.48405240961419,0.127885865301332,27,12,50.6630772545071,-3.4027001973379,5,67.618483529762,17.7478870538122,36.429012568874,18.6428845021868,18.9539199785388,5249952.28176987,286.954364311378,0.0021316567378832,42.8615070215883,1997,0,1,0,0,0,0,0,0,1,0,0,0,0,0,0,1,0,0,0,0,0,0,0,0,0,0,0,0,0,0,0,0,0,0,0,1,0,0,0,0,0,0,0,0,0
1,177.630505911238,653.675272035737,1.44203334315109,0.239908079496837,26,19,54.2166973216839,-0.846210929903542,7,76.2935647160756,62.8330770963662,35.1306660670189,18.6141752122496,13.8041731985804,6557429.56888768,286.859507696641,0.0024327626641144,208.188411454267,1998,0,0,0,0,0,0,1,0,0,0,0,0,0,0,0,0,0,0,0,0,0,0,0,0,0,0,0,0,0,0,0,0,0,0,0,0,0,0,0,0,0,0,0,0,1
5,-27.3755450598626,174.620072831435,1.44186975038957,0.171833558835371,11,8,52.6770045875939,0.716982496933386,10,73.3111492217807,17.7404572466188,36.4752333981415,18.6531826987814,13.8135549731484,498835.273280836,285.177571841539,0.0008382357131046,240.677257728106,1987,1,0,0,0,0,0,0,0,0,0,1,0,1,0,0,0,0,0,0,0,0,0,0,1,0,0,0,0,0,0,0,0,0,0,0,0,0,0,0,0,0,0,0,0,0
0,-22.435987139255,497.638400020229,1.44233595468479,0.173843691582988,3,7,53.3224476107129,-1.24123988869521,6,76.2846332683063,17.7452754636686,36.494183431961,18.6447325162216,13.7976934560687,-95114.6971448905,277.594465186403,0.0028132915987153,637.150547909418,1989,1,0,0,0,0,0,0,0,0,0,0,0,0,0,0,1,0,0,0,0,0,0,0,0,0,0,0,0,0,0,0,0,0,0,0,1,0,0,0,0,0,0,0,0,0
2,-25.8007764012321,9.87822189018686,2.5181473587602,0.207844572179065,29,18,53.489737220209,-1.55763142588426,12,78.4227321105359,17.750861187435,36.4711277670092,18.6408666962309,29.3500867301103,1473921.4307508,281.73728429921,4.97553737579463e-06,256.479601931669,1991,0,0,0,1,0,0,0,0,0,0,0,0,0,0,0,1,0,0,0,0,0,0,0,1,0,0,0,0,0,0,0,0,0,0,0,0,0,0,0,0,0,0,0,0,0
7,40.9460597762173,742.627432432854,0.72811356470477,0.181191831364827,21,20,52.7430717384368,0.437857134901197,12,95.288648093155,11.6346494379999,29.9610234424433,16.9180479830974,-11.2882326733943,-125204.000308275,278.173833255497,0.0031332331601534,274.976579942395,1998,0,1,0,0,0,0,0,0,0,0,1,0,1,0,0,0,0,0,0,0,0,0,0,0,0,0,0,0,0,0,0,0,0,0,0,0,0,0,0,0,0,0,0,1,0
5,13.0808297219679,371.631963611028,1.44185373843085,0.183861348664766,17,8,53.4875354350112,-3.0566938485416,10,76.3289949866626,17.7554669664581,36.4493829463275,18.6382988211531,13.8198642417323,559444.88667209,283.604031635665,0.0001832765250289,223.663754425264,1989,0,0,0,1,0,0,0,0,0,0,0,0,1,0,0,0,0,0,0,0,0,0,0,0,0,0,0,0,0,0,0,0,0,0,0,0,0,0,0,0,0,0,0,1,0
2,-44.4460948761004,557.446731982394,1.33613294185274,0.120895428683253,8,23,51.3681570728509,0.816840361529175,6,65.2572652521208,16.3543123354744,32.340613639693,18.6497329732335,12.0042746358557,5917435.20584138,282.839934299452,0.0016583954568866,177.643338172872,1997,1,0,0,0,0,0,0,0,0,0,0,0,0,0,0,1,0,0,0,0,0,0,0,1,0,0,0,0,0,0,0,0,0,0,0,0,0,0,0,0,0,0,0,0,0
1,85.2295916740391,1013.77310097104,1.4420661103226,0.140139590830857,5,15,52.4806295160438,-0.3438298752926,10,76.3711954215584,17.7023248550191,36.4747375550761,18.6388433056084,13.8118874925812,2904486.69214462,279.230906435519,0.0001555040212051,219.008561806002,1981,0,0,0,0,0,1,0,0,0,1,0,0,0,0,0,1,0,0,0,0,0,0,0,0,0,0,0,0,0,0,0,0,0,0,0,0,0,0,0,0,0,0,1,0,0
4,31.5088228310491,808.366655239343,1.44186975345332,0.141149584385555,20,22,52.1892966142569,-1.88036668495425,6,67.4811803646848,17.7407871275698,36.4752336983472,18.6380726512972,13.8135545579735,4270811.47497013,286.903275069996,0.0029482931836949,269.670068114603,1987,0,0,0,0,0,0,1,0,1,0,0,0,1,0,0,0,0,0,0,0,0,0,0,1,0,0,0,0,0,0,0,0,0,0,0,0,0,0,0,0,0,0,0,0,0
9,183.618070874432,1418.20848668328,1.01808617204899,0.186821000966239,1,19,53.1592990129106,-2.67216614874649,3,29.9467740892303,17.7389324714392,36.4853245756489,18.6319008655313,13.7999147978439,826858.535705756,284.896470358055,0.0007816877459419,137.318254408457,1993,0,0,0,0,1,0,0,0,1,0,0,0,1,0,0,0,0,0,0,0,0,0,0,0,1,0,0,0,0,0,0,0,0,0,0,0,0,0,0,0,0,0,0,0,0
9,265.909435842569,1168.10192206748,0.274747711813063,0.172334312192718,25,18,52.0721155452009,-0.989698181352623,2,3.28540413008048,20.2197778885619,47.0860704518086,18.6476705037233,17.3595299955871,996150.077652485,275.435063624684,0.0020297757038814,248.570701411742,1997,0,0,0,0,0,0,0,0,0,1,0,0,1,0,0,0,0,0,0,0,0,0,0,1,0,0,0,0,0,0,0,0,0,0,0,0,0,0,0,0,0,0,0,0,0
6,151.392727304887,855.962260703979,1.44142238099117,0.162914835806244,17,21,51.0349118860088,-1.24233014190675,9,76.3605739150831,17.7421800711284,36.4891941634708,18.6436152832296,13.7990067738655,9150008.08710182,289.275086036521,-0.0018271603519003,291.223401352985,1986,0,0,0,0,0,0,1,0,0,0,0,0,1,0,0,0,0,0,0,0,0,0,0,0,1,0,0,0,0,0,0,0,0,0,0,0,0,0,0,0,0,0,0,0,0
8,11.8393974228498,1003.75529840414,1.39960808644976,0.173717666621064,9,4,51.9189872905758,-1.10602973740386,2,76.325898723608,17.7292111317983,35.4030830133956,18.6458169319102,13.8277647065269,-9.90680277650928,275.948300193831,-7.70257438778034e-06,316.748534210341,1999,0,0,0,1,0,0,0,0,0,0,1,0,1,0,0,0,0,0,0,0,0,0,0,0,0,0,0,0,0,0,0,0,0,0,0,1,0,0,0,0,0,0,0,0,0
6,-61.6115818660252,1687.47470018782,1.44112108354731,0.307604836769963,2,11,51.8501129717938,1.44621718415549,9,76.1622965739933,17.7713622754622,36.4826363702925,18.6424803010989,13.8057650278177,3472380.50763305,286.238433524185,0.0002296634467614,303.61093844893,1994,0,0,0,1,0,0,0,0,0,0,1,0,0,0,0,1,0,0,0,0,0,0,1,0,0,0,0,0,0,0,0,0,0,0,0,0,0,0,0,0,0,0,0,0,0
7,92.2826857924069,642.843805356768,1.44240068633989,0.19394583870112,14,5,53.5602828079786,-1.77725106572444,7,76.2902513046722,81.308606621301,36.4836861311151,18.643713329846,13.8161194648567,37454.3371034063,283.909378276404,0.0008880513410678,243.379689006919,1992,0,0,0,0,0,1,0,0,0,0,1,0,0,0,0,0,0,0,0,0,0,0,0,0,0,0,0,0,0,1,0,0,0,0,0,0,0,0,0,0,0,0,0,0,0
1,85.0263149211266,908.141014531892,1.07506068395324,0.131220336288708,18,11,51.710979436805,-0.949379053727832,8,84.1861637900468,28.5148384566236,42.6827857320121,18.6489251427286,17.8394533548863,7838400.62361558,295.730636007268,-0.0051949208867797,113.136271223395,1997,1,0,0,0,0,0,0,0,0,1,0,0,1,0,0,0,0,0,0,0,0,0,0,0,0,0,0,0,0,0,0,0,0,1,0,0,0,0,0,0,0,0,0,0,0
0,84.1550856419727,305.848037566867,1.44029430735496,0.147354911153324,12,21,51.6529616951376,-2.44505820624551,1,76.3640827070928,17.779178271726,36.4802099728363,18.6440096850426,13.8281744367553,4331111.49681374,274.972611353128,-0.0027091917374574,84.211071849924,1992,0,0,0,0,0,1,0,0,0,1,0,0,1,0,0,0,0,0,0,0,0,0,0,0,0,0,0,0,0,0,0,0,0,0,0,0,0,0,0,0,0,1,0,0,0
4,-42.2413583458519,711.849333186735,0.743237076618347,0.204820056439137,15,20,50.9558390157747,-1.22018476189485,5,81.9924253557537,17.7442727382668,36.4728467533651,18.6427384598787,13.7835838280343,7424660.42135847,287.615171171334,0.0001668622728217,242.665842222253,1994,0,0,0,0,0,1,0,0,0,1,0,0,1,0,0,0,0,0,0,0,0,0,0,0,1,0,0,0,0,0,0,0,0,0,0,0,0,0,0,0,0,0,0,0,0
8,1.87161039657909,1281.28448337979,1.44218091919087,0.162814951114432,12,11,52.7923880428843,-0.413470228693396,2,76.2909705596912,17.759948067934,36.4584029651129,18.644658870877,13.8061511877395,1724610.84917649,278.812418881895,-0.000276899229904,238.828798207049,1997,0,0,0,0,0,0,0,0,0,0,0,0,0,0,0,1,0,0,0,0,0,0,0,0,0,0,0,0,0,1,0,0,0,0,0,0,0,0,0,0,0,0,0,0,0
0,-4.47548675211193,229.391021410177,1.23620798501384,0.199559221510886,20,16,52.1677722941945,-1.36413337677231,11,542.499750978756,18.2098741245883,36.5034891702942,18.6412390408137,16.2330858253323,5361090.77707697,272.00218896825,-0.0031707398496403,207.806594343846,1981,0,0,0,1,0,0,0,0,0,0,0,0,0,0,0,1,0,0,0,0,1,0,0,0,0,0,0,0,0,0,0,0,0,0,0,0,0,0,0,0,0,0,0,0,0
7,91.4525999272153,574.024854568638,1.44199712079596,0.142513930839541,1,7,51.9934020564161,-0.479682073073129,9,76.3188973375719,17.7508117305196,36.514589425134,18.6482427762317,13.8026445225202,147151.561973138,287.7860268679,-0.0029971400052314,124.409338641326,1998,1,0,0,0,0,0,0,0,0,1,0,0,1,0,0,0,0,0,0,0,0,0,0,0,0,0,0,0,0,0,0,0,0,0,0,0,0,0,0,0,0,0,0,0,0
9,-8.7732095146329,1013.44256950351,1.44047426418146,0.148274383029264,31,10,51.9525560914179,-1.43083376911793,1,93.8936777288809,17.7496724749576,36.484675058305,18.6453973902216,13.8151016559012,-811440.167604184,281.759921440333,0.0077497453045462,248.21779324597,1988,0,0,0,0,0,1,0,0,0,1,0,0,1,0,0,0,0,0,0,0,0,0,0,0,1,0,0,0,0,0,0,0,0,0,0,0,0,0,0,0,0,0,0,0,0
4,103.731499956023,536.217541602999,1.46134394926304,0.152523164029072,6,4,51.410081281718,-1.69488808577232,4,76.3046090553838,17.7293391151,36.4498493889059,18.648925350157,13.8289955644331,10.2296070735927,278.889763735167,6.32243669107486e-05,97.7632319028384,1997,1,0,0,0,0,0,0,0,1,0,0,0,1,0,0,0,0,0,0,0,0,0,0,0,0,0,0,0,0,0,0,0,0,0,0,1,0,0,0,0,0,0,0,0,0
2,-36.405083099962,-85.0509884080304,1.44195960822964,0.131073275170988,19,8,52.9688110385023,-1.75418561440534,3,76.3248570867046,17.7524814752772,36.4858528834915,18.6449981017734,13.8147771112372,751443.383116705,274.692317890348,-0.0010463509254636,50.2107705737041,1984,0,0,0,0,0,0,1,0,0,1,0,0,1,0,0,0,0,0,0,0,0,0,0,0,0,0,0,1,0,0,0,0,0,0,0,0,0,0,0,0,0,0,0,0,0
8,17.009619774851,970.990442004695,1.44286568581848,0.193363411225989,21,20,52.0842611644455,-2.41721729964822,10,76.4099507090073,17.7715017826288,61.1759392243943,18.6365913222961,13.8509184130476,6468405.43543608,281.105163689227,-0.0044492876503132,269.40917433193,1987,0,0,0,0,0,1,0,0,1,0,0,0,0,0,0,1,0,1,0,0,0,0,0,0,0,0,0,0,0,0,0,0,0,0,0,0,0,0,0,0,0,0,0,0,0
4,54.8272451830042,856.917663910016,0.910433346787886,0.232549246302811,26,9,51.2504184847,-1.04039727915955,5,58.7443089574175,17.7272335674436,35.1641181327843,18.6385341462794,14.6746471807432,2095606.5561746,283.124000502923,1.69601846934523e-05,206.49871002437,1995,0,0,0,0,0,0,1,0,0,1,0,0,1,0,0,0,0,0,0,0,0,0,0,0,1,0,0,0,0,0,0,0,0,0,0,0,0,0,0,0,0,0,0,0,0
3,229.84095845211,239.472972119287,1.33346622246478,0.1412847822131,13,23,52.1191739530616,-3.75202880926553,3,66.4961081351976,12.3704920009223,36.4821655407799,18.6445090820991,9.4717603708704,3599639.14903963,277.572151436087,0.0016209942136054,182.202152003222,1990,0,1,0,0,0,0,0,0,0,0,1,0,1,0,0,0,0,0,0,0,0,0,0,1,0,0,0,0,0,0,0,0,0,0,0,0,0,0,0,0,0,0,0,0,0
1,231.247408894558,766.508351679373,0.945906499701256,0.172432023917308,26,12,51.9908499141791,-2.08074827725994,5,30.7470553371108,25.1377705189825,32.5328298441109,18.6388786843394,11.781671131369,4210802.78458564,289.824865130713,0.0035682502780345,264.201335853284,1997,0,0,0,0,0,0,0,1,0,0,0,0,0,0,0,0,0,0,0,0,0,0,0,0,0,0,0,0,0,0,0,0,0,0,0,0,0,0,0,0,0,0,1,0,0
2,111.127590901759,1411.17913600705,1.25033705925151,0.165522107056494,13,14,52.3340466532331,-1.53958917912918,4,75.2795571997755,17.7497821556666,36.6290539455626,18.642198197761,3.37809839606123,10143641.2332538,284.75778494093,-0.0002065187666219,81.7961091006793,1995,0,0,0,1,0,0,0,0,0,0,1,0,0,0,0,1,0,0,0,0,0,0,0,1,0,0,0,0,0,0,0,0,0,0,0,0,0,0,0,0,0,0,0,0,0
0,76.1822838834513,287.96625825863,1.44260914047523,0.163127109457766,13,10,51.9723548639196,-2.50721303745343,9,76.4039023589843,17.7402178369101,36.4704388652796,18.6450343475533,13.8024714907577,2158621.73487646,289.76962650541,-9.30369496924292e-05,269.87817468845,1982,0,0,0,0,1,0,0,0,0,1,0,0,1,0,0,0,0,0,0,0,0,0,1,0,0,0,0,0,0,0,0,0,0,0,0,0,0,0,0,0,0,0,0,0,0
7,126.467646470908,795.066562854057,1.05371529006992,0.14839003780913,8,3,53.8312958522054,-1.42060192631976,6,58.5653178652191,34.3379018498894,61.564289563876,18.6489248165906,16.192187310637,2947922.85720262,285.802831817678,0.0004259705189916,191.316553721819,1997,1,0,0,0,0,0,0,0,0,0,1,0,1,0,0,0,0,0,0,0,0,0,0,0,0,0,0,0,0,0,0,0,0,0,0,0,0,0,0,0,0,0,0,1,0
7,-126.486501212717,620.038952654362,1.44386599543008,0.209790788486063,26,0,53.3349987620026,-0.797706144500323,3,76.2445402697837,17.8001119949748,36.4762828979594,18.6413355267917,13.830356502609,4728993.81336989,273.804971254219,0.0009702847069508,267.149190933918,1995,0,0,0,0,0,0,0,0,0,1,0,0,1,0,0,0,0,0,0,0,0,0,0,0,0,0,0,0,0,0,0,0,0,0,0,0,0,0,0,0,0,1,0,0,0
2,57.6176474606515,298.976704546629,1.44157123965539,0.210624298519253,15,4,53.5677417603532,-1.62837642096903,11,76.3669875186736,17.7325660397528,36.5030219614783,18.6448131389001,13.8000407210864,0.752166860671802,277.013847365043,0.0007440310009004,255.01562611385,1991,0,0,0,0,0,0,0,1,0,1,0,0,0,0,0,1,0,0,0,0,0,0,0,0,0,0,0,0,1,0,0,0,0,0,0,0,0,0,0,0,0,0,0,0,0
0,87.7241763130974,226.37775407537,1.46134388643123,0.170526001110454,2,20,53.7216599460226,-1.22834536765667,11,76.3090675384793,17.7290135209424,36.4498484702915,18.6417881996095,13.8289958338565,4332004.68035927,281.261663276803,-0.0005490210784543,210.056533275995,1997,0,1,0,0,0,0,0,0,0,0,1,0,1,0,0,0,0,0,0,0,0,0,0,0,0,0,0,0,0,0,0,0,0,0,0,1,0,0,0,0,0,0,0,0,0
2,2.52203868149329,1445.79678227255,0.972543884330663,0.209306436617569,19,10,53.741222369401,-0.78127315506813,7,26.0842238746153,82.8640889613731,19.4646401066773,18.6434394926194,7.21081401299593,4608564.89606737,287.760447680176,-0.0014751362499496,172.924408983947,1998,0,0,0,0,0,1,0,0,0,0,1,0,1,0,0,0,0,0,0,1,0,0,0,0,0,0,0,0,0,0,0,0,0,0,0,0,0,0,0,0,0,0,0,0,0
2,-7.69773851187263,298.926531907917,1.44157356694531,0.225051583867112,23,13,52.5397248307726,-2.45541251152203,1,76.2401354122013,12.8118264614348,36.4658050577782,18.642755353379,13.8359374402322,356690.241996639,278.147857920882,-0.00011159021775,152.104330859986,1991,0,0,0,0,1,0,0,0,0,0,1,0,0,0,0,0,0,0,0,0,0,0,0,0,0,0,0,0,0,0,0,0,0,0,0,0,0,0,0,0,0,0,0,0,1
9,-40.1445572942442,950.372370413667,1.44186970320336,0.0604254217294489,13,23,54.7153093186299,-1.84075413807518,1,56.2858349423228,17.7408603834273,36.4752324851001,18.6416599071648,13.813554548691,-1488525.71209331,269.581512106493,0.0021398600663636,69.821299315904,1987,0,1,0,0,0,0,0,0,0,1,0,0,1,0,0,0,0,0,0,0,0,0,0,1,0,0,0,0,0,0,0,0,0,0,0,0,0,0,0,0,0,0,0,0,0
3,-26.7394970141478,196.370070698278,1.45213907069328,0.153563585565953,28,0,53.5124813312288,-1.78991989604331,9,76.3281073465448,17.7527628926527,36.4658041182429,18.6378568268905,13.8086845435732,4116016.30096619,286.60732083704,0.0013005258105319,80.7381677864983,1983,0,1,0,0,0,0,0,0,1,0,0,0,1,0,0,0,0,0,0,0,0,0,0,1,0,0,0,0,0,0,0,0,0,0,0,0,0,0,0,0,0,0,0,0,0
8,179.973853590625,517.775680532485,1.44059513941005,0.28044756607093,21,2,53.6545179020784,-0.931312518228825,3,76.3319665670116,17.7670043786568,36.45944278359,18.6462601747596,13.8209384809584,1953468.17267588,277.868540846329,4.73677685688679e-05,279.027653854103,1986,0,0,0,0,0,0,0,1,0,0,0,0,1,0,0,0,0,0,0,0,0,0,0,0,0,0,0,0,0,0,0,0,0,0,0,0,0,0,0,0,0,0,0,0,1
5,154.702283613623,697.641494564017,1.44171347179663,0.190423801817092,20,20,52.1355001363656,-0.0988777829621772,10,76.3327434445274,17.7160686217743,36.5197642896633,18.635364494267,13.783966522899,5762086.96421834,279.400905726042,-0.0004072800734666,322.148285182149,1991,0,0,0,0,0,0,0,0,0,0,1,0,1,0,0,0,0,0,0,0,0,0,0,0,0,0,0,0,0,0,0,0,0,0,0,0,0,1,0,0,0,0,0,0,0
0,137.348595454254,182.344425605479,1.44246925689334,0.186412679476031,15,15,52.2736383130388,-0.897324692678473,12,76.2929349392459,17.7906988962772,36.478355020751,18.6490291288766,13.8191435357437,1433460.15103054,273.159737065663,-0.0003431555643433,214.691208484683,1989,0,1,0,0,0,0,0,0,0,1,0,0,1,0,0,0,0,0,0,0,0,0,0,0,0,0,0,0,0,0,0,0,0,0,0,0,1,0,0,0,0,0,0,0,0
8,158.586256422787,952.890296776772,0.9423567646557,0.250726720415781,17,0,51.6077687176462,-0.687278874226489,2,-1235.23648376016,19.5163769692361,24.8492463914264,18.6270732335691,18.823868753974,-17817834.0041045,273.581910947059,0.0111604692441862,228.548548350885,1996,0,0,0,0,0,0,0,1,0,0,1,0,0,0,0,1,0,0,0,0,0,0,0,0,0,1,0,0,0,0,0,0,0,0,0,0,0,0,0,0,0,0,0,0,0
5,-91.9593586549389,553.766096167037,1.37295269811023,0.205933595158675,26,22,50.8248348755095,-2.23550328559767,1,76.3047836165225,17.7442992197133,36.3945441113801,18.6344936236682,13.8087743618734,4599206.23473777,275.972320587728,-0.0026387282987589,66.7406930275769,1998,0,0,0,0,0,0,0,1,1,0,0,0,0,0,0,1,0,0,0,0,0,0,0,0,0,0,0,0,0,0,0,0,0,0,0,0,0,0,0,0,0,0,1,0,0
6,46.4785624556861,406.871273339306,1.44224168018965,0.184808700579738,24,2,53.3637286672247,-1.84120230704161,11,76.3135908916712,17.8022011002829,36.4560912409776,18.6449269992748,13.8121978038865,2766762.34476988,282.618410417597,-0.0008414239387247,58.137743585627,1990,0,0,0,1,0,0,0,0,0,0,1,0,1,0,0,0,1,0,0,0,0,0,0,0,0,0,0,0,0,0,0,0,0,0,0,0,0,0,0,0,0,0,0,0,0
3,168.25372042739,457.563884537302,1.44221537751186,0.224739150859004,14,7,53.0719198006456,-2.18132482361341,12,76.3055548598567,17.7618309407821,36.4892580815463,18.641613329135,13.8105110887788,-2804.07823011336,274.205903504781,0.0007147939935581,109.642090430287,1987,0,0,1,0,0,0,0,0,0,1,0,0,1,0,0,0,0,0,0,0,0,0,0,0,0,0,0,0,0,0,0,0,0,0,0,1,0,0,0,0,0,0,0,0,0
0,260.400436115531,292.658711493169,0.818670006344631,0.204759222745176,19,11,49.7825209378123,-1.1590248139932,12,54.8313353655135,15.2188367118455,30.9721989731992,16.7368046433022,10.1902839844849,-255578.893117415,278.86322090636,-0.0005548757973779,269.82249319962,1987,0,1,0,0,0,0,0,0,0,0,0,0,0,1,0,0,0,0,0,0,0,0,0,0,0,0,0,0,0,0,0,0,0,0,0,0,0,0,0,0,0,0,1,0,0
9,60.8613818952234,880.769525413411,1.39960812570335,0.136659731600309,20,11,52.2823783306243,0.963117788307894,9,76.3139971107639,17.7292924943512,35.4030845264104,18.6286023641458,13.827764491122,4037655.58865048,290.664985812324,-0.0015415430773913,106.598448458668,1999,0,0,0,0,0,0,0,1,0,0,0,0,1,0,0,0,0,0,0,0,0,0,0,0,0,0,0,0,0,0,0,0,0,0,0,1,0,0,0,0,0,0,0,0,0
5,176.61977945711,444.324912937067,1.44172246983435,0.228620822126043,23,1,52.028958359222,-0.815927406594027,8,76.3163689124175,17.78266754828,36.4879481053634,18.6422533127416,7.99899195360891,1910115.65143416,285.21130526185,0.0022719247159901,193.991648389034,1996,0,0,1,0,0,0,0,0,1,0,0,0,1,0,0,0,0,0,0,0,0,0,0,0,0,0,0,0,1,0,0,0,0,0,0,0,0,0,0,0,0,0,0,0,0
3,192.515413218167,1153.67028296128,1.44416136519751,0.238586647043334,28,19,53.1624864256041,0.192992990893981,7,76.309286350388,17.7444919482052,36.4895359936034,18.6445093560901,13.8370159215067,4981688.97655601,292.413797598742,0.0001322289281853,216.106352421387,1990,0,1,0,0,0,0,0,0,0,0,0,0,1,0,0,0,0,0,0,0,0,0,0,0,0,0,0,0,0,0,0,1,0,0,0,0,0,0,0,0,0,0,0,0,0
1,36.3486560320822,134.091406643561,1.4408734764896,0.205893163323521,9,9,53.3730876418992,-1.69526254258488,12,76.3828312907252,17.7608443653015,36.4858434237214,18.6531535995312,13.8018431310238,1140180.35973047,271.556625762923,-0.0106740848289928,-73.9585444779536,1987,1,0,0,0,0,0,0,0,0,0,1,0,1,0,0,0,0,0,0,0,0,0,0,0,0,0,0,0,0,1,0,0,0,0,0,0,0,0,0,0,0,0,0,0,0
3,180.017764020141,697.976794120644,1.00958864702099,0.203662684684148,7,19,53.9136965861909,-1.16004316483582,1,27.7490750281453,19.5854182489921,36.4564014559125,18.6386470519891,16.434842534305,-60679.341838261,273.360557398271,0.0023805680829063,246.189877195229,1995,1,0,0,0,0,0,0,0,0,0,1,0,0,0,1,0,0,0,0,0,1,0,0,0,0,0,0,0,0,0,0,0,0,0,0,0,0,0,0,0,0,0,0,0,0
3,168.956660682966,1206.19274795223,1.44177054596366,0.16103950524157,29,14,51.6444184344614,-0.599212539703875,9,76.3220142544271,17.7525166841596,36.4917274372678,18.6406695981335,13.8281431705638,5523056.95405466,290.979598840921,-2.16684234166172e-05,128.680210176142,1985,0,1,0,0,0,0,0,0,0,0,0,0,0,0,0,1,0,0,0,0,0,0,0,0,0,0,0,0,0,0,0,0,0,0,0,0,0,0,0,0,0,0,1,0,0
2,220.737605025472,301.037019240922,1.44024611470249,0.176706910538355,18,4,54.8298422666235,-1.90640178598804,11,76.4129009397687,17.7407083402865,36.4907186963263,18.6415761401092,13.8087693140245,-25.2755233821214,282.521832291573,-0.0010590975673625,149.144012546658,1994,0,0,0,0,1,0,0,0,0,0,1,0,1,0,0,0,0,0,0,0,0,0,0,0,0,0,0,0,0,0,0,0,0,1,0,0,0,0,0,0,0,0,0,0,0
2,32.2371514163245,555.020762629094,1.44285539911899,0.204693265756186,25,9,52.2535874910047,-1.28909442564105,7,76.3226421967301,17.7448859402763,36.4625192395693,18.4808794079382,13.8283211108229,2981752.69196602,288.030144257136,0.0012672076184311,325.562268298308,1982,0,0,0,0,0,0,1,0,0,0,1,0,0,0,1,0,0,0,0,0,0,0,1,0,0,0,0,0,0,0,0,0,0,0,0,0,0,0,0,0,0,0,0,0,0
1,45.3457001091957,-85.7034113366758,1.27350704925523,0.153636089996199,13,1,51.9507548949355,-2.108735590593,6,89.9350433805989,10.4534987999873,35.6293313430191,18.1912113181402,22.4271199117268,8181188.86293921,289.003182737711,-0.0001427708679247,77.1903965880303,1994,0,1,0,0,0,0,0,0,1,0,0,0,0,0,0,0,0,0,0,0,0,0,0,1,0,0,0,0,0,0,0,0,0,0,0,0,0,0,0,0,0,0,0,0,0
4,-7.74396590350217,1559.92358430715,1.26979420938147,0.140882629945227,20,16,51.5765377406868,1.95838516942084,8,46.6703543517847,21.2996418317033,39.0509954663536,18.6370775679937,8.756183726974,5124782.91855937,292.761995773098,-9.65445931753066e-05,277.268646367406,1993,0,0,0,0,0,0,0,0,0,0,1,0,0,0,0,1,0,0,0,0,0,0,0,0,0,0,0,0,0,0,0,0,0,1,0,0,0,0,0,0,0,0,0,0,0
3,-32.3606672986146,405.452919264793,1.04249865397068,0.178754646297837,13,5,50.7441529401767,-2.24616334855589,10,48.477872838362,13.2137978094657,29.1905952744946,18.6368488828793,12.2476250781689,28984.8581601183,278.795808800194,0.0013784444679465,146.825026029832,1992,1,0,0,0,0,0,0,0,0,0,0,0,1,0,0,0,0,0,0,0,0,0,0,1,0,0,0,0,0,0,0,0,0,0,0,0,0,0,0,0,0,0,0,0,0
7,-14.2657410363652,602.797962697552,1.33759236629534,0.262515744758572,2,4,53.9149789184836,-2.43109776662518,11,99.3606934899409,17.7748611216697,35.2675988114496,18.6467608902055,13.7997043113341,13.1425526347992,279.279328928064,-9.08469092803549e-05,257.191295908633,1999,0,0,0,0,0,0,1,0,0,0,1,0,0,0,0,1,0,0,0,0,0,0,1,0,0,0,0,0,0,0,0,0,0,0,0,0,0,0,0,0,0,0,0,0,0
