target,Altitude,blh,co,CVD60,Day,Hour,Latitude,Longitude,Month,no2,o3,pm2.5,so2,ssr,t2m,tp,wd,ws,Year,Region_East of England,Region_Greater London Authority,Region_North East,Region_North West,Region_South East,Region_South West,Region_West Midlands,Region_Yorkshire and The Humber,Season_Spring,Season_Summer,Season_Winter,Type_Background Suburban,Type_Background Urban,Type_Industrial Suburban,Type_Industrial Urban,Type_Traffic Urban,Zone_Blackpool Urban Area,Zone_Bournemouth Urban Area,Zone_Brighton/Worthing/Littlehampton,Zone_Bristol Urban Area,Zone_Coventry/Bedworth,Zone_East Midlands,Zone_Eastern,Zone_Greater London Urban Area,Zone_Greater Manchester Urban Area,Zone_Kingston upon Hull,Zone_Leicester Urban Area,Zone_Liverpool Urban Area,Zone_North East,Zone_North West & Merseyside,Zone_Nottingham Urban Area,Zone_Reading/Wokingham Urban Area,Zone_Sheffield Urban Area,Zone_South East,Zone_South West,Zone_Southampton Urban Area,Zone_Southend Urban Area,Zone_Teesside Urban Area,Zone_The Potteries,Zone_Tyneside,Zone_West Midlands,Zone_West Midlands Urban Area,Zone_West Yorkshire Urban Area,Zone_Yorkshire & Humberside
7,2.13327625232065,742.26529316585,1.44192560458942,0.12364987087811,19,9,52.6623094826221,-1.3902451701723,6,40.8175609803602,17.7383940896471,18.6483201695319,13.8078143755739,3419084.20065395,292.120685569092,-0.0006144652255417,100.12836033776,2.47353072967676,1989,0,0,0,0,0,1,0,0,0,1,0,0,1,0,0,0,0,0,0,0,0,0,0,0,0,0,0,0,0,0,0,0,0,0,0,0,0,0,0,0,0,1,0,0
0,124.976124613666,599.645911332126,0.692510508321658,0.177849049023043,25,19,54.3813379654342,-1.59688738166234,11,49.6522840645068,9.71448143977983,18.6464302034639,12.6783596127727,2365905.89762203,276.619709854503,0.0016300183718558,183.495800573349,8.34157075070252,2000,1,0,0,0,0,0,0,0,0,0,0,0,1,0,0,0,0,0,0,0,0,0,0,1,0,0,0,0,0,0,0,0,0,0,0,0,0,0,0,0,0,0,0,0
0,16.6609431773862,1003.6261819415,0.723420738973377,0.141655705093864,28,14,53.1172394503114,-3.65572548800913,8,-6.28402845605563,77.2172927851061,18.8187280308603,22.2769864706028,5629777.22789522,292.634074583914,0.0013105332659837,246.358234963937,3.93837673706712,2000,0,1,0,0,0,0,0,0,1,0,0,0,1,0,0,0,0,0,0,0,0,0,0,0,0,0,0,1,0,0,0,0,0,0,0,0,0,0,0,0,0,0,0,0
0,-80.2407932552693,545.535174919742,0.925122602723339,0.262434948000061,2,22,50.9813970157513,-4.05431932838011,12,83.848066474671,30.7999284930061,18.6480491132422,25.6538628546852,5741009.83948741,282.475608823222,-0.0078380151456406,54.2937609968316,8.97478651482049,1998,1,0,0,0,0,0,0,0,0,0,1,0,0,0,0,0,0,0,0,0,0,0,0,0,0,0,0,0,0,0,0,0,0,0,0,0,0,1,0,0,0,0,0,0
9,97.3750122922818,381.138209152866,1.32069826534568,0.270091595739603,5,4,52.2152192308625,0.617087559692616,10,137.15221479094,16.4991318417796,18.6402677194941,14.6391870700999,-22.4776294425924,289.129285764835,-0.0010198364507769,241.11328103246,4.45985937908702,1997,0,0,0,0,0,0,0,1,0,1,0,0,0,0,0,1,1,0,0,0,0,0,0,0,0,0,0,0,0,0,0,0,0,0,0,0,0,0,0,0,0,0,0,0
4,22.672404391586,1018.39022903949,1.44164785342813,0.252513340594208,6,15,52.4848290398483,-3.49814168339612,11,76.3868497012147,17.7574702380409,18.639836190926,13.8287847419872,2457810.47299455,282.187549086875,-0.0007382552561126,243.415788721949,4.60700321208338,1986,0,0,1,0,0,0,0,0,0,0,1,0,0,0,0,1,0,0,0,0,0,0,0,0,0,0,0,0,0,0,0,0,0,0,1,0,0,0,0,0,0,0,0,0
4,43.8366892000407,-17.3394192304104,0.942872344430001,0.12442014187748,30,23,50.1041748493029,0.126386042328659,6,60.1532026855621,17.7497224913097,18.64954861931,13.8168972689644,14614502.6924076,289.861332680732,0.0007404769290899,224.594370801836,0.601666282027371,1992,0,1,0,0,0,0,0,0,0,0,1,0,1,0,0,0,0,0,0,0,0,0,0,0,1,0,0,0,0,0,0,0,0,0,0,0,0,0,0,0,0,0,0,0
0,75.4815809644759,453.965739577528,2.0040073624841,0.268947521737393,6,5,52.4842404029703,-0.36674918640603,7,72.8375412576985,15.3456093960775,18.634572975298,11.3221337164065,69877.1428406955,287.276732590911,0.00012042021183,34.8076369772054,3.90589825017569,2000,0,0,0,1,0,0,0,0,0,0,1,0,0,0,0,1,0,0,0,0,0,0,0,1,0,0,0,0,0,0,0,0,0,0,0,0,0,0,0,0,0,0,0,0
2,100.08394807096,761.17702429902,1.27350703718458,0.143518313560253,28,5,50.6073502338155,-2.36723991852601,12,81.9178599400769,26.4914982731227,18.6416286986158,22.4271195896744,26617.103445203,283.973247375617,0.0008592037858733,258.861246452744,5.73492183952638,1986,0,0,0,0,0,0,0,0,0,0,0,0,0,0,0,0,0,0,0,0,0,0,0,1,0,0,0,0,0,0,0,0,0,0,0,0,0,0,0,0,0,0,0,0
0,103.770768731781,520.780527863435,1.03353280211148,0.220028873552185,13,2,51.6217910573135,0.370056831332963,1,61.4977379002903,15.8537497278692,18.6287383698598,28.5110794059376,2042229.03268448,276.777939899255,-0.0018054385349402,228.636568207046,7.32563669021219,1993,0,0,0,0,1,0,0,0,0,1,0,0,1,0,0,0,0,0,0,0,0,0,0,1,0,0,0,0,0,0,0,0,0,0,0,0,0,0,0,0,0,0,0,0
3,96.7893686236042,986.455295717113,1.44177730921051,0.192568368889062,25,11,54.3562298424187,-1.69850638886494,11,76.3906296878744,17.7646056932424,18.6407676535872,13.8115875297048,1601178.81894837,278.815743962254,0.0010672852553536,137.740397131452,7.58326043458704,1985,0,1,0,0,0,0,0,0,0,0,1,0,1,0,0,0,0,0,0,0,0,0,0,0,0,0,0,0,0,0,0,0,0,0,1,0,0,0,0,0,0,0,0,0
0,-21.1318733130449,318.313429977248,0.308859244900384,0.0642740374975204,22,5,53.5271305904248,-2.58667289769844,1,66.1462691089377,28.61670890638,18.6474009029733,10.4487640990235,-49825.067134497,275.249117882134,0.0001312081776958,333.556988150908,5.23704552546451,2000,0,0,1,0,0,0,0,0,0,0,1,0,1,0,0,0,0,0,0,0,0,0,0,1,0,0,0,0,0,0,0,0,0,0,0,0,0,0,0,0,0,0,0,0
6,71.7439556151083,819.199442628027,1.44158548204764,0.159822343503433,6,6,51.2202006766149,-1.99771322410519,3,76.3556975234816,17.7495118232281,15.9119161454649,13.7964897838342,-26441.2643517143,278.497919903573,0.0044638922086042,305.237124992536,7.26662498897389,1999,0,1,0,0,0,0,0,0,0,1,0,0,1,0,0,0,0,0,0,0,0,0,0,0,0,0,0,0,0,1,0,0,0,0,0,0,0,0,0,0,0,0,0,0
9,40.5323565933014,3.05436870137467,1.08699008887244,0.206730811448021,8,0,52.4234490558786,1.07456071804123,5,88.4209019316785,14.6396950741346,18.5649428514216,9.8223209771486,4899582.74648566,284.455020527357,0.0016104879135372,245.71683700573,2.81809998517807,1989,0,0,0,0,0,0,1,0,0,0,0,0,0,0,1,0,0,0,0,0,0,0,0,0,0,0,0,0,0,0,0,0,0,0,0,0,0,0,0,0,0,1,0,0
3,0.887300868199979,-81.1904136011306,1.61634633858497,0.149659481189307,10,10,52.4400770562723,-0.50714982887061,5,76.3102179597414,26.5796213170798,18.641229732986,16.3442550655772,387933.897879424,287.244022563321,0.0009670163035145,295.796106631264,0.0758507939492276,1989,0,0,0,0,1,0,0,0,0,1,0,0,0,0,0,0,0,0,0,0,0,0,0,0,0,0,0,0,1,0,0,0,0,0,0,0,0,0,0,0,0,0,0,0
7,213.441434131352,715.949924891518,1.47553120821493,0.223269422264844,21,6,54.5050511355325,-4.16680835702872,3,76.3307969303585,17.7373276873519,18.6382131540318,13.8122204721349,62288.6813696015,277.29827260947,-0.0233065699124143,256.214214384948,4.11953490829221,1982,0,0,1,0,0,0,0,0,0,1,0,0,1,0,0,0,0,0,0,0,0,0,0,1,0,0,0,0,0,0,0,0,0,0,0,0,0,0,0,0,0,0,0,0
2,186.902956579166,188.315271647893,1.44152373936082,0.177441719861219,30,4,53.3880276992034,-1.6340658561857,11,76.2221557214633,17.7453799045399,18.641660329844,13.7913230248855,37.2993378502537,280.181306704592,-0.0003212366024657,125.680430271767,3.50594335666478,1987,0,1,0,0,0,0,0,0,0,0,1,0,1,0,0,0,0,0,0,0,0,0,0,0,0,0,0,0,0,0,0,0,0,0,0,1,0,0,0,0,0,0,0,0
8,106.061791568029,1455.10868292202,1.85496680625288,0.194909424003604,11,18,53.259318576856,-1.64058554035441,9,84.3875762499956,17.7497810936953,18.6359207175817,22.6754516988614,5064548.95794643,286.520673300417,-1.32311387989292e-05,325.289186522861,5.83604389100473,1995,0,0,0,0,0,0,1,0,0,0,0,0,0,0,0,1,0,0,0,0,0,0,0,1,0,0,0,0,0,0,0,0,0,0,0,0,0,0,0,0,0,0,0,0
5,86.8293873664581,461.57158610213,2.15012815621899,0.214890051761246,21,2,52.6220483393683,-1.04899581496755,3,85.8196189357217,17.7419550838109,18.6410268651952,14.4644209898289,728952.686062331,276.261902497594,0.0003618650272903,275.365235973229,6.55237193089914,1989,0,0,0,0,0,0,1,0,0,1,0,0,0,0,0,1,0,0,0,0,0,0,0,1,0,0,0,0,0,0,0,0,0,0,0,0,0,0,0,0,0,0,0,0
0,26.919458296033,952.703987968538,0.0413526664022055,0.214997475674208,25,23,51.8350722433138,-2.54438088927476,1,40.7204330043753,48.0533559125682,18.640992751725,12.834980330587,2286373.38696855,271.801693669765,-0.0008731353533891,70.1504698731754,7.77585472066653,1996,0,1,0,0,0,0,0,0,1,0,0,0,1,0,0,0,0,0,0,0,0,0,0,1,0,0,0,0,0,0,0,0,0,0,0,0,0,0,0,0,0,0,0,0
2,205.226249351943,790.291248338299,1.46134384391632,0.156749432356518,17,12,53.1835228145648,-0.392864720319052,11,76.2763332784812,17.7296061267402,18.6457395417681,13.8289960095003,3900529.45916766,281.068416391855,-0.0040324528141816,175.429793321913,2.55185804694899,1997,0,0,0,0,0,0,1,0,0,0,0,0,1,0,0,0,0,0,0,0,0,0,0,0,0,0,0,0,0,0,0,0,0,1,0,0,0,0,0,0,0,0,0,0
7,-45.5138358902674,1669.89184837537,1.44177055628699,0.150133979206769,3,23,52.4060622046447,-2.28064780782395,10,76.3704404119741,17.7526007989349,18.6406694764737,13.8281448267109,963153.122119836,290.464873078411,0.0032207835057245,202.493221874499,15.4915661479165,1985,0,1,0,0,0,0,0,0,0,0,0,0,0,0,0,1,0,0,0,0,0,0,0,0,0,0,0,0,0,0,0,0,0,0,0,0,0,0,0,0,0,1,0,0
9,-29.4607551386539,497.429892090776,0.146622153233051,0.262175863803293,22,23,53.3397240839212,-2.43624660429269,8,48.9899548576884,25.2613809058456,18.6386983908833,30.0905725188236,3768678.56434146,286.513288568276,0.0024276022193655,181.385105764239,5.08032567866872,1996,0,0,0,1,0,0,0,0,1,0,0,0,1,0,0,0,0,0,0,0,0,0,0,1,0,0,0,0,0,0,0,0,0,0,0,0,0,0,0,0,0,0,0,0
6,-87.7714749077027,1743.93791963329,1.44135794441926,0.241642328935897,28,12,53.800391616379,-0.299501482514999,2,76.2638556974902,17.74721207332,18.6447606700395,13.8170489318583,4564079.60315402,280.290690997439,-0.0007416740883033,289.135923925357,16.175189291891,1990,0,0,0,1,0,0,0,0,0,0,1,0,0,0,0,1,0,0,0,0,0,0,0,0,0,0,0,0,1,0,0,0,0,0,0,0,0,0,0,0,0,0,0,0
6,70.4966755462965,396.984947055914,1.44256721230505,0.122907372552593,23,23,51.2713216098415,-1.82191267072796,12,76.3691684881926,17.7355411160968,18.6407679274015,13.8019856954989,-323103.440006627,280.228982907841,-0.0007769908578525,215.467614162184,6.66635096020559,1985,0,1,0,0,0,0,0,0,0,1,0,0,1,0,0,0,0,0,0,0,0,1,0,0,0,0,0,0,0,0,0,0,0,0,0,0,0,0,0,0,0,0,0,0
8,44.3174819222109,1589.74710193412,1.44133252069698,0.159457646816847,4,17,50.8275925671467,-0.872528280784236,9,76.3557506021281,17.7259010840094,18.6428087026956,13.8182500691355,4724426.89267903,289.070584261604,-0.000178829603615,204.090274322799,8.6670599118437,1985,0,0,0,0,1,0,0,0,0,1,0,0,1,0,0,0,0,0,0,0,0,0,0,0,0,0,0,0,0,0,0,0,0,0,0,0,0,0,0,1,0,0,0,0
0,141.650295876129,1131.63115994242,1.04687892997047,0.182292356632168,1,19,53.7252598306676,-2.27365001511283,7,-1202.14144486263,22.3697635833249,18.6416064259997,16.2022978270695,-8637762.20389387,292.149625158571,0.0046691509792108,108.22101781931,5.64577038673529,1994,0,0,0,0,0,0,1,0,0,1,0,1,0,0,0,0,0,0,0,0,0,0,0,0,0,1,0,0,0,0,0,0,0,0,0,0,0,0,0,0,0,0,0,0
5,196.533332923934,1682.94856646486,1.42172891161353,0.174266956131879,24,16,53.5766569471251,-1.67652730959583,4,76.2708816747283,17.7925341541614,18.6404713674057,13.8099289891736,3923325.19688493,278.898651309136,0.0009897762929486,260.265530043438,0.932149913461618,1998,0,0,0,0,0,0,1,0,0,0,0,0,1,0,0,0,0,0,1,0,0,0,0,0,0,0,0,0,0,0,0,0,0,0,0,0,0,0,0,0,0,0,0,0
5,143.20961539542,218.209658368988,1.44278203272679,0.204361274416028,22,5,51.9074498915001,-1.77578939830621,12,76.3332285325895,17.76166224442,18.6416597873662,13.8069614457048,131574.132176715,279.030974327278,0.000273787899566,105.135763530508,1.64817355427272,1987,0,1,0,0,0,0,0,0,0,1,0,0,1,0,0,0,0,0,0,0,0,0,1,0,0,0,0,0,0,0,0,0,0,0,0,0,0,0,0,0,0,0,0,0
2,-30.1093157457733,1352.55722445989,1.27350706539983,0.193441762183227,13,18,53.9002326581809,-1.86855473633257,8,85.3515298941674,37.6909004765727,18.6382949814342,22.4271196772824,7824050.14745138,291.988027176652,0.0013897072632565,211.930687071571,2.42908324357279,1984,0,0,0,1,0,0,0,0,0,0,0,0,0,0,0,0,0,0,0,0,0,0,0,1,0,0,0,0,0,0,0,0,0,0,0,0,0,0,0,0,0,0,0,0
8,6.44880812757157,1903.81833928452,1.23620798725611,0.21197261838854,16,3,53.3259486316849,-0.979431204232052,2,528.726032603712,19.9933291857778,18.6364650024141,35.2111886080681,-760786.44760579,282.587548927981,0.0005644119914948,173.836038227734,17.5330764042692,1997,0,0,0,1,0,0,0,0,0,0,1,0,0,0,0,1,0,0,0,0,1,0,0,0,0,0,0,0,0,0,0,0,0,0,0,0,0,0,0,0,0,0,0,0
1,-55.6017427580352,535.812515381765,1.51217116017224,0.174320206497287,22,21,51.2396222870287,-0.915346701416196,6,79.363226952362,19.425393583995,18.6438498812171,25.9326002182982,7629390.85764401,287.565597549555,-0.000994368587636,271.409072886468,3.90184588310431,1994,0,0,0,1,0,0,0,0,1,0,0,0,0,0,0,1,0,0,0,0,0,0,0,0,0,0,0,0,0,0,0,0,0,0,0,0,0,0,0,0,0,0,0,0
1,123.361824179725,273.42105010863,1.58460982640439,0.249558310521492,18,5,52.2315637096607,-0.898857133070342,1,65877.7086018075,24.7679634475307,18.6432622193444,-232.808962265047,7034594.07363134,271.784958555198,-4.22483362770927e-05,166.850755637666,2.68955671300708,1982,0,1,0,0,0,0,0,0,0,0,1,1,0,0,0,0,0,0,0,0,0,0,1,0,0,0,0,0,0,0,0,0,0,0,0,0,0,0,0,0,0,0,0,0
0,65.9952343399795,738.851494952574,1.39838671158591,0.208460599247815,19,3,51.9381761112753,-1.34503883399862,10,80.5207645381925,9.50275953638308,18.7160885674154,18.3650373670473,1766994.35506241,283.335335685356,2.62644420443322e-05,183.427321896328,4.55761928828295,1989,0,0,1,0,0,0,0,0,0,0,0,0,0,0,0,0,0,0,0,0,0,0,0,0,0,0,0,0,0,0,1,0,0,0,0,0,0,0,0,0,0,0,0,0
1,-34.4903628892577,-226.985979297236,1.22599958863102,0.252876267483009,3,19,51.3034167559309,-2.19674859343339,11,102.939874460072,17.7444864224196,18.6405905307634,15.3702969903555,3621633.20423136,277.766615229649,-0.0040597904815349,237.432771778495,-1.58604065420771,1996,1,0,0,0,0,0,0,0,0,0,1,0,0,0,0,1,0,0,0,0,0,0,0,1,0,0,0,0,0,0,0,0,0,0,0,0,0,0,0,0,0,0,0,0
9,102.748669332378,-119.693386567955,0.908765339991159,0.19555017054109,30,9,52.7346941160776,0.908677764130663,11,42.4119796625511,7.43124186585786,18.6404713625732,19.7092624701223,-1353019.46152572,280.274210953589,0.0087236497658148,98.8861119249592,3.80481066894067,1998,0,0,0,0,0,0,1,0,1,0,0,0,1,0,0,0,0,0,0,0,0,0,0,0,0,0,0,0,0,0,0,0,0,0,0,0,0,0,0,0,0,1,0,0
1,92.3826441197308,559.2575082027,0.933528081174484,0.172447861200396,17,16,53.0762040499929,-2.32144051239427,10,82.3984781911869,17.2354757677243,18.6463142245677,14.6277076113235,1713487.00505103,290.796157786682,0.0016498986755354,85.2328354541194,11.3014296700186,1994,0,0,0,0,0,1,0,0,1,0,0,0,0,0,0,1,0,0,0,0,0,0,0,0,0,0,0,0,0,0,0,0,1,0,0,0,0,0,0,0,0,0,0,0
2,100.228637844896,2223.29898124059,1.27350699471465,0.159310095216973,21,15,52.1258651403324,-1.57428332904288,8,72.594157932067,55.879194374325,18.7146208852298,16.0171711548621,8382788.61237675,293.802956702351,-0.000931301759104,245.310344740403,1.85857468644565,1989,0,0,1,0,0,0,0,0,0,0,1,0,0,0,0,0,0,0,0,0,0,0,0,1,0,0,0,0,0,0,0,0,0,0,0,0,0,0,0,0,0,0,0,0
4,48.0402321670404,228.448093136713,1.43976194396324,0.153080463976545,9,2,51.0440201856398,-3.01323886189959,9,76.3258617868416,17.7674091246637,18.6443450672015,13.8046074891776,5441239.80481201,289.506164429664,-0.0016333505328731,145.823380872457,1.46887781088491,1985,0,0,0,0,0,0,0,0,0,0,0,0,1,0,0,0,0,0,0,0,0,0,0,0,0,0,1,0,0,0,0,0,0,0,0,0,0,0,0,0,0,0,0,0
7,54.2020555214744,452.947503763554,1.44103499307274,0.22077750281103,27,5,54.4007896860104,0.0222602289206515,3,76.3362440149688,17.7466304005237,18.6393528683561,13.8126676441465,-43418.7610573455,278.749492589863,0.0013808747038911,292.587193285211,6.53384466279146,1988,0,0,1,0,0,0,0,0,1,0,0,0,1,0,0,0,0,0,0,0,0,0,0,0,0,0,0,0,0,0,0,0,0,1,0,0,0,0,0,0,0,0,0,0
9,187.822828885695,304.668810583124,2.0417129373069,0.234221328489595,27,2,52.3726866336165,-0.299713522484412,3,66.3525414767399,17.7448095963126,18.651356869351,18.3384742733582,1659860.57096728,277.440370555082,0.0011642263584648,61.8449635098987,8.13394445644983,1996,0,0,1,0,0,0,0,0,0,1,0,0,0,0,0,1,0,0,0,0,0,0,0,1,0,0,0,0,0,0,0,0,0,0,0,0,0,0,0,0,0,0,0,0
3,-28.4836150393385,1459.63579257895,1.54154337546747,0.163310752190411,31,10,52.1629502279697,0.293758916820956,4,76.3021534489082,17.7464198464691,18.6392827886394,16.3442546179454,967376.40176077,282.967684647191,0.0008570471175184,300.639046378463,5.31928516598936,1982,0,0,0,0,0,1,0,0,0,1,0,0,0,0,0,0,0,0,0,0,0,0,0,0,0,0,0,0,1,0,0,0,0,0,0,0,0,0,0,0,0,0,0,0
6,-31.6373006733899,1362.55231778479,1.44281506031268,0.122022150648585,27,15,53.9779731076019,0.0495054643023831,5,76.3770956779011,17.6971859007372,18.6495485706865,13.8012017778984,6952830.80602681,296.964515059154,0.00161145704491,77.0738959979853,9.91055100919277,1992,0,1,0,0,0,0,0,0,1,0,0,0,1,0,0,0,0,0,0,0,0,0,0,0,0,0,0,0,0,1,0,0,0,0,0,0,0,0,0,0,0,0,0,0
0,171.88227018431,515.827019497785,1.17297610359743,0.191753533612863,5,8,49.8368348931813,-2.29706715353904,3,76.9659369053514,19.5438180929515,18.6348035701575,32.0124266106365,989754.307771223,278.687638586739,0.0002200874823462,316.992658281494,2.07231889001275,1993,0,0,1,0,0,0,0,0,1,0,0,0,1,0,0,0,0,0,0,0,0,0,0,1,0,0,0,0,0,0,0,0,0,0,0,0,0,0,0,0,0,0,0,0
4,29.387346091628,847.801022585455,1.44292293771611,0.154944288409305,23,18,51.5163294271017,-1.49870174331363,5,76.3874358084087,17.7328131695625,18.638020266413,13.7752348983853,7354477.03647495,289.720778446882,0.0014738091552404,134.631040977276,3.05804585584696,1983,0,1,0,0,0,0,0,0,0,0,0,0,0,0,0,1,0,0,0,0,0,0,0,0,0,0,0,0,0,0,0,0,0,0,0,0,0,0,0,0,0,1,0,0
7,81.0846487628374,769.811152685684,1.44196296928847,0.193883736646935,15,9,54.4722598999659,-1.30338916458277,4,76.3724316373621,17.7923032695199,18.6470798543509,13.787386674593,401318.97204867,282.209959899978,0.0007492042919003,202.792715393489,6.92771779330409,1988,0,0,0,0,0,0,0,0,0,1,0,0,1,0,0,0,0,0,0,0,0,0,0,0,0,0,0,0,0,0,0,0,0,0,1,0,0,0,0,0,0,0,0,0
5,-14.3457900051202,677.923102492989,1.4438353348726,0.17427745731157,17,15,53.3903703309281,-2.77219246376593,1,76.2506650906982,17.7693029084563,18.6382549150744,13.7967216756361,2603788.39071154,283.735350910214,-0.000417579729076,291.65854009682,6.19492101311507,1989,0,0,0,1,0,0,0,0,0,0,1,0,1,0,0,0,0,0,0,0,0,0,0,0,0,0,0,0,0,0,0,0,0,0,0,0,0,0,1,0,0,0,0,0
5,0.0987668631234087,587.996285865293,1.57914254047204,0.328701868671145,13,19,51.5746196994044,-1.33747129920966,12,83.1774215427847,17.7398495741018,18.6482885368611,13.8110895005727,3106296.72177648,278.902228473528,-0.0078345174477113,206.993878642864,5.99611067555121,1989,0,0,0,0,0,1,0,0,0,0,0,0,1,0,0,0,0,0,0,0,0,0,0,1,0,0,0,0,0,0,0,0,0,0,0,0,0,0,0,0,0,0,0,0
5,110.605416910515,455.245153991772,1.44386600591034,0.206031170043736,16,3,52.5404567925013,-0.270616274637088,11,76.244539226971,17.8002099781752,18.6398638340217,13.8303572829319,1653031.2925873,280.259443340724,0.0003590682179411,167.927795919254,7.29067559878932,1995,1,0,0,0,0,0,0,0,1,0,0,0,1,0,0,0,0,0,0,0,0,0,0,0,0,0,0,0,0,0,0,0,0,0,0,0,0,0,0,0,1,0,0,0
7,82.0839025566898,91.5119348822087,1.44172240608559,0.242054524680784,14,8,51.5125977297664,-0.177186730303887,11,76.3113734355358,17.7826051624757,18.6386982816103,15.0080613994233,22906.6594506421,279.287602358585,-0.0004579391902772,273.191955940116,2.47998730187696,1996,0,0,0,1,0,0,0,0,1,0,0,0,1,0,0,0,0,0,0,0,0,0,0,0,0,0,0,0,1,0,0,0,0,0,0,0,0,0,0,0,0,0,0,0
4,48.3009582834649,966.934868832821,1.44184256818152,0.190980918364758,5,6,52.0724132426406,-0.755423901870642,12,76.3352910176706,24.4997853509633,18.6416287148137,13.8378064018676,-47189.5868131495,283.878078812625,-0.0007797617312326,221.120202100101,8.73710759425557,1986,0,0,0,0,0,0,0,0,0,0,1,0,0,0,0,0,0,0,0,0,0,0,0,0,0,0,0,0,0,1,0,0,0,0,0,0,0,0,0,0,0,0,0,0
4,114.64071337462,896.677000559576,1.44231703963398,0.173578928836898,22,16,53.898183442975,-1.07787073099019,2,76.3034733495954,17.7702607405257,19.7591265700601,13.8019524374475,3476068.9223522,275.87704389335,-0.0006972985111275,97.1418586553862,6.82876316606666,1984,0,0,0,0,1,0,0,0,0,0,1,0,0,0,1,0,0,0,0,0,0,0,1,0,0,0,0,0,0,0,0,0,0,0,0,0,0,0,0,0,0,0,0,0
3,-33.7533023886022,524.741631442387,1.44322435776488,0.168626686741835,19,2,51.4205083000705,-2.57531468563199,9,76.8245427461476,28.60221674834,18.1612670635634,6.07460654823333,4220696.96411304,287.419037975389,0.0009106644162718,178.647373236077,5.96957242071271,1994,0,1,0,0,0,0,0,0,1,0,0,0,0,0,0,0,0,0,0,0,0,0,0,0,0,0,0,0,0,0,0,0,0,1,0,0,0,0,0,0,0,0,0,0
4,-21.4113126608639,256.193991296393,1.44286446924346,0.158252892533995,10,6,54.9248392467668,-2.5574438195069,5,76.3332759438444,17.7372014461084,18.6382638790409,13.8175851590805,133007.198458133,282.876441277865,0.0001893041563451,262.080653178115,1.48502992656769,1989,0,0,0,1,0,0,0,0,1,0,0,0,1,0,0,0,0,0,0,0,0,0,0,0,0,0,0,0,1,0,0,0,0,0,0,0,0,0,0,0,0,0,0,0
4,84.7902940564132,532.314861758018,1.44231633826225,0.200549603117903,16,22,52.6168935227435,-2.38631692867113,11,76.4702151800471,17.7568843749428,18.6466990713815,13.8248728526244,-1070814.95284599,278.42104127221,0.0073161580179081,107.600386811401,4.60687111994066,1984,0,0,0,0,0,0,1,0,1,0,0,0,0,0,0,1,0,0,0,0,0,0,1,0,0,0,0,0,0,0,0,0,0,0,0,0,0,0,0,0,0,0,0,0
8,-71.2395210461974,789.249727722792,1.44323485349146,0.194048868589767,15,22,52.4118249035041,0.200447682018063,1,76.2955815098493,17.7564851781899,18.6344156361304,13.8088978083245,1269570.05699353,277.732124463416,0.0013336949455934,221.407783456969,7.84391189844482,1993,1,0,0,0,0,0,0,0,0,0,1,0,1,0,0,0,0,0,0,0,0,0,0,0,0,0,0,0,0,0,1,0,0,0,0,0,0,0,0,0,0,0,0,0
5,187.969311196005,676.612468586031,1.48394362951258,0.179078339942967,15,15,53.2276600166087,-0.725079965886825,5,76.4209398022858,32.9118640532722,18.6941954823525,13.8193672097491,4099723.89437041,281.023228771043,0.0002498286816035,79.3707724652833,6.18902291145527,1996,0,0,1,0,0,0,0,0,1,0,0,0,0,0,0,0,0,0,0,0,0,0,0,0,0,0,0,0,0,0,0,0,0,0,1,0,0,0,0,0,0,0,0,0
2,107.145938613187,692.472042025299,1.44280556599598,0.211209142217839,23,11,52.2630962797684,-1.30553910469498,11,76.3402385704492,17.7326033237196,18.6436951617293,13.8181929415856,4560427.88450442,284.278686462776,-0.0047783676329566,263.728580304835,5.30896247724604,1994,0,0,0,1,0,0,0,0,1,0,0,0,1,0,0,0,0,0,0,0,1,0,0,0,0,0,0,0,0,0,0,0,0,0,0,0,0,0,0,0,0,0,0,0
1,177.521393943855,576.479704602065,0.645991182373379,0.146638800027151,17,0,52.677852727422,-2.49441318747167,7,63.5871433059561,5.25834276562114,18.6466798619258,12.557599692891,3041231.02727654,287.525222070081,0.0004412892335885,242.101555513617,4.79720898082091,1999,0,0,0,0,0,0,1,0,0,0,0,0,0,0,0,1,0,0,0,0,0,0,0,0,1,0,0,0,0,0,0,0,0,0,0,0,0,0,0,0,0,0,0,0
5,-21.2342829901594,313.926706759947,1.44089330127596,0.157008059121309,11,1,51.2735098596466,-1.7873626869204,9,76.3951611741113,17.7399017308615,18.636534453405,13.8135676621431,10684147.3942953,288.702240602455,0.0006250265901475,262.276902746005,2.08147936828317,1982,0,0,0,0,0,0,1,0,1,0,0,0,1,0,0,0,0,0,0,0,0,0,0,0,0,0,0,0,0,1,0,0,0,0,0,0,0,0,0,0,0,0,0,0
9,94.2793432503407,-99.9871844472982,1.00866939701174,0.194717325187888,13,13,51.7824728118316,0.557293906722348,5,62.405816426089,11.8042611805848,18.6395451083581,37.6831848420191,162311.991525578,285.532993826989,0.0075230176485181,90.2063900692077,4.89674368406338,1993,0,0,0,0,0,0,0,1,0,0,1,0,1,0,0,0,0,0,0,0,0,0,0,0,0,0,0,0,0,0,0,0,0,0,0,0,0,0,0,0,0,1,0,0
3,37.097698568442,652.37485795137,1.44185047597347,0.277979034080434,24,17,51.742339361146,0.235000801082037,2,76.3394061640985,17.7662773968186,18.649516679278,13.8064472687603,2121981.35447858,277.456127294738,0.0007166849345774,53.6816753536239,6.24627241639591,1984,0,0,0,0,0,1,0,0,0,1,0,0,1,0,0,0,0,0,0,0,0,0,0,0,0,0,0,0,0,0,0,0,1,0,0,0,0,0,0,0,0,0,0,0
7,171.715920572397,802.750367497786,1.44276855703492,0.120204924887796,16,15,51.2151956953326,0.452755178140038,9,76.3057483289451,17.7147744643078,9.58713314958495,13.7891231944979,954635.62285888,290.171539602295,0.0016261929905234,257.946663038043,2.34088699128607,1992,0,0,0,0,1,0,0,0,1,0,0,0,0,0,1,0,0,0,0,0,0,0,0,0,0,0,0,0,0,1,0,0,0,0,0,0,0,0,0,0,0,0,0,0
9,42.6748832277055,266.020648959583,1.37544954576328,0.164040975700971,4,22,53.0347848519776,-1.45508547772976,10,61.8845883263595,15.1625951172562,18.6404749323731,48.4313296954514,9377584.49029926,280.877839418233,-0.0010069165933407,204.313163049273,3.03368794939124,1993,0,0,0,0,0,0,1,0,0,1,0,0,1,0,0,0,0,0,0,0,0,0,0,0,0,0,0,0,0,0,0,0,0,0,0,0,0,0,0,1,0,0,0,0
7,90.8848408910377,520.529641732881,1.4425572220854,0.215292481514545,17,23,52.466215257445,0.941496589754069,3,76.2526461329887,17.7589884889997,18.6421311687674,13.82425293354,1715098.81622835,276.367442515877,0.0001581917050818,196.879017607886,3.70482139432554,1991,0,0,0,1,0,0,0,0,0,0,1,0,1,0,0,0,0,0,0,0,1,0,0,0,0,0,0,0,0,0,0,0,0,0,0,0,0,0,0,0,0,0,0,0
3,138.204036739982,527.65476543416,1.44131454443373,0.173486317458387,11,3,52.2961009897405,-2.6199275769104,12,76.4068503784253,17.7729700953421,18.644523482871,13.7934479223434,412397.542163013,277.865252034345,0.000775323620234,54.1626958613489,4.59921690411852,1995,0,1,0,0,0,0,0,0,1,0,0,0,1,0,0,0,0,0,0,0,0,0,1,0,0,0,0,0,0,0,0,0,0,0,0,0,0,0,0,0,0,0,0,0
3,161.925523482921,-145.789006271065,1.44059512658258,0.252842112299523,30,9,51.4292259998311,0.464167457893892,3,76.3351258341917,17.7672364026338,18.6462596602111,13.8209379043781,-245031.708315008,277.715985399112,0.0001260599970121,229.012202694482,2.74645612024824,1986,0,0,0,0,0,0,0,1,0,0,1,0,1,0,0,0,0,0,0,0,0,0,0,0,0,0,0,0,0,0,0,0,0,0,0,0,0,0,0,0,0,0,0,1
6,144.142221479617,1055.89093462096,1.44208627463579,0.140635461156816,20,19,53.0011667798003,0.988992221943849,6,76.4179504154896,17.7551515657175,18.6383510968321,13.8426543705917,2920584.40042682,284.104377985904,0.0030214661585936,258.813355873582,1.81123615439708,1985,0,0,0,0,0,0,1,0,0,1,0,0,1,0,0,0,0,0,0,0,0,0,0,0,0,0,0,0,0,1,0,0,0,0,0,0,0,0,0,0,0,0,0,0
7,47.9950244725953,185.442930217367,1.44254190917034,0.0920931961685769,27,9,53.6887269391036,0.386340134138626,12,76.3901489871417,17.7481332131905,18.6386043895588,13.8063285849182,517440.886242622,273.713553482064,-0.0092300578679544,81.7023201555235,2.13006797501875,1992,1,0,0,0,0,0,0,0,0,1,0,0,1,0,0,0,0,0,0,0,0,0,1,0,0,0,0,0,0,0,0,0,0,0,0,0,0,0,0,0,0,0,0,0
2,4.35126359173385,522.94753682577,1.44282562018431,0.20028112150658,30,0,52.6637874318688,-1.08480558701352,7,76.3722705313532,17.7416394357877,18.648191289194,13.8299059580672,11549274.6817608,291.843761099363,-0.000371104693007,264.496047573929,4.63454117440419,1989,0,0,0,0,0,1,0,0,0,0,0,0,1,0,0,0,0,0,0,0,0,0,0,0,0,0,0,0,0,0,1,0,0,0,0,0,0,0,0,0,0,0,0,0
2,38.7516047154744,1942.32585996238,1.43387693666294,0.158717215570671,20,17,52.3293518449589,-2.97234238709602,7,76.3671075370617,17.7313440877589,18.6359236981721,13.807662089848,9198380.86250923,290.068206455922,0.0001677972292904,201.877868662221,4.57522004094193,1998,0,0,0,0,0,0,0,1,0,0,1,0,1,0,0,0,0,0,0,0,0,0,0,0,0,0,0,0,0,0,0,0,0,1,0,0,0,0,0,0,0,0,0,0
7,-46.9928762428806,595.547966450929,0.74183843964474,0.183054617673393,15,14,54.0225210475297,-3.59762156283874,9,76.8889781513509,17.7388132521644,18.6429555237689,13.7999145559426,4221713.96000204,288.023786359978,0.0020960274068087,0.547266895759197,8.54989811064227,1993,0,0,0,1,0,0,0,0,0,0,1,0,1,0,0,0,0,0,0,0,0,0,0,0,1,0,0,0,0,0,0,0,0,0,0,0,0,0,0,0,0,0,0,0
6,2.42659881160122,1035.44778194069,1.44148652912022,0.19346771669206,12,4,53.6574900314656,1.07262581313414,3,76.2929074809733,17.7492756195292,18.6357129346733,13.8119090423401,1.64175264899782,280.148842919962,-8.37934259101447e-05,224.752306678838,5.96115847837381,1997,0,0,0,1,0,0,0,0,1,0,0,0,1,0,0,0,0,0,0,0,0,1,0,0,0,0,0,0,0,0,0,0,0,0,0,0,0,0,0,0,0,0,0,0
0,142.790577931779,476.962373746382,0.989748161578292,0.174136218624883,2,7,53.1758239788572,-0.929763188517304,1,74.7454663710561,21.3528790192648,18.6406645283199,24.1461438248929,165225.337134838,271.795568979083,-0.0013078663789916,59.8392822415995,2.34962448857984,1997,0,0,0,0,1,0,0,0,0,1,0,0,1,0,0,0,0,0,0,0,0,0,0,0,0,0,0,0,0,0,0,0,0,0,0,0,0,0,0,0,0,1,0,0
3,136.091096902172,851.585661570518,1.44151213949573,0.171440247929478,5,20,51.4593075946008,-2.01048853972794,6,76.3067055260104,17.7420662143026,18.639252110419,13.8111511616121,6825113.65258491,285.823413647433,0.0001128492048791,230.695306609073,5.45612999345136,1981,0,0,0,0,0,0,1,0,0,1,0,0,1,0,0,0,0,0,0,0,0,0,0,0,1,0,0,0,0,0,0,0,0,0,0,0,0,0,0,0,0,0,0,0
1,45.9870863121556,479.846271444134,1.28136742085736,0.191657609581535,9,2,52.1871045206678,-2.16997396261159,2,67.7317718682543,4.57264185552379,18.6435541353346,14.5716126612255,-400431.959631874,275.174657434609,0.0016883672259457,107.976487263796,5.25009497363079,1995,0,0,0,1,0,0,0,0,1,0,0,0,1,0,0,0,0,0,0,0,0,0,0,0,0,0,0,0,0,0,0,0,0,0,0,0,0,1,0,0,0,0,0,0
9,29.0174893342689,200.611186519084,1.1389947114217,0.145853953281059,10,21,52.5793070085642,-0.312011354875684,8,85.0359151733443,16.2661341009762,18.6452673930899,5.83183498048733,4717389.79190001,288.888070710117,0.0024801847397845,270.436213201569,3.90306906853337,2000,0,0,0,0,0,0,0,1,0,1,0,0,0,0,0,1,0,0,0,0,0,0,0,1,0,0,0,0,0,0,0,0,0,0,0,0,0,0,0,0,0,0,0,0
7,-40.5633413787769,1305.50965675324,1.44254188647607,0.181194982696335,6,14,51.3130989884853,-1.86462004315179,5,76.3616571233313,17.7495939747192,18.6423100813013,13.8063283298629,5220106.39690352,287.100671444515,-0.0001291147466925,252.415144788195,5.35852390567207,1992,0,0,0,1,0,0,0,0,0,0,1,0,1,0,0,0,0,0,0,0,0,0,1,0,0,0,0,0,0,0,0,0,0,0,0,0,0,0,0,0,0,0,0,0
6,150.362025027242,123.365931717014,1.44148652481797,0.127900919036405,18,23,53.5126786943005,-3.46059750637944,4,76.2933691961643,17.7491344819091,18.6405703032534,13.8119092080505,6536610.2693753,277.179517514716,0.0007312241938933,57.2668286824034,1.61527991594981,1997,0,0,0,0,0,1,0,0,0,1,0,0,1,0,0,0,0,0,0,0,0,1,0,0,0,0,0,0,0,0,0,0,0,0,0,0,0,0,0,0,0,0,0,0
6,69.2743530512091,325.908769957231,1.44256724285605,0.164000816218362,23,4,53.1192005963276,-0.476934145923881,12,76.3693264337805,17.7355909090354,18.6383476590375,13.8019861023126,22.7278010090316,277.349809033264,0.0005537415265666,196.821797851494,3.01058212506769,1985,0,0,0,0,0,0,1,0,0,0,1,0,1,0,0,0,0,0,0,0,0,1,0,0,0,0,0,0,0,0,0,0,0,0,0,0,0,0,0,0,0,0,0,0
2,64.5096041614726,1164.15647058473,1.43744333608193,0.165000803421526,29,14,54.3044647226753,-1.1291704278616,11,29.5052815272928,17.7722123784484,18.6481336823323,13.8185275439223,4313796.38269072,284.349648530819,-0.000212794476446,243.706198734004,7.58081779472004,1997,1,0,0,0,0,0,0,0,0,0,0,0,0,0,0,0,0,0,1,0,0,0,0,0,0,0,0,0,0,0,0,0,0,0,0,0,0,0,0,0,0,0,0,0
6,201.1490920328,1069.72002999503,1.44112109383988,0.0918197168937904,14,13,50.3226161732857,-1.14217572892594,10,76.3176381941978,17.7515108668951,18.6361545952727,13.7909524592413,2734114.29696455,283.928978823138,0.0031991887317797,369.587935088757,7.34609747216763,1982,1,0,0,0,0,0,0,0,0,0,1,0,1,0,0,0,0,0,0,0,0,0,0,0,0,0,0,0,0,0,0,0,0,0,0,0,0,0,0,0,0,0,0,1
1,9.8716528541261,815.377634702486,1.19617279472272,0.239191870960743,7,21,52.4150615902943,-3.44285074088668,8,77.4138506456255,28.4923070743006,18.6493021455694,12.9099731014328,7765196.42952775,284.800590240197,0.0001244226652174,41.244827007378,5.01504761733102,1981,0,0,0,0,0,0,0,1,1,0,0,1,0,0,0,0,0,0,0,0,0,0,0,0,0,0,0,0,0,0,0,0,0,0,1,0,0,0,0,0,0,0,0,0
2,134.346610717027,1156.9590718073,1.4428255882018,0.1586508210944,30,15,53.5339602396307,-1.58814877342926,9,76.3722443566373,17.742747862251,18.6383099658932,13.8299067195185,4986722.72067461,289.362792505425,0.0003767272805318,337.792716911002,2.99067451884166,1989,0,0,0,1,0,0,0,0,0,1,0,0,1,0,0,0,0,0,0,0,0,0,0,0,0,0,0,0,0,0,1,0,0,0,0,0,0,0,0,0,0,0,0,0
5,67.7339843323084,-87.5239779826078,1.44278202298581,0.195005760284658,7,3,54.004647581851,-2.18692926107187,11,76.344236521355,17.7619957335556,18.6380750705028,13.806962153717,2599962.93162187,279.861430515584,0.0006797287836268,129.307430274341,1.31295090253437,1987,0,0,0,0,0,0,1,0,0,0,1,0,1,0,0,0,0,0,0,0,0,0,1,0,0,0,0,0,0,0,0,0,0,0,0,0,0,0,0,0,0,0,0,0
9,91.1930842424911,832.023502144748,1.01124552986468,0.125629499749959,26,11,51.9276106967848,0.869434628595246,8,48.0636174241832,15.115828692318,18.6414443784057,32.2898898229636,4899456.34762094,286.312877469019,-6.78942140841456e-05,272.782980085695,3.00284082591507,1994,0,1,0,0,0,0,0,0,0,1,0,0,1,0,0,0,0,0,0,0,0,0,0,1,0,0,0,0,0,0,0,0,0,0,0,0,0,0,0,0,0,0,0,0
7,-28.0013701831859,936.655872407081,1.44211503711093,0.18939376314984,5,16,53.0378501759162,-1.10505424123538,2,76.2885155879794,17.7360138224172,18.6413423446625,13.7947423421817,2211783.80179332,281.106591120771,0.0006462572739697,246.698492111605,8.72668821142903,1989,1,0,0,0,0,0,0,0,0,1,0,0,0,0,1,0,0,0,0,0,0,0,1,0,0,0,0,0,0,0,0,0,0,0,0,0,0,0,0,0,0,0,0,0
6,123.993049735672,1178.73745180359,1.44148654696179,0.185658797021318,9,13,52.1425473563821,-0.692648150066858,2,76.2932892078945,17.7492985301137,18.6417880758691,13.8119092777045,5529072.08462477,279.148996403039,-0.0026192982532928,223.494714338363,6.37813512878293,1997,0,1,0,0,0,0,0,0,0,0,0,0,1,0,0,0,0,0,0,0,0,1,0,0,0,0,0,0,0,0,0,0,0,0,0,0,0,0,0,0,0,0,0,0
2,66.7375595623853,-236.17353023552,1.27350702706301,0.156354579422796,23,13,49.5169080183315,-0.0952498037226601,1,90.9877797380235,3.54422996084136,18.7160052182771,22.4271196220292,-3435300.77522576,278.026736695199,0.0049417458460105,336.842009211825,3.56855475354626,1987,0,0,1,0,0,0,0,0,1,0,0,0,0,0,0,0,0,0,0,0,0,0,0,1,0,0,0,0,0,0,0,0,0,0,0,0,0,0,0,0,0,0,0,0
2,8.00397895898807,342.07586933937,1.89244679493125,0.0977825632586664,24,2,52.62757553707,-1.79083159537524,3,47.9570132224481,30.5576615297359,18.6428845878196,7.93859660506104,-580506.060494337,279.995438547181,-0.0004131811473601,281.230644820813,3.90219579484833,1997,0,1,0,0,0,0,0,0,0,0,0,0,0,0,0,1,0,0,0,0,0,0,0,0,0,0,0,0,0,0,0,0,0,0,1,0,0,0,0,0,0,0,0,0
2,70.2518441119522,-36.0209358535367,1.44541592393436,0.189792288904769,3,2,54.0315571120867,-0.605433882190312,11,76.3137662261086,17.7150469719526,18.6393582366654,13.8117179337516,4320229.99429133,278.475563596734,-0.0052264826727259,238.358049397091,3.3657394887344,1999,0,0,0,0,0,1,0,0,0,0,0,0,1,0,0,0,0,0,0,0,0,0,0,0,0,0,0,0,0,0,0,0,0,0,0,0,1,0,0,0,0,0,0,0
0,-59.8586418695687,14.5821760504359,0.200653698349518,0.211091067483876,27,0,52.2220222432088,-1.53169766039417,6,53.1499691124029,17.1424019443908,18.6438680797111,31.8954909701084,9254337.72480125,284.742539156238,-0.0021253425653896,101.811892239705,1.60915462461085,2000,0,0,0,0,0,0,0,0,0,0,1,0,0,0,0,1,0,0,0,0,0,0,0,0,1,0,0,0,0,0,0,0,0,0,0,0,0,0,0,0,0,0,0,0
6,-88.5511223349029,865.613131803066,1.44286573444745,0.174569478077224,10,11,52.5217575586075,-0.967268265195466,5,76.4099521180037,17.77156204221,18.6369292753734,13.8509184381318,4769765.9475133,287.905173450732,0.0021255294166057,212.702589629208,1.12335716119275,1982,0,0,0,1,0,0,0,0,0,1,0,0,0,0,0,1,0,1,0,0,0,0,0,0,0,0,0,0,0,0,0,0,0,0,0,0,0,0,0,0,0,0,0,0
4,98.8947596461776,142.200155423346,1.56987390688262,0.218190678091839,30,2,51.7383774495278,-2.21547145086007,1,82.6813944663914,13.417228480697,18.6355088584605,22.7655754854878,1205525.95492896,282.149715953783,-0.0016563792774047,287.603029661029,4.59969976492069,1991,0,0,0,0,0,0,0,0,1,0,0,0,1,0,0,0,0,0,0,0,0,0,0,1,0,0,0,0,0,0,0,0,0,0,0,0,0,0,0,0,0,0,0,0
7,152.631331493895,663.665754510581,1.44344614888306,0.144418543007592,17,17,51.3081734361826,-2.06238504680555,12,76.3672532515761,17.7324649782709,18.6421392612978,13.7746148502249,1557898.51375579,284.349487996015,-0.0013193738627464,205.155360704626,4.70793929440578,1991,0,0,0,1,0,0,0,0,1,0,0,0,1,0,0,0,0,0,0,0,0,0,0,0,0,0,0,0,0,0,0,0,0,0,0,0,0,0,0,0,1,0,0,0
5,137.750536883879,929.225321547097,1.44202121237239,0.186747000717854,11,9,51.4523843941135,-1.83015397933394,7,76.3355974653152,52.9181932652647,18.6467435444573,13.8199764846547,2303714.13813279,287.552081333044,0.0019664903190675,267.082109099669,3.07421031901079,1989,0,0,0,0,0,0,0,0,0,0,1,0,0,0,0,0,0,0,0,0,0,0,0,0,0,0,0,0,0,0,0,0,0,0,1,0,0,0,0,0,0,0,0,0
0,161.283901062887,1104.71874179848,0.169022087297236,0.24539189960632,10,13,51.9492928941051,-2.5524593610306,7,5.84339083893314,56.8676022428418,18.6428019325264,8.02368472077143,4048627.56014234,290.141411202666,0.0011435890470388,278.372806742823,6.27228521827235,2000,0,0,0,0,0,1,0,0,0,0,0,0,1,0,0,0,0,0,0,0,0,0,0,1,0,0,0,0,0,0,0,0,0,0,0,0,0,0,0,0,0,0,0,0
2,140.220846800126,1335.43771515139,0.724327784271245,0.130859050595785,3,11,51.6903441589246,-1.58704521698545,6,75.1044164284017,20.6317465800868,18.6445237679341,19.8140369411128,3525101.10606983,287.351731972557,0.0007412745594927,245.048385951127,5.96851301220304,1995,0,1,0,0,0,0,0,0,1,0,0,0,1,0,0,0,0,0,0,0,0,0,0,1,0,0,0,0,0,0,0,0,0,0,0,0,0,0,0,0,0,0,0,0
5,93.7659013628826,99.9149741895721,1.44217699190128,0.169899495572236,12,10,52.4112325451954,1.22328017264052,10,81.1909180960936,17.7355323393269,18.6454217850587,13.8081811180686,3115599.26936825,280.839185854681,-0.0015119130784347,72.3116661758024,0.927640586391643,1985,0,0,0,0,0,0,0,0,0,1,0,0,0,0,0,1,0,0,0,0,0,0,0,1,0,0,0,0,0,0,0,0,0,0,0,0,0,0,0,0,0,0,0,0
1,-49.4320166653964,456.189277514385,1.44203339348086,0.164287299312001,19,21,53.8038191078008,-1.85778580911605,4,76.2935636343581,58.6302832943482,18.6411788684276,13.8041736546737,6280885.80794776,278.500404668642,0.0014823704942921,132.575294615184,4.80278952958626,1998,0,0,0,1,0,0,0,0,0,0,0,0,0,0,0,0,0,0,0,0,0,0,0,0,0,0,0,0,0,0,0,0,0,0,0,0,0,0,0,0,0,0,0,1
2,134.668037256436,2215.32506307767,0.831316622367658,0.155791744843983,7,14,52.0320591380763,-0.584315448636604,5,69.7467432450055,54.0297719792838,18.6433158945601,20.242167547751,7172182.86340303,287.362291121912,0.0011901866407204,283.461429579283,2.56659179743428,1990,0,0,0,1,0,0,0,0,0,0,0,0,0,0,0,0,0,0,0,0,0,0,0,1,0,0,0,0,0,0,0,0,0,0,0,0,0,0,0,0,0,0,0,0
6,111.558692422492,-21.1317808781696,1.44154191220273,0.261924455797732,4,4,53.6699089217344,0.926495240340053,10,76.3446793701042,17.7560785642776,18.6423307018323,13.8140160184979,9.32641192011838,282.004876930245,-0.0002364054588198,184.485168936415,2.08736322082817,1988,0,0,0,0,0,0,0,1,0,1,0,0,0,0,0,1,0,0,0,0,0,0,0,1,0,0,0,0,0,0,0,0,0,0,0,0,0,0,0,0,0,0,0,0
4,-103.210018060113,782.318888842024,1.44211380500358,0.114425416791095,23,22,52.4966369464157,0.577318710098753,6,76.3623556336141,17.744374456941,18.6361060148612,13.814762152377,5747148.26877808,280.700301360658,0.0009826089866134,185.567940092338,7.87097953697693,1991,0,1,0,0,0,0,0,0,0,1,0,0,1,0,0,0,0,0,0,0,0,1,0,0,0,0,0,0,0,0,0,0,0,0,0,0,0,0,0,0,0,0,0,0
8,22.702124871054,-521.931667173102,2.47883010614923,0.174725274494021,27,3,53.3078589203447,-0.583337052868236,1,73.0967600389944,17.7447083760886,18.6400009983974,22.7906590003183,233560.439586959,273.047790783597,-0.0009509138520693,284.953847647963,-4.29296074656341,1993,0,0,0,0,0,0,1,0,0,0,0,0,0,0,0,1,0,0,0,0,0,0,0,1,0,0,0,0,0,0,0,0,0,0,0,0,0,0,0,0,0,0,0,0
1,10.8301496368017,576.927290720746,1.27350698970107,0.218857938748005,29,6,54.2324770348453,-0.947267537399113,11,87.8100504405247,23.0022244222305,18.6368373858345,22.4271188438815,-18416.1206266149,278.900138701093,-0.0006337851094966,262.170160447965,7.66458162789454,1997,0,0,0,1,0,0,0,0,0,1,0,0,0,0,0,0,0,0,0,0,0,0,0,1,0,0,0,0,0,0,0,0,0,0,0,0,0,0,0,0,0,0,0,0
7,52.6125114022201,316.158600084625,1.44181462672586,0.16859801073726,8,7,51.9730769537632,-1.55935060052341,12,76.3288414509425,17.7284797228304,18.6365558250982,13.7994855915209,54014.9468008225,278.377906683571,0.0036083458628701,186.810760073833,5.22973759054278,1982,0,0,0,0,0,0,1,0,0,1,0,0,1,0,0,0,0,0,0,0,0,0,0,0,0,0,0,0,0,0,0,0,0,0,0,0,0,0,0,0,0,1,0,0
3,-21.2173363413963,1025.51600400845,1.44151216565396,0.244258103387612,17,6,53.1695490285933,0.118346703320844,3,76.3167307246365,17.7418321756901,18.6429531588749,13.8111513018507,85792.6488181068,281.781136993052,-0.0208906678535526,347.857939648919,8.91343892849523,1981,0,0,0,0,0,0,0,1,0,1,0,0,1,0,0,0,0,0,0,0,0,0,0,0,1,0,0,0,0,0,0,0,0,0,0,0,0,0,0,0,0,0,0,0
8,90.4762446826018,821.0373920541,1.95198531420545,0.165119104089053,8,19,51.3982325830926,-1.0068638932998,3,89.6906967240798,17.7498687886401,18.6419694871297,20.909208729429,3196553.07519292,281.021428110482,0.0006827617452348,236.903302467416,6.28788335000477,1994,0,0,0,0,1,0,0,0,0,1,0,0,0,0,0,1,0,0,0,0,0,0,0,1,0,0,0,0,0,0,0,0,0,0,0,0,0,0,0,0,0,0,0,0
3,2.53883844568553,-198.045127839487,1.44335172020781,0.215207664713655,1,7,52.6662242431087,0.301377220911598,10,76.4130576389283,17.7409941549617,18.636943355461,13.8078126896665,308172.827246021,281.201906962444,-0.0003285318793226,120.136061948463,0.28458493155865,1981,0,0,0,0,0,1,0,0,0,0,1,0,1,0,0,0,0,0,0,0,0,0,0,0,0,0,0,0,0,0,0,0,0,0,1,0,0,0,0,0,0,0,0,0
6,-12.7849770157545,413.915588848773,1.44112107188784,0.226650344656547,23,6,53.926502469966,-1.13697479012123,7,76.3773999957626,17.7519658775961,18.6375786798301,13.7909528878632,158515.089960958,285.039237487254,0.0001858993519514,40.6644778833162,3.36094972898618,1982,0,0,0,1,0,0,0,0,0,0,0,0,1,0,0,0,0,0,0,0,0,0,0,0,0,0,0,0,0,0,0,0,0,0,0,0,0,0,0,0,0,0,0,1
9,-106.333528121838,49.0487836034876,0.888364342204116,0.165452170030874,30,1,52.6693618853179,-2.49966542655817,10,23.5399143230165,21.4073378413724,18.6463352085629,30.5255259092865,3565733.37907517,278.618838693793,-0.0003416550318315,438.068384273986,3.1674630663985,1992,0,0,0,0,0,0,1,0,0,0,0,0,1,0,0,0,0,0,0,0,0,0,0,0,0,0,0,0,0,0,0,0,0,0,0,0,0,0,0,0,0,1,0,0
2,79.3624166134041,874.580002933247,1.31907450647307,0.183810068459319,19,18,51.0936332335562,-1.93703661822459,3,55.8580601606963,18.2110956943413,18.4913330707498,13.7820933988933,6286906.29273824,282.593984489157,-0.0002632689265822,121.333022744183,3.96274825746479,1996,0,0,0,0,0,0,0,1,0,0,0,0,0,1,0,0,0,0,0,0,0,0,0,0,1,0,0,0,0,0,0,0,0,0,0,0,0,0,0,0,0,0,0,0
7,32.3058548292793,-136.968475213906,1.4433166788094,0.164487936147362,18,10,53.6877908570459,-2.49111547265165,11,76.37512624149,17.715403088129,18.6419601471801,13.8385179274935,662562.852715423,276.663000354004,-0.000881356466968,244.100383605667,-0.174000518893818,1987,0,1,0,0,0,0,0,0,0,0,0,0,0,0,0,1,0,0,0,0,0,0,0,0,0,0,0,0,0,0,0,0,0,0,0,0,0,0,0,1,0,0,0,0
2,14.9857270543524,429.114954826768,1.76669581688061,0.256394411669702,18,14,50.8419449354501,-2.71552508798658,1,96.0261451946676,20.2029940360119,18.6344102176529,24.8640651841351,1219387.70244141,278.537111540097,0.0004379444096733,342.11726203967,0.515510299776208,2000,0,0,0,1,0,0,0,0,0,0,0,0,0,0,0,0,0,0,0,0,0,0,0,1,0,0,0,0,0,0,0,0,0,0,0,0,0,0,0,0,0,0,0,0
9,172.787604571469,925.193187423545,1.32069824009985,0.219843727319833,4,9,52.4137482362738,-0.784734267940235,1,200.654218642642,14.7425834503921,18.6265884762605,14.6391874275608,608138.784870188,278.786669561345,-0.0013493860156493,245.97393605018,9.22019630740719,1991,0,0,0,0,0,0,1,0,0,0,1,0,0,0,0,1,1,0,0,0,0,0,0,0,0,0,0,0,0,0,0,0,0,0,0,0,0,0,0,0,0,0,0,0
6,93.4536293755679,396.652188447548,1.44286566545036,0.24726035449749,20,22,52.9527872728828,-0.758946728617948,12,76.4099499060543,17.7718243608802,18.6476323118012,13.8509187912103,330729.845579363,279.373476396739,0.0045280943698938,189.12605615357,5.12679690206167,1989,0,1,0,0,0,0,0,0,0,0,1,0,0,0,0,1,0,1,0,0,0,0,0,0,0,0,0,0,0,0,0,0,0,0,0,0,0,0,0,0,0,0,0,0
6,73.4765148896263,608.490167652602,1.44307246980368,0.157127259149558,5,1,52.9692030918012,-1.96829535744062,8,76.2763619436357,17.7366279765772,18.6417881578067,13.8097844234189,5538607.43709112,289.402817312601,0.002282696137082,68.9593274126385,5.9248447025819,1997,0,1,0,0,0,0,0,0,0,0,0,0,1,0,0,0,1,0,0,0,0,0,0,0,0,0,0,0,0,0,0,0,0,0,0,0,0,0,0,0,0,0,0,0
6,-6.20681650631093,326.38780806089,1.44148658980244,0.236252983804543,14,6,54.1831005009322,-2.36287482111495,4,76.292878011819,17.7491659418982,18.6417878336794,13.8119092094599,2020.24509434748,278.078055522987,0.0001632275010326,98.0252974030804,3.19397325323213,1997,0,1,0,0,0,0,0,0,0,0,1,0,1,0,0,0,0,0,0,0,0,1,0,0,0,0,0,0,0,0,0,0,0,0,0,0,0,0,0,0,0,0,0,0
4,118.212404165763,368.691983931451,1.44126207568253,0.192318743588653,4,10,51.4175129005533,-1.18247762118667,11,76.3066117049001,17.746037567715,18.6378565140343,13.8153052003312,444377.659374381,278.843575486987,-0.0020185842450577,254.816209535358,2.59811026323127,1983,0,1,0,0,0,0,0,0,1,0,0,0,1,0,0,0,0,0,0,0,0,0,0,0,0,0,0,0,0,0,0,0,0,0,0,0,0,0,0,0,0,0,0,1
6,130.485290414182,209.101675518824,1.44022643033541,0.129635344829167,13,22,53.6209530824986,0.19294893538737,7,66.8164137470545,17.7925406868515,18.6407443002382,12.0265883504,9948318.07070088,292.003095632061,-0.0002473364051871,257.380987398097,2.69821949733115,1986,0,1,0,0,0,0,0,0,0,1,0,0,0,0,1,0,0,0,0,0,0,0,0,0,0,0,0,0,1,0,0,0,0,0,0,0,0,0,0,0,0,0,0,0
8,21.3448830843502,373.901872478474,1.44233273642221,0.205899201191706,1,14,51.5124952285941,1.55554789832748,12,-78088.9941093492,20.5324216026078,20.9731793211786,10453.9746970962,-586394241.966035,283.602715808434,0.712386349080744,151.138365871748,5.80228886135764,1994,0,0,0,0,1,0,0,0,0,0,0,1,0,0,0,0,0,0,0,0,0,1,0,0,0,0,0,0,0,0,0,0,0,0,0,0,0,0,0,0,0,0,0,0
9,105.019145407021,240.911491111471,1.77534701585049,0.198799333015583,24,2,51.4915419426256,0.587067655739236,9,55.6460468037704,16.9808815534958,18.6474246280059,17.0716836993418,6528386.00813774,282.871328079184,-0.0002660742482771,243.658336144407,6.0165864422334,1990,0,0,1,0,0,0,0,0,0,0,1,0,0,0,1,0,0,0,0,0,0,0,0,0,0,0,0,0,0,0,1,0,0,0,0,0,0,0,0,0,0,0,0,0
9,-37.8773622794955,1039.7122602078,0.956073178792189,0.165864541175287,20,8,55.1872728549932,-2.6909338965739,3,54.6386676878559,26.8634561160067,18.6433335284235,11.497847165984,515894.089990782,277.416137488879,-0.0007524525725628,247.04363644792,8.60206361621786,1989,0,0,0,0,0,0,0,0,1,0,0,0,0,0,0,1,0,0,0,0,0,0,0,0,0,0,1,0,0,0,0,0,0,0,0,0,0,0,0,0,0,0,0,0
5,102.984590242129,321.502352599063,1.44159267896063,0.139349067121068,19,9,51.9438053782653,0.520252660593193,11,76.3436663955496,17.7566569089415,18.6442472091554,13.8013066092203,1125408.20990164,283.779379741517,-0.006483542066655,236.268328260836,3.27800592671939,1986,0,0,0,0,0,0,0,0,0,0,0,0,1,0,0,0,0,0,0,0,0,0,0,1,0,0,0,0,0,0,0,0,0,0,0,0,0,0,0,0,0,0,0,0
7,82.1015451597774,446.018734807734,1.44121017523095,0.152742520670103,15,21,52.3748382020501,-1.23415350952227,1,76.3528815532824,17.7532479485383,18.6351607996849,13.8137864441888,-576431.792500706,276.478045904992,0.0045630894989306,117.980005150913,3.68083368677182,1988,0,1,0,0,0,0,0,0,0,0,0,0,0,0,0,1,0,0,0,0,0,0,0,0,0,0,0,0,0,0,0,0,0,1,0,0,0,0,0,0,0,0,0,0
1,136.338236814781,1077.8584435572,1.37135699227721,0.152869372628694,31,13,51.0977336697205,-2.07611896044879,12,76.3886807970323,17.7194308203802,18.6391220830325,13.8106133674815,2640041.63226042,274.801224168073,-0.0031769194175622,306.165139475547,3.10877328691912,2000,1,0,0,0,0,0,0,0,0,1,0,0,0,0,0,1,0,0,0,0,0,0,0,0,0,0,0,0,0,0,0,0,0,0,0,0,0,0,0,1,0,0,0,0
7,36.6673419157104,670.681432169818,1.44145350764014,0.173577562678752,14,9,52.2175222658652,-0.741565325944012,10,74.3354757924292,32.7311847452309,18.6412296309463,25.2346783295263,99144.3184044879,284.939443624574,0.0026956901177383,263.230156671564,9.23168685588706,1989,0,0,0,0,1,0,0,0,0,0,1,0,0,0,0,0,0,0,0,0,0,1,0,0,0,0,0,0,0,0,0,0,0,0,0,0,0,0,0,0,0,0,0,0
5,21.2205995233726,47.4072481846071,1.44159265192962,0.195334114249946,4,3,52.2167337385905,-0.417819527434273,10,76.3381481927102,17.7565834431331,18.6365174056853,13.8013065119804,1667532.6691298,281.939707216165,0.0001514330380693,127.039696909524,1.26595268844747,1986,0,0,0,1,0,0,0,0,0,0,1,0,1,0,0,0,0,0,0,0,0,0,0,1,0,0,0,0,0,0,0,0,0,0,0,0,0,0,0,0,0,0,0,0
0,187.820989725057,1.61143489263828,0.295277231093236,0.226456367691934,24,2,51.3604424022939,-0.83089329941294,1,50.6318913181327,14.8187389072682,14.9060224424653,6.87498611778998,2082777.93234548,279.981839479987,-0.0018128270909971,77.4805131145595,0.98519119875403,2000,0,1,0,0,0,0,0,0,0,0,1,0,1,0,0,0,0,0,0,0,0,0,0,0,0,0,0,1,0,0,0,0,0,0,0,0,0,0,0,0,0,0,0,0
3,83.3558122970358,1562.10998524642,1.44252782685298,0.159682892615202,10,17,54.351715072493,-1.55661744007294,7,76.4959150003262,17.7475042335431,18.6403526647158,13.7870147859298,6401774.01384783,295.509023124936,0.0006431989273255,263.958755933891,2.51047272547389,1982,0,0,1,0,0,0,0,0,0,0,0,0,0,0,0,1,0,0,0,0,0,0,1,0,0,0,0,0,0,0,0,0,0,0,0,0,0,0,0,0,0,0,0,0
4,103.940021084791,827.139305047926,1.44059706141502,0.1949277561551,20,17,52.8024371134983,-0.747271705954472,8,76.3332519275483,17.7540105766594,18.6448596242239,13.7819324024267,5671977.50609084,296.346706234265,-0.0014135263325465,261.950077466291,1.42060480516337,1992,0,0,0,0,1,0,0,0,0,0,0,0,0,0,0,1,0,0,0,0,0,1,0,0,0,0,0,0,0,0,0,0,0,0,0,0,0,0,0,0,0,0,0,0
1,-34.0994931610017,305.553391648084,1.46912861850586,0.173140028767039,8,4,52.4869757462639,-1.88519452210151,5,67.8635953077233,9.74469890147471,18.6466890218343,5.84010502195643,-3.59223119142508,278.261313684996,0.0005519848396952,250.479482085043,2.92592361553131,1994,0,0,0,0,0,0,1,0,1,0,0,0,1,0,0,0,0,0,0,0,0,0,0,1,0,0,0,0,0,0,0,0,0,0,0,0,0,0,0,0,0,0,0,0
0,-19.3886593270154,1231.85471646553,0.932951461233672,0.115136497781022,22,14,52.0609047331036,-1.42058682094264,10,45.7734223823983,43.9069950051691,20.6098062324835,10.1090262148128,10471796.9790658,287.061481249755,-0.0041888663955302,212.476512042345,7.60650469600385,1998,0,1,0,0,0,0,0,0,0,0,0,0,1,0,0,0,0,0,0,0,0,0,0,1,0,0,0,0,0,0,0,0,0,0,0,0,0,0,0,0,0,0,0,0
3,124.951006599421,283.399719427681,1.4433087065296,0.201053975721741,28,5,52.1557998984167,-0.321708388675926,5,76.4627789509684,17.7394519378563,18.6458747931018,13.836469191122,-26782.2885501957,279.7045126524,0.0005504795713638,123.260525318523,2.8506417310487,1988,0,0,0,0,0,1,0,0,0,0,1,0,0,0,0,1,0,0,1,0,0,0,0,0,0,0,0,0,0,0,0,0,0,0,0,0,0,0,0,0,0,0,0,0
9,-41.9334537326915,291.438855967684,1.5797833619037,0.284571902073924,27,11,51.6643912075048,-0.690595968723554,1,86.106445301055,18.1563633824845,18.6269522070927,23.2055309666605,648947.212103308,284.286594411832,0.0011887561001626,259.477191442408,5.04860623448531,1992,0,0,1,0,0,0,0,0,0,0,1,0,1,0,0,0,0,0,0,0,0,0,0,1,0,0,0,0,0,0,0,0,0,0,0,0,0,0,0,0,0,0,0,0
8,-18.2854509093781,427.658070110562,1.81127914608903,0.170158636581449,5,22,52.2396400109908,0.956955489625602,10,93.6508749109814,17.7403838396085,18.6354759576497,32.9029310329717,3349754.77105248,284.898310948096,-0.0010154054525248,333.343659423483,5.52549682653807,1996,0,0,0,0,0,0,0,1,0,0,0,0,0,0,0,1,0,0,0,0,0,0,0,0,0,0,0,0,0,0,0,0,0,1,0,0,0,0,0,0,0,0,0,0
3,-12.9876930970854,482.828144059602,1.44319247081011,0.219063980135282,23,22,53.2140063989318,-0.978141895114864,4,76.3222108571334,17.725504163228,18.6269521900327,13.8077571054082,6963410.62432773,276.476759663143,-0.0013100676112787,206.887902530673,3.24978265182377,1992,0,0,1,0,0,0,0,0,1,0,0,0,1,0,0,0,0,0,0,0,0,0,0,0,0,0,0,0,0,0,0,1,0,0,0,0,0,0,0,0,0,0,0,0
0,58.2108153163359,362.746416221185,0.960187733654789,0.161281202002293,26,17,53.09583741816,0.0444144361478471,8,22.5579347591873,17.0042196697709,18.6534074247544,8.12018539394804,3901032.98000379,295.511923119458,0.0003262675819335,538.937468734242,8.00055205085936,1998,0,0,1,0,0,0,0,0,0,1,0,0,0,0,0,1,0,0,0,0,0,0,0,1,0,0,0,0,0,0,0,0,0,0,0,0,0,0,0,0,0,0,0,0
6,-31.5798929705397,552.743123966388,1.44154192835379,0.200606785267111,20,22,51.9152563911493,-1.5631587914892,3,76.3361241714813,17.7560298165126,18.6351609496802,13.8140163844337,-1257572.92777163,279.52235211903,0.0062058798506097,261.795645559944,6.22689597248736,1988,0,1,0,0,0,0,0,0,0,0,1,0,0,0,0,1,0,0,0,0,0,0,0,1,0,0,0,0,0,0,0,0,0,0,0,0,0,0,0,0,0,0,0,0
5,64.6280067921232,405.379977551473,1.44159262884421,0.217966874705863,20,7,54.2682966726247,-2.72858000646851,3,76.3410781650964,17.7566798124237,18.6365170340045,13.8013056516637,87287.7318605738,273.190852925204,0.0015803423769709,205.701623785594,6.13740108230074,1986,0,0,0,1,0,0,0,0,1,0,0,0,1,0,0,0,0,0,0,0,0,0,0,1,0,0,0,0,0,0,0,0,0,0,0,0,0,0,0,0,0,0,0,0
7,107.713516570065,456.455017320232,1.44233595378679,0.223868013275083,31,6,51.1885135425422,-1.34751720889585,8,76.3772524994224,17.7452859856263,18.6477635947771,13.7976934114355,10564.8681445307,285.676352776981,0.0012424952308129,325.412621648583,3.72437848254854,1989,0,0,0,0,0,1,0,0,0,0,1,0,0,0,0,1,0,0,0,0,0,0,0,0,0,0,0,0,0,0,0,0,0,1,0,0,0,0,0,0,0,0,0,0
7,73.130865644401,387.273220337989,1.44096593045519,0.158754065284789,4,3,50.619763470267,-0.721662422460816,4,76.3240444829528,17.7539400583104,18.6416963916838,13.8046322060331,1037896.5141887,280.616142995632,0.0004215673831819,69.782159699121,3.90955024840935,1987,0,0,0,1,0,0,0,0,0,0,1,0,1,0,0,0,0,0,0,0,0,1,0,0,0,0,0,0,0,0,0,0,0,0,0,0,0,0,0,0,0,0,0,0
7,-44.4790512131815,902.653334065289,1.80445241396047,0.169362590374761,2,14,50.7087747544907,-1.70973908184302,4,-172.312598909425,22.5795478276737,18.6423984037514,13.4811294123741,3316616.95938558,292.997421014976,0.0001957831088064,115.717942959654,7.08293716581638,1984,0,0,0,0,0,0,0,0,1,0,0,0,0,0,0,0,0,0,0,0,1,0,0,0,0,0,0,0,0,0,0,0,0,0,0,0,0,0,0,0,0,0,0,0
4,-39.4189398019374,496.045906923166,1.44147613353583,0.238505644314742,13,12,49.9529702333839,-0.105592890851511,11,76.3641705773972,17.7377281335915,18.6398356245119,13.8029315346294,3402955.86623017,282.237627333055,0.0004562651907593,175.203757237,6.30129192582669,1986,0,0,1,0,0,0,0,0,0,1,0,0,0,0,0,1,0,0,0,0,0,1,0,0,0,0,0,0,0,0,0,0,0,0,0,0,0,0,0,0,0,0,0,0
2,29.4511618405774,447.376382038626,1.27350707655985,0.193863387794346,1,7,53.4982236866474,-1.93052265484499,3,87.5887734403521,20.5488236761511,18.6382949926888,22.4271206735787,-138937.603697495,282.15852293153,-0.0005416274619403,265.736922478552,5.69486099841306,1984,0,0,0,1,0,0,0,0,0,1,0,0,0,0,0,0,0,0,0,0,0,0,0,1,0,0,0,0,0,0,0,0,0,0,0,0,0,0,0,0,0,0,0,0
6,261.775473020223,-4.44062806170173,1.44299838196058,0.226644801776332,13,21,52.8898995556764,0.141585765213522,10,76.2862926326148,17.7413353394646,18.6415115983721,13.8030989486135,1717165.54378947,275.192283065359,0.0006858538106374,427.233906119875,1.26465565367868,1992,0,0,0,0,0,0,0,1,0,1,0,0,0,0,0,1,0,0,0,0,0,0,0,0,0,0,0,0,0,1,0,0,0,0,0,0,0,0,0,0,0,0,0,0
6,297.458700376515,595.320992423798,1.63232704137508,0.220040326337436,27,4,53.1578397451528,-2.47751306164616,6,90.4903506244078,18.9333941867637,18.6449283706295,18.5607045899567,-10.7945141697211,282.926930543107,0.0003608534156625,273.587026473814,3.32142679219486,1990,0,0,1,0,0,0,0,0,0,1,0,0,1,0,0,0,0,0,0,0,0,0,0,1,0,0,0,0,0,0,0,0,0,0,0,0,0,0,0,0,0,0,0,0
3,-45.8381162826377,1031.25605177934,1.4422613718524,0.206114888539792,25,21,53.2021463892622,-4.14915307173186,5,76.3132685450158,17.7521745106901,18.6383061085839,13.8366161640781,5153779.38244935,284.889410984273,0.0014462140498846,205.032671277237,8.38959600701081,1985,0,0,0,0,0,0,1,0,0,0,1,0,1,0,0,0,0,0,0,0,0,0,0,0,0,0,0,1,0,0,0,0,0,0,0,0,0,0,0,0,0,0,0,0
2,-36.4597871295254,211.338111556078,1.28647407665523,0.162650337955496,30,23,50.6005063454239,-1.21608788624914,9,47.9854381939019,10.608111441421,18.6380854821905,11.6109979266452,9668967.1341493,283.954178085669,0.0005072340349874,228.947672088169,3.87324689213814,1984,0,0,0,0,0,0,0,1,0,1,0,0,0,0,0,0,0,0,0,1,0,0,0,0,0,0,0,0,0,0,0,0,0,0,0,0,0,0,0,0,0,0,0,0
5,81.8735165540159,439.827117746275,1.44154190179865,0.169016377085435,15,8,53.1259133371216,-3.37600573223652,4,76.3429051242299,17.7560397865872,18.6351603912927,13.8140161250924,668660.972535408,277.336876963889,0.0001119972201386,179.785672181985,2.16599663313526,1988,0,1,0,0,0,0,0,0,0,1,0,0,0,0,0,1,0,0,0,0,0,0,0,1,0,0,0,0,0,0,0,0,0,0,0,0,0,0,0,0,0,0,0,0
4,11.5664051661277,230.550156766782,1.4414305793527,0.18638456489205,8,1,52.3066125977396,2.41330245217793,2,76.1004126747997,17.7487219087405,18.6445238295909,13.8014512131865,1991769.17549344,277.384428037384,0.0006338521951296,283.195898691094,3.52360419876471,1995,0,1,0,0,0,0,0,0,0,0,1,0,1,0,0,0,0,0,0,0,1,0,0,0,0,0,0,0,0,0,0,0,0,0,0,0,0,0,0,0,0,0,0,0
4,36.1882386008887,301.263832862265,1.4415455984727,0.18304571430146,11,1,53.9466379704364,-1.21929772382651,8,76.3063003067195,17.7215892280845,18.6249958057186,13.8166597469309,5429474.51952209,283.43775343103,0.0009636884715915,181.400291469883,2.56383449481164,1999,0,0,0,0,0,0,0,1,0,0,0,0,0,0,0,1,0,0,0,0,0,0,0,0,0,0,0,0,1,0,0,0,0,0,0,0,0,0,0,0,0,0,0,0
7,46.9874628860144,357.915625705023,1.44125641032435,0.155536487862675,20,5,52.0828851949659,0.686508315035055,8,76.376909749367,17.7672386359934,18.6380207232002,13.8067642968514,102235.837385493,286.003189740502,-0.0008085526128731,164.545480380201,3.41738182525215,1983,0,1,0,0,0,0,0,0,0,1,0,0,0,0,0,1,0,0,0,0,0,0,0,0,0,0,0,0,0,0,0,0,0,0,1,0,0,0,0,0,0,0,0,0
1,43.2340502774995,324.148044258922,1.19617276275178,0.190326693601549,9,17,50.207828876058,0.201128421934212,7,79.8383973554236,25.0264893352844,18.734965624051,12.9099729088076,2650555.27534015,293.675420464531,0.0004103583146005,128.540233661183,5.4670465994672,1982,0,0,0,0,0,0,0,1,0,1,0,1,0,0,0,0,0,0,0,0,0,0,0,0,0,0,0,0,0,0,0,0,0,0,1,0,0,0,0,0,0,0,0,0
7,107.162360394569,690.288235295041,1.44196295745543,0.213177002877217,28,21,53.6566714371454,-1.74581379874675,5,76.3583224951481,17.7922052032957,18.6393504140133,13.7873868250453,7125782.73279532,282.894677599812,0.0012159701947869,123.385765721001,6.32204979695842,1988,0,0,1,0,0,0,0,0,0,1,0,0,1,0,0,0,0,0,0,0,0,0,0,0,0,0,0,0,0,0,0,0,0,0,1,0,0,0,0,0,0,0,0,0
8,36.7712824300094,750.527180533726,1.44180207655169,0.193999284422957,9,7,54.1179994055379,-2.25726622057971,1,76.2542198056909,17.7489036932264,18.6347735016841,13.8146174951296,239293.306567909,277.668889608237,-0.0043097501645859,280.98198382321,6.11976240172447,1981,0,0,0,0,1,0,0,0,0,1,0,0,1,0,0,0,0,0,0,0,0,0,0,0,0,0,0,0,0,0,0,0,0,0,0,0,0,0,0,0,0,0,1,0
8,-64.5024668483347,841.037087521243,1.44130052977913,0.154608956184642,15,9,50.7905243362906,-0.891127080847368,5,77.806454622159,17.7738976217402,18.6431965774395,13.7796537735073,2840943.77155055,281.822782819477,-0.0013358316304611,42.9084989034355,4.54965141136951,1996,1,0,0,0,0,0,0,0,0,0,0,0,0,0,1,0,0,0,0,0,0,0,0,0,0,0,0,0,0,0,0,0,0,0,0,0,0,0,0,0,0,0,0,1
8,95.7406306466475,-86.0224261402516,1.99312958581462,0.199816588531735,2,10,53.899719951196,-1.6627291577443,10,83.9835337647615,17.7348527318914,18.642983756476,30.891970823592,819837.800372788,281.151165778316,-0.0011703290338002,158.475304235007,1.13513544793301,1992,0,0,0,1,0,0,0,0,1,0,0,0,0,0,0,1,0,0,0,0,0,0,0,1,0,0,0,0,0,0,0,0,0,0,0,0,0,0,0,0,0,0,0,0
1,30.7663665491762,1096.91370481233,1.86076900664566,0.171251465053874,21,1,52.1744942327226,-0.510596533235559,3,62.8074264590507,17.6905577429387,18.6037562772402,12.7649396627195,3237373.03630827,282.214255851923,0.0010061461356808,266.565198049671,9.44899758555943,1992,0,0,0,0,0,0,1,0,0,0,1,0,0,0,0,0,0,0,0,0,0,0,0,0,0,0,0,0,0,0,0,0,0,0,0,0,0,0,0,0,1,0,0,0
4,211.748744721904,558.327228015414,1.44138460531856,0.211056741047169,13,5,55.1483616473451,-1.97083595685492,8,76.2654359718829,17.7396854761236,18.6404714107638,13.7942187657555,29102.8991932733,283.892521174396,0.0004442267369226,259.167501436247,6.4358713417496,1998,0,0,0,0,0,0,1,0,1,0,0,0,1,0,0,0,0,0,0,0,0,1,0,0,0,0,0,0,0,0,0,0,0,0,0,0,0,0,0,0,0,0,0,0
7,73.8782720128724,1181.89498446594,1.44234985903398,0.21016494712675,29,21,49.7932067803637,-2.09237138079252,11,67.3053730084173,93.610610687717,18.6412304526251,15.300118402575,5580930.64335124,285.358655278345,-0.0044457824605562,79.2385188737422,10.42360869852,1989,0,0,0,0,1,0,0,0,0,0,0,0,0,0,0,0,0,0,0,0,0,0,0,0,0,0,0,0,0,0,0,0,0,1,0,0,0,0,0,0,0,0,0,0
4,23.1319828923713,626.442747246522,2.13138782590209,0.206933726301884,1,21,50.7577933327373,-3.12075359361918,4,81.7994423170468,15.2889908418393,18.642152419461,19.1638610159664,3560156.34334829,280.725212072323,-0.0017461295623275,242.393090295623,6.71617551093124,1991,0,0,0,1,0,0,0,0,0,0,0,0,1,0,0,0,0,0,0,0,0,0,0,1,0,0,0,0,0,0,0,0,0,0,0,0,0,0,0,0,0,0,0,0
6,66.3180979118088,1024.89290402868,1.44283286618581,0.22650871837641,29,17,52.2568477654637,-0.935649032396716,1,76.5047972897498,17.7538131732803,18.6448501899142,13.8099511820888,3695601.64619741,278.573606563964,-0.0010236897266653,176.581631577275,9.26980221258516,1990,1,0,0,0,0,0,0,0,0,0,1,0,0,0,0,1,0,0,0,0,0,0,1,0,0,0,0,0,0,0,0,0,0,0,0,0,0,0,0,0,0,0,0,0
7,143.402886702455,789.443132264556,1.44221540299885,0.166292460253259,11,21,53.8398799694492,-3.31205501771015,6,76.3145857212573,17.7615875791307,18.6433960668252,13.8105108423631,6963791.21826588,282.572654472188,0.0041989294862361,229.951108184016,2.62482895524066,1987,0,0,0,0,1,0,0,0,0,0,1,0,1,0,0,0,0,0,0,0,0,0,0,0,0,0,0,0,0,0,0,0,0,1,0,0,0,0,0,0,0,0,0,0
8,-102.754964027849,970.470672586774,1.37537712507428,0.134432035954601,10,16,51.6094463874325,0.0748589859185507,11,76.2670170568835,17.7275280276538,18.6446494338958,13.8476899686048,-105487.103460338,283.482111105243,0.0017718668862081,209.611842771798,7.9776323253731,2000,0,0,0,0,0,0,1,0,0,0,1,0,0,0,0,1,0,0,0,0,0,0,0,0,0,0,0,0,0,0,0,0,0,0,0,0,0,0,0,0,0,1,0,0
0,114.718430289736,1307.70070594824,0.16965502824241,0.205443131117669,21,17,52.8404037492208,0.299914292322095,8,22.4298184296107,66.2604336188828,18.6480955635114,8.79665459961856,6261786.79428003,295.969713051132,-0.0002791368292339,166.587906113504,2.9391846736174,2000,0,0,0,0,0,0,0,0,1,0,0,0,1,0,0,0,0,0,0,0,0,0,0,0,0,0,0,0,0,0,0,0,0,0,0,0,0,0,0,1,0,0,0,0
9,126.817164431807,1750.1221002298,1.26979421764732,0.160581228841356,7,14,52.703556000397,0.222475915767457,4,87.6188733774574,-1.99982904278523,18.6371932315266,8.75618274230607,6913108.75164049,289.333748850333,0.0014076190010072,266.191805236998,3.39789783237672,1981,0,1,0,0,0,0,0,0,0,1,0,0,0,0,0,1,0,0,0,0,0,0,0,0,0,0,0,0,0,0,0,1,0,0,0,0,0,0,0,0,0,0,0,0
0,-46.5470361293123,1468.63049820053,1.43968053268612,0.136322684883002,18,17,52.77820817071,-1.29041357137595,2,38.7668103926875,54.8677749980393,18.6427362577942,-0.23329267294327,4123519.40103354,280.427203951981,-0.0001750101713213,251.720147810268,13.5164492720672,1997,0,0,1,0,0,0,0,0,0,1,0,0,1,0,0,0,0,0,0,0,0,0,0,0,0,0,0,0,0,0,0,0,0,0,0,0,0,0,0,0,1,0,0,0
9,181.239985888412,1901.35011122773,0.54349701549204,0.128143242184706,16,13,52.0896541537964,-1.93009394271437,4,75.0372936691148,41.0000791736444,18.6409926833455,18.6089130161029,7203318.65125492,286.829417294835,0.0009216107276488,168.493510043806,4.06470716659809,1996,0,1,0,0,0,0,0,0,1,0,0,0,1,0,0,0,0,0,0,1,0,0,0,0,0,0,0,0,0,0,0,0,0,0,0,0,0,0,0,0,0,0,0,0
4,64.2278902653976,329.367010059561,1.44218305681096,0.151715028951809,8,8,53.5629415214655,-0.240742905521682,8,76.3394523527794,17.7602601207178,18.6383951260413,13.7686789871177,725074.305512771,288.808343265977,0.0005442648605237,288.146591506793,5.52515282940513,1987,0,0,0,0,0,1,0,0,0,0,0,0,0,0,0,1,0,0,0,0,0,0,0,0,0,0,0,0,0,0,0,0,0,0,0,0,0,0,0,0,0,1,0,0
2,69.4410788183883,935.928142495674,1.44164050971502,0.21932346717922,18,0,53.9447345415776,-0.373299616528316,11,76.3076069595738,17.6985927680546,18.6449207618376,13.7957529583064,629509.695680283,278.242240670025,0.0005507646084083,281.440981940029,12.0135829835222,1990,0,0,1,0,0,0,0,0,0,0,1,0,1,0,0,0,0,0,0,0,0,0,0,0,0,0,0,0,0,1,0,0,0,0,0,0,0,0,0,0,0,0,0,0
5,72.6216047673615,225.768593311879,1.44104443947304,0.173405932250473,17,7,53.3028292614419,-1.59505085784943,11,76.327577278991,17.7688909646035,18.6471023917048,13.8193750807401,140462.164146114,279.973980105599,0.0005157971398591,195.410128448308,3.35411977749809,1988,0,0,0,0,0,0,0,0,0,0,0,0,1,0,0,0,0,0,0,0,0,1,0,0,0,0,0,0,0,0,0,0,0,0,0,0,0,0,0,0,0,0,0,0
1,136.952746309971,455.315121578762,1.28675308792538,0.225147484989266,6,11,52.3147720760424,-1.43744136508721,2,-1458416.55168582,25.2258455864555,18.6821901723324,-103533.365825377,-7027911355.2717,275.859661285102,5.44353058152318,111.372746939508,1.30809504446087,1985,0,0,0,0,0,0,0,0,0,1,0,1,0,0,0,0,0,0,0,0,0,0,0,0,1,0,0,0,0,0,0,0,0,0,0,0,0,0,0,0,0,0,0,0
4,82.1762326878657,2084.69764273358,1.44110773997712,0.2533709867543,19,12,52.4149682209923,0.788049288963269,8,76.2871948976427,17.7894060112391,18.6447549097286,13.8088138510066,9608288.46798399,292.260135159815,-0.0023086908057359,264.448825926187,8.55092187739216,1990,0,0,0,1,0,0,0,0,1,0,0,0,0,0,0,1,0,0,0,0,0,0,0,0,1,0,0,0,0,0,0,0,0,0,0,0,0,0,0,0,0,0,0,0
9,-36.0938635760477,1043.8131724202,0.934977372456032,0.141843757230144,31,17,52.1955823861149,-2.01912967435368,4,49.1871938876305,16.4561801075487,18.6453116597647,16.5588676141871,4051051.80480049,280.943702472177,-0.0001318064037901,163.498107477535,6.24780535389231,1992,0,0,0,0,0,1,0,0,0,1,0,0,1,0,0,0,0,0,0,0,0,0,0,1,0,0,0,0,0,0,0,0,0,0,0,0,0,0,0,0,0,0,0,0
5,-3.83706931699166,1175.65373411362,1.4420247921978,0.233798238327103,3,12,54.1534157149598,-1.12497004947389,12,76.3331430111064,17.7388428153107,18.6398120003664,13.8033994696008,2137807.33083756,283.05082613939,-0.0027735896952505,217.818610473338,11.0554519035657,1985,0,0,0,1,0,0,0,0,0,0,1,0,1,0,0,0,0,0,0,0,0,0,0,1,0,0,0,0,0,0,0,0,0,0,0,0,0,0,0,0,0,0,0,0
1,238.089310213242,1457.25858716196,1.04265570512937,0.102967074399233,17,11,52.383921477102,-1.87600341126593,8,44.4467385311475,5.19807913463536,18.0169602202715,11.9222222719602,4066316.6314846,286.506042064188,0.0023611715275321,261.991979373862,3.12955277490219,1992,0,1,0,0,0,0,0,0,0,1,0,0,0,0,0,0,0,0,0,0,0,0,0,0,0,0,0,0,0,0,0,0,0,0,0,0,0,0,0,0,0,1,0,0
4,49.0525878408638,1092.42216907748,1.48960199484919,0.236789433096737,10,8,52.1655574864509,-1.82898475957525,2,76.3969680631764,17.7296893266511,18.6352621744986,13.8193516085927,507263.550492352,277.106664018126,-0.0007414844802583,323.050256239238,8.88816131064149,1991,0,1,0,0,0,0,0,0,0,1,0,1,0,0,0,0,0,0,0,0,0,0,0,1,0,0,0,0,0,0,0,0,0,0,0,0,0,0,0,0,0,0,0,0
9,105.431021128179,1649.49529990385,1.37215031716096,0.162985714269445,23,19,52.6300239994833,-2.19554648621278,10,69.4426441920357,15.105612835729,18.1960518132011,16.5094331035787,4427189.40142409,288.187843159977,-1.97975120553797e-05,281.610353511538,12.6063149179614,1986,0,1,0,0,0,0,0,0,1,0,0,0,0,1,0,0,0,0,0,0,0,0,0,1,0,0,0,0,0,0,0,0,0,0,0,0,0,0,0,0,0,0,0,0
1,43.2343533937746,1448.81642963585,1.44192966433061,0.195316721807755,29,18,52.1913565777054,-0.834721746049884,10,76.3018805378473,17.759985123766,18.2689266527699,13.8065885128492,2760557.98659036,283.256239955113,-0.0017899502129793,285.694088404889,11.2420994134935,1998,0,0,0,0,1,0,0,0,0,1,0,0,0,0,0,1,0,0,0,0,0,0,0,0,0,0,0,0,0,0,0,0,0,0,0,0,0,0,0,0,0,0,0,1
5,116.788163141559,880.631685976841,1.4411662840467,0.15944033557431,8,11,53.3658579323279,-2.08243747558383,6,76.3208712408935,17.7484926552987,18.6374784212264,13.8322769983146,2105834.52934389,287.378518183592,0.0040932495509249,216.919072479997,7.70892201182325,1981,0,1,0,0,0,0,0,0,1,0,0,0,1,0,0,0,0,0,0,0,0,0,0,0,0,0,0,0,0,0,0,0,0,1,0,0,0,0,0,0,0,0,0,0
1,137.245688920688,523.608936133074,1.27350702442382,0.268429746578268,4,6,52.0626898177878,-2.94112785443168,2,81.3504004972824,21.9924952703963,18.6370836327892,22.4271196500243,58464.2181802954,281.380717083638,-0.0014751375384686,223.97428344809,5.63212049491387,1985,0,0,0,1,0,0,0,0,0,0,0,0,0,0,0,0,0,0,0,0,0,0,0,1,0,0,0,0,0,0,0,0,0,0,0,0,0,0,0,0,0,0,0,0
8,176.619759950159,714.191926489637,2.5907037696449,0.137060337194038,24,9,54.3443676152308,-1.68695693854609,6,90.4954445510963,17.7351190802838,18.6452648847466,40.3906994711065,2555589.32517618,289.013321668663,-1.03675046786588e-05,45.6719541010986,3.96260912576578,1992,0,0,0,0,1,0,0,0,0,0,1,0,0,0,0,1,0,0,0,0,0,0,0,1,0,0,0,0,0,0,0,0,0,0,0,0,0,0,0,0,0,0,0,0
1,-43.7544265776866,641.975609444991,1.27530915468529,0.208085606575193,30,1,54.8976817700255,0.326882496676387,11,78.9716954845582,16.9497980736906,18.5280711625052,12.2891507788697,7084008.30947958,282.558373111383,-0.0064505457034418,227.209161889441,6.97907932282861,1992,0,0,0,0,0,1,0,0,0,0,0,1,0,0,0,0,0,0,0,0,0,0,0,0,0,0,0,0,0,0,0,0,0,0,0,0,0,0,0,0,0,0,1,0
8,8.79152835455353,887.964352627854,1.44272655049871,0.143354231513106,28,21,54.6761598504688,-1.85946565584759,6,76.368129146287,17.7094703106029,18.6438680252194,13.7940538557901,11522250.5233316,287.727602319611,-0.0009430447363468,12.7250865160908,3.01322674019924,2000,0,0,0,0,0,0,0,0,0,1,0,0,0,0,0,1,0,0,0,0,0,1,0,0,0,0,0,0,0,0,0,0,0,0,0,0,0,0,0,0,0,0,0,0
7,10.1422702689067,336.350813816925,1.44162472314238,0.222408641000908,10,4,53.2575666571568,0.169835631205173,8,76.2927661128948,17.7432966682489,18.6395427992966,13.7929293446964,4.625367007771,287.005137716219,0.0003083526972084,19.8480600300631,4.24003850419535,1984,0,1,0,0,0,0,0,0,0,0,0,0,1,0,0,0,0,0,0,0,0,0,0,0,0,0,0,0,1,0,0,0,0,0,0,0,0,0,0,0,0,0,0,0
1,69.3891081390401,1169.75385918732,0.134127011275451,0.187377039273037,1,21,52.9197382775478,-3.15634654743504,6,-115656.693468476,16.3542339905465,18.5711003311081,31073.7856546605,-2271692880.08712,287.382588692954,0.626602048230917,207.649584869397,1.58146552659498,1999,0,0,1,0,0,0,0,0,1,0,0,0,0,0,0,0,0,0,0,0,0,0,0,0,1,0,0,0,0,0,0,0,0,0,0,0,0,0,0,0,0,0,0,0
9,121.689618053249,257.173390778496,0.481106426218308,0.157460743637216,23,7,52.0067506742093,-0.13061796619906,7,66.4717483645422,0.1370124107899,18.6476706757947,6.67729402650936,57712.2071837037,286.896921924481,-0.0003898319343035,292.921693179753,2.20616089092762,1997,0,0,0,0,0,0,0,0,0,0,1,0,1,0,0,0,0,0,0,0,0,0,0,0,0,0,0,0,0,0,0,0,0,0,0,0,0,0,0,1,0,0,0,0
7,-36.3449668632644,273.18686150397,0.839431501705593,0.228137131272243,28,14,54.1115644262284,-2.77462194851165,10,76.8366527123936,17.7482573493117,18.6369459232807,30.405156061631,2065198.16596731,285.807382096482,0.0007022428695732,174.669092123464,4.93239249814513,1982,0,0,0,1,0,0,0,0,0,0,0,0,0,0,0,1,0,0,0,0,0,0,0,1,0,0,0,0,0,0,0,0,0,0,0,0,0,0,0,0,0,0,0,0
4,1.57475773578517,1118.55575893875,1.44283862358172,0.257167223779959,1,0,52.6906013018274,-1.47901744196388,10,76.337599388145,17.7652497251929,18.6421089801862,13.8133670150349,1420783.17607747,282.178409535057,-0.0024016947434339,261.34186750093,11.0399863293853,1991,0,0,0,0,1,0,0,0,0,1,0,0,1,0,0,0,0,0,0,0,0,0,1,0,0,0,0,0,0,0,0,0,0,0,0,0,0,0,0,0,0,0,0,0
1,125.840642421142,808.848105028899,1.1737328513174,0.189114575450699,27,16,51.6870093035546,0.960744682366717,4,93.8931434445843,-20.2247494898993,18.6459682400982,6.61977794443637,2465467.50159653,283.267727640267,0.0008708374305747,71.0274371883402,2.17074657609189,1988,0,0,0,0,0,0,0,1,1,0,0,0,0,0,0,0,0,0,0,0,0,0,0,0,0,0,0,0,0,0,0,0,0,0,0,0,0,0,0,0,0,0,0,0
2,68.3580753677846,290.910016710344,1.44188852901765,0.153315735572543,7,5,52.7503831734147,-1.80547167244797,9,76.3237196786236,17.7660647573016,18.6354652177364,13.8436456862159,162526.837523722,286.544774932406,-0.007040482204006,137.270054545151,4.04269884000925,1988,0,1,0,0,0,0,0,0,0,1,0,0,1,0,0,0,0,0,0,0,0,0,0,0,0,0,0,0,0,0,0,0,0,0,0,0,0,0,0,1,0,0,0,0
7,108.693901997276,-87.994119984844,1.44196293799958,0.156226830117907,10,19,52.7242130335283,-1.14925460806013,11,76.3574971139652,17.7912518217198,18.6354657900361,13.7873869263269,5717879.12213598,277.47141121816,-0.0023675632987542,214.941227324485,-0.402144192665534,1988,0,1,0,0,0,0,0,0,1,0,0,0,1,0,0,0,0,0,0,0,0,0,0,0,0,0,0,0,0,0,0,0,0,0,1,0,0,0,0,0,0,0,0,0
8,59.5788866573458,376.697715226183,1.38963143689687,0.150478937370631,26,18,53.42878509675,-2.33894048981143,10,76.2489811535729,17.7164598575057,18.3487844346928,13.8153307700605,1971402.93249013,284.512437427795,-0.000392558565687,274.757884889091,4.07577123538944,1999,0,0,0,0,1,0,0,0,0,0,0,0,0,0,0,1,0,0,0,0,0,0,0,0,0,0,0,0,0,0,0,0,0,0,0,0,0,0,0,0,0,1,0,0
9,53.5675920062533,566.946353923519,1.25334898231158,0.156471129280659,12,22,53.886315610933,-1.78045268485614,1,37.3018297297034,24.5437137793503,18.739098719284,11.9557502621547,6349009.54468464,282.468967705657,-0.0021071417235641,186.744716553496,6.71258676781446,1998,0,1,0,0,0,0,0,0,0,0,1,0,0,0,1,0,0,0,0,0,0,0,0,0,0,0,0,0,0,0,0,0,0,0,0,0,0,0,0,1,0,0,0,0
2,64.8070104606635,650.975791880254,1.07217654342498,0.121757913652264,26,17,53.3173156683953,-1.33846881174445,6,58.2103222999037,17.7478277044083,18.6428842998036,18.4125970982677,2951680.69005237,288.60364325504,0.0017686463662233,-22.9053012651337,16.1945291619815,1997,0,1,0,0,0,0,0,0,1,0,0,0,0,0,0,1,0,0,0,0,0,0,0,0,0,0,0,0,0,0,0,0,0,1,0,0,0,0,0,0,0,0,0,0
6,-36.9701610203433,814.553657389725,1.44089478527951,0.266081985083861,31,8,53.5421764123429,-1.14216374987886,12,76.3761805188966,17.7329156947714,18.6486871921932,13.7821519740736,1474197.95431009,281.65615722152,-0.0348257002633785,225.809865464094,5.51269556925217,1999,0,0,0,1,0,0,0,0,0,0,1,0,0,0,1,0,0,0,0,0,0,0,0,0,0,0,0,0,0,1,0,0,0,0,0,0,0,0,0,0,0,0,0,0
8,55.4651180033704,-724.231750728272,1.23620795811774,0.195610749549047,25,0,51.7936640087574,-0.349226204159652,11,453.271622808318,17.1941578300273,18.6265618514519,1.39386294902129,12642808.736914,277.110200020421,-0.007296937511344,153.147925158555,-6.75530820448338,1995,0,0,0,0,0,0,0,1,0,0,0,0,0,0,0,1,0,0,0,0,1,0,0,0,0,0,0,0,0,0,0,0,0,0,0,0,0,0,0,0,0,0,0,0
5,92.3808491279183,561.762916729687,1.441592627153,0.170115021575933,11,22,53.2053166162635,-1.3649626864162,12,76.342952553693,17.7567215058391,18.6436207881925,13.8013063545171,775806.521819564,278.694117888426,0.001396641874521,208.357091575957,8.96089248904075,1986,0,0,0,0,0,0,1,0,0,0,0,0,1,0,0,0,0,0,0,0,0,0,0,1,0,0,0,0,0,0,0,0,0,0,0,0,0,0,0,0,0,0,0,0
5,141.206439064991,445.977491201646,1.44151519190751,0.24654269953516,24,15,52.1338894697849,-0.876383873703075,12,76.2962374994793,17.7366779623185,18.6369229535237,13.816838156919,244214.881891108,279.33736101994,0.0001262167124695,259.66562418175,1.96659268040645,1982,0,0,0,1,0,0,0,0,0,0,0,0,0,0,0,1,0,0,0,0,0,0,0,0,1,0,0,0,0,0,0,0,0,0,0,0,0,0,0,0,0,0,0,0
1,-62.3158523132145,131.784099039784,1.28136740354042,0.173559581998449,22,18,53.2230881268749,-0.467696976933222,11,68.9627598503209,9.86627884734446,17.7312998695009,14.5716125028908,799779.795970846,274.964887371877,0.0008715234608834,204.199423831707,1.98949086690514,2000,0,0,0,0,1,0,0,0,0,0,1,0,1,0,0,0,0,0,0,0,0,0,0,0,0,0,0,0,0,0,0,0,0,0,0,0,0,1,0,0,0,0,0,0
4,117.312938735202,1101.52267631462,1.44218570289225,0.22335050388332,26,16,53.2615843557722,-3.62226071017345,11,76.3799614860603,17.7440919353463,18.6423617287702,13.8136197062747,2208516.27123807,279.194822943774,0.0003471594130037,24.5264946899455,10.6039305550046,1990,0,0,0,0,0,0,0,1,0,1,0,0,1,0,0,0,0,0,0,0,0,0,0,0,0,0,0,0,0,0,0,0,0,1,0,0,0,0,0,0,0,0,0,0
2,35.1932864163837,700.318733720041,1.44276240747702,0.171821461048389,26,5,53.0000943870919,-1.41004218737494,9,76.3769268939663,17.7529715597622,18.6374450960408,13.8035883446526,108296.314710866,286.297325316265,-0.0013357826752057,182.376994991683,9.15212921653599,1982,1,0,0,0,0,0,0,0,0,0,0,0,0,0,0,1,0,0,0,0,0,0,0,0,0,0,0,0,0,0,0,0,0,0,1,0,0,0,0,0,0,0,0,0
9,17.2928736682419,1721.26246429855,1.31740478628754,0.111676235039153,8,13,49.2995770586729,-0.171513123504014,4,467703.442154897,50.4331181209465,18.6396443605051,170379.736096496,2345158564.03133,285.695274720676,-0.896076505041983,290.743721375,15.1781092528297,1994,0,1,0,0,0,0,0,0,0,1,0,0,0,0,1,0,0,0,0,0,0,0,0,0,1,0,0,0,0,0,0,0,0,0,0,0,0,0,0,0,0,0,0,0
6,159.940859531254,1625.80325635822,1.48689075409788,0.210050246833288,14,12,52.122181348196,-2.49270183147168,5,68.8824478258761,25.1383499126108,18.6449211376613,18.344860464032,5997782.00814051,291.401166485463,0.0009949613328308,148.097742899142,5.15792349002992,1990,0,0,0,1,0,0,0,0,0,1,0,0,1,0,0,0,0,0,0,0,0,0,0,1,0,0,0,0,0,0,0,0,0,0,0,0,0,0,0,0,0,0,0,0
1,83.5283379455045,789.850413209976,0.945906415216991,0.177652848090123,13,17,54.1925925307749,-1.2326028459127,6,34.7085247317439,22.0119268623911,18.6442761294117,10.8444381278539,1980756.06636205,285.489867036806,0.0002949848316859,158.026018846539,5.69543876838331,1989,0,0,0,0,0,0,0,1,0,1,0,0,0,0,0,0,0,0,0,0,0,0,0,0,0,0,0,0,0,0,0,0,0,0,0,0,0,0,0,0,0,1,0,0
5,-94.7842241264047,939.561984268145,1.44186981015144,0.189522317471525,25,9,52.3293510490215,-0.17810791362637,6,62.2417134887288,17.7408548799312,18.6417139348158,13.8135539998779,2061618.87902599,289.622080517931,-0.0006311884527957,47.9287256492814,5.51182699012219,1987,0,0,0,1,0,0,0,0,0,0,1,0,1,0,0,0,0,0,0,0,0,0,0,1,0,0,0,0,0,0,0,0,0,0,0,0,0,0,0,0,0,0,0,0
7,188.96144541214,353.233886262823,2.6355507634775,0.148345751699307,21,8,51.1350344738299,-2.22823074317682,9,56.9021118128469,17.7482064634161,18.6374451405033,4.3925027982314,1112496.17737446,283.957282287093,-0.0018994717099814,215.517879890385,2.63447966483971,1982,1,0,0,0,0,0,0,0,0,0,0,0,0,0,0,1,0,0,0,0,0,0,0,1,0,0,0,0,0,0,0,0,0,0,0,0,0,0,0,0,0,0,0,0
9,75.81063214984,544.731922402862,0.94590642845227,0.121443099856243,16,21,52.8455807325995,-0.26708287388536,4,41.1036272594186,10.928045935901,18.6360244115604,11.7816713219434,7064161.62603254,280.798502478901,8.68842228324955e-05,181.708231498738,4.58362599337608,1996,0,0,0,0,0,0,0,1,0,1,0,0,0,0,0,0,0,0,0,0,0,0,0,0,0,0,0,0,0,0,0,0,0,0,0,0,0,0,0,0,0,1,0,0
0,57.2473211364745,955.207504756878,0.45457901556271,0.180848834527937,14,16,50.9597004437229,-1.27615207105777,4,25.0144044813212,47.0304191298587,18.6417878353262,-8.46824982372594,4953291.02798544,282.530653673496,0.0006085468950152,-98.2655480522389,1.42072405143586,1997,0,1,0,0,0,0,0,0,0,1,0,0,1,0,0,0,0,0,0,0,0,0,0,1,0,0,0,0,0,0,0,0,0,0,0,0,0,0,0,0,0,0,0,0
6,-17.4005265239764,1077.17658558775,1.44118305432485,0.12732298008911,1,8,51.7052273380628,-1.98893748006264,4,76.295660703226,17.7599391079947,18.6360005743851,13.803949364755,446325.76570488,278.359872362779,0.0011204765704579,273.52779120892,8.88672121102302,1986,0,0,0,0,0,1,0,0,0,1,0,0,0,0,0,1,0,0,0,0,0,0,1,0,0,0,0,0,0,0,0,0,0,0,0,0,0,0,0,0,0,0,0,0
7,259.349744348241,-119.241539584957,1.44173168226692,0.182618353674889,20,3,51.9880651474406,-0.956430261041263,1,76.3777956670091,17.7512726972861,18.6421958289294,13.8412343654864,146672.365597733,275.054963692997,-0.000241757795945,118.07014537152,4.09520102541048,1984,0,0,0,0,0,0,0,0,0,0,0,0,0,0,0,1,0,0,0,0,0,0,0,0,0,0,0,1,0,0,0,0,0,0,0,0,0,0,0,0,0,0,0,0
4,7.70137372762029,882.434125577054,1.44177519204118,0.236489863923618,14,13,53.8545561567604,-0.591370436101175,1,76.3574751092687,17.7436543506152,18.6400273487985,13.7904678577635,423812.705565451,280.296106774774,0.001997287957242,251.940155332602,10.439433244969,1993,0,0,0,0,0,0,1,0,0,0,0,0,0,0,0,1,0,0,0,0,0,0,0,0,0,0,0,0,1,0,0,0,0,0,0,0,0,0,0,0,0,0,0,0
9,-1.49160856042953,239.618016639697,0.747485542616656,0.182256845695213,9,18,51.4594695412976,0.564118484130955,11,47.8917657914294,8.99261956030717,18.6415446679356,4.70924073619155,134157.519787436,283.006109728946,0.0007201445836076,221.297632881204,1.64195315514775,1998,0,0,0,1,0,0,0,0,0,0,0,0,1,0,0,0,0,0,0,0,0,0,0,0,0,0,0,0,0,0,0,0,1,0,0,0,0,0,0,0,0,0,0,0
0,142.056145722791,1602.21213626912,2.58136106243264,0.167562779795434,2,16,52.5146665012767,-1.23445478515931,2,29.6620883277031,20.0963548671131,20.8909573515233,16.3527768459243,3634297.32840473,284.336402418624,6.43168983193859e-05,322.092574099251,9.17418417881353,1998,0,1,0,0,0,0,0,0,0,1,0,0,0,0,0,1,0,0,0,0,0,0,0,1,0,0,0,0,0,0,0,0,0,0,0,0,0,0,0,0,0,0,0,0
2,153.564506836859,243.087733086064,1.44375329909129,0.191297796629718,6,2,52.0707672524083,-2.60476743979163,4,76.2576625299638,17.737652799737,18.6408840298063,13.7566978279573,4095192.5648691,278.077047363576,-0.0002194114277662,130.024449647716,3.72648692445884,1996,0,0,0,0,1,0,0,0,0,1,0,0,1,0,0,0,0,0,0,0,0,0,0,0,0,0,0,0,0,0,0,0,0,0,0,0,0,0,0,0,0,0,0,0
5,-5.48240942006392,-2.15247589498472,1.44259326719251,0.146208642671548,25,22,52.6704548578547,-2.07564875727701,4,76.312733289327,17.7376412486214,18.6390243663715,13.8105341166549,6716266.69266497,277.954878671822,0.0002189933250343,88.3148331865251,2.07595808158743,1984,0,0,0,1,0,0,0,0,0,0,1,0,1,0,0,0,0,0,0,0,0,0,0,0,0,0,0,0,0,0,0,0,0,1,0,0,0,0,0,0,0,0,0,0
6,31.0366783721651,969.23682066689,1.44289564286595,0.126476521321185,4,9,51.9978520446598,-1.00541608977108,1,76.3515931860839,17.7311660168611,18.6405440403859,13.8249635780833,1653810.2951033,278.805774880862,-0.0206842039355382,168.799746215166,10.2527961685235,1995,1,0,0,0,0,0,0,0,1,0,0,0,0,0,0,1,0,0,0,0,0,0,0,0,0,0,0,0,0,1,0,0,0,0,0,0,0,0,0,0,0,0,0,0
8,-98.4176426135975,123.185694698395,1.44439033599352,0.217271391639444,4,22,51.0995114175255,-1.04843988326798,2,76.2685383990892,17.7512727795598,18.6401393661902,13.7622078735873,2653388.14781429,273.605871358883,-0.0010367508921543,270.719246870247,2.99505583702326,1983,1,0,0,0,0,0,0,0,0,0,1,0,1,0,0,0,0,1,0,0,0,0,0,0,0,0,0,0,0,0,0,0,0,0,0,0,0,0,0,0,0,0,0,0
9,88.4380886882108,86.707832724013,1.64156203569839,0.145685174156235,10,1,53.0125562444815,-1.21419172834232,5,48.2774055510281,21.2017393884008,18.6096187443947,17.3834660607549,6671454.75826732,285.679644605425,-0.0005836036493899,317.991845807788,1.20613161964819,1991,0,0,0,0,0,0,1,0,0,0,1,0,0,0,0,1,0,0,0,0,0,0,0,0,0,0,0,0,0,0,0,0,0,0,0,0,0,0,1,0,0,0,0,0
5,118.39830626242,655.090634583189,1.44166507098435,0.180312634069787,22,23,50.6326823490736,-0.678245042231035,5,76.3976189961412,17.7461662442568,18.637852169758,13.8375380108007,3071402.45114853,282.27286580564,0.0026937020149531,229.953355946317,8.19921185914401,1986,1,0,0,0,0,0,0,0,0,1,0,0,0,0,1,0,0,0,0,0,0,0,0,1,0,0,0,0,0,0,0,0,0,0,0,0,0,0,0,0,0,0,0,0
0,58.8769486126807,47.4447935534066,-0.0322077147885897,0.117711152294779,11,23,54.358163001124,-1.94289670916184,8,38.9761062511167,49.2064999355148,15.7177832223824,3.35088788153568,8264653.81481397,286.294932241746,0.0002885854816311,306.6990704136,2.80563250926663,1998,0,1,0,0,0,0,0,0,0,1,0,0,1,0,0,0,0,0,0,0,0,0,0,0,0,0,0,0,0,0,0,0,0,0,1,0,0,0,0,0,0,0,0,0
8,52.960878493966,1102.09454060545,1.44233268368749,0.149554554203936,4,12,53.7614700909125,-1.87848388536407,11,-78083.1588905486,21.8710534352835,18.5984058722315,10453.9769205806,-524071378.403059,279.000866650283,0.996701925512992,166.101647616315,2.26313147239608,1982,1,0,0,0,0,0,0,0,0,1,0,1,0,0,0,0,0,0,0,0,0,1,0,0,0,0,0,0,0,0,0,0,0,0,0,0,0,0,0,0,0,0,0,0
6,31.7696471749153,-479.731440199715,1.44182616965577,0.276637354052789,11,20,52.3640014317404,1.50255963153833,7,76.3476190098016,17.7412591348947,18.6386294388193,13.8162500656731,6214522.34961286,290.175644403751,0.001519736120815,288.921765444808,2.04284305442163,1989,0,0,1,0,0,0,0,0,0,0,1,0,0,0,0,1,0,0,0,0,0,0,1,0,0,0,0,0,0,0,0,0,0,0,0,0,0,0,0,0,0,0,0,0
7,96.9856983099312,362.273217461174,1.44353935269462,0.235125157201502,28,21,54.7172081266175,-3.84810964746821,1,76.3609358356709,17.7735180896519,18.6454629617923,13.8197406415311,2205294.31695583,273.372106229063,-0.0015989414730803,299.027155386451,1.54804421896962,1994,0,0,0,0,0,0,0,1,0,1,0,0,0,0,0,1,0,0,0,0,0,0,0,0,0,0,0,0,1,0,0,0,0,0,0,0,0,0,0,0,0,0,0,0
1,161.464841778249,906.173337758622,1.30759611579955,0.152032598366364,1,0,50.8404901007544,-0.221850624371017,10,227.34870013108,41.2427744622334,18.6441459341712,1.36681933353543,4975782.93683845,284.721484947724,8.15622968584864e-05,239.988473346655,6.39684987730027,1999,0,0,0,1,0,0,0,0,0,0,0,0,0,0,0,0,0,0,0,0,0,0,1,0,0,0,0,0,0,0,0,0,0,0,0,0,0,0,0,0,0,0,0,0
3,160.233910292314,473.270908550568,1.44208245183011,0.157654511262866,31,10,51.2754595366685,-2.28610744899935,1,76.2627047135234,17.7330371947174,18.6359210903768,13.8036255746836,-1315726.76076475,281.041354543671,0.0039680779663697,262.976368226644,5.94085367072471,1984,0,0,0,0,1,0,0,0,1,0,0,0,0,0,0,1,0,0,0,1,0,0,0,0,0,0,0,0,0,0,0,0,0,0,0,0,0,0,0,0,0,0,0,0
2,112.116078060471,353.573949165449,1.43920749278367,0.191165757392449,15,0,52.5342573612047,-0.806446354581627,4,76.2614694028966,17.7482720118634,18.6378565589979,13.7989979188879,2214094.02342984,279.721301249031,0.0026621013004308,274.749571725686,4.11152551085429,1983,0,1,0,0,0,0,0,0,0,0,0,0,1,0,0,0,0,0,0,0,1,0,0,0,0,0,0,0,0,0,0,0,0,0,0,0,0,0,0,0,0,0,0,0
0,111.266310485898,556.441507705477,-0.231934741048035,0.199570640704606,2,16,50.1958810179778,0.41790102935526,12,29.2903597034206,30.9571390786751,19.6905712358007,-1.61430612609482,1025300.36344949,278.782581529624,0.0012800619197313,280.383954709641,4.06996321650847,1999,0,1,0,0,0,0,0,0,0,0,1,0,1,0,0,0,0,0,0,1,0,0,0,0,0,0,0,0,0,0,0,0,0,0,0,0,0,0,0,0,0,0,0,0
7,-25.3049487893554,832.971311118613,1.44254185697997,0.159424315212441,8,4,51.9490353739215,-1.38907107804393,12,76.3665649049791,17.748978202027,18.6386039219991,13.8063284322602,-10.9147847375249,285.074169219022,0.0005948704392542,345.074051506364,9.91129010320407,1992,1,0,0,0,0,0,0,0,1,0,0,0,1,0,0,0,0,0,0,0,0,0,1,0,0,0,0,0,0,0,0,0,0,0,0,0,0,0,0,0,0,0,0,0
4,62.673877690738,1537.89694973287,1.44245714706303,0.124586333348882,2,15,53.4365660112323,-0.291292255142183,6,76.302868104908,17.7428007597021,18.6361741140125,13.8013814841547,4678598.1991767,291.657624517848,0.0036720572629249,127.015300348037,2.04594622605457,1982,1,0,0,0,0,0,0,0,1,0,0,0,1,0,0,0,0,0,0,0,0,0,0,0,0,0,0,0,1,0,0,0,0,0,0,0,0,0,0,0,0,0,0,0
9,201.338725950492,2241.91116131674,1.42391611566059,0.253378136075597,21,17,52.9995564662207,-0.167073199283648,5,76.3046248107546,17.7580027689107,18.6419290522177,13.8220901853038,7114978.84698834,287.106434054525,0.0003542542722577,52.7394678661138,8.06544432951377,1994,0,0,0,1,0,0,0,0,0,0,0,0,0,0,0,1,0,0,0,0,0,0,0,0,0,0,0,0,0,0,0,0,0,0,0,0,0,0,0,0,0,1,0,0
7,114.921351751799,1180.50328327878,1.44172284914119,0.160032634938293,19,12,54.8642993839565,-2.02805016172228,2,76.3635166495578,17.7485024033996,18.6380852527377,13.7988866302167,2183330.21658359,275.301808420133,0.0016424099450913,135.555725105045,10.2388723470713,1984,0,0,0,0,0,0,0,1,0,0,0,0,0,0,0,0,0,0,0,0,0,0,0,0,0,0,0,0,0,0,0,0,0,0,1,0,0,0,0,0,0,0,0,0
4,35.0629840274758,325.201451577684,3.76667262870051,0.176408826505045,1,22,52.5089651272249,-1.46783576578576,7,95.8558858584708,17.7509809908247,18.6408663929148,39.9546590333111,8427511.33062775,290.304546797009,9.86599885551736e-06,231.271061420072,4.01614043635911,1991,0,0,0,1,0,0,0,0,0,0,0,0,0,0,0,1,0,0,0,0,0,0,0,1,0,0,0,0,0,0,0,0,0,0,0,0,0,0,0,0,0,0,0,0
1,-61.8958405747994,1053.70855477102,1.27350700335381,0.143061447460826,8,17,52.7640385097373,-1.41155943262516,6,88.8494261751653,32.0313842715419,18.7493164918954,22.4271191534043,5737784.57671669,292.55468086769,-0.0003105381152894,263.944395734801,5.84506440930828,1986,0,0,1,0,0,0,0,0,0,0,1,0,0,0,0,0,0,0,0,0,0,0,0,1,0,0,0,0,0,0,0,0,0,0,0,0,0,0,0,0,0,0,0,0
1,18.5634983828807,443.825235215298,1.05663087158387,0.291757460313177,11,21,51.0854097620665,-1.63686841034997,3,109.904553695595,26.5948813188348,18.6373272427823,8.1754975178349,5962610.25911189,277.054389949528,-0.000605735535799,215.322793946413,3.53606864603263,1983,0,0,0,1,0,0,0,0,0,0,0,0,0,0,0,0,0,0,0,0,0,0,0,0,0,0,0,0,0,0,0,0,0,0,0,1,0,0,0,0,0,0,0,0
8,159.926591756888,1248.95786644473,1.44171248249776,0.268470452364311,1,19,50.5831267852263,3.66041539331167,3,76.2792086279491,17.7499482579895,18.6377873414287,13.8110534903007,4210826.95468758,282.387273615642,0.0015495326186691,241.080786107454,5.77909264841314,1983,0,0,0,1,0,0,0,0,0,0,0,0,1,0,0,0,0,0,0,0,0,0,0,0,1,0,0,0,0,0,0,0,0,0,0,0,0,0,0,0,0,0,0,0
9,129.493060881996,364.036309640352,1.3174048188147,0.187717819365786,14,7,52.2821128568141,-0.90960438927884,6,467719.344314415,31.1090223146928,18.5994190261213,170379.738854972,301798534.788603,284.626954632998,-0.947866460517659,330.927910063754,4.27394114626319,1985,0,0,0,0,0,0,1,0,0,0,1,0,0,0,1,0,0,0,0,0,0,0,0,0,1,0,0,0,0,0,0,0,0,0,0,0,0,0,0,0,0,0,0,0
3,35.966569523131,586.896183472211,1.44170879950342,0.181553554499877,9,11,52.1935629345938,-0.810054234153113,7,76.3353901222216,29.96332091927,20.2211763543137,13.8196504051164,4988963.15252936,290.127657930388,0.0011795857477827,135.200856531134,6.79377977817663,1982,0,0,0,0,1,0,0,0,1,0,0,1,0,0,0,0,0,0,0,0,0,0,0,0,0,0,0,0,0,1,0,0,0,0,0,0,0,0,0,0,0,0,0,0
4,201.040093414881,960.097789889932,1.44056492302897,0.186524516326485,1,20,51.0425328118481,-1.2516956457881,8,76.4052519143777,17.7970959274238,18.5153930449485,13.8163835009481,6917685.08348895,290.774537049562,-0.0003432339850481,214.079860947277,4.36607221808004,1994,0,0,0,0,1,0,0,0,0,0,1,0,0,0,1,0,0,0,0,0,0,0,1,0,0,0,0,0,0,0,0,0,0,0,0,0,0,0,0,0,0,0,0,0
2,103.391776947344,411.127159957126,1.48981893146981,0.207886088078279,23,8,53.9283420973829,-0.692162630947008,3,59.5175788514981,5.78594172710975,18.6408296820051,25.1537705381599,772616.419580858,277.706304818573,-0.0002482947018496,340.216756222476,1.11560457892667,1997,0,0,0,0,0,0,0,1,1,0,0,0,1,0,0,0,0,0,0,0,0,0,0,1,0,0,0,0,0,0,0,0,0,0,0,0,0,0,0,0,0,0,0,0
8,-116.244962372866,124.4626011019,1.44157129137245,0.227959778959719,29,8,53.1638762091463,-2.11731411652991,8,76.2824652307498,17.7324358034979,18.639934620926,13.8000403939632,1027870.02024973,291.345028150076,0.0006843600113392,63.7299472383066,2.53110125936715,1991,0,0,0,0,1,0,0,0,0,0,0,0,0,0,0,1,0,0,0,0,0,0,0,0,0,0,0,0,1,0,0,0,0,0,0,0,0,0,0,0,0,0,0,0
4,-66.0790824999121,228.671508776748,1.44283856642305,0.273333152525886,3,11,53.5643402981442,-2.24614169236549,12,76.3278769837601,17.765428357675,18.6459634239399,13.81336702893,2747029.00870043,276.149634886799,-0.0029088490284005,136.035710702431,1.27031744141684,1991,0,0,0,0,0,0,0,1,0,1,0,0,1,0,0,0,0,0,0,0,0,0,1,0,0,0,0,0,0,0,0,0,0,0,0,0,0,0,0,0,0,0,0,0
1,21.2174213999113,1704.33079646469,1.0869899534535,0.141025460300765,22,13,53.4096094268829,-1.92368830902348,5,88.816395587856,20.0862933215918,18.6398054078835,9.82232073100345,9731037.54288059,287.382651443001,0.0002498092626821,213.137978289004,12.1327011332583,1996,0,1,0,0,0,0,0,0,1,0,0,0,0,0,1,0,0,0,0,0,0,0,0,0,0,0,0,0,0,0,0,0,0,0,0,0,0,0,0,0,0,1,0,0
1,112.078763523027,1091.70614313961,1.13154660484345,0.157605259401857,30,20,53.160816967366,-2.39576245509768,10,71.8457633199606,16.2957522041765,18.6540182097752,4.8540130949785,911412.691737979,283.0832002027,0.0018576480235549,211.459121763439,9.8077289711846,1999,0,0,0,0,0,0,0,0,0,0,1,0,0,0,0,1,0,0,0,0,0,0,0,0,0,0,0,0,0,0,0,0,0,0,0,1,0,0,0,0,0,0,0,0
7,155.280698866227,1884.55061763448,1.44184517003019,0.133009158377376,1,11,50.8446403755986,-2.1783115263897,7,76.3239419722774,17.7379598504729,18.6363415735217,13.8040845775213,5674857.49299162,289.994230367965,-0.0010831670919966,293.515513469355,3.61360581862921,1985,1,0,0,0,0,0,0,0,1,0,0,0,1,0,0,0,0,0,0,0,0,0,0,0,0,0,0,0,0,0,0,0,0,0,0,0,0,0,0,0,0,1,0,0
9,-120.538061289187,1224.24619744486,1.44932354837576,0.16588323763679,26,9,52.5154934284532,-2.4378142333114,2,76.2936044961679,17.6706626985324,18.6433469373066,13.8287734289265,1188721.65109089,284.811344899687,-0.0012031303565688,249.909126681784,13.6017923269799,1997,0,1,0,0,0,0,0,0,1,0,0,0,0,0,1,0,0,0,0,0,0,0,0,1,0,0,0,0,0,0,0,0,0,0,0,0,0,0,0,0,0,0,0,0
5,-18.0275954209447,270.871577903231,2.17218183435608,0.137202118920048,28,3,53.3454685447522,-0.674510664590912,9,92.8112459360443,17.7420310081572,18.6458638691518,14.0652241906948,1904392.58351474,281.416836357871,-7.08909148917924e-06,347.832244054584,3.06513694299919,1989,0,0,0,0,0,0,0,1,0,0,0,0,0,0,0,1,0,0,0,0,0,0,0,1,0,0,0,0,0,0,0,0,0,0,0,0,0,0,0,0,0,0,0,0
4,244.717303304233,290.949850480349,1.44211804957019,0.175336668647063,18,7,52.8461246079449,0.0061412451686715,12,76.3476758758453,17.7371114321704,18.6428842558912,13.7896860452789,332914.380754596,276.07604665634,-0.0118678279941811,151.64604427036,2.89187486751467,1997,0,1,0,0,0,0,0,0,0,0,0,0,0,0,0,1,0,0,0,0,0,0,0,0,0,0,0,0,0,0,0,0,0,0,0,0,0,0,0,0,0,0,0,1
4,2.31215373947581,777.317085545839,1.44218574511233,0.13457908475204,29,9,52.1124847100882,-0.0412310708160331,9,76.4293237867831,17.7441282367982,18.6410299755732,13.8136204277893,1595904.80452871,288.194160298139,-0.0013019999046505,189.280220618674,5.57210301045631,1990,0,0,0,0,0,0,1,0,0,0,1,0,1,0,0,0,0,0,0,0,0,0,0,0,0,0,0,0,0,0,0,0,0,1,0,0,0,0,0,0,0,0,0,0
