target,Altitude,blh,co,CVD60,Day,Hour,Latitude,Longitude,Month,no2,pm10,pm2.5,so2,ssr,t2m,tp,wd,ws,Year,Region_East of England,Region_Greater London Authority,Region_North East,Region_North West,Region_South East,Region_South West,Region_West Midlands,Region_Yorkshire and The Humber,Season_Spring,Season_Summer,Season_Winter,Type_Background Suburban,Type_Background Urban,Type_Industrial Suburban,Type_Industrial Urban,Type_Traffic Urban,Zone_Brighton/Worthing/Littlehampton,Zone_Bristol Urban Area,Zone_Coventry/Bedworth,Zone_East Midlands,Zone_Eastern,Zone_Greater London Urban Area,Zone_Greater Manchester Urban Area,Zone_Kingston upon Hull,Zone_Leicester Urban Area,Zone_Liverpool Urban Area,Zone_North East,Zone_North West & Merseyside,Zone_Nottingham Urban Area,Zone_Portsmouth Urban Area,Zone_Preston Urban Area,Zone_Reading/Wokingham Urban Area,Zone_Sheffield Urban Area,Zone_South East,Zone_South West,Zone_Southampton Urban Area,Zone_Southend Urban Area,Zone_Teesside Urban Area,Zone_The Potteries,Zone_Tyneside,Zone_West Midlands,Zone_West Midlands Urban Area,Zone_West Yorkshire Urban Area,Zone_Yorkshire & Humberside
5,117.796056463777,790.251655204968,1.35687160783854,0.13978854939478,28,16,52.2935722300175,-1.28865619242535,6,76.286979263539,37.6714657263576,18.6380471544134,13.8478982692102,2378873.22453678,290.852234860855,0.000335304000205,82.2129582057276,4.51191120696266,1993,0,1,0,0,0,0,0,0,0,0,1,0,0,0,1,0,0,0,0,0,0,0,0,0,0,1,0,0,0,0,0,0,0,0,0,0,0,0,0,0,0,0,0,0
1,47.0577290259367,518.287405648153,1.44113177236124,0.224260331654932,26,16,53.0809216499888,-0.279711610323638,2,76.378322980822,36.4111221957387,18.636049675672,13.8170418974383,368975.638714055,272.729955005484,0.0005531122955235,78.7698769470732,7.49876471685079,1986,1,0,0,0,0,0,0,0,0,0,0,0,1,0,0,0,0,0,0,0,0,0,0,0,0,0,0,0,1,0,0,0,0,0,0,0,0,0,0,0,0,0,0,0
2,94.5805155477483,-563.585259710701,1.44292282142009,0.192135163003252,2,4,53.0596338666445,0.448859290967425,11,76.39465713756,36.4704076916519,18.6410135319285,13.7752342041285,5.76536991617868,276.017585166577,-0.0010837540488663,149.893345350299,-5.23448798900335,1983,0,0,0,0,1,0,0,0,0,1,0,0,0,0,0,1,0,0,0,0,0,0,0,0,0,0,0,0,0,0,0,0,0,0,0,0,0,0,0,0,0,1,0,0
1,122.291225897806,210.997839947533,1.08129737335867,0.102755128226181,28,6,52.2517497491066,-4.09939381668534,8,110.145670866705,36.4680151135009,18.6387153896311,15.0821777223553,83556.9372310317,285.07473048669,-0.0003382453352584,320.623492956199,2.12405577071846,1996,0,1,0,0,0,0,0,0,0,0,1,1,0,0,0,0,0,0,1,0,0,0,0,0,0,0,0,0,0,0,0,0,0,0,0,0,0,0,0,0,0,0,0,0
7,150.526598661993,363.428980970628,1.35099356055856,0.175772181112281,12,1,51.2590204915304,-2.68796354303211,7,76.2856590117167,35.8941792548565,16.7828054674907,13.8284448047514,3859320.55163375,284.833963313819,0.0049456744160577,273.651157691217,3.92253479970034,2000,0,1,0,0,0,0,0,0,0,0,0,0,0,1,0,0,0,0,0,0,0,0,0,0,0,0,0,0,0,0,0,0,0,1,0,0,0,0,0,0,0,0,0,0
2,-27.8258638029646,351.40996632816,1.44184468116899,0.165347447294934,7,7,52.8502583913857,-1.4826155024757,4,76.3474582424981,36.4810126591316,18.6432000122431,13.8183841823165,80053.6337385721,280.962543297817,0.0003300238453899,-26.868431289571,3.62021023417393,1984,0,0,0,0,0,0,0,0,1,0,0,0,1,0,0,0,0,0,0,0,0,0,0,0,0,0,0,0,0,0,0,0,0,0,0,0,0,0,0,0,0,0,1,0
0,95.2371743741278,440.714831685618,1.28136745641289,0.155445509363395,20,19,53.3010453154432,-0.974886487646259,11,67.8701676069634,33.5821518713974,18.6354651543479,14.571612854331,4564061.23667147,276.574475357574,-0.0022824634571179,74.7658635835527,4.40562620786396,1988,0,1,0,0,0,0,0,0,0,1,0,0,1,0,0,0,0,0,0,0,0,0,0,0,0,0,0,0,0,0,0,0,0,0,0,0,0,1,0,0,0,0,0,0
8,-52.7207255537869,637.828978337857,1.44167371256743,0.229117191013204,17,5,52.0256433361309,-1.01282606034089,1,76.3574677708869,36.4561383477142,18.6525462716923,13.8073617223447,-9760.039910632,276.229999080089,0.0001903371872386,163.064240998985,3.94687259092686,1987,1,0,0,0,0,0,0,0,0,0,1,0,0,0,0,0,0,0,0,0,0,0,0,0,0,0,0,0,0,0,0,0,0,0,0,0,0,0,0,0,0,0,0,1
6,56.9230949193048,874.111084227735,1.44193948131695,0.198888286761826,25,4,52.4323576702389,-3.91280237775909,2,76.2666234287517,36.4602418156436,18.6445237358285,13.8003481077415,15.7083991345136,279.814773843774,0.0004300611037928,340.56618575063,7.74936137307426,1995,0,1,0,0,0,0,0,0,0,0,0,0,1,0,0,0,0,0,0,0,0,0,0,0,0,0,0,0,0,0,0,0,0,0,0,0,0,0,0,0,0,0,0,0
4,79.0962615836808,881.401941831193,1.44247088953023,0.19463939572153,8,17,54.8017756735858,-0.651321142432251,2,43.9162044708649,36.4700481429268,18.6416599604489,13.8141533989762,4741655.45401567,280.692422059893,-0.0007756442722505,232.733910257586,6.81013007526728,1987,0,1,0,0,0,0,0,0,1,0,0,0,1,0,0,0,0,0,0,0,0,0,1,0,0,0,0,0,0,0,0,0,0,0,0,0,0,0,0,0,0,0,0,0
8,-45.9209295982093,643.813858190592,0.786624444666539,0.158840180932983,25,10,50.3701266198216,-1.11883384771125,3,31.4107514616218,33.2343241500102,17.9685532714366,13.8258958280977,2026668.32919973,286.414810097653,0.0003980729207298,151.683216267423,4.92281734227344,1999,0,1,0,0,0,0,0,0,1,0,0,0,0,0,0,0,0,0,0,0,0,0,0,0,0,0,0,0,0,0,0,0,0,0,0,0,0,0,0,0,0,0,0,0
1,160.896761156701,1211.02385030524,1.44181460071849,0.235518331279125,18,20,50.9837938710859,-1.18533714309069,5,76.3439637494241,36.4924916195621,18.6365562615139,13.7994859721167,6349108.81366224,287.01948675829,-0.0005418624389889,231.750834746319,2.22045720234696,1982,0,0,0,0,0,0,1,0,1,0,0,0,1,0,0,0,0,0,0,0,0,0,0,0,0,0,0,0,0,0,0,0,0,0,0,0,0,0,0,0,0,1,0,0
9,245.100135400036,593.874091851995,1.44217498214221,0.199633388907816,14,0,52.7441016426893,-0.844591403059431,7,76.3403654414137,36.4873507807465,18.6422499207397,13.816635102967,2517148.16615716,286.47770998272,0.0051047192182088,300.492754883586,7.46324525931798,1988,1,0,0,0,0,0,0,0,0,0,0,0,0,0,0,0,0,0,0,0,0,0,0,0,0,0,0,0,0,0,0,0,0,0,0,0,0,0,0,0,0,0,0,1
5,28.121273158788,478.244363802221,1.44278818302521,0.15680253702489,8,21,53.0743273132849,-1.51947118870276,8,76.3921081420311,36.4418593603767,18.6450440862404,13.8132070445306,4162133.09971075,287.061094440272,0.0029948811341229,303.084348825066,2.38246301621963,1982,0,0,0,0,1,0,0,0,0,1,0,0,1,0,0,0,0,0,0,0,0,0,0,0,0,0,0,0,0,0,0,0,0,0,1,0,0,0,0,0,0,0,0,0
2,246.569379348554,872.474574641839,1.44152806533208,0.14812620939745,4,2,52.2754540167393,-2.12675353509866,11,76.3236289682241,36.4637058195795,18.6613076835541,13.7908654589432,3754135.96878455,286.958360099968,-0.0071175745968705,220.388382246951,8.4462860313056,1996,0,0,0,0,0,0,0,0,0,1,0,0,0,0,1,0,0,0,0,0,0,0,0,0,0,0,0,1,0,0,0,0,0,0,0,0,0,0,0,0,0,0,0,0
1,-27.1173311292097,1089.47662488678,1.1613374058455,0.242947405130168,14,14,51.7589541015144,-1.86527736037433,2,66.8582126830633,36.5035140598879,18.6510734089603,13.8015505016521,-312044.407381562,279.575281034372,0.0014551683586502,213.441991148625,5.98186298197005,1992,0,0,0,0,0,0,0,0,0,0,1,0,1,0,0,0,0,0,0,0,0,0,0,0,0,0,0,0,0,0,0,0,1,0,0,0,0,0,0,0,0,0,0,0
7,12.0763579349288,820.476478990863,1.44254626565556,0.215038889900146,15,7,52.12186574031,0.355195350183384,1,76.3223848077879,36.4804603865565,18.640900342226,13.8059276216586,264705.406748052,282.91277128403,-0.0065454615071699,237.492951287875,7.23151802518985,1990,0,0,0,0,0,1,0,0,0,1,0,0,1,0,0,0,0,0,0,0,1,0,0,0,0,0,0,0,0,0,0,0,0,0,0,0,0,0,0,0,0,0,0,0
2,200.867705268402,-283.680401939327,1.44094815398349,0.165706982128367,14,4,52.7782299160933,-2.59044103483974,2,76.287146888894,36.4789260525928,18.6466872562211,13.8345861972868,2.97335789760648,273.439267372402,0.000497394614239,83.6492454437983,2.39974650116235,1984,0,0,0,0,0,0,1,0,0,0,0,0,0,0,0,1,0,0,0,0,0,0,1,0,0,0,0,0,0,0,0,0,0,0,0,0,0,0,0,0,0,0,0,0
0,10.7736097972122,1078.64461067613,0.945906394638459,0.175080566191335,20,15,50.9723611095571,-0.72901194455066,7,34.3277571346008,32.5328349119348,18.6447458995785,11.7816712142005,4914174.81733804,295.155035822255,0.0009553274671506,50.1695939303647,7.03055824393157,1982,0,0,0,0,1,0,0,0,0,0,1,0,0,0,0,0,0,0,0,0,0,0,0,0,0,0,0,0,0,0,0,0,0,0,0,0,0,0,0,0,0,1,0,0
7,164.794825293462,89.4560671024315,1.43931219065036,0.143820205299553,1,2,53.2624540415726,1.95992877339082,8,76.3208022257452,36.4595805112111,18.6393330625615,13.7949387441609,1704861.84381141,281.112421610852,0.0028318418126028,219.917734945927,-0.143481925161388,1992,1,0,0,0,0,0,0,0,0,0,1,0,0,0,0,1,0,1,0,0,0,0,0,0,0,0,0,0,0,0,0,0,0,0,0,0,0,0,0,0,0,0,0,0
8,190.79411984288,411.043085711677,1.38634012032843,0.148676050235623,14,1,53.8371963842098,-0.617049146164925,5,48.2645772010035,30.9721996635581,18.6053091725655,13.0508048118644,1855006.2464026,281.794376112817,0.000887637422885,266.571225153961,4.98457841931484,1991,0,0,0,0,0,0,0,0,0,1,0,0,0,1,0,0,0,0,0,0,0,0,0,0,0,0,0,0,0,0,0,0,0,0,0,0,0,0,0,0,0,1,0,0
4,100.618023448415,1270.50235512529,1.44247090445232,0.171362519229216,24,14,51.7066244715141,-3.5567287593674,2,32.2870457767556,36.4700473639646,18.6531964628007,13.8141530035124,3940352.61620424,280.352647724524,-0.0015098502491589,104.306694340553,7.86590550760258,1987,1,0,0,0,0,0,0,0,0,0,0,0,1,0,0,0,0,0,0,0,0,0,1,0,0,0,0,0,0,0,0,0,0,0,0,0,0,0,0,0,0,0,0,0
5,83.7101007341958,765.540110015679,1.6741916790365,0.220664674781732,14,11,53.828325083673,-2.63177050941308,1,44.6324311651018,36.4667185338642,18.6383606032476,22.6809314104751,230621.58882861,279.729791646821,0.0052559040229916,324.061552103576,9.65183086735466,1983,0,0,0,1,0,0,0,0,1,0,0,0,0,0,0,1,0,0,0,0,0,1,0,0,0,0,0,0,0,0,0,0,0,0,0,0,0,0,0,0,0,0,0,0
0,128.875511868446,2117.10155802603,1.44022643211437,0.195462358461239,22,15,51.6655384142185,-1.72766917460665,8,76.2863973499929,36.4821731097177,18.6424108026073,12.0265882430314,6231077.79278536,296.611815882091,0.0005875943782973,322.908801647745,8.49076810819652,1981,0,0,0,0,0,0,0,1,0,0,1,0,0,0,1,0,0,0,0,0,0,0,0,0,0,0,1,0,0,0,0,0,0,0,0,0,0,0,0,0,0,0,0,0
3,56.727474908094,2117.17964937525,1.44218650699373,0.185207497010891,1,18,50.9011998739942,-0.0767514355839898,7,76.3209235655339,36.4808026565361,18.644921405368,13.7929021754776,7000350.45934913,294.226243495188,0.0002700111362547,245.285515277766,14.230072255413,1990,0,0,0,1,0,0,0,0,0,1,0,0,1,0,0,0,0,0,0,0,0,0,0,0,0,0,0,0,0,0,0,0,0,0,0,0,0,0,0,0,1,0,0,0
7,-95.5438469937846,92.6986746410405,1.44233387013076,0.225265331794596,18,12,53.7134044207459,0.564839750019169,8,76.3666980943365,36.468301698167,18.6408065753039,13.8067966423564,2557089.18389562,289.257431593092,-0.0001920465102201,176.810988845035,4.08122780329707,1983,0,0,1,0,0,0,0,0,0,0,1,0,1,0,0,0,0,0,0,0,1,0,0,0,0,0,0,0,0,0,0,0,0,0,0,0,0,0,0,0,0,0,0,0
6,46.6701980410456,557.59692800445,1.37640545874565,0.136091882640526,3,3,53.217100014027,-1.52077652517082,5,76.3086037551603,38.3968160898121,18.6399080896583,13.7939332934128,-52231.3497083517,279.4747666892,0.0012185661145086,186.096445698409,5.77508161114377,1994,0,1,0,0,0,0,0,0,1,0,0,0,0,0,0,1,0,0,0,0,0,0,0,0,0,1,0,0,0,0,0,0,0,0,0,0,0,0,0,0,0,0,0,0
2,153.496012944769,951.597758020103,1.42957890711291,0.240456995869197,9,22,52.7299513272181,0.161249872179417,5,76.3403117903142,36.8976108434718,18.6419411147339,13.7939227525926,6200659.18310658,281.122229041304,0.0004907831460045,50.3533170936925,4.68660680404199,1993,0,0,0,1,0,0,0,0,0,0,0,0,0,0,0,1,0,0,0,0,0,0,0,0,0,0,0,0,0,0,0,0,0,0,0,0,0,0,0,0,0,1,0,0
2,100.466214412968,503.933096435332,1.44292283298275,0.160444770612299,11,23,52.7779718292604,-0.372662036270347,12,76.395294309902,36.4704081653341,18.6380202624902,13.7752342452167,2372465.47701309,278.615907254392,-0.0021659358060717,314.278362078473,5.59713845713782,1983,0,1,0,0,0,0,0,0,0,1,0,0,0,0,0,1,0,0,0,0,0,0,0,0,0,0,0,0,0,0,0,0,0,0,0,0,0,0,0,0,0,1,0,0
7,2.38092726990737,691.828169510424,1.1649034922024,0.164918992411693,6,21,52.7340543905378,-2.13055326719405,11,31.3453589318428,23.7943174577194,18.6427323110184,14.2008609361768,599316.821437281,277.425731367062,0.0014073434792692,316.38304952484,7.49088995640935,1999,0,0,0,0,0,0,0,1,0,0,1,0,0,0,0,1,0,0,0,0,0,1,0,0,0,0,0,0,0,0,0,0,0,0,0,0,0,0,0,0,0,0,0,0
1,-53.4111787045789,330.097658706864,1.37215032536829,0.243306864812357,25,2,52.3783572456494,-1.80333446346138,11,77.825554270406,40.2894643073727,18.6548351566041,1.75480781919705,8502896.17989906,284.699109398533,-0.0090523854990908,254.989716325543,2.9155063460305,1994,0,0,0,0,0,0,1,0,0,0,1,0,0,1,0,0,0,0,0,0,0,1,0,0,0,0,0,0,0,0,0,0,0,0,0,0,0,0,0,0,0,0,0,0
1,172.373079096717,405.438646485877,1.3508031435234,0.19614793484959,2,22,51.1252923227719,-3.58936773154932,12,76.3364933829995,37.4837464092945,18.635987444516,13.8087390903422,-4077365.95512924,278.637873906332,0.0123322386375672,249.219880815305,3.9733607984488,1999,1,0,0,0,0,0,0,0,0,1,0,0,0,0,0,1,0,0,0,0,0,0,0,0,0,0,0,0,0,0,0,0,0,0,0,0,0,0,0,0,0,0,1,0
1,73.374961680015,317.813532699583,1.44229271008401,0.248622200557874,25,19,54.3980791415737,-1.13637053096951,12,76.3652068071704,36.4926116462828,18.6382321262686,13.8083910682283,2937782.28055671,277.358495659654,-0.0041614985659232,198.824674708695,2.91232867840969,1989,0,0,0,1,0,0,0,0,0,1,0,0,1,0,0,0,0,0,0,0,0,0,0,0,0,0,0,0,0,0,0,0,0,1,0,0,0,0,0,0,0,0,0,0
8,34.4701059447486,324.503156302857,0.750901657810425,0.165796963962402,22,8,51.632358400004,-0.053315517734934,8,526.025653221865,36.4865806940289,18.6357135133754,23.8448714058896,1637051.10700582,292.647309829209,-0.0026164419508611,271.557961867085,3.50570206726704,1997,0,0,0,1,0,0,0,0,0,1,0,0,1,0,0,0,0,0,1,0,0,0,0,0,0,0,0,0,0,0,0,0,0,0,0,0,0,0,0,0,0,0,0,0
8,183.570179699754,886.54054793353,1.27350702644951,0.223685777827504,20,19,53.4977076572829,-0.434143011351258,4,76.6883190672205,35.6293321067437,18.6413945308398,31.1969615222083,4536936.74520563,278.988463675793,0.0023105613634014,110.503682380598,3.83139453908877,1992,1,0,0,0,0,0,0,0,0,0,0,0,0,0,0,0,0,0,0,0,0,1,0,0,0,0,0,0,0,0,0,0,0,0,0,0,0,0,0,0,0,0,0,0
5,46.870023109488,1689.82775765728,1.44104757097278,0.19082037199642,19,13,51.770403705083,0.0553275941994096,3,76.3644942664373,36.4730228374181,18.6402119197244,13.80730970945,-523799.807550379,280.620522161975,0.005163262502557,227.019934640551,8.86096967210488,1981,0,0,0,0,0,0,1,0,0,0,0,0,0,0,0,1,0,0,0,0,0,0,0,0,0,0,0,0,0,0,0,0,0,1,0,0,0,0,0,0,0,0,0,0
0,-2.23232405412482,715.687338255437,0.134127031189915,0.221649479638213,17,12,52.6995210387176,-2.6658128091476,3,-115659.684785839,36.1589952968309,22.6110458746466,31078.9379415088,-837932623.420797,276.404380890041,0.647165670637485,331.661474488623,4.80487390073361,1981,0,1,0,0,0,0,0,0,1,0,0,0,0,0,0,0,0,0,0,0,0,0,1,0,0,0,0,0,0,0,0,0,0,0,0,0,0,0,0,0,0,0,0,0
7,152.792451034147,-130.473977863907,1.55016508966964,0.163474314794575,1,1,52.4799330351591,-2.11569929993841,9,71.6349722849845,37.6560884075939,18.41928218405,16.038690922667,8477296.55512323,285.183328687278,-0.0037833276316448,78.2868402985453,2.83004146725169,1981,0,0,0,0,0,0,1,0,0,0,1,0,0,1,0,0,0,0,0,0,0,0,0,0,0,0,0,0,0,0,0,0,0,0,0,0,0,0,0,0,0,0,0,0
0,56.8764451695299,468.531270128738,-0.312555202012993,0.111859101450359,22,23,52.4666814607822,-0.834530100829966,9,5.9360280426884,21.8233259263669,16.6793752080949,6.72008347290129,1993367.28498319,286.3652732453,0.0024568462482725,185.690082379128,4.62095303093691,1999,0,1,0,0,0,0,0,0,0,1,0,0,0,0,0,1,0,0,0,0,0,1,0,0,0,0,0,0,0,0,0,0,0,0,0,0,0,0,0,0,0,0,0,0
0,-39.0806771818832,1159.59416140224,0.134127002650425,0.181996274329496,3,6,53.499808361816,-2.06302144766838,4,-115656.526708026,33.854881353407,18.7063189389415,31060.6700278355,-16254438.0271474,282.065777119659,0.0654728212542689,180.141751669942,9.67941150881413,1994,0,0,1,0,0,0,0,0,0,1,0,0,0,0,0,0,0,0,0,0,0,0,1,0,0,0,0,0,0,0,0,0,0,0,0,0,0,0,0,0,0,0,0,0
3,57.3630682296604,2201.79211391768,1.44073943161424,0.157469007346116,10,16,51.5870963540022,-2.88760713870044,7,76.2962483956016,36.4700173633178,18.6407685200724,13.8496091937437,7414713.69997616,289.898007176946,-0.0001895542662837,262.612977307808,4.38366609716156,1985,0,1,0,0,0,0,0,0,1,0,0,0,1,0,0,0,0,0,0,0,0,0,0,0,0,0,1,0,0,0,0,0,0,0,0,0,0,0,0,0,0,0,0,0
5,160.813271370896,568.690688065591,1.44231631782041,0.208274160146128,18,17,52.8289534481435,-0.0365284052449046,1,76.6498453214136,36.4684647979348,18.6385474369949,13.8248729451049,-313518.416830737,275.853341395001,0.0033459811798157,260.401238087366,5.97961737293493,1984,0,0,1,0,0,0,0,0,0,1,0,0,0,0,0,1,0,0,0,0,1,0,0,0,0,0,0,0,0,0,0,0,0,0,0,0,0,0,0,0,0,0,0,0
1,9.47772823561041,915.896893011856,1.4400248224392,0.111367752436327,10,16,52.7312442007976,0.59256316380848,10,76.3043393153843,36.4455855343711,18.6385920380443,13.8127710459507,2006249.6055964,281.375856817902,-0.0001532093556043,30.8059335895902,6.04124264666762,1992,1,0,0,0,0,0,0,0,1,0,0,0,1,0,0,0,0,0,1,0,0,0,0,0,0,0,0,0,0,0,0,0,0,0,0,0,0,0,0,0,0,0,0,0
2,53.4337928249818,2072.07433756222,1.42537752484445,0.158407140549885,13,14,52.9420729002039,-2.10301794905783,5,76.3404018341411,37.1368331212133,18.6353053309574,13.7982921363438,7056249.32732429,286.095116694439,0.0011519520055048,417.536584880492,7.3984896834684,1995,0,0,0,0,0,0,1,0,0,0,1,0,0,0,0,1,0,0,0,0,0,0,0,0,0,0,0,0,0,0,0,0,0,0,0,0,0,0,0,0,0,1,0,0
0,68.9345744034542,342.635206619708,0.549815069890658,0.218002647048185,24,4,51.8835053542321,-2.21038765879799,11,49.6064111677711,30.1021208711651,18.6408297189104,0.358405091797379,-10.5710285020258,277.787793212608,0.0005963732212974,144.968643081607,4.6193303947933,1997,0,0,0,0,0,0,0,1,0,1,0,0,1,0,0,0,0,0,0,0,0,0,1,0,0,0,0,0,0,0,0,0,0,0,0,0,0,0,0,0,0,0,0,0
8,115.089328933511,512.097471725484,-0.198605787399443,0.133112171103995,1,20,50.8611612312871,-1.31002371888225,9,15.3838300590159,1.9295673873415,18.6286023020846,1.73341602870197,5831436.83267153,288.399984315099,-0.000660520981304,252.901639827208,1.10057388411624,1999,0,0,0,0,0,0,0,1,0,1,0,0,1,0,0,0,0,0,0,0,0,0,1,0,0,0,0,0,0,0,0,0,0,0,0,0,0,0,0,0,0,0,0,0
6,171.077244578122,1543.38822510809,1.44204153919968,0.173823539637034,1,10,53.8360106187502,-1.13012009967054,5,76.2870312848578,36.4918477822193,24.0311664948878,13.788590547643,3597393.67641941,283.9117798846,-0.0013714519805209,229.361564608291,7.45314592389123,1998,0,1,0,0,0,0,0,0,0,0,1,0,0,0,0,1,0,0,0,0,0,0,0,0,0,0,0,1,0,0,0,0,0,0,0,0,0,0,0,0,0,0,0,0
8,-60.6817386723387,744.257157888228,0.79668647382713,0.152583951351294,19,21,53.0993233965401,-2.71023534263994,9,46.0234504481672,44.9357215066611,18.6351700417946,10.6757745764402,5076785.81784457,286.38039920334,0.0009337720549535,135.379846437737,9.0075560483872,1993,0,0,0,0,1,0,0,0,0,0,0,0,1,0,0,0,0,0,0,0,0,0,0,0,0,0,0,0,0,0,0,0,0,0,0,0,0,0,0,0,0,1,0,0
7,132.682869181441,918.508250432776,1.43744355038511,0.153983164568423,30,20,50.2746042281048,-1.77376845275157,6,-3.1434141903788,36.4418510465635,18.6140032217956,13.8185284006613,7292835.41601357,291.058184592054,-0.0021946685380869,308.711269178278,2.20519448938419,1998,0,0,0,0,0,0,1,0,0,0,1,0,0,0,0,0,1,0,0,0,0,0,0,0,0,0,0,0,0,0,0,0,0,0,0,0,0,0,0,0,0,0,0,0
4,21.2860151056993,673.448241998231,1.44228065985423,0.10914423237826,16,19,52.8326104810498,-2.55779235161558,11,76.3525199276272,36.4758818273661,18.6347698364165,13.8082141559465,4249125.36270317,276.675086463068,-0.0018216823550143,195.799107721817,4.77412365231389,1981,0,0,0,0,1,0,0,0,1,0,0,0,1,0,0,0,0,0,0,0,0,0,0,0,0,0,0,0,0,0,0,0,0,0,0,0,0,0,0,0,0,0,0,1
3,95.4540801885319,899.071892341281,1.18805976602839,0.221241524469817,17,16,53.0756366611973,0.841276430286105,12,47.4905842342822,36.4853256049509,18.6406568865061,13.7999144388373,2116272.98314362,279.491114630651,-0.0012429623158276,256.04948340689,5.77644541234056,1993,0,1,0,0,0,0,0,0,0,0,1,0,1,0,0,0,0,0,0,0,0,0,1,0,0,0,0,0,0,0,0,0,0,0,0,0,0,0,0,0,0,0,0,0
4,143.599103067726,1352.62128371903,1.44174840176848,0.115379463604195,11,10,52.2089361782585,-2.61662049731592,5,76.3551232635177,36.4714833642255,18.642066710236,13.8127291993674,1567857.17519563,284.915940772653,0.0012535309958015,237.805909787822,8.62050435225838,1986,0,1,0,0,0,0,0,0,0,1,0,0,1,0,0,0,0,0,0,0,0,0,0,0,0,0,1,0,0,0,0,0,0,0,0,0,0,0,0,0,0,0,0,0
1,122.836325176415,912.748591877588,1.44111376167326,0.163739079340276,27,22,50.6290740050928,-0.510531720952105,3,76.329751910396,36.4580365271102,18.6440031083506,13.8327195690961,-3232862.17857871,277.323594924573,0.0037669478353186,565.160547358918,9.96772882217266,1992,0,0,0,0,0,1,0,0,0,0,1,0,1,0,0,0,0,0,0,0,0,0,0,0,1,0,0,0,0,0,0,0,0,0,0,0,0,0,0,0,0,0,0,0
5,24.1753736379566,408.808479602929,1.44218086426448,0.173247919193989,6,4,52.4287079826157,-1.59289395020142,8,76.2907645899796,36.4584030793784,18.6446588587748,13.8061508366763,-2.21998725475973,289.202470631885,-0.0005738048839335,79.3169701699828,4.82504537248817,1997,0,0,0,0,0,0,0,0,0,0,0,0,0,0,0,1,0,0,0,0,0,0,0,0,0,0,0,1,0,0,0,0,0,0,0,0,0,0,0,0,0,0,0,0
1,141.74398377314,69.592839543941,1.2652000819627,0.191742309883388,8,19,51.0753352169278,-2.50654885778595,10,44.3361103537281,31.9885287152488,18.6387143714243,8.74577094164269,3761526.82769737,287.361499380959,-0.0012406250122098,293.848460355068,2.212572814761,1996,0,1,0,0,0,0,0,0,0,0,1,1,0,0,0,0,0,0,0,0,0,0,0,0,0,0,0,0,0,0,0,0,0,0,0,0,0,0,0,0,0,1,0,0
3,211.639883020963,542.24429941253,1.43894954927294,0.0732205370383659,17,23,52.0397999640215,-2.71879629718868,3,76.4067270910154,36.5033636140442,18.6432018289798,13.8220802859799,2645289.80551816,276.019627467375,0.0012741080943714,43.9337022168054,4.13083618851821,1984,0,0,0,0,0,0,0,0,0,0,0,0,1,0,0,0,0,0,0,0,0,0,0,0,0,0,0,0,0,0,1,0,0,0,0,0,0,0,0,0,0,0,0,0
3,103.1606074354,1216.83241823234,1.44186980125377,0.116892320845664,11,6,52.1550143772155,-0.696060801217516,1,76.3505340576393,36.4723342214822,18.6365182341199,13.7905159214146,-83885.5940458996,277.526598248045,0.0021842686863536,255.61002185216,8.61378443569,1986,0,0,0,1,0,0,0,0,1,0,0,0,1,0,0,0,0,0,0,0,0,0,0,0,0,0,0,1,0,0,0,0,0,0,0,0,0,0,0,0,0,0,0,0
3,-23.6876011501542,1087.13395915797,1.44260912864374,0.222395644380194,8,10,52.3680421759216,-1.7838806837649,12,76.3181300187483,36.4704393293171,18.6415654252845,13.8024711686833,280867.625387136,277.684918845146,0.001265767741086,224.848497758723,9.09046080914432,1982,0,0,0,0,0,1,0,0,0,0,0,0,1,0,0,0,0,0,0,0,1,0,0,0,0,0,0,0,0,0,0,0,0,0,0,0,0,0,0,0,0,0,0,0
4,-14.0123547871138,292.439002697585,1.44166112045191,0.210169140719623,23,5,55.1343146598522,0.336665456743753,11,79.0156477390482,36.477025664047,18.6465612890165,13.8056051088901,35745.2056594466,281.368751844455,-0.0009629859835131,314.362958949569,4.26930965376743,1988,0,0,0,0,0,0,0,1,0,0,0,0,1,0,0,0,0,0,0,0,0,1,0,0,0,0,0,0,0,0,0,0,0,0,0,0,0,0,0,0,0,0,0,0
3,106.375935525154,674.81730253781,1.44202483377956,0.160604627205526,15,16,51.6141905517569,-0.127246525382044,2,76.3495025257909,36.4759423558727,18.6383384099171,13.8034000952555,828141.922944488,273.334462558213,0.0005815000543087,82.6016887228182,8.04476753718634,1985,0,0,0,0,0,0,1,0,1,0,0,0,1,0,0,0,0,0,0,0,0,1,0,0,0,0,0,0,0,0,0,0,0,0,0,0,0,0,0,0,0,0,0,0
0,90.7162317621022,1248.02147150106,1.07653836087075,0.206184496177043,18,16,51.3200523736114,-3.15361223501366,6,83.1650929678373,16.1521631729154,18.6211176853322,10.6082912350698,2515437.6842315,286.492580856633,0.0001696048348563,320.270465382538,3.90834406117807,1981,0,0,0,0,0,0,1,0,0,1,0,0,0,0,0,1,0,0,0,0,0,0,0,0,0,0,0,0,0,0,1,0,0,0,0,0,0,0,0,0,0,0,0,0
0,53.5876852251533,876.694548400373,0.832913529467139,0.237702368334676,10,12,51.693767591009,-1.34519729887681,4,91.1623444919843,41.7850644431266,18.6420080566992,-2.8199878394615,5363621.18429344,286.238721362283,3.81299286658276e-05,211.289393982992,5.90436902759242,1988,0,0,0,0,1,0,0,0,0,0,1,0,0,0,0,0,0,0,0,0,0,0,0,0,0,0,0,0,0,0,0,0,0,0,0,0,0,0,0,0,0,0,1,0
8,41.9160755748459,918.509793223708,1.44149781546613,0.266335273178796,11,20,51.6448400287895,-1.1166634385383,5,76.3103095746389,36.4617502486845,18.6391344778258,13.8064506369939,7644740.22943113,284.098167785166,0.0014493423479815,237.015566759002,3.49164959528154,1981,0,0,0,0,0,1,0,0,1,0,0,0,0,0,0,0,0,0,0,1,0,0,0,0,0,0,0,0,0,0,0,0,0,0,0,0,0,0,0,0,0,0,0,0
1,109.897838956588,1081.33775121865,1.44119803892791,0.132826882362819,2,15,50.8790929331989,-0.633022705286738,8,98.9669606877203,36.474645395767,16.7126164606091,13.8360493947791,5946876.31199823,295.288254912558,0.0001946339368895,-13.2238719576939,1.44100757811856,1998,0,1,0,0,0,0,0,0,0,1,0,0,0,0,0,1,0,0,0,1,0,0,0,0,0,0,0,0,0,0,0,0,0,0,0,0,0,0,0,0,0,0,0,0
9,118.504998719714,1105.66502294245,0.344374349326413,0.152294820283127,23,21,53.7507996932137,-2.65022677722092,4,22.5949549060957,32.6076099069266,18.6406645872056,5.02265327183505,6697920.05968282,285.268740966481,0.0006997548123019,219.422296317817,9.24119048671981,1997,0,0,0,0,1,0,0,0,0,1,0,0,1,0,0,0,0,0,0,0,0,0,0,0,0,0,0,0,0,0,0,0,0,0,0,0,0,0,0,0,0,1,0,0
0,72.3445240160399,-14.0633486306615,1.45593766762011,0.214804576346971,19,6,52.445546343219,-0.128580197025221,8,86.8923970412334,31.6929463551765,18.6386986378084,14.0513323835474,168736.439820301,285.467481804772,-0.0002288149539902,146.004812365488,1.82815698060041,1996,0,0,0,1,0,0,0,0,0,0,0,0,1,0,0,0,0,0,0,0,1,0,0,0,0,0,0,0,0,0,0,0,0,0,0,0,0,0,0,0,0,0,0,0
3,-8.94422426572714,1651.25144168888,1.44135977931804,0.135904938610005,21,12,53.6535128011721,0.890469106829502,4,76.323624210838,36.478844202238,18.6406568503314,11.1504826267144,5776519.49430588,281.82393799429,0.0014112390497079,236.789578342237,5.3343356886838,1993,0,1,0,0,0,0,0,0,0,0,1,0,1,0,0,0,0,0,0,0,0,0,0,0,0,0,1,0,0,0,0,0,0,0,0,0,0,0,0,0,0,0,0,0
8,39.1209536879577,794.38138509558,0.197577753653976,0.151850311082022,20,17,52.6669684252798,-2.8185480404433,7,57.0936459827581,29.2489866852391,18.6357128337171,3.80251727007939,3912487.80487625,292.272626347913,0.0002533211540596,114.514755233426,1.85094654049904,1997,0,0,0,1,0,0,0,0,0,1,0,0,1,0,0,0,0,0,0,0,0,1,0,0,0,0,0,0,0,0,0,0,0,0,0,0,0,0,0,0,0,0,0,0
8,114.306669283056,243.90556979107,0.220636534059232,0.227602198396578,30,6,53.1788509384344,-2.36286966719026,1,26.7995797364423,26.5120771716452,16.9293120852307,4.9720176776265,49166.7641003281,279.836033785201,-3.47983358148445e-05,276.452868605556,7.15995048025848,2000,0,1,0,0,0,0,0,0,0,0,1,0,1,0,0,0,0,0,0,0,0,0,0,0,0,0,0,0,0,0,0,0,0,0,0,0,0,0,0,0,0,1,0,0
0,37.8801266359681,-242.853328241153,0.640214979347391,0.204363487913111,30,4,53.8504196769309,1.45971426301471,4,69.6605570452094,31.0434829235727,18.6360891196701,21.671186658648,-36.1964138403195,278.772326054295,0.0009890337238473,257.402436230957,1.3951625441325,1996,0,0,0,0,0,0,1,0,1,0,0,0,1,0,0,0,0,0,0,0,0,1,0,0,0,0,0,0,0,0,0,0,0,0,0,0,0,0,0,0,0,0,0,0
8,53.870728242214,842.477327440537,1.36464506788585,0.165089604626267,10,0,51.7695761408182,-1.49331030881217,5,76.5611771032084,40.9841469158758,18.6386986391428,17.4271779143371,5403087.71482625,280.661045856917,0.0009413259642577,46.0431137855305,7.67722846826257,1996,0,0,0,1,0,0,0,0,0,0,0,0,1,0,0,0,0,0,0,0,1,0,0,0,0,0,0,0,0,0,0,0,0,0,0,0,0,0,0,0,0,0,0,0
7,213.56003057779,2354.97526703745,1.08069650783269,0.195836017479467,8,16,51.8218429904045,-2.29260985359175,7,26.1811532922,49.0686271262579,18.6285580899335,10.9916773014028,8584661.79964759,295.061754444427,-0.0006326921768555,109.460389509213,0.823273321496636,1997,0,0,0,0,1,0,0,0,1,0,0,0,0,0,0,1,0,0,0,0,0,1,0,0,0,0,0,0,0,0,0,0,0,0,0,0,0,0,0,0,0,0,0,0
1,199.880669330541,1365.59550414072,1.44256535664077,0.213006734672474,12,19,53.1751230320001,-0.163994107163356,5,76.2894445603066,36.4542087223141,18.6450401773011,13.778940528613,5776370.31694194,284.709076208243,-0.000371413189307,102.432368855569,4.98697421801993,1982,0,0,0,0,1,0,0,0,0,1,0,0,1,0,0,0,0,0,0,1,0,0,0,0,0,0,0,0,0,0,0,0,0,0,0,0,0,0,0,0,0,0,0,0
0,-10.154370932986,101.175574832227,0.849567205196917,0.169275415993096,28,4,52.8790282052016,-2.16285811575084,4,85.298487606299,35.6293318610823,18.641778224151,20.3323473370011,-6.13462578787023,285.748250704979,0.0014203356442738,39.9688763122421,1.91834400046806,2000,0,0,0,0,0,0,0,0,0,1,0,0,0,0,0,0,0,0,0,0,0,1,0,0,0,0,0,0,0,0,0,0,0,0,0,0,0,0,0,0,0,0,0,0
4,237.836934816344,622.623927554236,1.44116630364231,0.185204860737691,15,11,51.4156087518627,-1.23384205871895,11,76.2878035284923,36.4758136791967,18.6374782930761,13.8322765415555,4445632.33036931,281.65191638956,-0.0030097805226805,149.83995240999,5.44056028175727,1981,0,1,0,0,0,0,0,0,0,0,0,0,1,0,0,0,0,0,0,0,0,0,0,0,0,0,0,0,0,0,0,0,0,1,0,0,0,0,0,0,0,0,0,0
1,188.877168704596,446.596454757656,2.79343700406049,0.173984690243207,13,7,52.7977084308712,-1.90872479555405,6,37.1426683732249,32.4607401190302,18.6480682559847,14.5565969634439,53500.2083038606,285.540753437003,0.0017192070208522,174.811044288707,7.07287045599825,1998,1,0,0,0,0,0,0,0,0,1,0,0,0,0,0,1,0,0,0,0,0,1,0,0,0,0,0,0,0,0,0,0,0,0,0,0,0,0,0,0,0,0,0,0
1,43.8412339338535,510.931605664216,1.58460980573045,0.243215662819528,27,0,52.6635222775295,-1.2728810370981,7,65921.0730537328,35.4925252660085,18.6472996309091,-232.80896605604,893254768.045891,288.902143560832,-0.232895164669358,271.798708270215,3.35767606736876,1984,0,0,0,1,0,0,0,0,1,0,0,1,0,0,0,0,0,0,0,0,1,0,0,0,0,0,0,0,0,0,0,0,0,0,0,0,0,0,0,0,0,0,0,0
9,97.517421079914,2001.96665428242,1.44149772395071,0.197240712066323,10,18,52.9446069783839,-0.562272100406097,6,76.315921775361,36.4617493541896,18.6408686184173,13.8064506454411,5707254.92560488,288.562127298375,0.0006899867611149,226.604766209605,6.57451349674463,1981,0,0,0,1,0,0,0,0,1,0,0,0,0,0,0,0,0,0,0,1,0,0,0,0,0,0,0,0,0,0,0,0,0,0,0,0,0,0,0,0,0,0,0,0
8,105.97559853868,356.853154914165,0.579366758990313,0.144988818954331,25,0,51.4616619473999,-2.1575954353065,9,54.690107616576,33.1291878028969,18.6404748202737,31.3507293610691,3584076.9361447,284.776518731248,0.0028723323649007,337.061782478916,4.6138800511648,1993,0,0,0,0,0,0,1,0,0,0,0,0,1,0,0,0,0,0,0,0,0,1,0,0,0,0,0,0,0,0,0,0,0,0,0,0,0,0,0,0,0,0,0,0
2,81.6912189341985,-454.552800587692,1.45997240387227,0.170502027479294,24,22,55.219494489425,0.394267239734565,2,76.3353125614205,36.4897651660128,18.6370420371773,13.8219119025125,451361.355940141,268.179301391599,0.0019988895276336,194.631898086428,-2.45579078033106,1996,0,0,0,0,0,0,0,1,1,0,0,0,1,0,0,0,0,0,0,0,0,0,0,0,0,0,0,0,0,0,0,0,0,1,0,0,0,0,0,0,0,0,0,0
4,9.24998952152913,279.289566171093,1.44163523295865,0.186468193104129,27,11,51.3310717772145,-1.0584614503918,4,76.3099843291781,36.476882477616,18.6436214834482,13.8094492887073,1177748.5897231,282.349761993898,0.0004649973819731,-16.9696363806071,3.20651520911069,1982,0,1,0,0,0,0,0,0,0,0,0,0,1,0,0,0,0,0,0,0,0,0,1,0,0,0,0,0,0,0,0,0,0,0,0,0,0,0,0,0,0,0,0,0
4,102.994106251492,146.560566140337,1.44055502382091,0.244274543550862,30,7,52.2731552731152,-0.26421964134161,10,76.333758280302,36.4677784303485,18.6404751470061,13.8251985059733,-160333.883991696,274.529893724797,0.0010320789705109,59.1559400022947,1.05287901533825,1993,0,0,0,0,0,0,1,0,0,1,0,0,1,0,0,0,0,0,0,0,0,0,0,0,0,0,0,0,0,0,0,0,0,0,0,0,0,0,0,0,0,0,0,1
7,94.8716195322653,967.767090754295,1.439552031001,0.170923734435657,11,12,52.1604065091885,-3.03154983582303,4,77.3937084469692,36.4535660243163,18.6382973422298,13.8181751464861,3722106.79465123,282.109589497341,0.0006709526816791,156.479424633138,9.00034045617893,1985,0,0,0,0,0,0,1,0,0,1,0,0,1,0,0,0,0,0,0,0,0,0,0,1,0,0,0,0,0,0,0,0,0,0,0,0,0,0,0,0,0,0,0,0
7,45.5465828197022,732.125445641186,1.08698995921388,0.187008993661347,24,16,52.1729869935758,-1.73856386077345,11,92.817941870337,32.189514364488,18.7390991045087,9.82232083626064,2959843.85378259,276.693625372559,-0.0011783284418462,186.648765668871,5.74691101853823,1998,0,1,0,0,0,0,0,0,1,0,0,0,0,0,1,0,0,0,0,0,0,0,0,0,0,0,0,0,0,0,0,0,0,0,0,0,0,0,0,0,0,1,0,0
0,-17.3802036445225,-126.149306825464,2.10753676408104,0.300178252257291,21,0,52.4512736151463,-1.63681164783303,1,56.5449571111782,36.1855318178973,18.6424360502166,11.0355256869582,3391523.87947516,273.009808327719,-0.0002079253663409,74.7764746332275,1.6839401160592,1997,0,0,0,0,1,0,0,0,0,0,1,0,0,0,0,1,0,0,0,0,0,0,0,0,0,0,0,0,0,0,0,0,0,0,1,0,0,0,0,0,0,0,0,0
3,62.0091787778511,352.488435459257,1.44186974082057,0.215520756625644,19,6,54.0736409626377,-0.103333767795544,1,84.5907332699754,36.4752338435737,18.6451778713962,13.8135546210667,-134981.12602945,271.032612966363,-0.0011894531321647,194.782660950459,4.65126089081024,1987,0,0,0,0,0,0,0,0,0,0,0,0,1,0,0,0,0,0,0,0,0,1,0,0,0,0,0,0,0,0,0,0,0,0,0,0,0,0,0,0,0,0,0,0
3,51.3308462902208,712.40690888205,1.44173647847824,0.196174978936532,8,10,52.656911418109,-0.682582034856197,9,76.3227386325312,36.4788290786589,18.641063112019,13.809033904819,1620524.55931894,286.291767616573,-0.0004392925814928,268.93455312912,2.45004723507218,1987,0,0,0,0,0,0,0,1,0,0,0,0,0,0,0,1,0,0,0,0,0,1,0,0,0,0,0,0,0,0,0,0,0,0,0,0,0,0,0,0,0,0,0,0
7,24.2285975005013,522.997510409559,1.44176833413296,0.127041375025632,25,21,52.2195692357133,-0.933797046719925,5,76.2991409114616,36.460820421824,18.6416600313932,13.8060167003797,8128094.01669067,285.023255012546,0.0009099781288334,178.716864667653,4.33018672632961,1987,0,1,0,0,0,0,0,0,0,0,1,0,1,0,0,0,0,0,0,0,0,0,0,0,0,0,0,0,0,0,0,0,0,0,0,0,0,0,0,0,0,0,0,1
2,-1.75896503169135,842.764320279297,1.44136694448743,0.162177378533704,25,15,52.923712395464,-0.832288337225437,9,76.2896600194806,36.465736142422,18.6486351721908,13.7936548515783,4406240.32060056,288.226699106226,0.0016522985234558,24.1825675490553,1.78130642767634,1992,0,1,0,0,0,0,0,0,1,0,0,0,0,0,0,1,0,0,0,0,0,0,0,0,0,0,0,0,0,0,0,0,0,1,0,0,0,0,0,0,0,0,0,0
4,142.317323601094,1357.81192364944,1.44274245983184,0.154258011039584,19,16,52.8017194349347,-2.15518543093984,9,76.3437634020005,36.5098880676691,18.6500527958398,13.8021315622093,4964877.53174157,289.472739965336,-0.0006336532171867,282.276696247484,5.29650847398192,1991,1,0,0,0,0,0,0,0,0,0,0,0,1,0,0,0,0,0,0,0,0,0,0,0,0,0,0,0,0,0,1,0,0,0,0,0,0,0,0,0,0,0,0,0
4,89.2781306434749,676.403298368217,1.44316801038925,0.19007763317698,7,20,54.1523040165519,-1.60830238368706,7,76.35893351698,36.4774750456901,18.6431996634948,13.8259896869505,9568705.06069768,291.776012412768,-2.63443821599762e-05,159.068012795026,3.31125440703461,1984,0,0,0,0,0,0,0,0,0,0,0,0,1,0,0,0,0,0,0,1,0,0,0,0,0,0,0,0,0,0,0,0,0,0,0,0,0,0,0,0,0,0,0,0
2,-135.387786831551,173.695401211576,1.39674428163047,0.148802304665866,16,20,51.42306107493,-0.982114707961388,11,76.311950894218,37.4422523137432,18.6364652711794,13.823619606265,4186166.33062414,281.192558678108,-0.0008103104729728,188.285074732013,0.422242505195479,1997,0,0,0,1,0,0,0,0,0,0,0,0,0,0,0,1,0,0,0,0,0,0,0,0,0,0,0,0,0,0,0,0,0,0,0,0,0,0,0,0,0,1,0,0
3,173.368656919686,271.834064172602,1.44245711314665,0.224378342305446,25,15,52.5939891286189,-0.975164059252142,11,76.3012550452395,36.4728319213482,18.6382330918283,13.8013809611815,1151898.48481014,275.828468813182,-0.0005213648624723,245.805653978537,2.23516626787443,1982,0,0,1,0,0,0,0,0,1,0,0,0,1,0,0,0,0,0,0,0,0,0,0,0,0,0,1,0,0,0,0,0,0,0,0,0,0,0,0,0,0,0,0,0
1,138.287198131126,-16.6008475965386,1.44130050686299,0.212274426928519,4,3,52.3384788838477,-2.00439103314453,5,76.2880127394943,36.4545282196355,18.6405332671715,13.8379486370596,1860456.83018962,282.938839571571,0.000660830806714,306.013270339299,2.56510453033191,1981,0,0,0,1,0,0,0,0,0,0,0,0,1,0,0,0,0,1,0,0,0,0,0,0,0,0,0,0,0,0,0,0,0,0,0,0,0,0,0,0,0,0,0,0
4,28.0746390959715,1567.51717291573,1.44171243076334,0.199953170099444,13,13,51.2408084344401,-0.985827024465345,4,76.2804554364624,36.5040569385297,18.6441168722363,13.8110536565799,2230344.36660631,281.169790531083,0.0010815029512213,274.541258065682,5.3090054208925,1983,0,0,0,0,1,0,0,0,1,0,0,0,1,0,0,0,0,0,0,0,0,0,1,0,0,0,0,0,0,0,0,0,0,0,0,0,0,0,0,0,0,0,0,0
5,36.4874146714035,1204.07862155236,1.44170250087089,0.260315128645375,31,11,52.8722036503173,-1.51510973194271,9,76.327450149178,36.4755729180288,18.6403553273509,13.8211606931615,6745909.92990007,286.528620451982,-0.0020226416332222,325.447794135754,3.26696923377478,1989,0,0,1,0,0,0,0,0,0,0,1,0,1,0,0,0,0,0,0,0,1,0,0,0,0,0,0,0,0,0,0,0,0,0,0,0,0,0,0,0,0,0,0,0
7,71.8025632515524,275.653315344489,1.38218120969156,0.133887991542565,16,7,55.4958135225794,-0.27977806329454,7,76.3282745161684,39.1059181777366,18.6544617831263,13.8036562507389,242921.980527795,283.615608691434,-0.0010680684364763,231.824951465087,2.26644769310665,1992,0,0,0,0,1,0,0,0,0,0,0,0,0,0,0,1,0,0,0,0,0,0,0,0,0,0,0,0,0,0,0,0,0,0,0,0,0,0,0,1,0,0,0,0
1,7.28235723964882,1311.11060066206,1.43964308724745,0.104909881773807,29,19,54.1807456586336,-0.405614480227215,8,40102.2948737581,36.4822015357842,18.3137303936176,-461658.396982351,3606257045.03666,288.071729496844,-0.897526551851328,344.415094381913,2.96781333661513,1998,0,1,0,0,0,0,0,0,0,1,0,0,0,1,0,0,0,0,0,1,0,0,0,0,0,0,0,0,0,0,0,0,0,0,0,0,0,0,0,0,0,0,0,0
0,140.276580114131,464.023840204533,0.178934467215854,0.176107531216838,16,9,52.3402560786553,-1.83491779762531,8,21.7736855075829,18.9673236216797,18.6477881905938,0.373410221160719,1121069.47029209,290.554419510954,0.0033559603513369,249.079228631295,4.26567852807854,1999,0,0,0,0,0,0,1,0,1,0,0,0,1,0,0,0,0,0,0,0,0,1,0,0,0,0,0,0,0,0,0,0,0,0,0,0,0,0,0,0,0,0,0,0
3,-0.226487206148001,2.50789504129877,1.44186977885476,0.177405942163191,9,7,52.4227119566519,-1.37583353856964,7,79.3539091491449,36.475233338953,18.6433836954076,13.8135552270846,244338.21801183,284.936989557559,-0.0004545556492982,214.797809900675,1.17874425393358,1987,0,0,0,0,1,0,0,0,0,0,1,0,1,0,0,0,0,0,0,0,0,1,0,0,0,0,0,0,0,0,0,0,0,0,0,0,0,0,0,0,0,0,0,0
2,60.6022720493824,765.292588024996,1.45997232780944,0.0854730522686747,22,8,50.9283176302942,-3.15761278799226,8,76.3395389953822,36.4897683532266,18.6409926269022,13.8219114235811,948165.752763028,287.042336886498,-0.0015664645772384,207.148012988644,5.91588497626842,1996,0,1,0,0,0,0,0,0,0,0,1,0,1,0,0,0,0,0,0,0,0,0,0,0,0,0,0,0,0,0,0,0,0,1,0,0,0,0,0,0,0,0,0,0
2,150.410707057041,1156.57748013294,1.4420547482074,0.223779156424876,18,21,50.8282471267508,-1.82571521649145,5,76.3507971182625,36.4710637612534,18.6405544876126,13.8065270256056,7272126.69205208,289.556937421644,0.000994191088835,148.683039331301,11.6344650520894,1981,0,0,0,1,0,0,0,0,0,0,0,0,1,0,0,0,0,0,0,0,0,0,0,0,0,0,0,0,0,0,0,0,0,0,0,0,0,0,0,0,0,1,0,0
7,86.1288327209701,957.300601543518,1.48839455154926,0.156959978868232,21,5,52.8394245523956,-0.633118458310776,2,74.8736893329429,36.4730501289317,18.6421079071124,11.7331432186506,40286.6622982657,276.661634669686,0.0004640636001191,242.008911537515,9.95252254521215,1991,0,0,0,0,1,0,0,0,0,0,0,0,1,0,0,0,0,0,0,0,0,1,0,0,0,0,0,0,0,0,0,0,0,0,0,0,0,0,0,0,0,0,0,0
6,-28.7448075645555,639.356046429014,1.43397949905866,0.168870624685568,18,21,51.6319325111544,-2.30869822270357,6,76.2554930085909,36.4145198083575,18.6385685223884,13.8097654158398,4392481.16598611,288.109056794271,0.0005794425841643,200.214372888832,3.87705078456582,1996,0,1,0,0,0,0,0,0,0,0,1,0,0,0,0,1,0,0,0,0,1,0,0,0,0,0,0,0,0,0,0,0,0,0,0,0,0,0,0,0,0,0,0,0
1,-49.6010898889616,218.081248436981,1.44237611454148,0.152147977374188,2,8,51.9439411912551,-0.745155269028348,4,76.3290731164178,36.4283707044958,18.63480285174,13.7902435024601,1340193.95407887,279.526670227011,-0.0014613617467132,200.745185642489,2.87882443395014,1993,0,0,1,0,0,0,0,0,0,1,0,0,1,0,0,0,0,0,0,0,0,0,0,0,0,0,0,0,0,0,0,0,0,0,0,0,0,0,1,0,0,0,0,0
4,80.7201364340246,351.874739080537,1.44166119944803,0.167666028540252,7,23,52.0465797725251,-3.11413723574603,11,70.4945429360663,36.4770251774189,18.6430900953311,13.8056053526166,759417.717298278,280.516684492464,0.0030312164254581,108.427195668596,4.92033989896262,1988,0,0,0,0,1,0,0,0,0,0,1,0,1,0,0,0,0,0,0,0,0,1,0,0,0,0,0,0,0,0,0,0,0,0,0,0,0,0,0,0,0,0,0,0
6,182.502335392431,396.77044739586,1.44100411526481,0.246568521574249,22,2,49.2922045600182,-1.52868154294804,1,76.4163005495102,36.405578681439,18.6383668110172,13.799642424891,3870781.58851702,275.675990924443,-0.0046383446546698,296.117778466678,2.47677620384998,1989,0,0,0,1,0,0,0,0,0,0,1,0,1,0,0,0,0,0,0,0,0,0,0,0,1,0,0,0,0,0,0,0,0,0,0,0,0,0,0,0,0,0,0,0
6,116.443917738466,1394.1991345213,1.44120331883604,0.197678177640916,3,20,53.5871373064586,-3.25263891413093,4,76.2713437532121,36.4673003613392,18.6362124350265,13.8272461169842,8423088.06880705,277.778686148965,-0.0020804519045186,239.267062062505,5.588381789755,1991,0,0,0,0,0,0,0,0,0,1,0,0,0,0,0,1,0,0,0,0,0,0,0,0,0,0,0,0,0,0,0,0,0,0,0,0,0,0,0,0,0,0,0,1
2,-30.1671036547285,768.015292534342,1.47553137899642,0.214320789968744,7,10,50.8535903731294,-0.609281741097803,4,76.3341520467098,36.4920825477371,18.6436221885948,13.8122204385141,2222015.22115096,280.273614344658,0.0001161255631671,212.831835904745,3.44144343871075,1982,0,1,0,0,0,0,0,0,1,0,0,0,1,0,0,0,0,0,0,0,0,1,0,0,0,0,0,0,0,0,0,0,0,0,0,0,0,0,0,0,0,0,0,0
6,132.497074362629,312.454395370053,1.44161883538692,0.238297607985909,21,20,51.640459002626,0.0508652867792148,1,76.3625846198475,36.4623394795062,18.6395456043315,13.7908559528269,-1043348.83680876,276.832067824228,0.0025043012565349,222.9448682956,3.89909390827177,1993,0,0,0,0,0,0,0,1,0,1,0,0,1,0,0,0,0,0,0,0,0,0,0,0,0,0,0,0,0,0,0,0,0,0,1,0,0,0,0,0,0,0,0,0
3,225.901629515091,343.121057108293,1.44218570603823,0.212283008380681,17,16,50.4997333401524,-0.460692641938979,1,76.333350594492,36.4730074049678,18.6398567972387,13.8136205642001,4524815.77962762,280.098997484122,-0.0020815205279472,247.155535601447,2.34699560264135,1990,0,0,0,0,0,0,0,0,0,0,1,0,1,0,0,0,0,0,0,0,0,0,0,0,0,0,0,0,0,0,0,0,0,1,0,0,0,0,0,0,0,0,0,0
4,21.4253821462379,776.962315899942,1.39186551081171,0.183535114251251,21,16,53.4923526702917,-2.55744117397254,2,76.3500598506461,37.5324324047223,18.6405902330457,13.8187789500471,5171394.00878269,278.019747429873,-0.000822417559178,155.593074012001,4.50145402282023,1996,1,0,0,0,0,0,0,0,0,0,1,0,0,0,0,1,0,0,0,0,0,0,0,0,0,0,0,0,0,0,0,0,0,0,0,0,0,0,0,0,0,1,0,0
3,127.899646548642,1013.58523260976,1.37295272916305,0.148148363954843,6,8,52.6682182377441,-0.0690176559185804,5,76.3009917028074,36.3945454859774,18.3236186021663,13.8087747472921,-328791.015604389,280.754563893676,0.0011295778737992,245.769295933895,7.68613169481469,1998,0,0,0,0,1,0,0,0,1,0,0,0,0,0,0,1,0,0,0,0,0,0,0,0,0,0,0,0,0,0,0,0,0,0,0,0,0,0,0,0,0,1,0,0
4,-31.174520652922,362.768005208107,1.44316800574993,0.221054145970335,12,6,53.0223872396126,-0.734288142091114,9,76.4093924432441,36.4774746295051,18.6431993725858,13.8259896729517,57122.8169387587,282.635958844229,-0.0027663711656297,282.42447616362,2.88463660518687,1984,0,0,0,0,0,0,0,0,0,0,1,0,1,0,0,0,0,0,0,1,0,0,0,0,0,0,0,0,0,0,0,0,0,0,0,0,0,0,0,0,0,0,0,0
3,-50.2034502571276,877.680607835753,1.44186980983898,0.160056711963973,21,21,53.4704339914026,-0.908482598320803,1,76.3505409909998,36.4723353842637,18.6412657658742,13.7905151372887,2859509.0331577,278.117111810316,-0.0016702896132693,222.340230886419,8.19575665033604,1986,0,0,0,0,1,0,0,0,0,1,0,0,1,0,0,0,0,0,0,0,0,0,0,0,0,0,0,1,0,0,0,0,0,0,0,0,0,0,0,0,0,0,0,0
1,46.7154974854449,1175.9350070929,1.44128286079241,0.166695625366652,1,9,54.4658693060139,0.0507475599124683,7,76.3276899028324,36.4630994341711,18.6405440136186,13.8050022698589,3435206.72612731,282.989644041715,-0.0008697163512363,258.983489534902,4.59522527825047,1981,0,0,0,1,0,0,0,0,1,0,0,0,1,0,0,0,0,0,0,1,0,0,0,0,0,0,0,0,0,0,0,0,0,0,0,0,0,0,0,0,0,0,0,0
2,66.9361922905161,131.8209380827,1.44202947973576,0.246678605732557,13,14,51.98136468178,-0.64840029073534,1,65.7177891001771,36.4642922328658,18.6384940429449,13.8041665441172,-2474627.56582067,281.385606644865,0.0006705213653304,288.714039802559,3.86025533519357,1991,0,0,1,0,0,0,0,0,0,0,1,0,1,0,0,0,0,0,0,0,0,0,0,0,0,0,0,0,0,0,0,0,0,0,0,0,0,0,0,0,0,1,0,0
4,63.4014130131757,533.614238864539,1.44166111824715,0.183522175833964,19,0,54.5407738135059,-1.61505452362205,10,69.8224858664605,36.4770257478312,18.6465607147688,13.8056050909056,3096231.94488865,282.424598184121,-0.0006892147675698,111.510399241758,6.30474005646799,1988,0,0,0,0,0,0,0,1,0,0,1,0,1,0,0,0,0,0,0,0,0,1,0,0,0,0,0,0,0,0,0,0,0,0,0,0,0,0,0,0,0,0,0,0
3,189.364549644517,1206.44903614422,1.44055499590654,0.180560111322035,19,14,51.256754254792,-0.607820815247348,7,76.3348617990571,36.4677790975408,18.6452756305533,13.8251981366484,6637337.85676412,294.375163600192,7.27018189598458e-05,266.742475245297,6.0189194791872,1993,0,0,0,0,0,1,0,0,0,1,0,0,1,0,0,0,0,0,0,0,0,0,0,0,0,0,0,0,0,0,0,0,0,0,0,0,0,0,0,0,0,0,0,1
4,121.21389131171,1427.93611874757,1.44266685340838,0.237954909602422,5,13,53.400578328879,-2.43561579366325,10,76.3237996253901,36.4706369483969,18.6408005295596,13.8083882645589,1911159.08920128,283.664160763892,0.0012066303739377,259.01139551192,7.6742064080167,1983,0,0,1,0,0,0,0,0,0,0,0,0,1,0,0,0,0,0,0,0,0,0,0,0,0,0,0,0,0,0,0,0,0,0,0,0,0,0,0,0,0,1,0,0
3,26.8228458275737,997.278152142673,1.44186973822659,0.21000358175433,10,8,52.6417910144659,-2.05411642489256,3,63.9958586892283,36.4752326502262,18.6417138287874,13.8135550149904,-95080.1427833187,274.739766243855,0.0008666261230157,117.643744791233,8.0983352692899,1987,0,0,0,1,0,0,0,0,0,1,0,0,1,0,0,0,0,0,0,0,0,1,0,0,0,0,0,0,0,0,0,0,0,0,0,0,0,0,0,0,0,0,0,0
0,119.740406657331,371.98422137379,1.88020424204633,0.132062729555755,8,22,52.5371020285171,-0.701331090868261,8,82.3021967515895,36.4730495340622,18.6361059149324,35.1612709323649,7595279.69752622,288.326498502748,0.0005693303597776,96.2407866639292,2.84615052528817,1991,0,1,0,0,0,0,0,0,0,1,0,0,1,0,0,0,0,0,0,0,0,1,0,0,0,0,0,0,0,0,0,0,0,0,0,0,0,0,0,0,0,0,0,0
8,119.952659792596,1009.25283516819,0.347406659443923,0.167456481615794,3,0,52.8484762197572,-2.55370680267761,3,41.3465322409011,30.7751337678165,18.640883531626,-1.88797250133669,627734.232919781,281.942881606447,9.91978853639544e-05,81.9925630128161,8.10632156793532,1996,0,0,0,0,1,0,0,0,1,0,0,0,1,0,0,0,0,0,0,0,0,1,0,0,0,0,0,0,0,0,0,0,0,0,0,0,0,0,0,0,0,0,0,0
1,37.8387006398619,402.300861680974,1.26520003931134,0.126715197048337,3,9,53.031288351921,-2.46765854314298,11,44.456753838178,31.9885288331345,18.6142410357692,8.74577214339818,112619.233950776,279.300412434476,0.0015432302935548,224.683015454341,5.60800368696195,1989,0,0,0,1,0,0,0,0,1,0,0,1,0,0,0,0,0,0,0,0,0,0,0,0,0,0,0,0,0,0,0,0,0,0,0,0,0,0,0,0,0,1,0,0
4,141.703291786209,604.531854457021,1.4551580927196,0.227588480478746,23,20,52.2061504910661,0.256862327931513,4,76.3164445628467,36.4818303056622,18.6395422758053,13.8183139615696,3303711.90482871,280.411723976256,0.0006615186349911,61.2951214104191,5.05644254926832,1984,0,1,0,0,0,0,0,0,1,0,0,0,1,0,0,0,0,0,0,0,0,1,0,0,0,0,0,0,0,0,0,0,0,0,0,0,0,0,0,0,0,0,0,0
4,42.9627082422544,1881.22896147682,1.44166119324586,0.252771041031151,3,12,52.5076280926465,0.518265658754126,3,66.691467570652,36.4770247744601,18.6419559149492,13.8056044325879,3232847.92762624,279.653013008973,0.0003451117253551,326.826008807785,6.32005512948247,1988,0,0,0,1,0,0,0,0,1,0,0,0,1,0,0,0,0,0,0,0,0,1,0,0,0,0,0,0,0,0,0,0,0,0,0,0,0,0,0,0,0,0,0,0
4,10.6736714335381,710.152241777389,1.31279164919842,0.203983227109858,21,18,51.1030274676212,1.41154585151947,1,108.953694648695,36.4895846438334,18.6369462215393,8.41803882920224,4003472.61905249,277.993097827544,-0.0015436318858753,221.813858364499,4.56472486263117,1982,0,0,0,1,0,0,0,0,0,0,0,0,0,0,0,1,0,0,0,0,0,1,0,0,0,0,0,0,0,0,0,0,0,0,0,0,0,0,0,0,0,0,0,0
0,32.9889063830781,687.361026348692,1.13154660505276,0.22487856122814,20,2,51.9812335908299,-2.73841807659598,12,71.5169630442372,34.5564893186457,18.6477760355987,1.82312086908573,5044311.95204203,286.62280923382,-0.0114930275393957,306.366537562846,9.2833339903122,1994,0,0,0,0,0,1,0,0,0,1,0,0,0,0,0,1,0,0,0,0,0,0,0,0,0,0,0,0,0,0,0,0,0,0,0,1,0,0,0,0,0,0,0,0
0,71.9729999531549,396.840479771107,1.28136746302838,0.15269490204762,9,17,51.3049016136987,-0.517900131939131,12,68.0253378353373,33.5821523921702,18.6416600292058,14.571613077498,-262999.927695942,270.849672109114,0.0015465671157589,48.7101465330677,1.66215369804921,1987,0,1,0,0,0,0,0,0,1,0,0,0,1,0,0,0,0,0,0,0,0,0,0,0,0,0,0,0,0,0,0,0,0,0,0,0,0,1,0,0,0,0,0,0
2,-9.50784893475912,1377.81996662448,1.4421133309835,0.237116307083009,24,17,53.2703826944964,-0.0291941847362156,9,76.2822858204982,36.4559544107553,18.6405759154592,13.8147421645164,5921216.34741731,293.055335132237,-0.0004276586437758,268.657743599718,10.5769202048267,1990,0,0,0,0,0,1,0,0,1,0,0,0,0,0,0,1,0,0,0,1,0,0,0,0,0,0,0,0,0,0,0,0,0,0,0,0,0,0,0,0,0,0,0,0
1,-26.032920523752,1127.06682794083,1.4407069188085,0.149870315134239,23,16,51.3326515916407,-3.51724583088097,7,76.26995335909,36.5392221078822,18.6361055541553,13.8322843640123,3894060.54841785,295.404022535234,5.26863238780885e-05,136.653150463727,7.16574044913127,1991,0,1,0,0,0,0,0,0,0,0,0,0,1,0,0,0,0,0,0,0,0,0,0,0,0,0,0,0,0,1,0,0,0,0,0,0,0,0,0,0,0,0,0,0
4,-115.382553078759,-214.344666416582,1.48402960994266,0.200259476937859,12,1,51.7535587151833,-1.59177859732628,12,76.442025306034,36.4768385121332,18.6386985366544,13.8129560701989,5827599.27914401,271.142665281844,-0.0095163566160939,-13.9901700978184,-0.325307572215047,1996,0,0,0,1,0,0,0,0,1,0,0,0,1,0,0,0,0,0,0,0,0,0,0,0,0,0,0,0,0,0,0,0,0,0,1,0,0,0,0,0,0,0,0,0
8,-58.8794896957244,723.145200871665,0.47578197453753,0.175292284777227,15,10,53.0843257876871,-3.10417095112355,7,82.6036708706291,28.2169003455258,18.6408836496195,3.73768213154762,1309346.905387,288.281913475597,0.0012050165900078,65.8825196139357,5.05945578083632,1996,0,0,0,0,1,0,0,0,0,1,0,0,1,0,0,0,0,0,0,0,0,0,1,0,0,0,0,0,0,0,0,0,0,0,0,0,0,0,0,0,0,0,0,0
4,28.7105734011977,579.900866303668,1.44298623615138,0.182667264081546,30,19,51.2709981471246,-2.73184264307569,8,76.3911712442987,36.451925405155,18.6410212719945,13.8061436788131,4111073.82979627,294.265245025626,0.0007661678552593,253.968301773236,7.68377202588376,1990,0,0,0,0,0,0,1,0,0,0,0,0,1,0,0,0,0,1,0,0,0,0,0,0,0,0,0,0,0,0,0,0,0,0,0,0,0,0,0,0,0,0,0,0
2,-56.2753147189279,562.676493024856,1.72533420659797,0.225842474970651,25,20,52.3263290363423,-1.40247682563596,12,86.4437077454851,36.4846309189485,18.6359215850182,38.8630510541586,7207958.53233904,276.5324943788,-0.006973301958399,237.112858037723,5.88504168915141,1984,0,0,0,0,1,0,0,0,0,0,1,0,0,0,0,1,0,0,0,0,0,1,0,0,0,0,0,0,0,0,0,0,0,0,0,0,0,0,0,0,0,0,0,0
4,-1.50686793776138,447.950537469051,1.44103491509147,0.17043241238824,16,9,49.7846501491155,-2.64906496570159,12,76.3580259508499,36.4875658692263,18.6354656661594,13.8126671433866,801584.976828631,281.629296209351,-0.0074234702071153,268.444331303724,3.3587282917302,1988,0,1,0,0,0,0,0,0,0,0,0,0,1,0,0,0,0,0,0,0,0,0,0,0,0,0,0,0,0,0,0,0,0,1,0,0,0,0,0,0,0,0,0,0
6,-14.6801112899737,1222.87267875165,1.44233635366706,0.182696718629454,5,12,52.4374153904538,-0.462265431545866,9,76.2599824291579,36.4901874158633,18.6435545330326,43.7218415612359,4940033.22901271,288.958651211275,0.0020347837114364,273.632663095441,5.36741186480265,1995,0,0,0,1,0,0,0,0,0,1,0,0,1,0,0,0,0,0,0,0,0,0,0,0,0,0,0,0,0,0,0,0,0,0,0,0,0,0,0,0,0,0,0,1
9,8.62811761299675,1283.02289372594,0.20851216781368,0.165374641198725,18,17,52.0842056719821,-1.99646457519331,8,10.2795670505846,39.0795052830831,20.1834774874292,50.8464716114002,10177511.5360428,298.438864282267,-0.0001724892116521,70.5716528895881,4.43797231567482,1995,0,0,0,0,1,0,0,0,0,0,0,1,0,0,0,0,0,0,0,0,0,1,0,0,0,0,0,0,0,0,0,0,0,0,0,0,0,0,0,0,0,0,0,0
3,-40.2115383609033,791.564845245929,1.44239988098892,0.181898611160016,22,2,52.6728068165092,-0.470803678117952,2,76.1278010693956,36.4764540283902,18.6351606674488,13.8077763938136,1504609.17221295,283.728159163223,-0.0012768434739392,186.835330601933,6.42606330398288,1988,0,1,0,0,0,0,0,0,0,1,0,0,0,0,0,1,0,0,0,0,1,0,0,0,0,0,0,0,0,0,0,0,0,0,0,0,0,0,0,0,0,0,0,0
4,300.538044359955,720.135331508628,2.56054882609895,0.260550835191803,17,20,51.7002352932703,-2.18849148695105,3,82.7819515011724,36.4711265500701,18.6408666586306,33.5437223799271,3490699.32846764,282.809908676649,0.0032894836986599,279.100806377839,5.37323357520802,1991,0,0,0,1,0,0,0,0,0,0,0,0,0,0,0,1,0,0,0,0,0,1,0,0,0,0,0,0,0,0,0,0,0,0,0,0,0,0,0,0,0,0,0,0
5,10.8764944120699,1623.89569861105,1.44084855629763,0.111284799831475,2,13,52.2590921080748,-0.0684169902411562,9,76.360951050289,36.4415005610049,18.6445088172196,13.8353784112717,7030790.99451322,289.580074330244,0.0002935468392195,265.157987290191,2.97306850119642,1990,0,1,0,0,0,0,0,0,0,1,0,0,1,0,0,0,0,0,0,0,0,0,0,0,0,0,0,0,0,0,0,0,0,0,0,0,0,0,0,0,0,0,1,0
2,-74.2751014718357,913.34340729276,1.44115886140967,0.132837145883488,9,23,52.8321958190568,-1.05473946623843,3,76.3344375626702,36.4777019474053,18.6382555975779,13.8029752663834,4306449.80614953,281.506796893658,0.0017130165666239,196.23343627483,7.16492867526221,1989,0,0,0,1,0,0,0,0,0,1,0,0,1,0,0,0,0,0,0,0,0,0,0,0,0,0,0,0,0,0,0,0,0,0,0,0,0,0,0,0,0,0,0,1
9,103.247810266366,369.25101103709,1.41250388722371,0.184236958083118,14,6,52.2036055377252,0.691715576973031,6,109.599716385591,36.3904127121848,18.7713105573615,12.6254478840627,193723.790533553,284.066229908439,0.000923890479095,378.21489837678,5.32108418296601,1997,0,0,1,0,0,0,0,0,1,0,0,0,0,0,0,0,0,0,0,0,1,0,0,0,0,0,0,0,0,0,0,0,0,0,0,0,0,0,0,0,0,0,0,0
4,190.163949721331,67.8837433842342,1.44247090279509,0.191041503766719,23,7,51.5265717271454,-1.12423687345891,8,22.4315108565389,36.4700472936155,18.6416597912023,13.814153081721,194412.062130525,285.628242960014,-0.0007897636118172,249.990231446827,1.72411739489694,1987,0,1,0,0,0,0,0,0,1,0,0,0,1,0,0,0,0,0,0,0,0,0,1,0,0,0,0,0,0,0,0,0,0,0,0,0,0,0,0,0,0,0,0,0
4,-17.3766635860087,1396.54158785138,1.4427893858462,0.155273827710486,11,22,53.3221203645706,-2.70876243718837,2,76.3364803315908,36.5008460773393,18.6445093534602,13.7974974137267,587339.370033874,280.277607991625,0.0063940920874048,232.950342049778,13.9970516728561,1990,0,1,0,0,0,0,0,0,0,1,0,0,1,0,0,0,0,0,0,0,0,0,0,0,0,0,0,0,0,0,0,0,0,0,0,0,0,0,0,0,0,0,0,1
1,-35.9585847507098,332.323599973168,1.44145151773286,0.169376455370184,13,22,53.6089843736404,-0.0947438820113513,7,76.38219958616,36.4803291497439,18.6360895425614,13.7610434434897,-97433.8708043634,286.346092347693,0.0004795603264613,252.273159743834,2.41154837907927,1996,0,0,0,0,0,0,1,0,0,0,1,0,1,0,0,0,0,0,0,0,0,0,0,0,0,0,0,1,0,0,0,0,0,0,0,0,0,0,0,0,0,0,0,0
2,68.5357776370313,23.8905030801075,2.05709752716296,0.190885591613711,21,23,50.8994721979739,-0.903790900429987,10,79.8084124417871,36.5791558281322,18.6516154241406,36.0863034475858,497404.914640335,276.269550075969,0.0010211784571499,172.097865026941,1.04301720981718,1992,0,0,0,0,0,0,0,0,0,0,0,0,0,0,0,1,0,0,0,0,0,1,0,0,0,0,0,0,0,0,0,0,0,0,0,0,0,0,0,0,0,0,0,0
2,91.5106406462381,318.648534086465,1.44178256891658,0.186983338539735,29,2,53.4193883264948,-2.39679550339042,7,76.3521865186759,36.4997426046128,18.6437367618656,13.8151500530703,3446137.56418439,290.946285642749,0.0016779878546388,295.023119443095,5.44166334468423,1983,0,0,0,0,0,0,0,1,1,0,0,0,0,0,0,1,0,0,0,0,0,0,0,0,0,0,0,0,0,0,0,0,0,1,0,0,0,0,0,0,0,0,0,0
1,52.8717646922829,1945.33774979628,1.44164045375181,0.250981384577263,17,14,53.4332417211309,-0.419050013120404,8,76.3076046234931,36.4438047027737,18.6449292080123,13.7957530825209,5215111.44423373,290.309353088044,-0.0007804868935792,283.526384013223,10.5568276079078,1990,0,0,0,1,0,0,0,0,1,0,0,0,1,0,0,0,0,0,0,0,0,0,0,0,0,0,0,1,0,0,0,0,0,0,0,0,0,0,0,0,0,0,0,0
1,127.728509844049,718.291113373768,1.44238217904481,0.379538217729777,11,9,52.5568707949009,-2.73600438796235,12,76.3121930103594,36.4696941443191,18.6386420850516,13.8001846189574,374614.132174998,279.673183020299,-0.0075379355438977,418.103629402687,4.28126907787793,1989,0,0,1,0,0,0,0,0,0,0,0,0,0,0,0,1,0,0,0,0,0,0,0,0,0,1,0,0,0,0,0,0,0,0,0,0,0,0,0,0,0,0,0,0
8,-36.0046821191471,1543.79866606537,1.55423180391906,0.181833707996815,12,15,53.9911392036883,-1.4134562371882,8,86.2192268920869,38.7232721404091,18.6435303487349,10.2571299401931,5959662.4099497,289.011745442368,0.0029904772188323,254.953856830438,11.4682403348458,1992,0,0,0,0,1,0,0,0,0,0,0,0,1,0,0,0,0,0,0,0,0,1,0,0,0,0,0,0,0,0,0,0,0,0,0,0,0,0,0,0,0,0,0,0
5,18.9148559871252,347.608283171468,1.44194102141033,0.156247656348045,9,6,50.98364651591,-1.35577070751312,10,76.3212850670368,36.4678608290264,18.6401423075507,13.8149495800025,185761.251477995,284.598123332939,0.001372465759766,205.614774321418,3.71630651813401,1986,0,0,0,0,1,0,0,0,1,0,0,0,0,0,0,1,0,0,0,0,0,0,0,0,0,0,0,1,0,0,0,0,0,0,0,0,0,0,0,0,0,0,0,0
4,76.2351590611967,155.586825626218,1.44727145290155,0.123330122005365,26,3,51.4952682589261,-0.211355399615319,9,81.3471232011869,36.6290516586473,18.6430197177934,16.2470694564811,2667279.60636432,287.898851425633,-0.0003926771089744,269.356329411742,3.17601018987841,1995,0,1,0,0,0,0,0,0,0,0,1,0,0,0,0,1,0,0,0,0,0,1,0,0,0,0,0,0,0,0,0,0,0,0,0,0,0,0,0,0,0,0,0,0
7,-32.7685092072974,2304.77476858312,1.44233386265533,0.1492750890788,21,19,51.9977707209387,1.07110671151358,7,76.3419782005902,36.4683007751008,18.6377962617365,13.8067964703335,13028897.4753301,294.973412507008,0.0007134081026771,200.656153579508,3.75289336484687,1983,0,0,0,1,0,0,0,0,1,0,0,0,1,0,0,0,0,0,0,0,1,0,0,0,0,0,0,0,0,0,0,0,0,0,0,0,0,0,0,0,0,0,0,0
9,166.153312860527,1486.69712706303,1.02078796009646,0.205655742477707,22,14,52.8332182375184,-1.62632205585826,1,62.6011737373875,30.5153083755035,18.6452751083387,4.44989841758261,2936095.42421491,281.993896719764,-0.0014065233564589,261.323289796653,12.3991965435212,1993,0,0,0,0,0,1,0,0,1,0,0,0,1,0,0,0,0,0,0,0,0,1,0,0,0,0,0,0,0,0,0,0,0,0,0,0,0,0,0,0,0,0,0,0
4,-29.3457891424096,504.525381994256,1.4421752101282,0.169869220649205,20,1,53.676277726342,-0.933178861088669,1,76.3445646745136,36.4472066900158,18.6350279499086,13.8333903605291,1959371.91596513,274.766197503562,-0.0016650868847652,236.702757997056,4.84590153531289,1991,0,0,1,0,0,0,0,0,1,0,0,0,0,0,0,1,1,0,0,0,0,0,0,0,0,0,0,0,0,0,0,0,0,0,0,0,0,0,0,0,0,0,0,0
2,161.937669231425,513.993059808565,1.44115546244333,0.232389176330863,4,8,51.4667557742948,-2.28235255460748,7,76.3881949347761,36.3747932004268,18.6430524971845,13.7873950329815,911399.344041119,286.142979967511,0.0003346633784521,226.607438494945,3.46796917815345,1981,0,0,0,0,0,0,0,1,0,0,1,0,1,0,0,0,0,0,0,0,0,0,0,0,0,0,0,0,0,0,0,0,0,0,0,0,0,0,1,0,0,0,0,0
6,-86.6038654829003,1486.21798127564,1.44136617830405,0.149107880530379,23,23,53.3793486408275,-2.40374729868971,3,76.3054992069051,36.4940810953905,18.6404045360588,13.8195747071919,-255869.159395402,284.113861650599,0.0028109059751342,256.595001168967,12.7173600087608,1989,0,0,1,0,0,0,0,0,0,0,0,0,1,0,0,0,0,0,0,1,0,0,0,0,0,0,0,0,0,0,0,0,0,0,0,0,0,0,0,0,0,0,0,0
3,51.0173821617125,-25.9138463716925,2.00924212072545,0.182735014973923,14,22,51.4825364730952,-1.83616227909861,8,84.0918314380853,36.5706321671818,18.6449462577963,21.9097380129697,9944152.98802469,283.01143547639,-0.0003238916461883,55.2643973439995,1.32617874082561,1993,0,0,0,0,0,1,0,0,0,0,0,0,0,0,0,1,0,0,0,0,0,1,0,0,0,0,0,0,0,0,0,0,0,0,0,0,0,0,0,0,0,0,0,0
9,38.6171933245028,1125.47699298447,0.215609925815605,0.094437424240035,30,15,54.7819380724362,-0.240616074681221,9,21.036016550636,39.4145771372517,22.7026496174804,-0.830689806515879,5238643.1906,290.187223323617,0.0004151981850852,171.836385549064,2.56415384298369,2000,0,1,0,0,0,0,0,0,0,0,0,0,1,0,0,0,0,0,0,0,0,1,0,0,0,0,0,0,0,0,0,0,0,0,0,0,0,0,0,0,0,0,0,0
5,147.025951995723,736.811351303186,1.44184935605118,0.185586141455285,24,2,51.5676913444445,-1.57255047820539,11,76.3274769997691,36.5016560658817,18.6407760314402,13.8002350113297,3339922.91485521,282.288204476347,-0.00595559604492,247.553995783234,9.84140287461122,1984,1,0,0,0,0,0,0,0,0,0,1,0,1,0,0,0,0,0,0,0,0,0,0,0,0,0,0,0,0,0,0,0,0,0,0,0,0,0,0,0,0,0,0,1
8,70.9331302221289,757.329287727505,0.956073234656528,0.168650026074576,5,16,51.6125949364385,-4.14996424672727,11,46.4812500013311,47.3539825032537,18.7980132556648,11.497848069889,1258811.7739893,277.451187568828,-0.0005567322922879,254.263161566178,5.04293762635996,1998,0,0,0,0,1,0,0,0,0,0,0,0,0,0,0,1,0,0,0,0,0,0,0,0,1,0,0,0,0,0,0,0,0,0,0,0,0,0,0,0,0,0,0,0
8,151.177240941506,104.209319181094,1.44233269035893,0.175463475931801,7,0,52.0361101233224,-1.5214014554827,9,-78090.3445369158,36.5031186503969,18.7486113820088,10453.9766394268,-1146220432.53707,286.242350867411,0.301456112100519,118.073574012102,1.22156693829674,1989,0,0,0,0,0,1,0,0,0,0,1,1,0,0,0,0,0,0,0,1,0,0,0,0,0,0,0,0,0,0,0,0,0,0,0,0,0,0,0,0,0,0,0,0
3,158.781160305676,33.129734234965,1.44089333727542,0.153077132674662,20,1,50.9922951566949,-2.51483630127983,6,76.3951555548841,36.476588179076,18.6456881820172,13.8135675992175,3100293.4705437,283.37728238372,0.0053922553610965,89.8807263459537,2.56051357871662,1982,0,0,0,0,0,0,0,0,1,0,0,0,1,0,0,0,0,0,0,0,0,0,0,0,0,0,0,1,0,0,0,0,0,0,0,0,0,0,0,0,0,0,0,0
8,135.610807541025,617.062399499746,1.44232851569663,0.202032263660653,2,10,52.7192179756999,0.219933550261487,3,72.0354609054779,36.4592881580109,18.7622289812046,30.5574432607757,2113022.99110517,280.494418893568,-2.90899004157928e-05,313.471295546551,9.90490765683499,1990,0,0,0,0,0,0,1,0,0,1,0,0,0,0,0,0,0,0,0,1,0,0,0,0,0,0,0,0,0,0,0,0,0,0,0,0,0,0,0,0,0,0,0,0
1,-13.0070637110042,844.650122171028,0.201185275308147,0.154687542994413,25,12,51.3529742645601,-2.9666899606842,8,65.8067670701275,33.8256476437196,18.6416988458581,22.8087930193679,4953120.99609692,288.322573731261,0.0034509549636529,272.828899799884,2.29474309660615,1997,0,0,0,0,0,1,0,0,0,1,0,0,0,0,0,1,0,0,0,0,0,1,0,0,0,0,0,0,0,0,0,0,0,0,0,0,0,0,0,0,0,0,0,0
5,38.7345166267648,754.639058700231,1.44161229957788,0.187004668557852,18,9,53.0111226353953,-0.230112660294994,11,76.4131928612064,36.4624767815423,18.6445230828129,13.8075994181797,362349.754396016,278.874621478163,-0.0012899810126913,303.806359325145,7.22221040988379,1995,0,1,0,0,0,0,0,0,0,1,0,0,1,0,0,0,0,0,0,0,0,0,0,0,0,0,0,0,0,0,0,0,0,0,1,0,0,0,0,0,0,0,0,0
5,76.3188903136034,266.439918063431,1.33914560180327,0.182132006225758,4,0,51.5748208150158,-2.32435636978578,11,76.3230837876594,36.5268264289345,18.6404083444561,13.7945448879877,1566510.78224146,277.924029055399,-0.0017130411673835,366.684478063883,4.67585858070236,1998,0,0,0,0,0,0,0,0,0,0,1,0,0,0,0,1,0,0,0,0,0,0,0,0,0,0,0,0,0,0,0,0,0,0,0,0,0,1,0,0,0,0,0,0
9,16.4177979257034,1254.49327455743,1.27350703152391,0.153965332910402,2,13,53.3330037195541,0.310132429849442,8,83.6474907013591,35.6293322866229,18.6457422793908,22.4271198554032,8419879.98385107,293.763603886289,-0.0023232920859583,110.502172343051,2.8944143407955,1982,0,0,0,0,0,0,0,0,0,1,0,0,0,0,0,0,0,0,0,0,0,1,0,0,0,0,0,0,0,0,0,0,0,0,0,0,0,0,0,0,0,0,0,0
5,63.1261562207242,1964.44092804317,1.44154190572762,0.214898801762007,24,14,51.3409746581817,-0.30822537787566,5,76.3417833230765,36.4783207390484,18.6423123774882,13.8140161604656,12071471.623108,291.847361281124,-0.0005059982815295,214.954128907809,9.25213120891125,1988,1,0,0,0,0,0,0,0,0,0,0,0,0,0,0,1,0,0,0,0,0,1,0,0,0,0,0,0,0,0,0,0,0,0,0,0,0,0,0,0,0,0,0,0
8,7.76631535111151,299.08428144508,1.5531386516372,0.174151386099879,15,20,51.5393090304224,-1.79055792188759,10,53.9685740258205,26.4984050990385,18.6466891016404,30.3852283531141,1778562.96257982,284.385823418947,0.0012246997143828,45.0996827780237,4.50401353814414,1994,0,0,0,0,0,0,1,0,0,1,0,0,1,0,0,0,0,0,0,0,0,0,0,0,0,0,0,0,0,0,0,0,0,0,0,0,0,0,0,0,0,1,0,0
0,145.959020456361,1323.39888257069,1.076538442794,0.160354916267541,12,12,54.5319797859537,-1.91261791396752,5,83.6054316035918,33.1012429258289,18.6398061417595,10.6082911357382,1726136.71445367,282.433234217601,0.0022569993302569,-57.600629442962,9.63454360433215,1993,0,1,0,0,0,0,0,0,0,0,1,0,0,0,0,1,0,0,0,0,0,0,0,0,0,0,0,0,0,0,1,0,0,0,0,0,0,0,0,0,0,0,0,0
1,120.82404885133,1238.43088072618,1.44220134800253,0.0649257667090078,2,23,52.5029621913877,-2.40063019610738,7,76.3052396357635,36.4574611585751,18.6445087518443,13.8062096100806,3556872.46364033,289.657012170467,0.0009308714080376,219.295068890028,9.93249533167819,1990,0,1,0,0,0,0,0,0,1,0,0,0,1,0,0,0,0,0,0,1,0,0,0,0,0,0,0,0,0,0,0,0,0,0,0,0,0,0,0,0,0,0,0,0
7,-147.053092518404,646.377329879451,1.61056823903628,0.206040947467392,27,6,51.8973835991227,-0.858297915219797,12,83.9673731856351,32.5263503976348,18.6407437149196,21.5514009534944,578.818795361134,278.766483886911,0.0021268430771996,231.333055815459,7.85032997533985,1996,1,0,0,0,0,0,0,0,1,0,0,0,0,0,0,0,0,0,0,0,0,0,0,0,0,1,0,0,0,0,0,0,0,0,0,0,0,0,0,0,0,0,0,0
2,240.313467655888,542.433208783931,1.44292285060652,0.271217146065038,19,0,52.1987651474368,-2.17527226236904,1,76.4107507688447,36.4704078292343,18.638357675446,13.7752349529598,496291.34027603,276.651618245208,0.0012065249451921,323.222413419003,6.75394975121898,1983,0,0,0,1,0,0,0,0,0,0,0,0,0,0,0,1,0,0,0,0,0,0,0,0,0,0,0,0,0,0,0,0,0,0,0,0,0,0,0,0,0,1,0,0
9,197.530957849583,718.703404556258,1.44124104042865,0.183240949366934,3,1,53.9292737971896,-0.975265507001036,6,1.16097401530451,35.5572400825966,18.6359222851161,15.086646537908,6183172.81414157,285.901579823439,0.0012375530156064,132.544337573947,4.82826850789945,2000,0,0,0,1,0,0,0,0,0,0,0,0,1,0,0,0,0,0,0,0,0,0,0,0,0,0,0,0,0,0,0,0,0,0,0,0,0,0,0,0,0,0,0,1
9,103.681534152027,1684.17201162838,1.19617281433441,0.109576017334282,24,11,50.7373551032079,-2.45076758637034,2,82.6725601393554,34.3135875045343,18.6481551316316,12.9099723857457,4385731.39229149,281.424256630312,-0.0021045331692534,181.46504778397,12.4704206830935,1989,0,1,0,0,0,0,0,0,1,0,0,1,0,0,0,0,0,0,0,0,0,0,0,0,0,0,0,0,0,0,0,0,0,0,1,0,0,0,0,0,0,0,0,0
1,27.2752855105667,-374.705270073874,1.4421758726109,0.135802091597702,13,0,55.5246523512363,-0.24148413204917,2,76.3096770351258,36.4762830401335,18.5910722334386,13.8510631545871,7517820.50992177,272.958912998539,-0.0025896460823759,95.2757626856716,-0.65011271355733,1984,0,0,0,0,0,0,1,0,0,0,0,0,0,0,1,0,0,0,0,0,0,0,0,0,0,0,0,1,0,0,0,0,0,0,0,0,0,0,0,0,0,0,0,0
3,37.2871885323488,1731.52634440917,1.88746926041509,0.183460207608682,26,13,50.7134702571134,-0.562236309327519,5,75.0411939414416,36.4764591312842,18.6477700569263,37.5337998893659,8892466.51448637,290.375871644674,0.0010115367527854,71.6915953793082,8.65867542382392,1989,0,0,0,0,0,1,0,0,0,0,0,0,0,0,0,1,0,0,0,0,0,1,0,0,0,0,0,0,0,0,0,0,0,0,0,0,0,0,0,0,0,0,0,0
3,59.4081194772937,833.115016606092,1.44186977512494,0.197841344933982,3,14,54.5870437363694,-1.42312790316362,3,78.3163769636329,36.4752338997757,18.6416602700608,13.8135545371879,-84038.501991904,275.894642323632,0.0016414121408867,123.111514928139,4.95978974035817,1987,0,1,0,0,0,0,0,0,1,0,0,0,1,0,0,0,0,0,0,0,0,1,0,0,0,0,0,0,0,0,0,0,0,0,0,0,0,0,0,0,0,0,0,0
9,71.9790729256718,1740.97833112642,1.27350699731024,0.172727347932439,21,19,52.6947133566367,-2.49007569648197,6,71.3286801403456,35.6293319710033,18.6480492095113,22.4271191178545,9572791.62015272,292.230518705391,0.0041084758065909,150.100656112582,5.0157252948628,1998,1,0,0,0,0,0,0,0,0,0,1,0,0,0,0,0,0,0,0,0,0,1,0,0,0,0,0,0,0,0,0,0,0,0,0,0,0,0,0,0,0,0,0,0
4,-37.9777468863959,1007.34188737255,1.44163525409863,0.161870610012849,9,18,54.0569805703447,0.531402593849214,9,76.3030530321832,36.4768823793921,18.6456879635202,13.8094488583457,3950319.73156768,286.981092541664,-0.0001108653772617,118.010155084968,2.42114404235781,1982,0,0,0,0,0,0,0,0,0,1,0,0,1,0,0,0,0,0,0,0,0,0,1,0,0,0,0,0,0,0,0,0,0,0,0,0,0,0,0,0,0,0,0,0
5,56.3529258892844,1342.87891882433,1.44018169498506,0.177269535492501,3,11,53.4273137123993,-0.0296556763391005,1,76.3681412756024,36.475691281711,18.6419542414789,13.8563619471441,1426087.01081542,278.311196210376,-0.0052173390505959,268.619946797518,8.7152192115507,1988,0,0,0,1,0,0,0,0,0,1,0,0,1,0,0,0,0,0,0,0,0,0,0,0,0,0,1,0,0,0,0,0,0,0,0,0,0,0,0,0,0,0,0,0
3,212.654925197821,669.075989509837,1.39111213552763,0.215507859426657,11,21,51.824759091906,-1.66203373183935,7,17.2215362260359,77.8260968140975,18.6651870933285,15.7609240645552,7933012.71263134,292.751314173252,0.0017654126285567,269.757504300136,4.50352925195831,1996,0,0,0,0,0,0,0,1,1,0,0,0,0,0,0,1,0,0,0,0,0,1,0,0,0,0,0,0,0,0,0,0,0,0,0,0,0,0,0,0,0,0,0,0
2,97.4210417516168,1299.00328979096,1.44183984617716,0.16995052891511,30,11,54.4166875350249,0.433397635533138,3,76.3417396465886,36.4644105973455,18.6362339929446,13.8285108651925,5061297.71691272,283.451871800831,0.000492604266305,568.215787983749,3.7946550993434,1991,0,1,0,0,0,0,0,0,0,0,1,0,0,0,0,1,0,0,0,0,0,0,0,0,0,0,0,0,0,0,0,0,0,0,0,0,0,1,0,0,0,0,0,0
9,89.3569412780746,1057.52978756969,0.379131632152644,0.187926159978147,29,1,51.5231907846924,-0.777376953837982,12,43.5255590092843,33.8506733441739,18.6359217681476,5.83417571780427,11537665.3102086,283.685583398008,-0.0230369066248935,393.024218814939,9.37694897043406,2000,0,0,0,1,0,0,0,0,0,1,0,0,1,0,0,0,0,0,0,0,0,0,0,0,0,0,0,0,0,0,0,0,0,0,0,0,0,0,0,0,0,1,0,0
0,210.303831423174,1975.92642615217,1.28136745512136,0.160380313159498,9,18,53.4656884849059,-0.322401495675747,4,62.4406074422689,33.5821523895624,18.6405694388394,14.5716131110837,8867136.84836422,285.099664850377,-0.0002537291198337,119.917283897419,0.965385135539442,1997,0,0,0,0,0,1,0,0,0,1,0,0,1,0,0,0,0,0,0,0,0,0,0,0,0,0,0,0,0,0,0,0,0,0,0,0,0,1,0,0,0,0,0,0
3,96.0408513432443,448.456486214198,2.49757136163995,0.211519715601579,29,1,53.8258831316289,-2.51852000781898,5,91.9098486862197,36.4764585330605,18.6385484622457,35.0699686206599,4894477.4124775,280.75580197157,0.0013652679414404,282.949947569543,4.12628999066621,1989,0,0,0,1,0,0,0,0,0,0,1,0,0,0,0,1,0,0,0,0,0,1,0,0,0,0,0,0,0,0,0,0,0,0,0,0,0,0,0,0,0,0,0,0
7,176.86884582348,763.692019984912,1.43921079293869,0.172762749757546,20,7,50.0937049451146,-1.50294763466768,7,76.6668692877058,36.4883071324769,18.6395424971932,13.8183890598167,370632.360020441,286.148164716938,-0.0004753982549141,79.0843212547702,5.15953256301161,1984,0,1,0,0,0,0,0,0,0,1,0,0,1,0,0,0,0,0,0,0,0,0,0,0,0,0,0,0,0,0,0,0,0,0,0,0,0,0,0,0,0,0,0,0
3,158.958121016109,1190.9200477159,1.39186552306704,0.316822733933762,6,14,51.0346177527316,-1.54641951485814,1,76.3690014434034,37.5324287747675,18.6459400762119,13.8187795527875,2468300.3750359,277.767087672815,0.0004517393848649,126.361166166392,7.74600731782815,1996,0,0,1,0,0,0,0,0,0,0,1,0,0,0,0,1,0,0,0,0,0,0,0,0,0,0,0,0,0,0,0,0,0,0,0,0,0,0,0,0,0,1,0,0
5,131.478459066965,722.177776988488,1.44164141905577,0.237912004783925,4,6,51.8265161880604,-0.284157214168625,3,94.0515170891595,36.4748306363261,18.6368761245665,13.8085616460153,45941.5204631693,276.330182240759,-0.0099561227814587,229.11610535676,6.85690325643566,1986,0,0,0,1,0,0,0,0,0,0,1,0,0,0,0,1,0,0,0,0,0,1,0,0,0,0,0,0,0,0,0,0,0,0,0,0,0,0,0,0,0,0,0,0
7,208.633405485995,403.243796522276,1.26979433393587,0.0951559693803756,20,10,51.9211822012114,-1.1834853512159,3,106.732082216776,39.050995639879,18.6398051384458,8.75618330997236,539311.26975687,282.723175767762,0.0011869868736112,256.676197740438,4.9736844016592,1993,0,1,0,0,0,0,0,0,0,0,0,0,0,0,0,1,0,0,0,0,0,0,0,0,0,0,0,0,0,0,0,1,0,0,0,0,0,0,0,0,0,0,0,0
2,87.4922430541829,333.094451201919,1.44276953979833,0.151959297009743,28,2,54.1535680400631,-1.02311302111344,10,76.4752363879843,36.4697071188078,18.6362334603339,13.8102188211182,1967743.68991955,282.17218955915,0.0019688442299306,162.601446000423,4.4631725338788,1991,0,1,0,0,0,0,0,0,0,1,0,0,0,0,0,1,0,0,0,0,1,0,0,0,0,0,0,0,0,0,0,0,0,0,0,0,0,0,0,0,0,0,0,0
5,226.479369243095,-4.96512875664748,1.44209651424785,0.182675660784235,4,4,52.1750651131921,-0.502614395690141,1,76.2965711620456,36.4942137225883,18.6391447149079,13.80970355131,5.04492640603388,275.566185834676,-0.0007187647924029,328.228724531336,4.82884984520982,1984,0,0,0,0,0,0,0,1,0,0,0,0,1,0,0,0,0,0,0,0,0,0,0,0,0,0,0,0,0,0,0,0,0,0,0,0,0,0,0,0,0,1,0,0
3,219.226148272613,1312.83083147341,1.43012982603307,0.171891489834146,5,12,52.5178905259948,-0.643053723945609,7,70.5694068694131,36.4757880296696,18.6449576343668,13.811089496359,8435902.74416923,296.666599107246,-0.0003342204345201,45.2683105825397,7.46604739951967,1989,1,0,0,0,0,0,0,0,0,0,0,0,1,0,0,0,0,0,0,0,0,1,0,0,0,0,0,0,0,0,0,0,0,0,0,0,0,0,0,0,0,0,0,0
0,-28.1148067520844,103.30723370941,0.579427363578806,0.17882762050142,19,22,51.6032128654715,-2.31288542318046,5,45.6559933967677,28.4978212842631,18.6452764811592,3.62034670247638,7793722.0500616,289.600108384985,0.0005684917732603,75.7921528926128,2.71903944169692,1992,0,0,0,0,1,0,0,0,0,0,1,0,1,0,0,0,0,0,0,0,0,0,0,0,0,0,0,0,0,0,0,0,0,0,0,0,0,0,0,0,0,1,0,0
1,196.483568501643,1154.01020175636,1.32770696030474,0.200207039030374,25,14,52.5538641515124,-1.63888453141966,8,-15.8084415520349,35.223818522825,17.6018034548094,13.8272612056725,7353622.60058263,292.875587854854,0.0016333249982285,185.3903395245,2.76259015586356,1990,0,1,0,0,0,0,0,0,1,0,0,0,0,1,0,0,1,0,0,0,0,0,0,0,0,0,0,0,0,0,0,0,0,0,0,0,0,0,0,0,0,0,0,0
0,268.20194092624,123.635408751827,0.896931677046738,0.111587150594493,21,22,51.9256118097968,-0.574770062191006,8,67.1917824021159,47.959168190836,18.6445235731933,-5.97174275841324,12240041.9768558,293.353832558922,-0.0001925085585478,53.0177134043675,3.18734462786458,1995,0,1,0,0,0,0,0,0,0,0,0,0,1,0,0,0,0,0,0,0,0,0,0,0,0,0,0,0,0,0,0,0,0,0,0,0,0,0,0,0,0,1,0,0
6,-15.7214983564757,367.311323170849,1.44083588801843,0.159149442391199,9,20,51.2220768139187,-2.21518548170252,9,76.364477209178,36.493074218775,18.6443768728738,13.8412690322819,3072834.70467712,289.545691027127,0.000562314603777,154.931439551345,1.45351660426606,1985,0,0,0,0,0,0,0,0,0,0,0,0,1,0,0,0,0,0,0,0,0,0,0,0,0,0,0,0,0,0,0,0,0,0,0,0,0,0,0,0,0,0,0,0
0,-34.3107625515528,337.591054625252,1.31740475171031,0.14398303218817,7,6,52.4454108506531,-1.06253885223838,11,467684.805627401,20.0753644433742,18.6381312411286,170379.733164231,152371142.766769,280.626775986037,0.0015166980812394,226.839155740474,4.37234119200293,1985,1,0,0,0,0,0,0,0,1,0,0,0,0,0,1,0,0,0,0,0,0,0,1,0,0,0,0,0,0,0,0,0,0,0,0,0,0,0,0,0,0,0,0,0
2,-9.10845051276175,1124.13277447788,1.44082500292082,0.189098168453511,4,8,53.9521375514957,-1.8602406684604,1,84.4318833893876,36.4863631245712,18.642408172888,13.8065803880602,178862.79946716,279.577025824803,0.0001663239589369,214.835965723462,8.86947750532971,1989,0,0,0,0,0,0,1,0,1,0,0,0,1,0,0,0,0,0,0,0,0,0,1,0,0,0,0,0,0,0,0,0,0,0,0,0,0,0,0,0,0,0,0,0
6,213.467851946047,26.2103354598742,1.4428386015669,0.204144072002799,6,4,53.609958885047,0.343560058309509,3,76.3680402334222,36.4704596981916,18.642108514645,13.8133672610827,26.974029815106,275.802498090895,9.88786643409224e-05,100.836131250812,1.96591085888283,1991,0,0,0,0,1,0,0,0,0,0,1,0,1,0,0,0,0,0,0,0,1,0,0,0,0,0,0,0,0,0,0,0,0,0,0,0,0,0,0,0,0,0,0,0
2,247.268803368203,900.291059591009,1.44184472715187,0.154353243524046,4,17,52.0782200825988,-0.471795444939187,10,76.3461787894737,36.4810121346763,18.6407510119774,13.8183855157664,3914625.7068473,286.735512233826,-0.0002495941912239,81.045467817167,5.89359316448402,1984,1,0,0,0,0,0,0,0,0,0,1,0,1,0,0,0,0,0,0,0,0,0,0,0,0,0,0,0,0,0,0,0,0,0,0,0,0,0,0,0,0,0,1,0
2,-5.4239522078153,1258.16034030856,1.44215264265892,0.127282550483803,9,5,52.0706609010353,-1.6000674751214,1,76.3373923641805,36.4689683388342,18.6499549370404,13.7975948652008,-40516.5839845722,282.404644382437,0.0006134196628187,238.775526679673,14.4694800022065,1991,1,0,0,0,0,0,0,0,0,1,0,0,1,0,0,0,0,0,0,0,0,0,0,0,0,0,0,1,0,0,0,0,0,0,0,0,0,0,0,0,0,0,0,0
1,-121.442337372245,548.635783351048,1.44002483253534,0.143664699230588,11,3,51.3639868427184,-1.05126118461308,5,76.3110597678275,36.4455863538252,18.6463352583609,13.8127713489116,535691.282275214,281.897153546725,0.0014495213223176,234.046844197614,5.37769753362407,1992,0,0,0,0,0,0,1,0,0,0,1,0,1,0,0,0,0,0,1,0,0,0,0,0,0,0,0,0,0,0,0,0,0,0,0,0,0,0,0,0,0,0,0,0
0,79.0656946925657,384.82245194242,0.677443912470587,0.125907924508153,27,21,53.0332063947027,-0.636412279615371,8,42.3848636840801,49.8782927330181,18.6408836334641,16.5430845192194,10691708.9263372,289.710574632762,-0.0003110192918318,201.876640738051,3.10542992022336,1996,0,0,0,0,1,0,0,0,0,1,0,0,1,0,0,0,0,0,0,0,0,0,0,0,0,0,0,0,0,0,0,0,0,0,0,0,0,0,0,0,0,1,0,0
6,71.9570276878147,160.287649114432,1.44118306031362,0.207899320680104,1,6,51.0403958451593,-1.49786859565802,10,76.4919500857779,36.4848520840623,18.6452725977688,13.8039493123837,54454.8044612604,280.083553983911,-0.0002970884610107,204.115364990911,0.916404734172467,1986,0,0,0,0,0,0,0,0,0,0,1,0,0,0,0,1,0,0,0,0,1,0,0,0,0,0,0,0,0,0,0,0,0,0,0,0,0,0,0,0,0,0,0,0
1,30.9888399313679,1686.86379428875,1.44256276837521,0.120182363699435,31,16,50.4865362781762,-1.75016249111122,8,76.4600984860444,36.4585728352855,18.6417879351333,13.8037089976492,5305497.09776582,293.944225968048,0.0014175986925641,148.199562817663,8.9098443023946,1997,0,1,0,0,0,0,0,0,0,1,0,0,1,0,0,0,0,0,0,0,0,0,0,0,0,0,0,1,0,0,0,0,0,0,0,0,0,0,0,0,0,0,0,0
3,201.075326788341,94.3232718137725,1.44183162434633,0.159220790733756,5,2,52.0873517450283,-2.72392453387139,7,76.3357817040135,36.4443307657807,18.6390282254198,13.7853323425824,5142963.81270418,288.23580438956,0.0005905281775616,300.080309081031,1.24083474061128,1984,0,0,0,0,0,0,0,1,1,0,0,0,1,0,0,0,0,0,0,0,0,0,0,0,0,0,0,0,0,1,0,0,0,0,0,0,0,0,0,0,0,0,0,0
4,-103.722354649858,1276.17501854333,1.44131170023561,0.245683687543721,4,18,50.4545400039405,1.00661506256099,3,34.1709992922725,36.4571308200793,18.6449269600849,13.8103056005692,4183175.90817817,280.941098260817,0.0009695629657732,260.313675135376,6.5670546416783,1990,0,0,0,1,0,0,0,0,0,1,0,0,1,0,0,0,0,0,0,0,0,0,0,0,0,0,0,0,0,0,0,0,0,0,0,0,0,0,0,0,0,1,0,0
6,-18.2547542021219,480.918337919645,1.43985999364334,0.175888381564528,15,16,52.3090251518093,-1.58827074665816,12,76.2825448953432,36.4521204457394,18.6440017653576,13.7970420647281,2340845.76949949,279.996775940206,-0.0007652908656928,191.44408187276,6.11790501999071,1992,0,0,0,0,0,1,0,0,0,0,0,0,1,0,0,0,0,1,0,0,0,0,0,0,0,0,0,0,0,0,0,0,0,0,0,0,0,0,0,0,0,0,0,0
8,-71.8927879682822,566.317379269384,1.27350698497241,0.195211435058056,27,4,49.9915605880821,-0.483992556175859,1,92.3100887808967,35.6293329841286,18.6430306203307,22.4271197455391,-4.01550083153098,278.470310747186,0.0015555139089644,120.03537769233,5.33664399245036,1984,1,0,0,0,0,0,0,0,0,0,1,0,0,0,0,0,0,0,0,0,0,1,0,0,0,0,0,0,0,0,0,0,0,0,0,0,0,0,0,0,0,0,0,0
6,116.433966625053,1034.90230604375,1.44174039867522,0.179467018870954,7,11,53.464069333153,-3.01336925143416,5,76.297086351022,36.4839726330616,18.6421409097071,13.7921204234966,2437003.96805841,286.765917298781,4.01966637781827e-05,251.259656430977,5.99007440681697,1991,0,0,0,1,0,0,0,0,0,1,0,0,1,0,0,0,0,0,0,0,0,0,0,0,0,0,0,0,0,0,0,0,0,1,0,0,0,0,0,0,0,0,0,0
2,29.2163722796586,742.408436181102,1.44461941293751,0.186121077211909,28,12,52.3258067952341,-0.461461836688553,11,76.2887383489198,36.5243426977,18.6409350622436,13.7970974323306,1932795.80590367,278.990741813723,0.0007227657867202,208.945771729281,3.24850814101885,1991,0,0,0,1,0,0,0,0,1,0,0,0,0,0,0,1,0,0,0,0,0,0,0,0,0,0,0,0,0,1,0,0,0,0,0,0,0,0,0,0,0,0,0,0
0,101.431589434808,647.969477180398,1.28136749016375,0.25255280030308,10,13,54.3372699005827,-1.5540916349744,1,67.1371745109258,33.582152340782,18.6393583449222,14.5716130836918,6096496.01174021,278.803444889433,-0.0037532056232927,59.7072866372841,4.76381675948719,1999,0,0,0,0,0,1,0,0,1,0,0,0,1,0,0,0,0,0,0,0,0,0,0,0,0,0,0,0,0,0,0,0,0,0,0,0,0,1,0,0,0,0,0,0
2,78.0090095220741,95.2231070735573,1.44105778654165,0.249664421753251,8,16,53.0447057222879,-2.90894365060143,11,76.4134036998289,36.4955228899388,18.6398024431196,13.8041234487847,-38865.5214424514,279.414837271465,0.0005919579507761,143.237256518951,3.88411913855656,1985,0,0,0,1,0,0,0,0,0,0,0,0,1,0,0,0,0,0,0,0,0,0,0,0,0,0,0,0,0,0,0,0,0,0,0,0,1,0,0,0,0,0,0,0
6,116.715566542977,1224.36727707132,1.44203916157735,0.184713468048917,2,22,52.0167437674307,-2.44770224364026,2,76.4534574425083,36.4799839317865,18.6423120996261,13.8131016787176,-546309.637760525,276.675710823463,0.0026771779491529,241.1122305519,10.1639387094065,1988,1,0,0,0,0,0,0,0,0,0,1,0,0,0,0,1,0,0,0,0,0,0,0,0,0,0,0,0,0,0,0,0,0,0,1,0,0,0,0,0,0,0,0,0
2,27.2358985075726,1269.38247344757,1.44217699957178,0.22930483664894,5,5,51.4893471903542,-0.449051000879867,11,72.977144108625,36.4761729973832,18.6434263516733,13.8081811927677,27744.1148227188,286.358014849381,0.0007597119566562,236.830098511889,12.8890342162368,1985,0,0,0,0,1,0,0,0,1,0,0,0,0,0,0,1,0,0,0,0,0,1,0,0,0,0,0,0,0,0,0,0,0,0,0,0,0,0,0,0,0,0,0,0
5,32.9001453649799,2016.39705582956,1.44163558983318,0.0992612950978724,25,16,51.5223409072604,-3.50273064148192,3,76.3411482753122,36.4578232630898,18.6448500415561,13.7980239670539,2474089.46747471,282.364985670034,0.0001703239210352,285.950222637991,11.947028001758,1990,1,0,0,0,0,0,0,0,0,0,1,0,0,0,0,1,0,0,0,0,0,0,0,0,0,0,0,0,0,0,0,0,0,0,0,0,0,0,0,0,0,1,0,0
9,3.13076676343002,1641.61586224505,0.987622669705141,0.165345874114592,19,14,49.6725603955972,-3.2268383525769,8,100.540271358242,38.0686772857371,18.5329697335286,13.7809536274047,10294634.7243824,292.960211900911,-0.0001903862830932,255.753486114121,2.66230223950184,1998,0,0,0,0,0,0,0,1,1,0,0,1,0,0,0,0,0,0,0,0,0,0,0,0,0,1,0,0,0,0,0,0,0,0,0,0,0,0,0,0,0,0,0,0
0,141.958679595125,-85.3557075367433,1.28136746369656,0.134734112942397,10,21,51.4829150930794,-1.82875567119827,10,69.3935712713852,29.671573586785,18.6415767311196,14.5716129937965,442975.460131306,280.049359666207,0.0024665134050286,106.906428820262,2.07878890384808,1994,0,0,0,0,1,0,0,0,0,1,0,0,1,0,0,0,0,0,0,0,0,0,0,0,0,0,0,0,0,0,0,0,0,0,0,0,0,1,0,0,0,0,0,0
4,203.765482093317,540.375997268098,1.45515806263706,0.166009839512245,1,5,56.7097218534411,-0.750826913130334,7,76.3183844347424,36.4818293799883,18.6390289511436,13.8183130315771,103335.75208487,282.494835941534,2.77294257598279e-05,276.811913946449,4.36901757255923,1984,0,0,0,1,0,0,0,0,0,1,0,0,1,0,0,0,0,0,0,0,0,1,0,0,0,0,0,0,0,0,0,0,0,0,0,0,0,0,0,0,0,0,0,0
8,74.704673771079,1000.32517706331,1.39597331133451,0.147140229005699,4,9,51.7376612274934,-2.0422343814296,8,19.5910817328298,38.7805874664126,18.6447826648077,40.0399958654636,2485379.99525705,288.246547059259,-9.03403858752815e-05,272.056451627346,3.12701945811287,1991,1,0,0,0,0,0,0,0,1,0,0,0,0,0,1,0,0,0,0,0,0,0,0,0,0,0,0,0,0,0,0,0,0,0,0,0,0,0,0,0,0,0,0,0
9,74.7152317940443,600.614812960511,0.562491697490882,0.226491603329011,21,9,51.7212138556363,-2.14526252915316,7,45.2846912474811,15.5617259468852,18.6480891289634,10.8100048260336,2912753.5056929,286.614841843934,-0.0002961753002514,172.119247310481,1.33924178698537,2000,0,0,0,0,0,0,0,0,1,0,0,0,1,0,0,0,0,0,0,0,1,0,0,0,0,0,0,0,0,0,0,0,0,0,0,0,0,0,0,0,0,0,0,0
8,63.4884131311338,439.136045536535,1.63469141058516,0.148701838189469,11,23,53.8622760751664,-2.25717436940131,6,86.9186826045927,29.5242393061802,18.643694131641,15.4451210543745,10671943.567382,287.637012552381,-0.0002903682485615,156.964332723257,3.84103508182346,1995,0,0,0,0,0,0,0,0,0,0,1,0,0,0,0,1,0,0,0,0,0,0,0,0,0,0,0,0,0,0,0,0,0,0,0,0,1,0,0,0,0,0,0,0
8,66.8812185919334,668.476575131464,0.308322890474717,0.192563545204384,9,10,50.4511101996005,-0.915852961975385,10,76.2922630770538,31.1890966445767,18.6417686892456,21.9017950405338,3278591.85469256,283.229696728843,-0.0021966290885191,292.597673991707,2.3880991647591,1998,0,0,1,0,0,0,0,0,0,0,1,0,1,0,0,0,0,0,0,0,0,1,0,0,0,0,0,0,0,0,0,0,0,0,0,0,0,0,0,0,0,0,0,0
1,43.0047667141145,546.569977450468,1.69575876899515,0.157681750129874,12,7,52.1169830895616,-2.14189813033083,1,78.6356894066537,36.4821661017518,18.6449216287904,16.0114399169665,38399.9464955989,279.555002306759,0.0002900489237176,255.622928300891,6.56542833702199,1990,0,0,0,1,0,0,0,0,0,0,0,0,1,0,0,0,0,0,0,0,0,1,0,0,0,0,0,0,0,0,0,0,0,0,0,0,0,0,0,0,0,0,0,0
0,134.857826661262,690.977704306477,1.26979420173915,0.199772141105176,1,10,51.8076667937422,-0.780896238411998,8,85.4143339219785,39.0509951521489,18.6329843250804,8.75618330943282,2644616.93899859,291.020335733976,2.7338343727394e-05,76.7672979567208,2.8242052834398,1995,0,0,0,0,0,0,1,0,0,0,0,0,0,0,0,1,0,0,0,0,0,0,0,0,0,0,0,0,0,0,0,1,0,0,0,0,0,0,0,0,0,0,0,0
0,66.8971392070707,710.352053473695,1.73186304571189,0.161018948031552,9,2,52.1799914799794,-3.21651890474206,6,-35839.2188490493,33.4867813800974,18.2052978088535,158.094812889765,-258665482.598893,286.222450254452,0.0460956450698126,252.950060365191,6.93220352577505,1981,0,1,0,0,0,0,0,0,1,0,0,0,0,1,0,0,0,0,0,0,1,0,0,0,0,0,0,0,0,0,0,0,0,0,0,0,0,0,0,0,0,0,0,0
8,69.7803175294807,-481.395312767391,0.956073164377812,0.17837052173743,18,0,53.3973476772699,-0.664329178384338,10,57.1397152221611,47.3539826703849,18.6414668804705,-6.77470684104574,5406231.10951393,281.615232604489,-0.0056954204215218,260.491917766446,-3.96714671862395,2000,0,0,0,0,1,0,0,0,1,0,0,0,0,0,0,1,0,0,0,0,0,0,0,0,1,0,0,0,0,0,0,0,0,0,0,0,0,0,0,0,0,0,0,0
6,-56.865998850098,762.586962275419,1.44226287676668,0.209213516298968,7,18,52.3868232033541,-0.998556529548708,6,76.2363802169544,36.4778472772763,18.642375263226,13.7924757503915,4476163.57148398,293.600552490613,9.10959939266812e-05,-78.7105153367093,8.23473388792204,1989,0,0,0,0,1,0,0,0,0,0,0,0,0,0,0,1,0,0,0,0,0,0,0,0,0,0,0,0,0,0,0,0,0,0,1,0,0,0,0,0,0,0,0,0
7,234.420797674652,519.346521540495,1.44260066957405,0.146553539400192,10,2,51.3274825148742,-0.353998659347569,6,76.5957087031791,36.4806214333203,18.6362330665019,13.7987407614435,1020477.68440752,280.224588798919,0.0037538961288599,281.187241815323,5.48758684733115,1991,0,1,0,0,0,0,0,0,0,1,0,0,0,0,0,1,0,0,0,0,0,0,0,0,0,0,0,0,0,0,0,0,0,0,1,0,0,0,0,0,0,0,0,0
5,64.5866536832402,376.849106933423,1.44159267040662,0.139952656000173,3,3,54.4636713827629,-1.79574143022954,7,76.3410752517748,36.4757782086176,18.644246871652,13.8013060742304,3503690.82762129,288.727471342734,-0.000139688536346,257.632848775822,3.28718546563726,1986,0,0,0,0,0,0,0,0,0,0,1,0,1,0,0,0,0,0,0,0,0,1,0,0,0,0,0,0,0,0,0,0,0,0,0,0,0,0,0,0,0,0,0,0
7,61.8800829075692,555.522430649676,1.44461525910524,0.197155517210028,28,6,52.8642520696999,-3.20981573729352,8,76.5316078765179,36.4470872894535,18.6388454192988,13.8299339757451,81407.2344158216,286.329550437587,0.0004643380994956,272.275454377424,5.70405617749309,1987,0,0,0,0,0,1,0,0,0,0,1,0,1,0,0,0,0,0,0,0,0,0,0,1,0,0,0,0,0,0,0,0,0,0,0,0,0,0,0,0,0,0,0,0
7,-52.6682930166861,859.420037855901,1.44096391098981,0.203387348628158,18,12,52.1071625821179,-2.16614507285252,2,76.3955514862686,36.4881300372612,18.6440866871553,13.814014288477,1048068.65140265,276.365676575788,-0.0004727821521239,91.4049418453842,7.62951917779906,1983,0,0,0,0,1,0,0,0,0,0,0,0,1,0,0,0,0,0,0,0,0,0,0,0,0,0,0,0,0,0,0,0,0,0,1,0,0,0,0,0,0,0,0,0
3,86.021355877932,1039.08910032444,1.44153511282122,0.20249263241128,27,3,51.6805491380109,-1.88458110966016,4,76.4149534918993,36.4936867207658,18.6398035466141,13.7880872578159,1144627.49767077,282.895378279826,0.0025535549228004,305.219859753284,9.15290019215025,1985,0,0,0,1,0,0,0,0,0,0,0,0,1,0,0,0,0,0,1,0,0,0,0,0,0,0,0,0,0,0,0,0,0,0,0,0,0,0,0,0,0,0,0,0
2,14.0200077973535,1321.57929033412,1.44276947396692,0.160407568671111,18,9,51.1445458703654,0.581363126495158,6,76.3352482617803,36.4697062641852,18.6418999509698,13.8102187397274,3349774.90307564,286.303026140333,-0.0010995310135369,290.376992961422,5.73985735400393,1991,0,0,0,0,0,1,0,0,0,0,0,0,0,0,0,1,0,0,0,0,1,0,0,0,0,0,0,0,0,0,0,0,0,0,0,0,0,0,0,0,0,0,0,0
0,101.714758125134,158.487335200818,0.933528124988371,0.0907263410891828,10,22,51.9190128270163,-0.85377689256661,10,81.7999201151893,35.3195127889029,18.6404079320996,14.627707349564,8626522.44505787,282.325794686079,-0.0071715674099051,287.230450256065,3.49113975019835,1998,0,0,0,0,0,0,0,0,1,0,0,0,0,0,0,1,0,0,0,0,0,0,0,0,0,0,0,0,0,0,0,0,1,0,0,0,0,0,0,0,0,0,0,0
9,-44.2955523759323,1229.02655163614,1.44093555409103,0.122212155657221,11,20,53.797255728179,0.278096402260172,8,76.3591009753563,36.4727413011914,18.7200153260026,13.8088291926543,10597662.8230731,290.644111155958,-0.0022782837953722,221.623487078483,11.2822603863792,1989,0,1,0,0,0,0,0,0,1,0,0,0,0,0,0,0,0,0,0,0,0,0,0,0,0,0,0,0,0,0,0,0,0,0,0,0,0,0,0,0,0,0,0,1
9,38.383334032363,1982.51260108717,1.44082738381772,0.173215307194906,7,15,54.2201754974275,0.0333611626099481,3,52.0152546989911,36.4972057267165,18.639569304588,-7.69635296039109,6842412.45193113,279.887433944656,8.41487367213104e-05,55.2598090157677,6.91335279662858,1996,0,0,0,1,0,0,0,0,1,0,0,0,0,0,0,0,0,0,0,1,0,0,0,0,0,0,0,0,0,0,0,0,0,0,0,0,0,0,0,0,0,0,0,0
6,51.1350568073105,324.613581814597,1.44283859933996,0.144240237723581,22,2,52.7564581660138,-0.355766522356289,2,76.3447162113143,36.4704596972691,18.6421082766216,13.8133672518309,807389.344144408,270.432718378517,-0.0002819415146665,230.145316329864,3.09763313767807,1991,0,0,0,0,1,0,0,0,0,0,0,0,1,0,0,0,0,0,0,0,1,0,0,0,0,0,0,0,0,0,0,0,0,0,0,0,0,0,0,0,0,0,0,0
1,-19.9120398476492,1174.97732115457,0.493160110307508,0.181707410635146,7,11,53.6793413537499,-0.696461601202664,4,52.4179123468491,39.5823292251364,18.6414719793601,17.8435018512187,5810530.98696349,282.430140157429,0.0005754992443082,169.476903593599,3.75611984632111,1997,0,0,0,0,0,0,0,1,1,0,0,0,0,0,0,1,0,0,0,0,0,1,0,0,0,0,0,0,0,0,0,0,0,0,0,0,0,0,0,0,0,0,0,0
0,-1.05276962654981,-235.360967522076,1.32774062074513,0.205094735190087,19,5,51.4255394033002,-0.81187788703028,10,55.0394596991064,39.1435299483623,17.0126790817249,13.5964289681266,41151.1361414714,276.953699162674,-0.0012639256228785,204.997522277736,-0.545422870335545,2000,0,1,0,0,0,0,0,0,1,0,0,0,1,0,0,0,0,0,0,0,0,0,0,0,0,0,0,0,0,0,0,0,0,0,0,1,0,0,0,0,0,0,0,0
8,-67.2387365806226,278.576429278422,0.987622616837875,0.239015709853627,11,16,53.9965268365655,-0.325312914448028,12,100.028358707662,38.0686778492659,18.5329698688052,13.7809522664257,3661651.76904308,280.655878021256,-0.004560522597199,251.263445571597,1.83865663224361,1998,0,0,0,0,0,0,0,1,0,0,0,1,0,0,0,0,0,0,0,0,0,0,0,0,0,1,0,0,0,0,0,0,0,0,0,0,0,0,0,0,0,0,0,0
0,-2.5889934018354,841.586626552493,1.28136742120221,0.251755401712806,22,21,54.0943747422887,-0.543324435405365,11,66.4524112391286,33.5821520940481,18.6448629692465,14.5716130636951,1755543.75617175,278.638208982313,0.0011190528403326,249.471828843098,8.35901978003727,1986,0,0,0,0,0,0,1,0,1,0,0,0,1,0,0,0,0,0,0,0,0,0,0,0,0,0,0,0,0,0,0,0,0,0,0,0,0,1,0,0,0,0,0,0
1,-89.3519553999031,1035.33941276734,0.701655211182565,0.0937389119082792,12,15,53.5110859818376,-1.41453788664168,12,112.585917669429,36.5035149780798,18.638605751032,13.801549863921,528245.158944015,276.022207081827,0.0011764729134569,302.174017459957,5.80457432994998,1992,1,0,0,0,0,0,0,0,0,1,0,0,1,0,0,0,0,0,0,0,0,0,0,0,0,0,0,0,0,0,0,0,1,0,0,0,0,0,0,0,0,0,0,0
1,70.0846611762782,1230.76046590113,1.44229265938625,0.124123524179962,25,17,52.55095801448,-2.0838678320456,9,76.3657677799946,36.4926112313533,18.6490290760252,13.8083907939035,6280864.80918217,291.773186066355,2.9230079251995e-06,236.895829336519,7.25721824226023,1989,0,1,0,0,0,0,0,0,0,0,0,0,1,0,0,0,0,0,0,0,0,0,0,0,0,0,0,0,0,0,0,0,0,1,0,0,0,0,0,0,0,0,0,0
1,163.936060165888,124.315917019593,1.44152414133725,0.0816918060951934,14,20,51.7156825569809,-1.97546712154373,8,76.3181484923489,36.4991855947382,18.6354651026124,13.8204579653164,2958204.36273435,288.172006659312,-0.0001642816378559,205.145266280994,6.41553288005055,1988,0,1,0,0,0,0,0,0,0,0,0,0,1,0,0,0,0,1,0,0,0,0,0,0,0,0,0,0,0,0,0,0,0,0,0,0,0,0,0,0,0,0,0,0
0,-31.4875773455433,722.925378018641,2.20354615059336,0.19477321489517,24,9,51.9139336893564,-3.56264661692576,10,87846.4701506708,22.3157504329518,18.6381614074027,-113.456620157873,236428854.48799,281.535808441994,-0.192647844026584,134.220547586554,3.45626432968467,1985,0,0,0,0,0,0,1,0,0,1,0,1,0,0,0,0,0,0,0,0,1,0,0,0,0,0,0,0,0,0,0,0,0,0,0,0,0,0,0,0,0,0,0,0
9,117.906665113667,467.330245952571,1.44233937542023,0.158009157096536,6,8,51.5665304090582,-0.913150695524181,4,76.3441956848186,36.4545645193482,19.3904126498306,13.7976580785875,1036005.41565041,281.04318712767,0.000328036089535,202.796461015171,5.19848020920655,1982,0,1,0,0,0,0,0,0,0,0,0,0,0,0,0,0,0,0,0,1,0,0,0,0,0,0,0,0,0,0,0,0,0,0,0,0,0,0,0,0,0,0,0,0
