target,Altitude,blh,co,CVD60,Day,Hour,Latitude,Longitude,Month,no2,o3,pm10,pm2.5,so2,ssr,tp,wd,ws,Year,Region_East of England,Region_Greater London Authority,Region_North East,Region_North West,Region_South East,Region_South West,Region_West Midlands,Region_Yorkshire and The Humber,Season_Spring,Season_Summer,Season_Winter,Type_Background Suburban,Type_Background Urban,Type_Industrial Suburban,Type_Industrial Urban,Type_Traffic Urban,Zone_Blackpool Urban Area,Zone_Bournemouth Urban Area,Zone_Brighton/Worthing/Littlehampton,Zone_Bristol Urban Area,Zone_Coventry/Bedworth,Zone_East Midlands,Zone_Eastern,Zone_Greater London Urban Area,Zone_Greater Manchester Urban Area,Zone_Kingston upon Hull,Zone_Leicester Urban Area,Zone_Liverpool Urban Area,Zone_North East,Zone_North West & Merseyside,Zone_Nottingham Urban Area,Zone_Portsmouth Urban Area,Zone_Sheffield Urban Area,Zone_South East,Zone_South West,Zone_Southend Urban Area,Zone_Teesside Urban Area,Zone_Tyneside,Zone_West Midlands,Zone_West Midlands Urban Area,Zone_West Yorkshire Urban Area,Zone_Yorkshire & Humberside
8,-28.9683590299468,833.343918204748,1.44161626550212,0.196489597802299,29,9,52.1030168019885,-2.15071301008534,7,76.3023485975975,17.7513165358083,36.5014211792285,18.6383928997123,13.8168265730523,1422654.05944794,0.0008452094678344,278.80172168189,4.4232272225333,1987,0,0,0,0,0,1,0,0,0,0,1,0,0,0,0,1,0,0,0,0,0,0,0,0,0,0,0,0,0,0,0,0,0,0,1,0,0,0,0,0,0,0
0,94.126663497289,813.816939680511,1.44068126268659,0.260338157447386,28,23,52.0557643387624,-1.58445949673543,1,76.3611522583103,17.7438653442188,36.4791716370362,18.6391099372702,13.8053126276389,2344626.71556172,-0.000873741138797,234.422092035344,7.50172515853705,1984,0,0,0,0,0,0,0,1,0,0,1,0,1,0,0,0,0,0,0,0,0,0,0,0,1,0,0,0,0,0,0,0,0,0,0,0,0,0,0,0,0,0
2,166.74967762785,-85.7372360986699,1.44192559426474,0.201420624841838,14,3,52.3543091261543,-1.96185688927912,11,84.0596085493854,17.7385242635417,36.4866634262932,18.6424080472494,13.807814955989,706693.131673809,-0.0002432280714925,-13.9874270635101,1.11514936198124,1989,0,0,0,0,0,0,1,0,0,0,0,0,1,0,0,0,0,0,0,0,0,0,0,0,0,0,0,0,0,0,0,0,0,0,0,0,0,0,0,1,0,0
7,143.780972204155,785.65937712046,1.27350706191027,0.150115167561904,25,22,52.9520529771346,-0.20131565151035,5,79.4275152445886,26.955138530142,35.629333277116,18.6395687036268,22.4271198484418,9838119.31171476,0.0017461031606005,268.484318036208,5.16682881883445,1996,0,0,0,1,0,0,0,0,1,0,0,0,0,0,0,0,0,0,0,0,0,0,0,1,0,0,0,0,0,0,0,0,0,0,0,0,0,0,0,0,0,0
7,33.7459048655743,1504.37526972484,1.44148569957883,0.162795275732825,11,13,51.0957293922888,-3.00737258946654,10,76.3079515275591,35.283874763001,36.472560079122,18.6506740619803,11.8105412522102,4299590.18488401,0.0006542428946212,274.154535063102,9.0307197458041,1983,1,0,0,0,0,0,0,0,1,0,0,0,0,1,0,0,0,0,0,0,0,0,0,0,0,0,0,0,0,1,0,0,0,0,0,0,0,0,0,0,0,0
6,155.367657536176,1271.18035344668,1.4412828264992,0.205640752372755,8,20,50.0134025638249,-1.80577288389237,6,76.3505663637885,17.7171199195626,36.4631012793425,18.6405444486415,13.8050021675506,7943476.62015706,-0.000170062460642,183.215665029385,7.54519060532037,1981,0,0,0,1,0,0,0,0,0,0,0,0,1,0,0,0,0,0,0,0,0,1,0,0,0,0,0,0,0,0,0,0,0,0,0,0,0,0,0,0,0,0
6,243.177947113621,662.520348418999,1.44169277847142,0.130598442972809,20,2,52.1412056930164,-2.24523275396097,6,76.2692904773504,17.7148473073888,36.4978530362583,18.6510577920586,13.8061035357393,3369129.28646437,-0.001078776357598,-28.760175089324,6.19466763316194,1992,0,0,0,0,0,0,0,0,0,0,0,0,1,0,0,0,0,0,0,0,0,0,0,0,0,0,0,0,0,0,0,0,0,0,0,0,0,0,0,0,0,1
4,-108.069597685143,216.793234959604,1.44113405712361,0.174767379284764,14,1,51.4536244817171,-1.91567712681001,10,76.2833088342833,17.779480094485,36.493443344505,18.1840531110572,13.7927121865155,1842785.05951694,0.0048352184959232,225.673948032487,2.71546571537647,2000,0,0,0,0,1,0,0,0,0,0,1,0,0,0,0,1,0,0,0,0,0,0,0,0,0,0,0,0,1,0,0,0,0,0,0,0,0,0,0,0,0,0
3,92.8148887490003,1238.16575379572,1.15813613985768,0.118947314079172,13,4,52.7358401051903,0.0519902422339407,5,43.5161319493813,38.2097595171081,38.6809978642335,18.6417554273957,20.9799230998353,21.8729684345307,0.0004470108814597,237.638055712799,10.8859499971425,1986,0,1,0,0,0,0,0,0,0,0,0,1,0,0,0,0,0,0,0,0,0,0,0,0,0,0,0,0,0,0,0,0,0,1,0,0,0,0,0,0,0,0
2,27.2017284561087,25.5279757171221,0.134127019027114,0.161227348374078,3,7,51.4179786651721,-1.86116836161642,11,-115658.89317784,13.7113530273795,33.8548810439508,19.4433185623323,31073.7854768322,-26228789.8820634,0.44079250299826,133.938350454923,1.45032069418449,1982,0,1,0,0,0,0,0,0,0,0,0,0,0,0,0,0,0,0,0,0,0,0,0,0,1,0,0,0,0,0,0,0,0,0,0,0,0,0,0,0,0,0
6,-8.78767475101773,354.17559571867,1.44047423596128,0.124116546631996,22,5,53.215983624312,-2.97766684313311,7,93.9384232631735,17.749347903561,36.4846748695095,18.6354654810343,13.8151014585869,8844.45377814194,0.0010670755610094,210.573259535072,3.08540663026143,1988,0,1,0,0,0,0,0,0,1,0,0,0,1,0,0,0,0,0,0,0,0,0,0,0,1,0,0,0,0,0,0,0,0,0,0,0,0,0,0,0,0,0
6,32.3209494979456,368.026246877689,1.44164153216723,0.133926213711688,21,3,52.8429259034974,-0.977441742511255,7,76.2901392461476,17.7130491460359,36.4935006666757,18.6427272666384,13.7882624026287,3022328.07868631,0.0016120140489904,286.966483236247,4.71686680205546,1987,0,0,0,0,0,0,0,0,0,0,1,0,0,0,0,1,0,0,0,0,0,1,0,0,0,0,0,0,0,0,0,0,0,0,0,0,0,0,0,0,0,0
4,32.7556667519619,584.320272845904,1.4425815244099,0.208674216403011,4,3,51.5581872857716,-2.93593573497112,10,92.783792513838,17.7270012382369,36.4661144945859,18.6451501818553,13.808787644962,1240726.16679421,-0.0002235129947315,319.350609075344,5.98930624165705,1999,0,0,0,1,0,0,0,0,0,1,0,0,0,0,0,1,0,0,0,0,0,1,0,0,0,0,0,0,0,0,0,0,0,0,0,0,0,0,0,0,0,0
9,113.871816935882,1562.04308402698,1.44212270642505,0.156983075514373,6,12,52.7017288981557,-2.19793615732569,7,76.4001853088654,17.7426388215859,36.4674487549503,18.6450620258323,13.7863071976708,10701614.3543124,-0.0001840341463604,266.998516250106,3.01461624497753,1984,0,0,0,0,0,0,1,0,0,0,0,0,1,0,0,0,0,0,0,0,0,0,1,0,0,0,0,0,0,0,0,0,0,0,0,0,0,0,0,0,0,0
4,104.186475632007,442.337211753174,1.04687890767243,0.234013746022592,8,16,52.2217592921192,0.504401358295223,2,-864.38248519564,21.4397416972941,30.8299866838721,18.5504023517261,21.5747883313868,-5438274.74321966,0.0002104193497437,229.629435002241,7.71289104591328,1998,0,0,0,0,0,0,0,1,0,0,0,1,0,0,0,0,0,0,0,0,0,0,0,0,0,1,0,0,0,0,0,0,0,0,0,0,0,0,0,0,0,0
0,110.355718173966,407.497887555503,1.43972333182282,0.264500776759725,6,4,51.9406232784533,-2.94540597350252,11,76.3452808860235,17.7443134616714,36.4758835516496,18.6482890181936,13.8117138477258,-13.9680993781505,0.0005162014905668,215.142791009792,3.24281711856023,1989,0,0,0,0,0,1,0,0,0,0,1,0,1,0,0,0,0,0,0,0,0,0,0,0,0,0,0,0,0,0,0,0,1,0,0,0,0,0,0,0,0,0
9,155.731232023536,1730.20205767229,1.44073352913355,0.120482304742975,11,13,51.6239048159123,-0.813581024801962,8,76.3327334147979,17.75214792026,36.4637880030029,18.6385969036903,13.8236552746648,3975324.98240183,0.0022847514965813,245.952168147405,10.3771790006901,1992,1,0,0,0,0,0,0,0,0,0,0,0,1,0,0,0,0,0,0,0,0,1,0,0,0,0,0,0,0,0,0,0,0,0,0,0,0,0,0,0,0,0
6,45.0429577179023,692.751303175808,1.44142241612913,0.152447579852615,17,0,52.1298698464324,-1.57750750748417,10,76.3515484911411,17.7421272266278,36.4891914846348,18.6436149344265,13.7990075156897,2437973.52076604,0.00145940063395,108.594501545501,5.82486552668067,1986,0,0,0,0,0,0,1,0,0,0,1,0,1,0,0,0,0,0,0,0,0,0,0,0,1,0,0,0,0,0,0,0,0,0,0,0,0,0,0,0,0,0
4,125.513846363403,453.336784504413,1.442705224899,0.136113976780278,21,15,51.2245074596949,1.55238455672483,11,76.5734088045138,17.7305078371425,36.4686999677913,18.6371931918494,13.8203395650274,3811568.62300974,-0.0006925486622968,218.546367339753,2.44960990273541,1981,0,1,0,0,0,0,0,0,0,1,0,0,0,0,0,1,0,0,0,0,0,0,1,0,0,0,0,0,0,0,0,0,0,0,0,0,0,0,0,0,0,0
0,-105.997474625949,221.607255726103,0.879500098928495,0.130160784519383,15,17,51.8840189164042,-0.641055442496787,11,85.7072606746141,17.1073345355219,37.9138594801737,17.1008356347779,11.23378758503,1150228.77325136,0.001207565121133,325.482433159812,2.41506354474913,1998,0,1,0,0,0,0,0,0,1,0,0,0,1,0,0,0,0,0,0,0,0,0,0,1,0,0,0,0,0,0,0,0,0,0,0,0,0,0,0,0,0,0
7,-17.7534101630088,471.342106974242,1.4429983694702,0.159046592020604,27,4,50.8861286522687,0.873816808820804,9,76.3050508998648,17.7418314795364,36.4819568840995,18.6449114325284,13.8030979296138,12.6356972680503,0.0001658598501556,119.258514078737,6.28157582513065,1992,0,0,0,0,1,0,0,0,0,0,0,0,0,0,0,1,0,0,0,0,0,0,0,0,0,0,0,0,0,1,0,0,0,0,0,0,0,0,0,0,0,0
6,73.5889350271014,22.8746218582673,1.33905824208212,0.220438904061664,24,1,51.6560986364036,1.13714705673646,1,45.1711405115174,16.548195804719,31.9885281495578,18.6432624405643,4.47513611845105,8661388.4613738,-0.0121890502827983,261.960307181886,2.78632791509847,1982,0,1,0,0,0,0,0,0,0,0,1,1,0,0,0,0,0,0,0,0,0,0,0,0,0,0,0,0,0,0,0,0,0,0,0,0,0,0,0,1,0,0
7,102.024863152474,1304.03418745462,1.24150181810056,0.189058588682435,4,20,53.1837269061368,-1.66985616616285,5,97.429263480387,17.7395866660801,36.475788063829,18.6449575179383,13.8110893007033,11394661.5971525,-0.0005478764607294,130.206101448685,1.34161214919479,1989,1,0,0,0,0,0,0,0,0,0,1,0,1,0,0,0,0,0,0,0,0,0,0,1,0,0,0,0,0,0,0,0,0,0,0,0,0,0,0,0,0,0
0,137.805595563911,-164.901239715717,1.44124607647804,0.204427573719831,19,19,50.4743840261082,-0.636399293003589,1,76.3440608161907,17.7728912995264,36.4509759090958,18.6396441906013,13.8087588277469,2348945.37697533,-0.0005773636753836,315.385980489398,1.35344151542753,1994,0,1,0,0,0,0,0,0,0,0,0,0,0,0,1,0,0,0,0,0,0,0,0,0,0,0,0,0,0,1,0,0,0,0,0,0,0,0,0,0,0,0
6,137.357406473018,504.008484175701,1.06067154305254,0.237577333771762,4,5,50.2863548011321,-1.34964585755196,10,81.0508734813702,9.30953072585622,46.3978524119842,18.6615594733475,18.5436443762119,87077.2325204147,-0.000324044069987,194.166278111206,4.54307264107992,1995,1,0,0,0,0,0,0,0,1,0,0,0,1,0,0,0,0,0,0,0,0,0,0,1,0,0,0,0,0,0,0,0,0,0,0,0,0,0,0,0,0,0
2,9.35608158355527,1206.56052127867,1.44218308071544,0.139534460749095,7,16,51.7491118170329,0.306532972764332,3,76.3239095924593,17.760438412175,36.4732921382962,18.6419606731813,13.7686788943082,2887959.51527194,-0.0001918351390969,125.160857299921,11.1517361094693,1987,0,1,0,0,0,0,0,0,0,1,0,0,0,0,0,1,0,0,0,0,0,0,0,0,0,0,0,0,0,0,0,0,0,0,0,0,0,0,0,1,0,0
0,15.4512529037187,-772.117309751907,1.80445246987531,0.202616505003477,28,9,52.6966218980832,0.428400675552304,2,42.4232322231899,12.0530080866202,27.9594151269298,18.6440229928757,13.4811293426474,-924535.939521455,0.0029522960528523,278.179785542237,-3.48520881452471,1987,0,0,0,0,1,0,0,0,0,1,0,0,0,0,0,0,0,0,0,0,1,0,0,0,0,0,0,0,0,0,0,0,0,0,0,0,0,0,0,0,0,0
4,-57.0110894945958,1463.49811157826,1.44262417414128,0.169212472796545,22,15,51.2737060785176,0.823069576625288,4,37.9525421026496,17.7403896562057,36.4863364172195,18.637303226431,13.8138468939344,4187720.38527722,0.0001419538027143,92.1724914900206,3.8757014011106,1988,0,0,0,0,0,0,1,0,0,0,0,0,1,0,0,0,0,0,0,0,0,0,0,0,0,0,0,0,0,0,0,0,0,0,0,0,0,0,0,1,0,0
5,17.826859831222,367.761803211988,1.28652919131802,0.14609899604499,11,6,54.0149040883155,-0.862864344003153,6,79.5041751359327,11.0957737451691,47.4665797203289,18.6476711297118,16.8983934492581,150677.566797522,-0.0010162696531276,186.627141893848,3.42372856297988,1997,0,0,0,0,0,0,0,0,0,1,0,0,1,0,0,0,0,0,0,0,0,0,0,1,0,0,0,0,0,0,0,0,0,0,0,0,0,0,0,0,0,0
1,-15.2512651051593,195.470182772882,0.772840371246018,0.228882831980489,13,0,51.5797729214047,0.25562801402393,1,558.686934925455,18.1737451458256,36.5034890262455,18.6411279422048,14.6587990979441,9003237.21143696,-0.0079031502152566,186.617973390069,3.10824473910831,1989,0,0,0,0,0,0,1,0,1,0,0,0,0,0,0,1,0,0,0,0,1,0,0,0,0,0,0,0,0,0,0,0,0,0,0,0,0,0,0,0,0,0
1,127.789663110839,-22.698364791223,1.44233382329078,0.236266714774504,25,17,52.9532467255162,-2.54981419297302,12,76.2790533318324,17.7919326593965,36.4683006992965,18.6440495049103,13.8067975939979,3249379.6920693,-0.0010467460766039,230.520614289994,0.850353423289931,1983,0,0,0,0,1,0,0,0,0,0,1,0,1,0,0,0,0,0,0,0,0,0,1,0,0,0,0,0,0,0,0,0,0,0,0,0,0,0,0,0,0,0
1,-111.496736199094,-127.931623859989,1.33504520646354,0.244551163206138,8,3,51.7459174046386,-1.94064715287918,12,400.569323492862,17.7559857578378,35.4539925422242,18.641611658255,13.8128604066967,2667564.75250216,-0.000200892101836,203.860266647764,-0.371690793593977,1998,0,0,0,1,0,0,0,0,1,0,0,0,0,0,0,1,0,0,0,0,0,0,1,0,0,0,0,0,0,0,0,0,0,0,0,0,0,0,0,0,0,0
0,-80.7453873924537,414.402589274142,1.44169193152726,0.221964074517191,26,2,54.6217685131337,-1.89930675726479,2,76.2487993044248,17.7652254309111,36.4585365791425,18.6445928388997,13.8069685930051,376050.655831933,0.0002982907788235,62.1036987524349,4.90242699191149,1994,0,0,0,0,0,0,0,0,0,0,1,0,0,0,0,1,0,0,0,0,0,0,0,0,0,0,0,0,0,0,0,0,0,0,1,0,0,0,0,0,0,0
7,176.760935891555,438.01784101532,0.817378792509362,0.222355548646803,6,18,53.0067168937006,-0.297080509030868,10,43.438355005523,12.6354314791187,31.5621847748612,18.6364650808065,30.11827941256,-841558.576538033,0.0056224378048387,164.302765631445,4.38695974412016,1997,0,0,0,1,0,0,0,0,0,1,0,0,0,0,0,1,0,0,0,0,0,0,0,0,1,0,0,0,0,0,0,0,0,0,0,0,0,0,0,0,0,0
1,145.229909196035,246.752733149354,1.44266679658495,0.154600488355017,27,4,53.738388186813,-0.582836424254642,5,76.3225966014104,17.7468846690251,36.4706366413517,18.6397838754435,13.8083883753954,7.92938673916825,-7.53210348567425e-06,310.363972107978,4.06657615459529,1983,0,0,0,0,0,0,1,0,0,0,0,0,1,0,0,0,0,0,0,0,0,0,0,0,0,0,0,0,0,0,0,0,0,0,0,0,0,0,0,1,0,0
2,135.325632775432,-33.3633014407716,1.44193554810088,0.153289252212052,13,1,53.5544313264695,-2.37075819456113,10,76.3701256565617,17.7594591788241,36.475863742025,18.6398742779799,13.8063200531241,7592883.70738355,-0.0012213623385791,122.871377052533,-0.224306118150056,1991,0,0,0,0,1,0,0,0,1,0,0,0,0,0,0,1,0,0,0,0,0,1,0,0,0,0,0,0,0,0,0,0,0,0,0,0,0,0,0,0,0,0
2,127.175637716247,-12.2907294508931,1.27350701351228,0.279754574080309,11,1,52.1215889854267,-1.75423340183046,3,85.1060529336617,11.8437681463948,35.6293324456743,17.4482025287432,22.4271196246631,5842359.9958514,0.0003052852739564,190.657065846975,2.62993953324645,1986,0,1,0,0,0,0,0,0,0,0,1,0,0,0,0,0,0,0,0,0,0,0,0,1,0,0,0,0,0,0,0,0,0,0,0,0,0,0,0,0,0,0
1,-9.40343009764014,850.333669501064,1.44233261536561,0.182367218662829,19,8,52.9513912738808,-2.82523745553252,1,-78082.4641309911,21.4082437164133,36.5031203080113,18.695534854496,10453.9798004183,-128447167.176099,2.10312886932496,225.490439692868,7.27506932092576,1995,0,0,0,0,0,0,0,1,0,0,1,1,0,0,0,0,0,0,0,0,0,1,0,0,0,0,0,0,0,0,0,0,0,0,0,0,0,0,0,0,0,0
9,42.9275092074479,1184.00171931523,1.38963135737687,0.246956857575745,1,20,51.8363679161159,-2.38529914322268,7,76.2413480757659,17.7167799787225,36.6531783591816,18.6247401472395,13.8153306190728,6611472.71911059,-0.0001382246645285,230.534723143888,10.3857542992346,1999,0,0,0,0,0,0,0,1,0,0,1,0,0,0,0,1,0,0,0,0,0,0,0,0,0,0,0,0,0,0,0,0,0,0,0,0,0,0,0,1,0,0
0,43.6784719967553,284.186055608566,0.124506686543152,0.211646653474145,2,2,50.7403353653244,-2.34284014796844,12,25.5031174601458,34.5706736363077,37.3530713802679,18.6360892294413,25.6150470076324,4476727.18803114,-0.0093121819020392,275.523151209319,1.14622374641039,1996,0,0,0,0,0,0,1,0,0,0,0,0,1,0,0,0,0,0,0,0,0,0,0,0,0,0,0,0,0,0,0,0,0,0,0,0,0,0,0,1,0,0
8,146.116985820386,1586.01876704185,1.46454933469319,0.157044823214021,29,13,52.135001422289,0.0423299867486344,7,69.6578523546456,45.7886815679237,37.2788359412094,18.6384650793519,12.7770775642284,10687991.9652631,8.1128477941748e-05,209.164187414787,2.04527579442859,1981,0,1,0,0,0,0,0,0,0,1,0,0,0,0,1,0,0,0,0,0,0,0,0,0,0,0,0,0,0,0,0,0,0,1,0,0,0,0,0,0,0,0
1,2.92631761687786,838.904684288603,1.44233600038512,0.114602590004044,13,13,52.9502034850232,-0.0970522068567969,2,76.3026801572559,17.7451842258825,36.4941826387949,18.6410928559104,13.7976930379713,2419233.3925086,0.0009813249402589,261.32172152679,8.31893657941812,1989,0,0,0,0,0,0,1,0,1,0,0,0,0,0,0,1,0,0,0,0,0,0,0,0,0,0,0,0,0,0,0,0,0,1,0,0,0,0,0,0,0,0
1,59.6133316168012,377.933257937546,1.67349330238125,0.196891013208064,9,14,50.2302053155121,-2.09276416266049,12,31.1113018104872,47.6109024691361,36.1855299896855,18.6461752953313,10.6139860372374,-142748.929505117,0.0004730648277229,247.819928593444,4.43437749311198,1997,0,0,0,0,0,0,1,0,0,1,0,0,0,0,0,1,0,0,0,0,0,0,0,0,0,0,0,0,0,0,0,0,0,0,1,0,0,0,0,0,0,0
5,-11.5655863806817,987.255850451358,0.655251403837749,0.185880168483638,9,3,53.5865810368356,-3.07226624420793,1,78.2671595036727,20.894094156414,33.8015340581681,18.6370415783789,12.2049189003011,1806542.81536383,0.0001703961492065,159.866258427002,8.4224508636768,1996,0,0,0,0,0,0,0,1,1,0,0,0,1,0,0,0,0,0,0,0,0,0,0,1,0,0,0,0,0,0,0,0,0,0,0,0,0,0,0,0,0,0
7,78.4570554262895,639.694695527869,1.45997236162141,0.185363075789854,13,7,53.4908620361201,-3.38931576455001,7,76.3359628442411,17.7295703395344,36.4897663257378,18.6370416044997,13.8219120068659,352388.018021849,-0.0006185032391479,270.051613150943,1.67509200163968,1996,0,0,0,0,0,0,0,1,0,0,0,0,1,0,0,0,0,0,0,0,0,0,0,0,0,0,0,0,0,0,0,0,0,1,0,0,0,0,0,0,0,0
2,45.5363762562646,-6.86005003544474,1.44116626300437,0.177701389770394,6,2,52.3221788388407,-1.12732708020065,11,76.3403173097693,17.7475846500111,36.475814164711,18.6347697844851,13.8322770532649,4617069.59862385,-0.0024994728744053,-23.0538447880105,0.522073241076567,1981,0,0,0,0,1,0,0,0,0,0,1,0,1,0,0,0,0,0,0,0,0,0,0,0,0,0,0,0,0,0,0,0,0,1,0,0,0,0,0,0,0,0
8,108.035142115229,967.183702084029,0.645143202003125,0.130922153652957,28,21,51.862243997144,-1.41257554074351,9,20.9159276627795,75.9911990873424,16.5143691872213,16.3780947488343,8.90426840215449,7191946.04423558,-0.0020585800792951,201.076281457349,9.33855170206912,2000,0,1,0,0,0,0,0,0,0,0,1,0,1,0,0,0,0,0,0,0,0,0,0,0,0,0,0,0,0,0,0,0,0,0,0,0,0,1,0,0,0,0
6,-40.5063597460167,202.951923235207,0.134127042987085,0.1601115856779,11,0,52.1651686321875,0.140886900627093,6,-115662.211630965,13.1351799093514,33.854880427164,18.6442759114361,31063.9568717308,-1854758783.36418,0.431493403041417,180.256031100869,2.10089846730146,1989,0,0,0,0,0,0,0,1,1,0,0,0,0,0,0,0,0,0,0,0,0,0,0,0,1,0,0,0,0,0,0,0,0,0,0,0,0,0,0,0,0,0
9,70.8665712324867,1009.45642783947,1.17373290040931,0.199336236617814,7,17,51.6927303400114,-1.65597494900018,6,93.3820624662409,14.5386419273206,34.9819575088502,18.6429139056507,6.61977757263496,5569195.74684064,0.0003798924688834,111.279561433515,5.44828966668889,1983,0,0,0,0,0,0,0,0,0,1,0,0,0,0,0,0,0,0,0,0,0,0,0,0,0,0,0,0,0,0,0,0,0,0,0,0,0,0,0,0,0,0
2,25.472343062813,443.834055116485,0.748553217812765,0.185080426584279,30,23,52.9127556188853,-0.628134478331135,3,53.4200361174052,30.6656301766011,37.1141741970809,18.6508970224017,8.01522788560905,5775081.51339393,-0.0009446895377996,242.868382813537,6.10454090005016,1999,0,0,0,0,0,0,0,0,1,0,0,0,1,0,0,0,0,0,0,0,0,0,0,0,0,0,0,0,0,0,0,0,0,0,0,0,0,0,0,1,0,0
6,35.8299231127252,385.595237882626,1.27350698945118,0.201039330158516,14,8,52.0495738916792,-1.71658307153132,9,87.0473368727137,19.3788287488814,33.6953919452742,18.6478803925971,22.4271193507472,644100.432708755,0.0007172187588379,128.254979719843,3.57435680143608,1995,0,0,1,0,0,0,0,0,1,0,0,0,0,0,0,0,0,0,0,0,0,0,0,1,0,0,0,0,0,0,0,0,0,0,0,0,0,0,0,0,0,0
3,-36.685209981461,1359.06724744051,1.44249240861301,0.176030866358232,23,15,54.7377879039079,-1.67395810378817,4,76.24350158706,17.752357914344,36.4636776770393,18.6438331562046,13.8178098019445,3413052.05502449,0.0021067209863879,163.83322826644,4.34502159655143,1983,0,0,0,0,0,0,0,1,0,1,0,0,0,0,0,1,0,0,0,0,0,0,1,0,0,0,0,0,0,0,0,0,0,0,0,0,0,0,0,0,0,0
4,72.1584928929184,877.141732446883,0.0241385027125826,0.155716600904895,11,10,51.7883733688906,-2.94416500475293,11,35.4602319597255,45.3279133039238,12.4233515143909,18.6428017023469,5.47315462329685,2259954.82536605,-0.0015527744844362,210.094719991316,9.38073331318747,2000,0,0,0,0,0,1,0,0,0,0,1,0,1,0,0,0,0,0,0,0,0,0,0,0,0,0,0,0,0,0,0,0,0,0,1,0,0,0,0,0,0,0
2,88.9378069300767,353.997746744055,1.61056834975184,0.198241497127784,13,2,52.5402623607713,-1.54070448650833,1,83.5610130292838,19.0198255910065,36.0669222989198,16.872371827208,21.5514016633039,-659772.469428068,0.0046176226498226,189.471196756625,6.88826605180953,1988,0,1,0,0,0,0,0,0,0,0,0,0,0,0,0,0,0,0,0,0,0,0,0,0,0,0,0,1,0,0,0,0,0,0,0,0,0,0,0,0,0,0
3,-116.827482720026,1298.36488748753,0.959926753896076,0.157338880927273,8,14,53.0370893055428,-2.55931359064347,1,47.2822139968545,29.5263507759544,29.1718734520786,18.6414442877445,13.814643991435,4047929.26350832,-0.0008161040669977,149.609784190851,8.31858698051971,1994,0,1,0,0,0,0,0,0,0,1,0,0,1,0,0,0,0,0,0,0,0,0,0,0,0,0,0,0,0,0,0,0,0,0,0,0,0,0,0,1,0,0
6,70.1007338635971,1215.94752678327,0.29544983521249,0.165179811957462,23,18,52.0306229381502,1.18881963015044,5,79.5739270351213,27.051112502409,35.2021205271747,18.6360893046281,7.28668839945954,8747368.71531501,0.001331181942764,250.18501174537,7.28509641747158,1996,0,0,0,0,0,0,1,0,0,1,0,0,1,0,0,0,0,0,0,0,0,0,0,1,0,0,0,0,0,0,0,0,0,0,0,0,0,0,0,0,0,0
7,69.5059491348576,166.129999284349,1.44161478988832,0.202709503914262,28,3,52.1132081506463,-1.83172117611217,8,76.3048437250444,17.7695886190761,36.4995142726848,18.6421030183239,13.8302553311043,2089466.192147,0.0003556376841133,67.3809649451164,3.34982349497357,1991,0,0,0,0,1,0,0,0,0,0,1,0,1,0,0,0,0,0,0,0,0,0,0,0,0,0,0,0,1,0,0,0,0,0,0,0,0,0,0,0,0,0
0,105.779525977994,820.936143637392,1.44270527274636,0.138383998814909,27,5,52.6980820128893,-1.59666486147457,12,76.5273793560755,17.7304452670084,36.4687005085627,18.6443158023701,13.8203394514888,-14462.0761527235,0.0003431704676896,100.770945797303,8.26447882862992,1981,1,0,0,0,0,0,0,0,1,0,0,0,0,0,0,1,0,0,0,0,0,0,1,0,0,0,0,0,0,0,0,0,0,0,0,0,0,0,0,0,0,0
9,185.503964872367,904.709406833285,1.44330868034163,0.273393018518475,25,15,52.1237709679548,-3.08792396745757,6,76.5763058891908,17.7393623336717,36.4614824426607,18.6490655180549,13.8364682423279,8922036.68423889,-0.0005659926481302,-112.347320080325,3.42746333717539,1988,0,0,0,0,0,0,0,0,0,0,0,0,0,0,0,1,0,0,1,0,0,0,0,0,0,0,0,0,0,0,0,0,0,0,0,0,0,0,0,0,0,0
4,132.878738111182,-33.0870849436108,0.381315219689658,0.242850125549162,23,3,53.6429234295727,-1.99618538938248,3,43.5834131135103,12.0717809199308,23.7596102863512,18.6417702430527,-0.787256363518887,948702.039265804,-0.0010365848783412,205.449335614721,-0.406940780291789,1998,0,0,1,0,0,0,0,0,1,0,0,0,1,0,0,0,0,0,0,0,0,0,0,1,0,0,0,0,0,0,0,0,0,0,0,0,0,0,0,0,0,0
5,28.3298807869841,1311.71888222548,0.560131638358484,0.146508712469143,5,15,51.9063580982462,0.134871078754504,5,57.4435802670939,24.4390446770669,27.4948202285269,18.6463354705403,18.9157018394321,3131053.97668999,0.001550804728249,301.375223504045,2.7205051154845,1992,0,0,0,0,0,0,1,0,0,0,0,0,1,0,0,0,0,0,0,0,0,0,0,1,0,0,0,0,0,0,0,0,0,0,0,0,0,0,0,0,0,0
5,191.522192970343,507.497255477142,1.44143187817777,0.225157447671769,17,9,52.4073345586808,0.0541242986248918,10,76.3145051383848,17.7500716001266,36.4602611358378,18.6388498520894,13.8151399371209,833584.269534032,-0.0034304070380605,61.5619305398566,7.06022447873543,1981,0,0,0,0,0,1,0,0,0,0,1,0,0,0,0,1,0,0,0,0,0,0,0,1,0,0,0,0,0,0,0,0,0,0,0,0,0,0,0,0,0,0
8,40.3259082592616,482.001719701961,1.49910066408894,0.224305901437238,1,0,54.0099267377117,-1.51246693495354,7,72.6101091442459,17.7419466281839,36.4764576174221,18.6477699180167,5.42628881600145,6707760.90974349,-0.0014337608298923,232.910502834087,5.15473347219798,1989,0,0,0,0,0,1,0,0,0,0,1,0,0,0,0,1,0,0,0,0,0,0,0,1,0,0,0,0,0,0,0,0,0,0,0,0,0,0,0,0,0,0
3,71.2806086409821,426.00080170776,0.961489437411565,0.136734055270094,3,10,51.327460043829,-2.80517440498389,11,34.7519784658057,45.6095149980283,38.1162276169155,18.551956583822,17.2331034388461,580417.036934984,0.0017418058568971,259.968116001961,3.81532158597614,2000,0,1,0,0,0,0,0,0,0,0,0,0,1,0,0,0,0,0,0,1,0,0,0,0,0,0,0,0,0,0,0,0,0,0,0,0,0,0,0,0,0,0
2,16.9498594029739,527.253175590495,1.0704822126604,0.136246606303484,14,9,53.011609403112,-0.466257812025091,2,65.6983440805462,20.150032482502,37.9843929610703,18.6445234982393,10.5205836564348,-590318.287395257,0.0020984067032499,208.660125162943,8.29644338442326,1995,0,1,0,0,0,0,0,0,1,0,0,0,1,0,0,0,0,0,0,0,0,0,0,1,0,0,0,0,0,0,0,0,0,0,0,0,0,0,0,0,0,0
3,216.911222333828,898.770252622436,1.44029020485102,0.212769962250335,8,1,52.4901207117396,0.162235329434394,2,76.3215853967218,17.7525266217899,36.4335581287348,18.6389357345457,13.761209117781,5775473.02151624,-0.0044489453731876,244.494653450754,8.27561797488034,1990,0,0,0,0,0,0,0,1,0,0,1,0,0,0,0,1,0,0,0,0,0,0,0,0,0,0,0,0,0,0,0,0,0,0,0,0,0,0,0,0,1,0
0,117.288532822712,347.049893289279,1.44159261552451,0.210120999269264,19,0,53.0631522267104,-1.78819015024071,2,76.3446323745875,17.7566642616938,36.4757784885626,18.6420664546371,13.8013064773735,-320624.050791137,0.0007384275780546,34.4510295438717,2.74852896116226,1986,0,1,0,0,0,0,0,0,0,0,0,0,1,0,0,0,0,0,0,0,0,0,0,1,0,0,0,0,0,0,0,0,0,0,0,0,0,0,0,0,0,0
4,36.1075124174146,1288.34580494935,1.44172323213428,0.122188218673146,25,9,51.1493064486058,-1.6029888085376,3,76.3719374864904,17.7588213936479,36.4577755169875,18.6385948704768,13.8111311744667,490003.330310556,-0.0011606055718373,81.5387774559862,8.92236437181164,1992,1,0,0,0,0,0,0,0,0,0,0,0,1,0,0,0,0,0,0,0,0,0,0,0,0,0,0,0,0,0,0,0,0,1,0,0,0,0,0,0,0,0
3,99.4676727972305,436.310128890822,0.125376578274317,0.14632060827424,15,7,51.8318084788726,-1.32353780354183,3,21.4192290997025,27.9945637531183,11.6304074822651,17.7312233390915,-2.24938669233993,105728.582195819,0.0016033028971118,283.777864341572,4.34815655109006,2000,0,0,0,0,1,0,0,0,0,0,1,0,1,0,0,0,0,0,0,0,0,0,0,0,0,0,0,0,0,0,0,0,0,0,0,0,0,0,0,1,0,0
5,117.21290992621,159.021064592179,1.44184520206934,0.171571404756788,15,23,52.1635132937269,-2.08290857322821,6,76.3254921030701,17.7390365250832,36.4851537691609,18.6407676485585,13.8040849400981,8117195.18418497,0.0014818642353451,340.078571602898,1.8543700874911,1985,0,1,0,0,0,0,0,0,0,0,0,0,1,0,0,0,0,0,0,0,0,0,0,0,0,0,0,0,0,0,0,0,0,0,0,0,0,0,0,1,0,0
4,143.067660676824,963.658914501515,1.44099770714605,0.13452280335002,29,10,53.2884044815355,0.69756089956122,10,76.2921796816836,17.7539394905231,36.4796239338384,18.6447602172451,13.8172724337326,2716943.88213868,-0.0004339684491556,110.375118668994,3.01195783642377,1995,0,0,0,0,0,1,0,0,1,0,0,0,1,0,0,0,0,0,0,0,0,0,0,0,0,0,0,0,0,0,0,0,0,1,0,0,0,0,0,0,0,0
2,43.9005779778479,1837.79286100515,0.933528094117165,0.141592840791006,3,10,52.21678113618,-2.51225586057491,3,85.1813317065477,18.4074164081547,35.3195136007998,18.637444791788,1.3948918675516,2407477.61767435,0.0026084963143482,233.890622541751,9.84339764245146,1982,1,0,0,0,0,0,0,0,0,0,0,0,0,0,0,1,0,0,0,0,0,0,0,0,0,0,0,0,0,0,0,0,1,0,0,0,0,0,0,0,0,0
0,32.1430098545663,106.670110128731,1.44246456660089,0.113138983714588,13,7,52.2373312075773,-1.88806487837024,2,76.3066217568635,17.7844288493113,36.4729858072798,18.6402117774563,13.8181590777206,169068.594463327,-0.0006531675996206,132.634214733019,3.65825375555615,1981,0,0,0,0,0,0,1,0,1,0,0,0,0,0,0,1,0,0,0,0,0,0,0,0,0,0,0,0,0,0,0,0,0,0,0,0,0,0,0,0,0,1
0,92.2838036564346,585.494835352118,1.44262414963993,0.200851519440331,28,9,52.4233739983567,-3.58147128690857,3,64.9007920292113,17.7404225051295,36.4863358258829,18.6354652957975,13.8138473131624,-13413.0169894386,0.0004108087899079,225.305886339501,3.79792110233717,1988,0,1,0,0,0,0,0,0,0,0,1,0,1,0,0,0,0,0,0,0,0,0,0,0,0,0,0,0,0,0,0,0,0,0,0,0,0,0,0,1,0,0
0,34.1733540220195,-10.6387986007314,1.27350703972939,0.258554933752605,19,9,52.3155049379285,-1.42420783025162,2,90.1886598614942,11.5468279207356,35.6293324135578,20.1679093382414,22.4271194361909,-590962.844738431,0.0030168973974962,-233.996534722189,1.9200743066843,1987,0,1,0,0,0,0,0,0,0,0,0,0,0,0,0,0,0,0,0,0,0,0,0,1,0,0,0,0,0,0,0,0,0,0,0,0,0,0,0,0,0,0
5,157.782474465142,452.487984783487,1.44305110648849,0.146860305180628,19,16,52.0467993842256,0.1884546529445,9,76.2712048359386,17.7478711672179,36.480682222601,18.6395451278187,13.7929841506806,3717020.82224091,0.0006538916708958,165.262789081489,3.91859757058516,1993,0,0,0,0,0,0,0,1,0,0,1,0,1,0,0,0,1,0,0,0,0,0,0,0,0,0,0,0,0,0,0,0,0,0,0,0,0,0,0,0,0,0
7,-10.5573115682648,698.935902709569,0.134127014564282,0.208707913918608,19,19,51.7640493234551,-1.16530129564711,6,-115672.6994254,11.52450346955,33.8548827818033,18.5924442839188,31073.7855795173,-1675364748.88416,0.61817058215837,75.8241055157199,8.75722989597651,1987,0,0,0,0,0,0,1,0,0,0,0,0,0,0,0,0,0,0,0,0,0,0,0,0,1,0,0,0,0,0,0,0,0,0,0,0,0,0,0,0,0,0
6,44.9903203565698,1002.71627592665,1.44305111075921,0.127120775798325,21,9,52.753919605176,-1.936729954588,6,76.3434841093977,17.7484044901445,36.4806818224179,18.6406568734829,13.7929846594001,2109044.11522118,0.0025042118805668,503.783993991178,4.99632304552269,1993,0,1,0,0,0,0,0,0,1,0,0,0,1,0,0,0,1,0,0,0,0,0,0,0,0,0,0,0,0,0,0,0,0,0,0,0,0,0,0,0,0,0
2,-8.97972532544574,1095.94085031583,1.44229266046136,0.209703532061719,11,13,53.1421750078218,-1.56595190149873,1,76.3791818112712,17.7226866835521,36.4926104265044,18.6424018464005,13.8083907625803,2896471.30525142,0.0005331861172464,206.538064880558,11.3381272829845,1989,0,0,0,0,0,0,1,0,0,0,1,0,1,0,0,0,0,0,0,0,0,0,0,0,0,0,0,0,0,0,0,0,0,1,0,0,0,0,0,0,0,0
0,224.554015257981,329.576749432978,1.35079302959985,0.103274680433231,3,20,52.1550925145288,-2.70377371968384,2,88.5842101967118,14.1244099789661,34.4349045517014,18.6386355682977,16.7021586765441,159970.428684313,0.0029181601108009,273.586369577896,4.28569664481944,1981,0,1,0,0,0,0,0,0,0,0,0,1,0,0,0,0,0,0,0,0,0,0,0,0,0,0,0,0,0,0,1,0,0,0,0,0,0,0,0,0,0,0
9,95.9331223134496,1296.41075450199,2.68672430875133,0.196287901979401,1,13,54.0643251962566,-2.60056618407768,6,79.0361405886504,17.7416216059413,36.4764596884242,18.647632000311,22.8785259010836,7106573.12285601,0.0012721104497321,363.303062439724,5.54750794603511,1989,0,1,0,0,0,0,0,0,0,0,1,0,0,0,0,1,0,0,0,0,0,0,0,1,0,0,0,0,0,0,0,0,0,0,0,0,0,0,0,0,0,0
4,224.842063001014,479.559695674467,0.452035561390343,0.17499948132908,9,6,53.0947804661726,-2.49059572898562,3,11.2546910028398,55.5125314044801,15.9010348693376,12.4687225215482,7.62735457892797,114321.080595378,0.0004160509024766,305.686313459545,6.14658207877604,2000,0,1,0,0,0,0,0,0,0,1,0,0,1,0,0,0,0,0,0,0,0,0,0,0,0,0,0,0,0,0,0,0,0,0,0,0,0,0,0,0,1,0
2,195.872105732286,356.437801153448,1.44154190800008,0.175654382089266,27,11,52.7134177098558,-0.372692903691056,11,76.3497177190337,17.7560459511257,36.4783198441898,18.6364986849985,13.8140148502891,2475741.69024349,-0.0017022734235924,176.52995293393,2.61307732095674,1988,0,0,0,0,0,0,1,0,0,0,0,0,0,0,0,1,0,0,0,0,0,0,0,1,0,0,0,0,0,0,0,0,0,0,0,0,0,0,0,0,0,0
1,129.219819391115,854.350923833637,1.44153506942235,0.256181902352065,6,5,53.8199649173457,-3.25197195929172,1,76.2668934388897,17.7400140796952,36.4936867802435,18.6398035316677,13.788088190703,32908.8047524128,0.0014245865834761,391.262843223289,9.54087654499789,1985,0,0,0,1,0,0,0,0,0,0,1,0,1,0,0,0,0,0,0,0,1,0,0,0,0,0,0,0,0,0,0,0,0,0,0,0,0,0,0,0,0,0
9,-93.4370829618757,1154.5153581607,1.35996247525201,0.127201654669875,9,16,52.3817547444086,1.81260298357298,8,76.4114608242248,17.7139660375447,37.6560359553612,18.6359875296766,13.8136968676095,7411195.95442028,0.0001909763006154,272.663755251067,3.87733222962308,1999,1,0,0,0,0,0,0,0,1,0,0,0,0,0,0,1,0,0,0,0,0,0,0,0,0,0,0,0,0,0,0,0,0,0,0,0,1,0,0,0,0,0
7,75.9488760060353,527.770941885672,1.35210170726434,0.131594195485706,21,5,49.6938434820794,-1.79402165454168,9,76.3154824577715,17.758882045976,35.8805075663224,17.3126729846025,13.8218548526214,44670.1249085633,-0.0003290505366741,190.948067447712,5.92657748179562,2000,0,1,0,0,0,0,0,0,0,0,1,0,1,0,0,0,0,0,0,0,0,0,0,0,0,0,0,0,0,0,0,0,0,1,0,0,0,0,0,0,0,0
6,88.3541522888646,720.13357746223,1.19550632963692,0.182004431662533,9,19,53.7057004871147,-1.76121360553416,4,77.2514015125685,45.6082521200196,31.8835896523761,18.6394886305897,17.4229895358853,5688905.74119661,0.0003964729098971,158.050102186035,2.5452905318282,1993,0,0,0,0,0,0,0,1,0,0,0,0,0,0,1,0,0,0,0,0,0,0,0,0,0,0,0,0,0,0,0,0,0,0,1,0,0,0,0,0,0,0
7,62.2515311852715,611.669367346365,1.44177054672404,0.217239750012696,31,11,50.2913889565031,-2.71019200354377,11,76.346113146107,17.7524070242822,36.4917281686327,18.6384107988812,13.8281437315481,3347938.51685194,-0.0007431435134766,131.262445784232,7.45852092051484,1985,1,0,0,0,0,0,0,0,0,1,0,0,0,0,0,1,0,0,0,0,0,0,0,0,0,0,0,0,0,0,0,0,0,0,0,0,0,0,0,1,0,0
8,149.685445198759,794.628149475926,1.44299839752831,0.136772259715786,5,22,51.9023445258381,-1.46362712898057,7,76.2938120972762,17.7421687444505,36.4819583714555,18.6415116916782,13.8030993191988,4927294.19387502,0.0020510600243246,-44.710860839211,6.63675674635945,1992,0,0,0,0,0,0,0,1,1,0,0,0,0,0,0,1,0,0,0,0,0,0,0,0,0,0,0,0,0,1,0,0,0,0,0,0,0,0,0,0,0,0
7,-6.48691567521077,101.904450086572,1.44205481985636,0.215601851361238,31,7,53.0042036893303,-0.0593649275210253,8,76.3439730913403,17.7383727052042,36.471063567336,18.636941283309,13.806527017155,112993.990843671,-0.0008241505756292,97.8659745407654,0.901714937375851,1981,0,0,0,0,0,1,0,0,0,1,0,0,1,0,0,0,0,0,0,0,0,0,0,0,0,0,0,0,0,0,0,0,0,0,0,0,0,0,0,1,0,0
9,143.255172493104,1508.82529210346,1.44196293014638,0.0922486756824316,2,13,53.1784483154108,-0.459298490697058,8,76.3387933710595,17.7932077318577,36.4857282252572,18.6354652716496,13.7873870913597,8394444.53718331,0.0014939857983524,20.6270025584137,1.19944604986161,1988,0,1,0,0,0,0,0,0,0,0,0,0,1,0,0,0,0,0,0,0,0,0,0,0,0,0,0,0,0,0,0,0,0,0,1,0,0,0,0,0,0,0
9,88.5471697186735,1314.39078942442,1.04892473598031,0.253601360630038,11,17,52.2555746949867,-0.552216411775111,6,65.5193988206053,30.4321726100815,35.3813920713513,18.6386987510092,-2.49459349198843,1403110.39745,0.000572234187552,228.4814193471,9.31781957136807,1996,0,0,0,1,0,0,0,0,0,0,0,0,1,0,0,0,0,0,0,0,0,0,0,1,0,0,0,0,0,0,0,0,0,0,0,0,0,0,0,0,0,0
2,51.7987395928521,393.177276051557,1.44159263437511,0.244069999166511,7,12,52.3341760358062,-1.44965298376186,12,76.3402111853623,17.7566761183001,36.4757779409279,18.6412675764426,13.8013061339662,-187183.951752213,0.0068046686144386,184.337911744112,5.14931439860743,1986,0,0,0,0,1,0,0,0,0,0,1,0,1,0,0,0,0,0,0,0,0,0,0,1,0,0,0,0,0,0,0,0,0,0,0,0,0,0,0,0,0,0
1,42.4676047156076,532.302311338618,1.37537698256684,0.22233111754758,6,0,52.8401764095333,0.47536133651555,2,76.3228192944486,17.7274227875074,36.5899063376811,18.6441910394771,13.8476902648514,1944284.78313334,0.0017266652450239,240.831437068594,5.22383812305875,2000,0,0,0,0,0,1,0,0,0,0,1,0,0,0,0,1,0,0,0,0,0,0,0,0,0,0,0,0,0,0,0,0,0,0,0,0,0,0,0,1,0,0
0,82.5164618725942,958.275710564286,1.44141166108313,0.138631519371598,18,21,52.3553830995,-2.05508826030363,2,76.395241188705,17.7467317322393,36.4712338138205,18.6405906954779,13.793769213208,-414302.036665725,0.0037327474437529,283.661266903478,7.29558442532911,1996,1,0,0,0,0,0,0,0,0,0,0,0,0,0,0,1,0,0,0,0,0,0,0,0,0,0,0,0,0,1,0,0,0,0,0,0,0,0,0,0,0,0
9,45.2370322106227,726.260188941339,0.964059735992388,0.224236495809614,1,15,52.9996394468569,0.0174800321218882,7,59.5916403091578,17.7442796722098,36.4728477356781,18.6415765659068,13.783584079764,5569787.57442733,0.0005626128967042,85.5425010549575,6.85942717773653,1994,0,0,0,0,1,0,0,0,1,0,0,0,1,0,0,0,0,0,0,0,0,0,0,0,1,0,0,0,0,0,0,0,0,0,0,0,0,0,0,0,0,0
1,131.556716638144,318.115207441442,1.44143185564668,0.201199704997676,21,13,50.6334196464056,-1.08717185590997,1,76.3144745805967,17.7500496552181,36.4602619257064,18.6443155028396,13.8151391543675,1945243.86826422,0.000313425804968,203.731670324055,4.40835258704456,1981,1,0,0,0,0,0,0,0,0,0,0,0,0,0,0,1,0,0,0,0,0,0,0,1,0,0,0,0,0,0,0,0,0,0,0,0,0,0,0,0,0,0
4,212.245314573487,762.595632332874,1.4089546145637,0.14776532277534,6,16,52.8921839745955,-0.312572747103308,10,76.3344319022026,17.7635983356069,36.1599691261396,18.6345728475248,13.8163144188685,2037816.1259571,1.8491168996154e-05,284.820561365912,2.71134832829366,2000,0,0,0,1,0,0,0,0,0,0,0,0,0,0,0,1,0,0,0,0,0,0,0,0,0,0,0,0,0,0,0,0,0,0,0,0,0,0,1,0,0,0
4,147.580083024326,915.401272391316,1.44003355073349,0.222359440650452,1,14,52.4534515960237,0.0922510088473372,4,76.3141020899023,17.745353682671,36.4611957062356,18.6404134598997,13.7816456517936,2707827.19074946,0.0012559741762398,39.9941206760797,12.2429831432968,1984,0,0,0,0,0,0,0,1,1,0,0,0,0,0,0,1,0,0,0,0,0,0,0,0,0,0,0,0,0,0,0,0,0,0,0,0,1,0,0,0,0,0
4,89.1751976863617,1095.34427790499,0.134127040167093,0.157873374015838,16,20,52.4990935979055,-0.779362376213022,1,-115667.230071806,10.2371922698503,33.8548812236599,16.2455719830112,31073.7849916833,-1963111886.84365,1.77045057796468,293.940905258534,9.30833567872551,1983,0,1,0,0,0,0,0,0,1,0,0,0,0,0,0,0,0,0,0,0,0,0,0,0,1,0,0,0,0,0,0,0,0,0,0,0,0,0,0,0,0,0
9,67.225328620264,1165.9341537022,1.28675313504261,0.212246110967237,30,17,53.1726384328309,-0.380388380720422,9,-1458416.09954198,34.1032945739076,34.4568366690775,18.5973922689277,-103533.368863839,-9404780543.04565,4.0952201849539,104.703722757899,2.59421894264562,2000,0,0,0,1,0,0,0,0,1,0,0,1,0,0,0,0,0,0,0,0,0,0,0,0,1,0,0,0,0,0,0,0,0,0,0,0,0,0,0,0,0,0
1,57.9878814041809,774.689521836064,1.40723944093604,0.211047242919922,10,23,51.9632645174121,-0.403912007670075,1,76.3343872534255,17.7246978440273,36.4849536944147,18.6402120003967,13.8294568828196,4526342.73700891,-0.0110666089744571,290.632325045622,7.92228027294468,1995,0,0,0,0,1,0,0,0,0,0,0,0,0,0,0,1,0,0,0,0,0,0,0,0,1,0,0,0,0,0,0,0,0,0,0,0,0,0,0,0,0,0
1,86.0885785575889,721.17498333265,1.4401334542523,0.279012373108033,7,1,51.4697903297484,-0.419684069040887,1,76.3594812672852,17.7751201274738,36.4709357701458,18.637590051879,13.8038279585409,2140304.91902626,-0.0010631495975802,152.457779952271,7.82080889439557,1982,0,0,0,1,0,0,0,0,1,0,0,0,1,0,0,0,0,0,0,0,0,0,0,0,0,0,0,0,0,0,0,0,0,0,0,1,0,0,0,0,0,0
6,301.574864720671,1067.11632132687,1.17256491595988,0.180790627688657,9,11,50.0655796953267,-0.521976587411768,11,66.776578591137,6.70395515494469,41.5505382528943,18.6406689916275,17.9832570677022,2141769.82534928,0.0022606112798918,222.901711744273,9.87267668701844,1985,0,1,0,0,0,0,0,0,0,0,1,0,0,0,0,1,0,0,0,0,0,0,0,0,0,0,0,0,0,0,1,0,0,0,0,0,0,0,0,0,0,0
6,137.952478809729,529.310940337753,1.79763501631359,0.214141055570778,22,9,52.6478771750589,-1.17436610615392,10,84.5581069151663,17.7398707375542,36.4757871429038,18.6468892569617,13.8110882870355,1670737.65949374,-0.0008413843062936,212.056273907397,5.48102623771973,1989,0,0,0,0,0,0,0,0,0,0,1,0,1,0,0,0,0,0,0,0,0,0,0,1,0,0,0,0,0,0,0,0,0,0,0,0,0,0,0,0,0,0
7,-23.6954115580415,782.353917009722,1.4420356164736,0.208914031784534,6,9,53.1832729268901,-1.33338157409585,11,76.2956639402694,35.9229555616094,36.457790466575,18.6410245465187,13.8143153113671,1692835.1904681,-0.010078652340617,247.06722559235,6.59034336363613,1997,0,0,0,0,1,0,0,0,1,0,0,0,0,0,0,0,0,0,0,0,0,0,0,0,0,0,0,0,0,1,0,0,0,0,0,0,0,0,0,0,0,0
3,139.082880509384,22.4402068722553,1.2813674476273,0.232807871631672,5,1,54.0822315032236,-0.409345340066244,9,69.3494738418229,11.5292779735585,33.5821525310236,18.6275864611576,14.5716134825479,9652497.84442332,0.0010175868199131,132.576505445036,4.09219025836295,1986,0,0,0,0,0,1,0,0,1,0,0,0,1,0,0,0,0,0,0,0,0,0,0,0,0,0,0,0,0,0,0,0,0,0,0,0,1,0,0,0,0,0
4,148.855826653368,1006.23281063185,1.43938887431525,0.134134463017769,16,9,52.1982750022458,-1.55596750790355,5,76.2408405748582,17.7440082156108,36.4714647644722,18.647384291125,13.82921233263,2304756.62949596,-0.0001949597002977,42.0511538076222,5.90905926196531,1996,0,0,0,0,0,0,0,0,1,0,0,0,1,0,0,0,1,0,0,0,0,0,0,0,0,0,0,0,0,0,0,0,0,0,0,0,0,0,0,0,0,0
3,169.414327403716,582.802197600187,1.19550654780336,0.189768487172879,18,16,53.4712626928819,-1.48465451043262,3,98.5694279484671,43.9950185379214,31.8835886503213,15.9572996660606,17.4229902677173,3555382.20846409,0.0003574055680346,-317.2597202494,5.1489571451162,2000,0,0,0,0,1,0,0,0,0,1,0,0,0,0,1,0,0,0,0,0,0,0,0,0,0,0,0,0,0,0,0,0,0,0,1,0,0,0,0,0,0,0
9,99.4674443708253,-18.2283909645032,0.134126992741068,0.166771683278998,29,2,52.5846680184505,-2.89349360333967,8,-115649.192054527,-7.20053932722623,33.8548813514345,18.648049026576,31081.5816931311,-1042931604.46122,0.425523821797324,287.819340585706,1.6925585095019,1998,1,0,0,0,0,0,0,0,0,0,1,0,0,0,0,0,0,0,0,0,0,0,0,0,1,0,0,0,0,0,0,0,0,0,0,0,0,0,0,0,0,0
4,45.3753488530894,562.115096745541,1.27350701855891,0.161833752734232,20,9,52.6116198101062,-0.870353708636224,4,86.046293094226,22.7217166526885,35.6293316538539,19.3630097388239,22.4271198696934,1803476.5570324,-0.0004358745545075,200.800069338798,3.76537841017263,1984,0,1,0,0,0,0,0,0,0,0,1,0,0,0,0,0,0,0,0,0,0,0,0,1,0,0,0,0,0,0,0,0,0,0,0,0,0,0,0,0,0,0
7,139.620536789927,1748.56554150979,1.44289570361935,0.134717473208435,31,18,52.2997732527835,-0.0486320195086718,5,76.3535227887292,17.732084091965,36.4826157249744,18.6430188154632,13.8249630831097,7132798.04562237,0.0002642529236084,329.227860047171,2.44602333955909,1995,0,1,0,0,0,0,0,0,1,0,0,0,0,0,0,1,0,0,0,0,0,0,0,0,0,0,0,0,0,1,0,0,0,0,0,0,0,0,0,0,0,0
5,192.575656264646,853.620751356495,1.86076899385193,0.236302096490434,15,13,51.8648001994673,-0.415729715436896,11,62.466300943541,17.4120865109053,33.4881356182796,18.6368373166887,-4.58045530660181,3524980.4858532,-0.0043421126873754,183.337608703075,3.36140674402623,1997,0,0,0,1,0,0,0,0,1,0,0,0,0,0,0,0,0,0,0,0,0,0,0,0,0,0,0,0,0,0,0,0,0,0,0,0,0,0,1,0,0,0
8,99.2989475191039,121.002434247096,1.44261198904306,0.15297163475401,23,18,52.7957228431381,1.15924933117065,8,76.3196483336887,51.4535686547854,36.4804000558945,18.6726820579488,13.7818831596696,827766.82364265,0.0032389709224923,242.480132558447,6.28923729940571,1992,0,0,1,0,0,0,0,0,0,1,0,0,0,0,0,0,0,0,0,0,0,0,0,0,0,0,0,0,0,0,0,0,0,0,1,0,0,0,0,0,0,0
5,-8.51998283089456,870.867490056735,1.39744283899197,0.166628033149568,17,20,53.2836041946606,-2.88149954208613,9,87.621468068431,17.7368347155033,36.4846322090146,18.6416239277085,31.520910594153,8732248.86568275,0.0004614834343234,248.811774769249,3.65151358509644,1984,0,1,0,0,0,0,0,0,0,0,0,0,0,0,0,1,0,0,0,0,0,0,0,1,0,0,0,0,0,0,0,0,0,0,0,0,0,0,0,0,0,0
6,32.720024443712,130.154002339387,1.44130051014182,0.173696288877086,12,0,51.6797987779465,-0.866417644869779,8,76.2880103363321,17.7243607300485,36.4545279121364,18.6405325377133,13.8379491139729,7912539.32550397,-0.0005914732657124,207.798578229882,1.17197244910333,1981,0,0,0,1,0,0,0,0,0,0,0,0,1,0,0,0,0,0,0,1,0,0,0,0,0,0,0,0,0,0,0,0,0,0,0,0,0,0,0,0,0,0
4,185.781935237244,273.719924825435,0.905476119984753,0.178676557988458,15,5,52.5669836335236,-0.825315827441181,3,58.7777732867198,67.1685556031817,17.2987360044187,18.6477893463552,8.57725447591557,26578.4888772695,-0.006652048818622,228.31693338969,4.19023456283557,1999,0,0,0,0,0,0,1,0,0,0,0,0,1,0,0,0,0,0,0,0,0,0,0,0,0,0,0,0,0,0,0,0,0,0,1,0,0,0,0,0,0,0
5,71.8660686843145,1058.90284473788,1.4426997480673,0.260671575757594,11,21,52.4653277727073,-1.49326698197188,10,76.3712980962398,17.7559211975452,36.477620212067,18.6419571258346,13.8075089264698,4849341.65352179,-0.0001758366320642,89.4196081083053,9.26186915638923,1988,0,0,0,1,0,0,0,0,1,0,0,0,1,0,0,0,0,0,0,0,0,0,1,0,0,0,0,0,0,0,0,0,0,0,0,0,0,0,0,0,0,0
4,23.542372729892,440.221185943167,1.43993115339122,0.184480373619101,5,0,51.3898556352636,-1.8465270376623,5,76.3378656450752,17.7714535766655,36.4994466573726,18.638332646144,13.8112405241699,8483105.35499536,-0.0011345517608978,138.315481499422,4.20651138956012,1983,0,0,0,1,0,0,0,0,1,0,0,0,0,0,0,1,0,0,0,1,0,0,0,0,0,0,0,0,0,0,0,0,0,0,0,0,0,0,0,0,0,0
9,95.3839314771109,1062.7390375403,1.43983183675372,0.224364766002594,6,11,53.3362244003542,-1.53651042401366,7,76.8476488189096,17.7385291079439,36.4647215662119,18.6385679505303,13.7817078076255,6665602.70798952,0.0011803732749385,88.3726311412722,5.04318268513645,1989,0,0,0,1,0,0,0,0,1,0,0,0,0,0,0,1,0,0,1,0,0,0,0,0,0,0,0,0,0,0,0,0,0,0,0,0,0,0,0,0,0,0
5,202.929746151544,970.778403354126,1.44131163470664,0.199313466406459,31,6,52.4268869038005,-1.72207847753983,6,85.3357875951745,17.746559122451,36.4571304996084,18.6408687168233,13.8103062859618,141800.554811081,0.0010258566518534,267.301912859657,10.334975139475,1990,0,0,0,0,0,1,0,0,0,0,1,0,1,0,0,0,0,0,0,0,0,0,0,0,0,0,0,0,0,0,0,0,0,0,0,0,0,0,0,1,0,0
0,166.037641217297,343.212691626541,1.54281451270827,0.174229532685777,15,6,49.7044849336702,-2.05730272706468,11,90.2165490047502,18.1523982409463,37.8431248304377,18.6417225526266,15.6189447099408,104742.412163162,0.0001269242832493,217.8356946438,0.310975653042866,1985,0,0,1,0,0,0,0,0,1,0,0,1,0,0,0,0,0,0,0,0,0,0,0,0,0,0,0,0,0,0,0,0,0,0,0,1,0,0,0,0,0,0
0,95.1938225750919,633.542862035824,0.586128267555557,0.190622769426164,24,20,49.961073780906,0.16412643508574,2,38.9696186184414,13.5052261731577,33.7914554299589,18.6436950527207,28.8262681826583,2888382.76442258,-0.0009723617663606,86.6953943584641,4.81538423065554,1994,0,0,0,1,0,0,0,0,0,0,0,0,1,0,0,0,0,0,0,0,0,0,0,1,0,0,0,0,0,0,0,0,0,0,0,0,0,0,0,0,0,0
5,40.3244153931981,271.763065012463,1.63630858119732,0.13213729823815,7,2,50.4964828350221,-1.23216190834604,6,87.6908044356095,17.7775454249864,36.4508637169676,18.6022164090545,13.8152244983554,4507459.23176148,0.0006483527624715,122.489578089054,1.64691789653368,1988,0,0,0,1,0,0,0,0,0,0,0,1,0,0,0,0,0,0,1,0,0,0,0,0,0,0,0,0,0,0,0,0,0,0,0,0,0,0,0,0,0,0
3,-17.7817483229703,553.341673319358,0.134127017139529,0.182385918802313,8,6,52.4080681848519,-2.37481358173726,1,-115660.913773543,11.9973117778582,33.8548810620356,18.7503144205024,31024.5690183583,-16408462.1386607,-0.0006768380967311,268.458370405581,4.65528385940848,1989,0,1,0,0,0,0,0,0,0,0,1,0,0,0,0,0,0,0,0,0,0,0,0,0,1,0,0,0,0,0,0,0,0,0,0,0,0,0,0,0,0,0
7,221.389677666223,334.609146090186,1.44119805327814,0.0562492787236248,28,5,52.2561015758286,0.450389350853697,7,64.5614627648747,17.72401968505,36.4746455003441,21.1826050931171,13.8360491804262,71018.7150414317,0.0001894424577234,262.596862715663,3.98628552616832,1998,0,1,0,0,0,0,0,0,1,0,0,0,0,0,0,1,0,0,0,0,0,1,0,0,0,0,0,0,0,0,0,0,0,0,0,0,0,0,0,0,0,0
2,1.91910743765092,310.039198676269,0.95607324416481,0.181011498900132,2,7,50.9999453788578,1.42676949584631,12,56.271853420309,19.0286118219225,47.3539834183111,18.6550178898017,11.4978478927535,21059.2987443133,0.0008133132007962,132.49144677594,2.56134375102073,1982,0,0,0,1,0,0,0,0,1,0,0,0,0,0,0,1,0,0,0,0,0,0,0,0,0,0,1,0,0,0,0,0,0,0,0,0,0,0,0,0,0,0
7,-31.1320604855006,1213.4548621473,1.44184937693489,0.164466280133792,25,0,53.5761588105562,-0.791956375661603,11,76.3708089672089,17.7539685777263,36.5016562540312,18.6395426216578,13.8002352899103,-433889.708081807,0.0054262067173359,248.477163662695,9.51526439521029,1984,0,1,0,0,0,0,0,0,1,0,0,0,1,0,0,0,0,0,0,0,0,0,0,0,0,0,0,0,0,0,0,0,0,0,0,0,0,0,0,0,0,1
5,-109.525137795285,539.524413992494,1.43901768048217,0.212410673204852,25,5,51.2287988367368,0.21733817321243,10,76.3318346204348,17.7649940445597,36.463526046243,18.6415483525906,13.7882709894132,29452.2015629072,0.0005315174062825,228.50016418817,4.01477240044187,1982,0,0,0,0,0,1,0,0,1,0,0,0,1,0,0,0,0,0,0,1,0,0,0,0,0,0,0,0,0,0,0,0,0,0,0,0,0,0,0,0,0,0
1,-110.796462670766,-20.5130624504941,1.27350702448921,0.161392103061154,23,3,51.9951080652812,-0.323464472637539,11,97.917673152172,11.6880564582353,35.629330968983,18.636033309047,22.4271199868786,622457.901337683,0.0003955171034293,25.1867669470306,2.72639273568431,1985,0,0,0,0,0,0,0,1,0,0,0,0,0,0,0,0,0,0,0,0,0,0,0,1,0,0,0,0,0,0,0,0,0,0,0,0,0,0,0,0,0,0
0,93.2025172108565,1046.26716578198,1.44174850882395,0.202687388721878,2,1,51.4668113982552,-0.625975026980291,3,76.3561938562339,17.7465747905155,36.4714837061723,18.6436223872715,13.8127283403104,-115624.626268961,0.0009103996656633,43.0505731111768,9.94005714201333,1986,0,0,0,0,0,0,1,0,1,0,0,0,1,0,0,0,0,0,0,0,0,0,0,0,0,0,0,0,1,0,0,0,0,0,0,0,0,0,0,0,0,0
2,241.418858747404,801.444025227556,1.44186975854565,0.185069232415614,30,14,51.7406888249761,-2.40840909623126,11,78.1885066364353,17.7407827146355,36.475232474051,18.6416602502431,13.8135544165259,1035989.46406743,0.0013081506787125,263.809924445397,3.29692072168347,1987,0,1,0,0,0,0,0,0,0,0,1,0,1,0,0,0,0,0,0,0,0,0,0,1,0,0,0,0,0,0,0,0,0,0,0,0,0,0,0,0,0,0
9,62.5553707451666,608.825511893133,1.44065030613988,0.17481397287366,2,19,51.5037975903982,-0.866565423463286,9,76.3446275099994,17.7799852885181,36.4577353365503,18.6449779150447,13.8281766714891,1941767.59512055,0.0006517379888958,35.3746610185336,3.2565110994803,1991,0,0,0,0,0,0,0,1,0,1,0,0,0,0,0,1,0,0,0,1,0,0,0,0,0,0,0,0,0,0,0,0,0,0,0,0,0,0,0,0,0,0
4,31.7952438704529,430.608527834659,1.44115718948384,0.244719512533121,2,5,53.3026492441418,-0.809639639099816,8,76.3980924923741,17.7536044351079,36.5025124602819,18.64159865484,13.8265868057184,74764.4971436594,-0.000349800076957,279.603018020366,3.57136260316901,1987,0,0,1,0,0,0,0,0,1,0,0,0,1,0,0,0,0,0,0,0,0,0,0,0,0,0,0,0,0,0,0,0,0,0,1,0,0,0,0,0,0,0
5,181.259784826354,886.622775893911,1.44107007532381,0.170995778457526,8,16,54.0316200077849,-1.74221258238829,5,76.3285744678395,17.7447929203086,36.4948735166668,18.640883558776,41.3910228756215,3689358.70674523,-0.0002274733538237,36.9384640536774,3.85086597135641,1996,0,0,0,0,1,0,0,0,0,0,0,0,1,0,0,0,0,0,0,0,0,0,0,0,0,0,0,0,0,0,0,0,0,0,0,0,0,0,0,0,0,1
3,-150.491086406423,350.194225070817,1.59302245795374,0.172379432015158,8,2,49.8975976486636,1.7786181559531,3,47.6887466068056,25.2100239350948,36.4821648443393,18.644921203911,17.6622320353721,2686723.19316198,-0.0007219733703397,226.680949121625,1.72276970356533,1990,0,0,0,1,0,0,0,0,1,0,0,0,1,0,0,0,0,0,0,0,0,0,0,1,0,0,0,0,0,0,0,0,0,0,0,0,0,0,0,0,0,0
3,-22.0809887856314,1126.22272049609,1.44145906303289,0.148683746611051,6,11,53.6523204295482,-0.369795183714962,3,76.2167758049437,17.7869153469778,36.4679170546373,18.6405435451025,13.8317193613316,2024015.20385734,0.000763777765172,276.528849043389,10.7426786421242,1995,1,0,0,0,0,0,0,0,0,0,0,0,0,0,0,1,0,0,0,0,0,0,0,0,0,0,0,0,0,0,0,0,0,0,1,0,0,0,0,0,0,0
5,238.406785175041,560.96546878408,1.44233591235011,0.103429172898921,9,23,51.3927553032354,-1.52330515519526,2,76.4702569469916,17.7452588300836,36.4941834252931,18.6477639981471,13.7976928459764,-483061.975667854,0.0023518723508485,152.535205057616,5.87454935772319,1989,0,0,0,0,0,1,0,0,1,0,0,0,0,0,0,1,0,0,0,0,0,0,0,0,0,0,0,0,0,0,0,0,0,1,0,0,0,0,0,0,0,0
2,224.925735727779,1480.72079410555,0.160427496398674,0.254710039472881,12,12,51.0370980945899,-3.25968511923775,2,48.365403915088,38.9316375817853,33.0404691789425,18.6474296493567,12.1204103912296,2736747.55395046,0.0032014768591393,310.305130517952,10.9613278355869,1996,0,0,0,0,0,1,0,0,0,1,0,0,1,0,0,0,0,0,0,0,0,0,0,1,0,0,0,0,0,0,0,0,0,0,0,0,0,0,0,0,0,0
4,83.9037897310663,158.575430339819,1.44354850568323,0.169933609434848,21,20,52.9152012894219,-2.24946750397815,10,76.3108541741376,17.713700994473,36.452301839491,18.6464894975411,13.8013560201485,3854847.20867219,0.0005519158678611,224.83582373954,2.56045743202795,1988,0,0,0,0,0,0,0,1,0,0,0,0,1,0,0,0,0,0,1,0,0,0,0,0,0,0,0,0,0,0,0,0,0,0,0,0,0,0,0,0,0,0
8,50.6981402735042,687.716299575423,1.52113574378469,0.225492315153012,23,21,52.3778732781241,-0.0867351824490072,5,82.0836299026458,27.6634676239668,36.3671265272654,18.525558928505,18.3687097804233,6713053.685755,0.0006127334703444,97.9427850587196,5.91024675281106,1992,0,0,0,0,0,1,0,0,0,0,1,1,0,0,0,0,0,0,0,1,0,0,0,0,0,0,0,0,0,0,0,0,0,0,0,0,0,0,0,0,0,0
7,10.3179588447846,1909.90298380749,1.67424216874552,0.152672171995516,4,4,51.1740585550914,-3.07942761988869,1,57.4578710964045,17.7472007631202,36.4895844482273,18.6374447557779,9.93972952301226,-1.99609148938894,0.0007217912246388,248.845165975856,17.1389784257574,1982,1,0,0,0,0,0,0,0,0,0,0,0,0,0,0,1,0,0,0,0,0,0,0,1,0,0,0,0,0,0,0,0,0,0,0,0,0,0,0,0,0,0
6,131.315216573638,1115.51671529004,1.44278809122983,0.186002450958668,9,16,51.2811702896481,-0.867036291514566,10,76.3469281169047,17.7518664811073,36.4418596143472,18.6355274953586,13.8132072488166,3199586.99890833,-0.0008666861774334,337.448035770036,3.43172542914639,1982,0,0,0,0,0,0,0,1,0,1,0,0,1,0,0,0,0,0,0,0,0,0,0,0,0,0,0,0,0,0,0,0,0,0,1,0,0,0,0,0,0,0
0,121.492018289704,-66.1533768456231,1.43979877060011,0.213335448223724,25,1,53.0269241038388,0.0969978507014684,1,76.4353758541739,17.7557894389123,36.4604596165489,18.6398398347593,13.821634328353,2834840.17943332,-0.0030771967843229,77.6099306108629,0.786114567771264,1991,0,0,0,0,1,0,0,0,0,1,0,0,0,0,0,1,0,0,0,0,0,0,0,0,0,0,0,0,0,0,0,0,0,0,0,0,0,0,0,0,1,0
1,105.327822684556,637.934873348466,0.93352817090516,0.221962616764818,6,18,51.4483991803805,-2.53527185024334,11,82.6733538654723,-4.25819881683255,35.3195135183556,18.277084505666,14.6277077004911,3624136.13864456,-0.0023478439954697,246.375383115459,6.02417983805253,1998,0,0,0,0,1,0,0,0,0,0,1,0,0,0,0,1,0,0,0,0,0,0,0,0,0,0,0,0,0,0,0,0,1,0,0,0,0,0,0,0,0,0
9,76.1660609126729,1115.66200119269,1.44171233623652,0.181270019312707,14,17,53.5222114293383,-2.09646108143135,7,76.3767564742861,17.7623794836142,36.4576653190039,18.6419271299906,13.851889522925,5812636.05750085,0.0011909956534753,114.607381589459,4.65658509260862,1987,0,0,0,0,1,0,0,0,0,0,1,0,0,0,0,1,0,0,0,0,0,0,0,0,0,0,0,0,0,0,0,0,0,0,0,0,0,0,0,0,0,1
9,-32.0116144952942,1256.44625334934,1.44176798024242,0.178225690257401,3,17,51.5483221059818,-1.06664991114706,5,76.2305384173461,17.7446989835486,36.463016080954,18.6398062538687,13.8189191636818,7126307.04428705,0.0006718163220504,-1.58736850722247,3.83785448689564,1993,0,1,0,0,0,0,0,0,0,1,0,0,0,0,0,1,0,0,0,0,0,0,0,0,0,0,0,0,0,0,0,0,0,1,0,0,0,0,0,0,0,0
5,164.018656933733,1686.55519853326,1.44228255101,0.20548890396181,23,12,52.6793747868146,-2.15450383857097,5,76.3252245355766,17.6883096018629,36.5007270764386,18.6397604687037,13.8193206901791,6888047.66179276,0.0016050492897018,150.673262758674,2.04758172031806,1983,0,0,0,0,0,0,1,0,0,1,0,0,1,0,0,0,0,0,0,0,0,0,0,0,0,0,0,0,0,0,0,0,0,0,0,0,0,0,0,0,0,0
7,57.0548091190143,416.296433836169,1.40541661228703,0.225566446117915,29,4,52.7869068106214,-0.575343266535507,8,29.8888518267423,11.3974777148541,35.9840321400914,18.6330506602346,14.3826572537077,-1.09950026923107,0.0013746777818642,215.997585708707,5.3527952943456,1982,0,0,0,0,0,0,0,1,0,0,1,0,0,0,1,0,0,0,0,0,0,0,0,0,0,0,0,0,0,0,0,0,1,0,0,0,0,0,0,0,0,0
3,57.7558272210518,572.54921344394,1.44131271630482,0.134202998366885,16,21,50.7342753548907,-2.52338667721152,4,93.6818136147408,17.744066881448,36.4510814255777,18.6096106657647,13.8225642688523,7592260.59667742,-0.001180628235829,195.567445234804,1.99912628496524,1983,1,0,0,0,0,0,0,0,1,0,0,1,0,0,0,0,0,1,0,0,0,0,0,0,0,0,0,0,0,0,0,0,0,0,0,0,0,0,0,0,0,0
1,9.89757444016191,736.9036227646,1.44081875265765,0.216816758486838,17,21,53.5160660627362,-3.06226773987683,3,76.2926954517384,17.747684039327,36.4832271967723,18.6385691045776,13.808888692981,4320446.88667711,2.31452055206706e-06,277.048591922674,6.7336652155857,1996,0,1,0,0,0,0,0,0,0,0,0,0,0,0,0,1,0,0,0,0,0,1,0,0,0,0,0,0,0,0,0,0,0,0,0,0,0,0,0,0,0,0
1,210.496878067714,550.169659331405,1.44270581507713,0.182104800817214,27,14,53.1436635463599,-3.12870741999207,10,76.2684726749939,17.7623164781255,36.4713388885283,18.6392581332118,13.8490591515224,2736135.3651592,0.0017872331800802,251.916363763869,5.32900336228304,1981,0,0,0,0,0,0,1,0,0,0,0,0,1,0,0,0,0,0,0,0,0,0,0,0,0,0,0,0,0,0,0,0,0,0,0,0,0,0,1,0,0,0
0,110.772696211131,632.86111479341,1.44222797346586,0.183178461958671,4,8,52.7141767658493,-0.649133140651294,12,76.3253381977592,17.7096386385552,36.4961231151959,18.6399075494372,13.8563066846844,151363.026426071,-0.0076758567459684,96.8725684447899,3.62323411743414,1995,1,0,0,0,0,0,0,0,0,0,1,0,1,0,0,0,0,0,0,0,0,0,0,0,0,0,0,0,0,1,0,0,0,0,0,0,0,0,0,0,0,0
3,-17.3459103906325,572.232871685909,1.37295258740574,0.149415562600428,18,9,50.8476046066381,0.28957195429288,10,76.3034964121063,17.7443013907903,36.3945473296611,19.6792992048345,13.808775720979,1158906.53362368,-0.0010432736444676,252.482207681299,3.35259879039784,1998,0,1,0,0,0,0,0,0,0,0,0,0,0,0,0,1,0,0,0,0,0,0,0,0,0,0,0,0,0,0,0,0,0,0,0,0,0,0,0,1,0,0
7,178.666796470937,584.776349975254,1.4124771511466,0.179225460836035,17,1,53.5071538276759,0.251198884444541,9,76.2620849475654,17.7272478412108,38.3990541081804,18.6394791948562,13.7848051543688,4538020.10289656,0.0030461268328098,319.495750929102,8.59933152744956,1994,1,0,0,0,0,0,0,0,0,1,0,0,0,0,0,1,0,0,0,1,0,0,0,0,0,0,0,0,0,0,0,0,0,0,0,0,0,0,0,0,0,0
1,23.0422414708714,716.441979272781,1.2813673376084,0.184206090622658,1,7,50.2668208019172,-1.26259243751436,4,99.2153681400198,-8.51934633060417,33.5821532694503,18.6407677401809,15.1219441693723,-118935.902883957,0.0011109482749566,203.00814279146,8.2502552671652,1985,0,1,0,0,0,0,0,0,0,1,0,0,1,0,0,0,0,0,0,0,0,0,0,0,0,0,0,0,0,0,0,0,0,0,0,0,1,0,0,0,0,0
9,73.1575381125784,1092.55905245208,1.44254193394858,0.164652798752199,10,15,54.2176482522906,0.424333702515585,4,76.398247682363,17.7493161378551,36.4953485139475,18.6463351269693,13.806328257601,4175358.43557246,0.000899807620268,208.004970459925,3.66719942072617,1992,0,0,0,0,0,0,1,0,1,0,0,0,1,0,0,0,0,0,0,0,0,0,1,0,0,0,0,0,0,0,0,0,0,0,0,0,0,0,0,0,0,0
5,-5.90890018920692,44.0924053863481,2.15817953625243,0.166774676814371,3,6,52.6029386912807,-1.95951932800233,9,96.0775105561741,5.23514030569312,36.4730497611606,18.6361054852958,14.7867569294293,243211.847756355,-0.0033126373096237,41.3767369411515,2.93685602519671,1991,0,1,0,0,0,0,0,0,0,0,0,0,1,0,0,0,0,0,0,0,0,0,0,1,0,0,0,0,0,0,0,0,0,0,0,0,0,0,0,0,0,0
3,58.7201089554941,1347.72705534116,1.44246752308969,0.22545450086545,23,23,52.5373354635577,-0.0391930011140542,3,76.3006274449682,17.7650416400555,36.4480825556064,18.6318862637012,13.802362836478,543270.98785267,0.000976348358296,251.327619849363,11.6877681803884,1993,0,0,0,0,1,0,0,0,1,0,0,0,1,0,0,0,0,0,0,0,0,0,0,0,0,0,0,0,0,1,0,0,0,0,0,0,0,0,0,0,0,0
7,-13.4235935474326,1290.20726460909,1.44184938466017,0.190973736619516,14,16,52.7477510992475,-1.99709539078962,10,76.3665027089254,17.7539775979465,36.5016559640109,18.6407757075714,13.8002343954013,2920528.29050714,-9.38093329058849e-05,253.483839507851,4.08949165484206,1984,1,0,0,0,0,0,0,0,0,1,0,0,1,0,0,0,0,0,0,0,0,0,0,0,0,0,0,0,0,0,0,0,0,0,0,0,0,0,0,0,0,1
0,91.0157618186547,218.819900362801,1.44124545757168,0.245230153489061,16,20,53.4476687163103,-0.927565988578851,1,76.2907310004811,17.8077529830407,36.4573494077875,18.6368924348929,13.7859189282569,2075153.1355098,-0.0023249381421721,159.225793355681,2.54932927092481,1982,0,0,0,1,0,0,0,0,1,0,0,0,0,0,0,1,0,0,0,0,0,0,0,0,0,0,0,0,0,0,0,0,0,0,0,0,0,0,0,0,1,0
9,109.557846643466,57.4437669807402,1.44256013603328,0.204063289081726,25,11,51.194112694196,-3.78081577395449,10,76.3736873917577,17.8049647863944,36.4811688481028,18.6410374680354,13.8179813882865,-2270582.43751955,-0.0002358026983302,43.4813252034212,7.5591722464563,1991,0,0,0,0,0,1,0,0,0,0,1,0,1,0,0,0,0,0,0,0,0,0,0,0,0,0,0,0,0,0,0,0,0,0,1,0,0,0,0,0,0,0
1,52.4175565758563,714.745909405665,1.44196292779402,0.178458923000665,12,23,53.4258695068742,-2.09971236798316,2,76.3879400750098,17.7922357287733,36.4857270512214,18.6393504258492,13.7873865635203,5634555.98072445,-0.0014521040839115,226.003448869095,6.56895520038841,1988,0,0,1,0,0,0,0,0,1,0,0,0,1,0,0,0,0,0,0,0,0,0,0,0,0,0,0,0,0,0,0,0,0,0,1,0,0,0,0,0,0,0
8,-21.5902192613682,965.588576329179,1.44171244399022,0.186591905508165,30,9,52.6582705604176,-3.00815744184049,6,76.2809236475714,17.7499696419821,36.5040576444967,18.6427897043812,13.8110533740863,1640087.3798492,0.0009327031403027,311.302826258836,3.61233287576096,1983,0,0,0,0,0,1,0,0,0,1,0,0,1,0,0,0,0,0,0,0,0,0,0,0,1,0,0,0,0,0,0,0,0,0,0,0,0,0,0,0,0,0
1,166.75655325412,846.084496352196,1.257263854884,0.248232441917063,10,15,51.6369776780229,0.946489793737248,11,78.6077890742147,14.7351205472491,36.8061023053342,18.6371063213339,42.7812321293157,3802014.46404895,-0.0008455264834185,227.715776811128,5.3773801980103,1993,0,0,0,0,0,0,0,0,0,0,0,0,1,0,0,0,0,0,0,0,0,0,0,1,0,0,0,0,0,0,0,0,0,0,0,0,0,0,0,0,0,0
5,-50.2038638564498,768.132870110782,0.790678785824272,0.169494774900726,2,3,52.2378253814314,-0.571633298644252,6,46.7643910919797,31.063977397872,19.0218706845771,17.6883336769168,-1.8089317452962,1490390.49404491,0.0016506174888181,181.954718726214,7.9736056658056,1999,0,0,0,0,1,0,0,0,0,0,1,0,1,0,0,0,0,0,0,0,0,0,0,1,0,0,0,0,0,0,0,0,0,0,0,0,0,0,0,0,0,0
6,145.686486976604,1430.46422071926,2.26269126571007,0.21675644890074,30,11,49.5027762171593,0.374376101243098,1,78.4277817904567,17.1551105742049,36.4821656773276,18.6409027800293,11.1065635687827,2000330.66789407,0.0013386100399568,206.819959321056,14.9276995243304,1990,0,0,0,0,0,1,0,0,0,0,1,0,1,0,0,0,0,0,0,0,0,0,0,1,0,0,0,0,0,0,0,0,0,0,0,0,0,0,0,0,0,0
2,38.2725149581602,836.710839766589,1.55016509916326,0.17644828867255,8,11,52.1789317238187,-1.82700594428872,12,102.249286918274,17.6439425300903,37.6560893205559,17.2564276546223,14.1291952519392,-656758.858421768,0.0046883461544799,233.345591192769,7.58958566404034,1982,0,1,0,0,0,0,0,0,0,1,0,0,0,1,0,0,1,0,0,0,0,0,0,0,0,0,0,0,0,0,0,0,0,0,0,0,0,0,0,0,0,0
7,45.3847617457476,878.442854272551,1.1737328966683,0.13639284892326,3,7,52.8342083710693,-0.913103046759419,6,90.4707307384845,14.90805197182,36.1903974859259,18.6303301513317,6.61977820286123,200876.405679017,0.0005322373847257,237.357653970748,5.89757467058707,1999,0,0,0,0,0,0,0,1,0,1,0,0,0,0,0,0,0,0,0,0,0,0,0,0,0,0,0,0,0,0,0,0,0,0,0,0,0,0,0,0,0,0
4,84.0903826152366,658.494627323281,1.44286569900187,0.226243187581363,1,15,51.1936712110608,-2.42441237660237,12,76.4099515882161,17.7716774477727,36.4796221389385,18.6422335789279,13.8509182773398,1154367.20742356,-0.0004088968673814,204.764367045833,7.68599370940733,1993,0,0,0,1,0,0,0,0,1,0,0,0,0,0,0,1,0,1,0,0,0,0,0,0,0,0,0,0,0,0,0,0,0,0,0,0,0,0,0,0,0,0
2,46.4915704903509,1368.3786192513,1.44279103685364,0.215963927085155,25,12,51.7952834466015,-0.350243820489485,3,76.441888272614,17.7021093406437,36.4834305710158,18.6447746000919,13.8136829655555,5435415.40586411,0.0008811905236904,274.556443723728,4.5747913752038,1986,0,0,0,0,0,0,1,0,0,0,1,0,0,0,0,1,0,0,0,0,0,0,0,0,0,0,0,0,0,0,0,0,0,0,0,0,1,0,0,0,0,0
5,-60.0929422816822,769.466662977047,1.12272720153727,0.147587834810755,30,9,53.5472023968491,-1.40925885165096,11,62.1227616679041,17.7498589907413,36.5434457992876,18.6399080745312,17.9077111642481,1614762.67446129,-0.0033434479476228,131.373674801027,7.20432491762622,1994,0,1,0,0,0,0,0,0,0,1,0,0,0,0,0,1,0,0,0,0,0,0,0,1,0,0,0,0,0,0,0,0,0,0,0,0,0,0,0,0,0,0
3,176.46553985303,1504.2737877774,1.16820946948503,0.217111967953627,10,14,55.6743292417834,-1.15129421212305,10,77.583423794018,17.7324897726515,36.524343667899,18.6396412378062,42.2758871476114,5048049.53996288,0.0019912599793717,345.998056750449,6.99849016462059,1987,0,0,1,0,0,0,0,0,0,1,0,0,0,0,0,1,0,0,0,0,0,0,0,0,0,0,0,0,0,0,0,1,0,0,0,0,0,0,0,0,0,0
7,-207.708293952361,1037.02184480007,1.44096395936203,0.186271816411493,17,1,52.1865817169526,-1.3566884008762,9,76.479224058545,17.772283727566,36.4881304570989,18.6378568600564,13.8140141137517,8982555.05992883,-0.0006295486819183,276.319285037539,9.17017133266108,1983,0,1,0,0,0,0,0,0,0,0,0,0,1,0,0,0,0,0,0,0,0,0,0,0,0,0,0,0,0,0,0,0,0,0,1,0,0,0,0,0,0,0
6,-63.7880521186968,1236.1083143155,1.03015332909294,0.0950640213616106,3,21,51.6586033640887,-2.33053844799613,10,75.0959065190179,24.8910189284801,42.4907495844219,18.60257156104,5.39003935380956,5627915.47807293,-0.0011873929736391,-348.178659801281,10.6229446126698,1994,1,0,0,0,0,0,0,0,0,0,1,0,1,0,0,0,0,0,0,0,0,0,0,1,0,0,0,0,0,0,0,0,0,0,0,0,0,0,0,0,0,0
0,-88.4428421215276,-624.918449960083,1.4421766139734,0.281529697324237,26,19,50.9870547281867,-1.84811367422843,1,76.2220141239872,17.7573698762446,36.4871713763063,18.6376274709048,13.805760863765,3050439.74400432,-0.0018494563872657,220.501369270522,-2.00821261783184,1987,0,0,0,0,0,0,1,0,0,0,0,0,0,0,0,1,0,0,0,0,0,0,0,0,0,0,0,0,0,0,0,0,0,1,0,0,0,0,0,0,0,0
5,151.083221433416,765.452125365545,1.44161232837221,0.225922828063233,18,1,52.2392951014925,-2.15458628227652,4,76.3443896278199,17.7568770032546,36.4624763357154,18.6447598933672,13.8075985500002,4152371.19605082,0.0020870826787513,260.633958556982,9.14564704549544,1995,0,0,0,0,0,1,0,0,0,0,1,0,1,0,0,0,0,0,0,0,0,0,0,0,0,0,0,0,0,0,0,0,0,0,1,0,0,0,0,0,0,0
8,33.1390692184152,505.192237496149,1.44048693111705,0.205314807558371,7,5,51.6431519446096,-1.81711851994029,8,76.3179988138108,17.7344524314566,36.4997183442229,18.6283630975238,13.8279756923566,100434.65180017,7.48370840767711e-05,41.0639863778481,4.93108740018292,1995,0,0,0,0,0,0,0,1,1,0,0,0,1,0,0,0,0,0,0,0,0,1,0,0,0,0,0,0,0,0,0,0,0,0,0,0,0,0,0,0,0,0
7,114.28716799699,1099.44012158014,1.43315908981754,0.196059745371908,10,20,53.4052579871126,0.248130570097521,6,76.395419782295,17.76640832426,36.6536004480747,18.636355293888,13.8259919014096,5129092.83245794,0.0026191283797437,136.430083534046,3.92370566104147,1997,0,0,0,1,0,0,0,0,0,1,0,0,0,0,1,0,0,0,0,0,0,0,1,0,0,0,0,0,0,0,0,0,0,0,0,0,0,0,0,0,0,0
0,66.0872177304644,-47.9183828532926,0.331613840118819,0.224768084441492,9,9,50.9598922939757,-0.719178549636251,11,60.9432112685442,27.6456730122552,40.9768345077702,18.6435545804779,2.75390121277981,834405.363641522,-0.0028689590158472,249.032149781203,0.294385673938139,1995,0,0,0,1,0,0,0,0,1,0,0,0,1,0,0,0,0,0,0,1,0,0,0,0,0,0,0,0,0,0,0,0,0,0,0,0,0,0,0,0,0,0
2,100.719664317504,271.530872489776,1.44314573177312,0.180959859214815,7,14,52.3758963822915,-1.6207612959155,2,76.4517910278873,17.7432340161708,36.4724802941464,18.6509849274055,13.8476451090537,1017902.79027203,0.000254168001426,223.84536416354,4.50464050345027,1992,0,0,0,0,0,0,0,0,0,1,0,0,1,0,0,0,1,0,0,0,0,0,0,0,0,0,0,0,0,0,0,0,0,0,0,0,0,0,0,0,0,0
3,-56.8499625289993,305.837165103539,1.558393698011,0.231230306372259,13,12,53.7760866844098,-0.316277057933551,11,64.2874157876191,19.0175816414853,65.3013728481913,18.6388785774008,15.9844976791236,4122714.84347823,-0.0037836510599074,244.830315619863,3.920366476621,1997,0,0,0,0,0,0,0,1,0,1,0,0,0,0,0,0,0,0,0,0,0,0,0,0,0,0,0,0,0,0,0,0,0,0,0,1,0,0,0,0,0,0
4,81.1746922174922,527.780947592797,0.832913473890725,0.234742813517188,4,22,51.476376619204,-1.82292310111028,12,87.6256884081343,15.1340066399026,41.7850638822704,18.6373273352465,11.8172068952223,5899108.11216684,-0.0087585450902181,223.280616173263,6.40776520636803,1983,0,0,0,1,0,0,0,0,0,0,1,0,0,0,0,0,0,0,0,0,0,0,0,0,0,0,0,0,0,0,0,0,0,0,0,0,0,0,0,0,1,0
0,19.9879948688016,203.661147580728,1.44087062301383,0.175867000886508,14,22,53.6777144971518,-1.7225114645334,2,76.3044867622699,17.7362586782817,36.478105073288,18.6427279093307,13.8258911360293,3617522.02878846,-0.0025001043381361,-71.2339021413962,2.61191182436017,1987,0,0,0,0,0,0,0,0,0,1,0,0,0,0,0,1,0,0,0,0,0,0,0,0,0,0,0,1,0,0,0,0,0,0,0,0,0,0,0,0,0,0
9,36.7995974841408,1071.77770074025,1.44097807183554,0.149516652836792,6,16,51.320518018088,-0.865795803458173,9,72.516226624087,17.736998693168,36.4778729799865,18.6410319159228,13.8155167397707,4283525.18432112,0.0003208085132864,284.724645180286,6.77563669869707,1990,0,0,0,0,0,0,1,0,0,0,1,0,1,0,0,0,0,0,0,0,0,0,0,0,1,0,0,0,0,0,0,0,0,0,0,0,0,0,0,0,0,0
7,-28.6273419849937,839.596969770774,1.44102042122694,0.221703610816256,3,6,52.5015211983007,-0.736073592850103,8,76.3788298669036,17.7646035953536,36.4694014992471,18.640657060915,13.8039897563621,138415.91950645,0.0006050720259699,235.812369177424,7.19039420253207,1993,0,1,0,0,0,0,0,0,1,0,0,0,1,0,0,0,0,0,0,0,0,0,1,0,0,0,0,0,0,0,0,0,0,0,0,0,0,0,0,0,0,0
2,2.77775013509724,400.104221958896,-0.021711412852825,0.151725538319372,26,4,52.136572522767,-0.799090961430936,12,20.3275300040362,22.5073237145253,29.3562803924163,18.640569948984,18.1697364167578,9.51863063717573,-0.0001102653409995,260.223611697574,6.37982007022555,1997,0,0,0,0,0,1,0,0,0,0,0,0,1,0,0,0,0,0,0,0,0,0,1,0,0,0,0,0,0,0,0,0,0,0,0,0,0,0,0,0,0,0
1,132.022849185488,540.736116249554,1.37981093718517,0.104674476680641,5,0,52.2604886201367,-2.3228487511228,5,76.3359215166249,17.7319142623293,38.1170375282063,18.6385697127291,13.7861461976817,-755700.173578697,0.0019992088533543,190.138672445713,3.14653930721896,1996,0,1,0,0,0,0,0,0,0,1,0,0,0,0,0,1,0,0,0,0,0,0,0,0,0,0,0,0,0,0,0,0,0,0,0,0,0,0,0,0,1,0
7,49.9469932017045,384.801751650521,1.44116269614788,0.194901888169296,26,22,53.9109952739416,-1.11903070787396,9,76.371850346959,17.7599877041385,36.478315886832,18.6407674097776,13.8236594260782,11289858.7089079,-0.0017147235033235,96.5118462975832,4.1306821657396,1985,0,1,0,0,0,0,0,0,0,0,1,0,1,0,0,0,0,0,0,0,0,0,1,0,0,0,0,0,0,0,0,0,0,0,0,0,0,0,0,0,0,0
0,134.591797328101,564.071559187107,0.945906459482357,0.153245727626107,31,21,53.4752365185921,-2.3204374274271,11,34.3117444640076,20.5209559133243,32.5328343779737,18.6441460653687,11.781670680987,2798109.30264935,-0.0014167631251774,249.953767215818,3.80897146789454,1999,0,0,0,1,0,0,0,0,0,0,0,0,0,0,0,0,0,0,0,0,0,0,0,0,0,0,0,0,0,0,0,0,0,0,0,0,0,0,0,1,0,0
3,87.6480929615828,687.278682374866,1.38634017539958,0.16523986227999,12,9,52.3452418359199,-1.17931222152299,11,51.127684210497,11.8944429605536,30.9721981267117,18.3189007247522,8.98534610932833,357987.138310758,0.0007267983735523,269.813269897489,7.78805504527866,1998,0,0,0,0,1,0,0,0,1,0,0,0,0,1,0,0,0,0,0,0,0,0,0,0,0,0,0,0,0,0,0,0,0,0,0,0,0,0,0,1,0,0
3,21.0111961634335,852.662516226317,1.03566591181049,0.212869681138048,3,19,52.2745434777422,-1.53796122448721,2,83.127894400762,18.0653069862798,35.9832633899798,18.7269586672767,18.1389220556558,2372093.31343362,0.0006488472871863,256.191558605092,6.86234136582933,1984,0,0,0,0,0,1,0,0,0,0,1,0,0,0,1,0,0,0,0,0,0,0,0,0,0,0,0,0,0,0,0,0,0,0,0,0,0,0,1,0,0,0
1,53.8302454109671,613.512720808311,0.989426878091155,0.218888167705914,2,8,53.3151673918986,-2.9987332487104,12,38.7471517717686,10.4961547289149,32.5328356974676,18.6437135601065,11.8448950967316,-575640.599360046,0.0100822780430331,270.861701512319,7.4244251211887,1992,0,0,0,0,0,1,0,0,0,0,0,0,0,0,0,0,0,0,0,0,0,0,0,0,0,0,0,0,0,0,0,0,0,0,0,0,0,0,0,1,0,0
3,157.679895895709,474.701781384828,1.17256498315728,0.163430954042826,11,4,53.0189469236234,-0.309183548850225,5,66.7031554105225,11.2050224610215,41.5505391056637,18.6388836420682,17.9832581013629,7.24441776628967,0.0003454922880375,187.7826342804,5.14262101178958,1983,1,0,0,0,0,0,0,0,0,1,0,0,0,0,0,1,0,0,0,0,0,0,0,0,0,0,0,0,0,0,1,0,0,0,0,0,0,0,0,0,0,0
8,185.834331993458,1912.7157442909,1.44218095487634,0.164101515832262,1,13,52.1664445758713,-1.08811743509991,5,76.2890895967023,17.7612459018608,36.4584029776528,18.6497337162999,13.8061512831636,12125278.962129,-0.0023062214170234,183.282031592165,3.23117181522864,1997,1,0,0,0,0,0,0,0,1,0,0,0,0,0,0,1,0,0,0,0,0,0,0,0,0,0,0,0,0,1,0,0,0,0,0,0,0,0,0,0,0,0
4,180.788186133886,841.889834452806,1.4412410450584,0.12619238177067,19,13,52.1275714707338,-0.227493879267326,3,17.8893614948837,37.6673612939303,35.5572427691756,17.9942514887257,25.206335041379,6821635.38340437,0.0007981080928607,75.9137583689844,4.26603269858663,2000,0,1,0,0,0,0,0,0,1,0,0,0,1,0,0,0,0,0,0,0,0,0,0,0,0,0,0,0,0,0,0,0,0,0,0,0,0,0,0,0,0,1
4,-35.3146905183149,537.088203974411,1.44269983917831,0.265674070710006,2,6,52.1040279048541,-1.08068981212201,11,76.3538196800482,17.7554406054715,36.477620358419,18.6465630744293,13.8075090246142,73200.1859120269,0.0009689258537476,126.723906672662,4.14167771630955,1988,0,0,0,0,0,0,0,1,0,1,0,0,1,0,0,0,0,0,0,0,0,0,1,0,0,0,0,0,0,0,0,0,0,0,0,0,0,0,0,0,0,0
0,159.072509146956,338.82710178021,0.134127066444544,0.181721287488445,3,13,52.5881833305822,-3.5020166435296,1,-115653.052320219,12.6939343588088,33.8548817253858,18.5924437355462,31073.784388526,-1078361434.31576,0.725900169228084,214.107216425727,1.85512010012038,1987,0,0,0,0,0,0,1,0,0,0,1,0,0,0,0,0,0,0,0,0,0,0,0,0,1,0,0,0,0,0,0,0,0,0,0,0,0,0,0,0,0,0
4,97.4649647248125,522.739917298825,1.34172441288421,0.205108034547131,29,1,50.7600576919549,-1.25014907187671,11,138.385088957775,13.8750375026063,33.2343245329759,18.6429712801108,13.8354538055962,6322571.76390504,-0.0053109573261125,126.261351355976,5.83299145131216,1995,0,0,0,0,0,0,0,0,1,0,0,0,0,0,0,0,1,0,0,0,0,0,0,0,0,0,0,0,0,0,0,0,0,0,0,0,0,0,0,0,0,0
0,112.584805631585,205.525098560846,1.44233453795137,0.163751578389563,9,5,52.6890054604309,-1.16445138035933,4,76.2645328674414,17.7461189913095,36.4900767175827,18.6354650765218,13.7965694115936,-17689.790509121,0.0004202361500525,50.6905687366731,3.75240304056164,1988,0,1,0,0,0,0,0,0,0,0,0,0,1,0,0,0,0,0,0,0,0,0,0,0,0,0,0,0,0,1,0,0,0,0,0,0,0,0,0,0,0,0
8,180.819207250327,1390.98750217458,1.44188111651187,0.229152933588357,8,12,51.0264409041593,-1.19414254362881,7,76.3410409767539,17.7110607665803,36.4812369249857,18.6445090114335,13.8193160597363,7342997.38232046,0.0014316462092488,230.882257454386,6.85115352496862,1988,0,0,0,0,0,0,0,1,0,0,1,0,0,0,1,0,0,0,0,0,0,0,0,1,0,0,0,0,0,0,0,0,0,0,0,0,0,0,0,0,0,0
6,-32.6348405845124,252.568544794274,1.44082502181811,0.157752601653118,10,6,52.0912995003732,-2.21187812548095,7,116.130205157677,17.7390242152855,36.4863630510175,18.6449939869398,13.8065802577483,198120.952518449,-0.0007689193015419,286.662344276473,2.57780147492306,1989,1,0,0,0,0,0,0,0,0,1,0,0,1,0,0,0,0,0,0,0,0,0,0,0,1,0,0,0,0,0,0,0,0,0,0,0,0,0,0,0,0,0
0,80.10630037386,483.13353385338,0.0840452645008564,0.264028153019547,13,4,51.7856421394333,-2.56678664166987,1,21.9088204715799,57.8197115493029,36.8249639420159,18.6489250041863,15.0319005072946,-20.9412686171176,9.9878079038515e-05,211.206027820114,4.28504586476148,1997,1,0,0,0,0,0,0,0,0,0,1,0,1,0,0,0,0,0,0,0,0,0,0,1,0,0,0,0,0,0,0,0,0,0,0,0,0,0,0,0,0,0
7,185.096764078971,1135.17515822311,1.44277921477411,0.139589370738172,22,14,51.8522672711509,-2.86105648701442,4,76.3402390939383,17.7732746157997,36.484394991859,18.6445088205897,13.8126084923761,5830805.54519496,0.000634719163734,34.5552643831247,6.38520547455866,1990,0,1,0,0,0,0,0,0,0,0,0,0,1,0,0,0,0,0,0,0,0,0,0,0,0,0,0,0,0,0,0,0,0,0,1,0,0,0,0,0,0,0
6,-97.9785620752452,687.588721975541,1.4398318863104,0.235032381393537,5,14,52.515725277774,-0.747878386469774,9,75.5893107917929,17.7388003887293,36.4647226069171,18.6386465685073,13.7817071936394,3824539.10173669,0.0003034072206841,255.930785280767,3.09183581220386,1989,0,0,1,0,0,0,0,0,0,1,0,0,0,0,0,1,0,0,1,0,0,0,0,0,0,0,0,0,0,0,0,0,0,0,0,0,0,0,0,0,0,0
0,104.8273384158,282.636838601912,1.38510217286797,0.191403373255915,9,7,52.4970415047848,-0.86131603845709,4,-128.597073191951,17.7498109437843,36.0860730680261,18.6421650658114,13.8184431950283,41198.4050011946,0.0003066601872239,243.451114077073,2.83843001725167,1997,0,0,0,0,0,0,0,1,1,0,0,0,0,0,0,1,0,0,0,0,0,0,1,0,0,0,0,0,0,0,0,0,0,0,0,0,0,0,0,0,0,0
2,108.995889306028,730.954361120759,1.44193549976516,0.229092694910655,3,12,52.885328173481,-2.02585880023621,2,76.3697507861717,17.7589964563264,36.475864176055,18.64087286696,13.8063190912331,1065433.46389909,0.0003192622387537,145.965791235431,4.74688538159175,1991,0,0,0,1,0,0,0,0,1,0,0,0,0,0,0,1,0,0,0,0,0,1,0,0,0,0,0,0,0,0,0,0,0,0,0,0,0,0,0,0,0,0
8,148.569881428523,524.8889498535,1.1027874883572,0.25886761050629,8,13,54.0735790995056,-0.606774274661281,5,69.4406204307743,25.6792979735556,41.3232169150529,18.6269521067823,33.1312780489727,1720992.83449198,0.0035616540106096,259.372696600112,12.5854714646126,1992,0,0,1,0,0,0,0,0,0,0,1,0,1,0,0,0,0,0,0,0,0,0,0,0,0,0,0,0,0,0,0,0,0,0,0,0,0,0,0,1,0,0
3,-15.8844983556007,114.999595000066,1.44192558897,0.222371735817791,6,20,55.1825595925497,0.0127186143916176,1,48.6769729295081,17.7384936272882,36.4866632230137,18.6483202621066,13.8078143062217,2505200.76200887,-0.0016176780886936,387.336126580458,4.31679119628158,1989,0,0,0,0,0,1,0,0,1,0,0,0,1,0,0,0,0,0,0,0,0,0,0,0,0,0,0,0,0,0,0,0,0,0,0,0,0,0,0,1,0,0
8,28.4546452092213,286.876427756949,1.44115883522523,0.163571686022938,28,12,50.6092288283417,-0.728207750431053,6,76.3103959072553,17.7353879200199,36.4777025232076,18.6403609993756,13.8029739532952,203525.442372787,0.0046547145685195,280.593281349342,7.03869311315401,1989,0,0,1,0,0,0,0,0,0,0,0,0,1,0,0,0,0,0,0,0,0,0,0,0,0,0,0,0,0,0,0,0,0,0,0,0,0,0,0,0,0,1
4,61.0658987276551,555.064404780712,1.45213897852117,0.208345865493196,6,2,52.4380723835912,-2.75361533865827,10,76.3359415534917,17.7526737164528,36.4658041187683,18.6440207503482,13.8086848603574,3779847.05305386,0.0006885075208095,248.64889418654,5.95829783479954,1983,0,0,0,0,0,0,0,1,1,0,0,0,1,0,0,0,0,0,0,0,0,0,0,1,0,0,0,0,0,0,0,0,0,0,0,0,0,0,0,0,0,0
1,211.398397660568,876.876610156977,0.933528119751746,0.216758578177915,25,5,50.6153864806283,-0.440455008069095,1,82.0271904858719,17.5266138172921,38.516061419234,18.6385692748398,14.6277083002444,26173.2591183083,0.001363302937861,71.6740334280731,7.90293185603887,1996,0,1,0,0,0,0,0,0,0,0,0,0,0,0,0,1,0,0,0,0,0,0,0,0,0,0,0,0,0,0,0,0,1,0,0,0,0,0,0,0,0,0
8,110.248801653646,591.024034566191,1.44307254029881,0.249769436155087,26,23,51.8568328424268,-0.0199213858901943,7,76.2484016987755,17.7366137396921,36.4797446184577,18.6408297126627,13.8097847429962,6759904.41460395,0.0020846206875409,285.27857335843,4.92753925726677,1997,0,0,0,0,0,0,0,1,0,0,1,0,1,0,0,0,1,0,0,0,0,0,0,0,0,0,0,0,0,0,0,0,0,0,0,0,0,0,0,0,0,0
1,-29.7828988509237,-10.5870191468047,1.44297010932102,0.157704650119074,28,17,51.603943184516,-2.62789270171304,2,76.3943150017985,17.7629118185725,36.4649334185968,18.6374781968547,13.8153955119984,926682.989547605,0.0006729090975536,184.431055146683,0.502502019846409,1981,0,1,0,0,0,0,0,0,1,0,0,0,1,0,0,0,0,0,0,0,0,0,1,0,0,0,0,0,0,0,0,0,0,0,0,0,0,0,0,0,0,0
2,272.095655572683,-260.356588424554,0.657210090546379,0.208409044364967,5,12,50.4442186143188,-1.90001591391978,11,56.0133814051977,3.30263856460252,42.8531074798426,18.6370423847458,2.51632657717773,-3680317.49242801,0.0080752152906413,222.019902638377,-1.31321734086791,1996,0,0,0,0,0,0,0,1,0,0,1,0,1,0,0,0,0,0,0,0,0,0,0,0,0,0,0,0,0,0,0,0,1,0,0,0,0,0,0,0,0,0
5,130.651862578242,886.072150600048,1.0869900566023,0.166900664770189,16,9,52.2213810340289,-2.05165785698485,4,103.181844309498,18.5635528761376,32.1895091061837,18.6470973721946,9.8223207918929,191021.934666246,0.0011568487140678,356.712071320827,7.21763133006111,1992,0,1,0,0,0,0,0,0,0,0,0,0,0,0,1,0,0,0,0,0,0,0,0,0,0,0,0,0,0,0,0,0,0,0,0,0,0,0,0,1,0,0
1,39.339097784003,-58.352586549405,1.41740024927807,0.168272324004452,15,4,53.7202763964393,-1.76651793957094,11,62.7138488172944,17.7400875735486,36.4757869839466,18.6490289328221,13.8110900691796,-8.15188316381351,3.1835096477991e-05,70.7689652036293,0.355300836981434,1989,0,1,0,0,0,0,0,0,0,0,0,0,1,0,0,0,0,0,0,0,0,0,0,1,0,0,0,0,0,0,0,0,0,0,0,0,0,0,0,0,0,0
1,-68.1043355828333,437.381058496196,1.44224168011612,0.218887960011642,29,4,52.7585771318482,0.134484310509635,4,76.4282110491189,17.8022440748936,36.4560896204349,18.644926371118,13.8121979742708,16.8864147983236,0.0001636282616846,201.463788567148,4.18299191296875,1990,0,0,0,1,0,0,0,0,1,0,0,0,1,0,0,0,1,0,0,0,0,0,0,0,0,0,0,0,0,0,0,0,0,0,0,0,0,0,0,0,0,0
0,-32.7288041964927,720.392888803139,1.33504494026799,0.0991490274966742,24,1,52.9582740475042,-2.02218848251721,1,192.66919030009,17.7561172532902,35.4539885987661,18.6397339815213,13.8128601193348,2496966.82667685,-0.0019253441771055,39.5618880567101,3.41820203708379,1998,0,0,0,0,0,0,1,0,0,0,0,0,0,0,0,1,0,0,0,0,0,0,1,0,0,0,0,0,0,0,0,0,0,0,0,0,0,0,0,0,0,0
3,123.10485184982,677.659657499427,0.835925486745896,0.199840081057285,15,6,52.9074998510604,-1.31178028260301,12,53.0248238712182,33.4996971320985,38.6035154459789,18.6415761026249,9.91766565423892,118765.950953021,-0.0005749033115128,189.18695280733,6.85936161467459,1994,0,0,0,0,1,0,0,0,0,0,1,0,1,0,0,0,0,0,0,0,0,0,0,0,0,0,0,0,0,0,0,0,0,0,0,0,0,0,0,1,0,0
8,98.9976262272192,1452.7287062067,1.4408486244645,0.147970092285258,21,15,52.8584414636202,-0.871744085162935,5,76.3295678760534,17.7523259198476,36.441500492816,18.6445095409195,13.8353790623364,3944013.38418541,0.0003833304737358,42.673093654037,6.80930778130143,1990,0,1,0,0,0,0,0,0,0,0,0,0,1,0,0,0,0,0,0,0,0,0,0,0,0,0,0,0,0,0,0,0,0,0,0,0,0,0,0,0,1,0
8,44.1782997203548,480.916464696641,1.43744335640798,0.218026172794352,13,22,54.0205245578698,-1.56965067946378,7,43.0934937653483,17.7710841360802,36.4418501311557,18.5682560922214,8.73972657534444,5150618.93985105,0.0009839829426501,257.265787372888,3.2073251059901,1999,0,0,1,0,0,0,0,0,0,0,0,0,0,0,0,0,0,0,1,0,0,0,0,0,0,0,0,0,0,0,0,0,0,0,0,0,0,0,0,0,0,0
6,157.813200243698,1272.32686061119,1.4414187084581,0.130373126049046,15,9,54.4670972975723,-0.90556669938231,7,76.3330385863529,17.7510776642679,36.4877314982143,18.6477661400113,13.8450563625971,2641939.79630966,3.25814164010246e-05,351.601922507466,4.68434758018213,1989,0,0,0,0,0,1,0,0,1,0,0,0,0,0,0,1,0,0,0,0,0,0,0,0,0,0,0,0,0,1,0,0,0,0,0,0,0,0,0,0,0,0
2,-54.6820778652309,-186.084626482395,1.4420295883718,0.201036373839951,24,7,50.8244374091143,-1.36594995898141,10,32.7843390940632,17.737206754592,36.4642926395199,18.6355360597191,13.804166483049,-64181.2925440653,-0.0002325555542254,225.862120573565,-0.0147315443939958,1991,0,0,0,0,0,0,0,0,0,0,1,0,1,0,0,0,0,0,0,0,0,0,0,0,0,0,0,0,0,0,0,0,0,0,0,0,0,0,0,1,0,0
7,42.4255716722986,1263.59311544427,0.807238990152313,0.176561924668987,25,20,53.4503049600947,-1.43404867552242,5,32.0461180774879,17.7389106449822,36.4853259341166,18.6343524975559,13.7999146461103,9385887.62350362,0.0005211723314376,52.1620133325599,5.13718451317387,1993,1,0,0,0,0,0,0,0,0,0,0,0,1,0,0,0,0,0,0,0,0,0,0,0,1,0,0,0,0,0,0,0,0,0,0,0,0,0,0,0,0,0
4,105.866640928209,569.550292774075,1.44292286927035,0.140095295915574,8,16,52.4795850261914,-1.31405063185924,11,76.3958917652481,17.733103738835,36.4704058788345,18.6380203955914,13.775234865689,1028833.57247644,-0.0002839185987169,153.445128659717,3.23605642212405,1983,0,1,0,0,0,0,0,0,0,1,0,0,0,0,0,1,0,0,0,0,0,0,0,0,0,0,0,0,0,0,0,0,0,0,0,0,0,0,0,1,0,0
9,13.5683945332882,1502.14826356075,1.27377223610036,0.143138569940047,30,15,53.7853873108601,0.355362409108084,8,56.2743621291454,17.7455347555189,53.5224795467804,18.7067020113374,15.9416685922005,5215092.34564614,0.0014371306435811,313.972520637048,6.19741188723733,1996,0,0,0,0,1,0,0,0,0,0,0,0,0,0,0,1,0,0,0,0,0,0,0,1,0,0,0,0,0,0,0,0,0,0,0,0,0,0,0,0,0,0
2,-18.547154091144,134.776144733696,0.956073180548606,0.116253481796524,14,19,53.2734938545085,-0.662817210424483,12,57.0223607046608,2.83358667468744,47.3539832949766,18.6457831087991,17.6610060592661,5433025.83321015,-0.0091190817346783,-49.086528055475,2.56643087784923,1990,0,1,0,0,0,0,0,0,0,1,0,0,0,0,0,1,0,0,0,0,0,0,0,0,0,0,1,0,0,0,0,0,0,0,0,0,0,0,0,0,0,0
6,126.273215801678,790.908748678116,1.44099754163955,0.190246899148551,21,9,49.8938260554284,-1.01987661949302,10,76.3259397135704,17.7360199272669,36.4752589602232,18.6386124371124,13.7968611326245,-893244.610727243,0.0069770067925443,414.751666059787,10.4625768433898,1993,0,0,0,0,0,0,0,1,0,0,1,0,0,0,0,1,0,0,0,0,0,1,0,0,0,0,0,0,0,0,0,0,0,0,0,0,0,0,0,0,0,0
2,-37.231754278753,144.595540716059,1.44164132824791,0.137735112369949,20,2,52.8137300235772,-2.24644661785104,4,64.3056037798972,17.7564335454965,36.4748302178696,18.6368765058974,13.808560732429,604129.669742958,0.0012023024667862,225.375453882682,2.77755685317663,1986,0,0,0,1,0,0,0,0,0,0,1,0,0,0,0,1,0,0,0,0,0,0,0,1,0,0,0,0,0,0,0,0,0,0,0,0,0,0,0,0,0,0
7,121.205126367946,1482.2908778247,1.17967577982953,0.184071994886337,2,15,51.4647190743071,-0.861091191610551,3,6.12479981038495,17.7159139715838,36.4372092958932,18.6421813180127,13.8272607223455,2525551.23821108,0.0006902411492818,261.73270161132,7.63114208293153,1992,0,0,0,1,0,0,0,0,1,0,0,0,0,1,0,0,0,0,1,0,0,0,0,0,0,0,0,0,0,0,0,0,0,0,0,0,0,0,0,0,0,0
6,20.1630573906751,919.945041914399,1.44202024407317,0.199397291470456,5,21,52.565515562508,-1.65048107510213,5,76.3502890914382,17.7361400509642,36.474912428813,18.6417232902015,13.8102397456027,6039768.91956626,0.0024621195787678,129.447283791156,10.2666636799241,1985,0,0,1,0,0,0,0,0,1,0,0,1,0,0,0,0,0,0,0,0,0,0,0,1,0,0,0,0,0,0,0,0,0,0,0,0,0,0,0,0,0,0
0,-31.0547526180484,308.679863912231,0.242501205490584,0.210110207567104,22,17,53.5876061843645,-1.72085035049575,12,40.9791078444747,2.74760745053129,34.2991696633025,18.6476711119103,5.4690033486739,1839102.6937227,-0.0003300462055875,146.460241321124,3.75785625292293,1997,0,0,0,0,0,0,0,0,0,0,1,0,1,0,0,0,0,0,0,0,0,0,0,1,0,0,0,0,0,0,0,0,0,0,0,0,0,0,0,0,0,0
8,12.5431027165146,505.208818865054,1.05308039961581,0.134606393707178,22,5,51.0264966518067,0.374794546562328,9,43.3249600984422,17.6222117361617,43.5531387387039,18.634573037965,15.8111815674324,85376.275393623,-0.0042984139944665,164.350791772407,2.9716615811944,2000,0,0,0,1,0,0,0,0,0,1,0,0,0,0,0,1,0,0,0,0,0,0,0,1,0,0,0,0,0,0,0,0,0,0,0,0,0,0,0,0,0,0
3,-37.2952873184567,720.625972429171,1.44209657805401,0.203877405721007,19,15,53.0837089444675,2.18525836541504,1,76.2961467720149,17.7573255415331,36.494213988076,18.6407669651152,13.8097040176759,-714316.440411411,0.0022571387371055,451.663344706028,11.7570772889005,1984,1,0,0,0,0,0,0,0,0,0,0,0,1,0,0,0,0,0,0,0,0,0,0,0,0,0,0,0,0,0,0,0,0,0,0,0,0,0,0,1,0,0
9,-18.3551989225825,586.722921649253,1.44178253356727,0.14361383442583,1,2,55.6424753498612,-2.60468353509493,8,76.3058441449054,17.7322404921063,36.4997439303184,18.6437373208304,13.8151512445156,6727974.54715765,-0.0013783952020837,272.541888483641,4.95430091436911,1983,0,0,0,0,0,0,0,1,1,0,0,0,0,0,0,1,0,0,0,0,0,0,0,0,0,0,0,0,0,0,0,0,0,1,0,0,0,0,0,0,0,0
9,26.0448459781825,1244.22557033072,1.44170248151288,0.204839143672288,17,14,52.7620739351992,-1.02763686622319,5,76.3204427081745,17.7516838747888,36.4755720510941,18.6461750144883,13.8211612977537,6391516.73852373,0.0005247723379142,210.545279623729,2.18127467199074,1989,0,0,0,0,0,0,0,1,1,0,0,0,1,0,0,0,0,0,0,0,0,0,1,0,0,0,0,0,0,0,0,0,0,0,0,0,0,0,0,0,0,0
4,63.9162637236495,529.043410035228,1.52460286883074,0.17152000237509,4,6,53.4699624752038,-2.15174549302274,3,66.1588863089075,38.1313682276741,37.2788361009291,18.6380470464589,12.7413853120017,238819.254851892,-0.0070357253803031,121.636254877498,4.5601815814593,1993,0,1,0,0,0,0,0,0,1,0,0,0,0,0,1,0,0,0,0,0,0,0,0,0,0,0,0,0,0,0,0,0,0,1,0,0,0,0,0,0,0,0
7,8.80462887145039,837.474147448708,0.642574725711905,0.209529209777288,5,7,53.7184957963953,-0.485153863732703,6,61.4234494915085,30.3226712949746,27.3515590058129,18.64325468421,9.42682135646364,234479.608445674,0.0001722963737913,301.979845056094,7.79612534561166,1994,0,0,0,0,0,0,0,0,0,0,0,0,1,0,0,0,0,0,0,0,0,0,0,1,0,0,0,0,0,0,0,0,0,0,0,0,0,0,0,0,0,0
2,-56.8392031670616,677.666704860671,1.31740477102926,0.203145326679504,4,17,52.9812068475735,-1.42214385527335,2,467689.653285049,27.8400435859956,38.3790405270059,18.6756662819339,170379.734802823,2106474018.93899,-1.11923366712368,269.845398585843,4.08499753313,1995,0,0,0,0,0,0,1,0,0,0,0,0,0,0,1,0,0,0,0,0,0,0,0,0,1,0,0,0,0,0,0,0,0,0,0,0,0,0,0,0,0,0
5,-31.4355765883438,1733.19303787638,1.3337852151483,0.201311424395914,10,13,53.3483741961685,-1.2285804356542,5,43.4735978702339,31.481582851724,35.2310866371598,18.642735204251,11.980805872057,5800211.3662157,0.004629572732136,144.537600255945,8.13587525743932,1997,0,0,1,0,0,0,0,0,0,0,0,0,1,0,0,0,0,0,0,0,0,0,0,0,0,0,0,0,0,0,0,0,0,0,1,0,0,0,0,0,0,0
7,195.938479817982,803.665171868613,1.44177729821545,0.160022494042021,19,9,53.0233982864346,-1.42550368221491,8,76.3323480540594,17.7643765949236,36.463301229364,18.6430678534184,13.8115872829595,741129.50772514,0.0011581124541394,256.648321197874,5.72064366568831,1985,0,0,0,0,0,1,0,0,0,0,1,0,1,0,0,0,0,0,0,0,0,0,0,0,0,0,0,0,0,0,0,0,0,0,1,0,0,0,0,0,0,0
9,-13.3396808504061,1574.40112869183,1.44269984993302,0.197832719633609,17,20,50.9949780568747,0.921932797646308,7,76.3574091924282,17.756394897132,36.477619699821,18.6419568400519,13.8075088890787,7215412.01221923,0.0036267544035778,303.841868651437,7.41868523728451,1988,0,0,0,1,0,0,0,0,0,0,0,0,1,0,0,0,0,0,0,0,0,0,1,0,0,0,0,0,0,0,0,0,0,0,0,0,0,0,0,0,0,0
9,125.130044195997,663.94582982846,1.44201264553709,0.202203855898756,20,20,53.2640682027257,-3.54881180644028,6,76.3581428256737,17.7984496078274,36.4642718137513,18.5828609789102,13.8119025702125,11708192.4997021,-0.0026038301310781,242.835719462102,0.943945737157798,1982,0,0,0,0,0,0,0,0,0,1,0,0,0,0,1,0,0,0,0,0,0,0,0,0,0,0,0,0,0,0,0,0,0,0,0,0,1,0,0,0,0,0
1,94.7918277492818,1062.34033656249,1.44112105849417,0.1869509234394,20,14,51.1650357073421,-0.698648974817541,2,76.585760542471,17.7707660130709,36.4826346314668,18.6421780265674,13.8057646674969,1745371.02474531,-0.0001562063264847,65.511542050188,9.10420678094441,1994,0,0,0,0,1,0,0,0,0,0,0,0,0,0,0,1,0,0,0,0,0,0,1,0,0,0,0,0,0,0,0,0,0,0,0,0,0,0,0,0,0,0
3,-79.6315888257581,511.49026621468,1.44161626256146,0.246069900827448,22,12,53.7676364010436,-1.06361639655518,1,76.2418700213316,17.7507760773125,36.5014217133197,18.639729770612,13.816826569484,1959145.68991384,0.0013853197562213,349.849802198263,4.27036438092306,1987,0,0,0,1,0,0,0,0,0,0,0,0,0,0,0,1,0,0,0,0,0,0,0,0,0,0,0,0,0,0,0,0,0,0,1,0,0,0,0,0,0,0
6,18.874650848617,84.5043266360213,1.86076911783595,0.200632615234397,19,23,52.5495753046562,-0.709340202801401,8,61.3879003669696,16.5317624049264,33.4881359575258,18.627361335374,12.7649403895577,4171986.12857754,0.0024680341734256,236.842168473907,3.48110811671314,1985,0,0,0,0,0,0,1,0,0,0,1,0,0,0,0,0,0,0,0,0,0,0,0,0,0,0,0,0,0,0,0,0,0,0,0,0,0,0,1,0,0,0
3,177.795456494429,521.700350042621,1.4419984213751,0.174676421120887,4,17,54.0084273349861,-2.33644641349676,10,76.2967913687534,17.737255767874,36.4905216023059,18.6373071166834,13.826201015397,4171731.64128904,5.48362243524272e-05,185.93729069967,2.82080567012053,1988,0,0,0,0,0,0,1,0,0,0,0,0,1,0,0,0,0,0,0,0,0,0,0,0,0,0,0,0,0,0,0,0,0,0,0,0,0,0,0,0,0,1
5,115.539990576976,401.615425986683,0.0967799282552938,0.220925629666957,23,21,52.1115255156483,-1.39104451016363,10,98.4807653581687,8.24414892879957,58.6198313280119,18.6458574787084,26.1232755171559,4860693.5660888,-0.0043026433966361,215.362846729207,5.80560735110804,1997,0,0,1,0,0,0,0,0,0,0,1,0,0,0,0,1,0,0,0,0,0,0,0,0,1,0,0,0,0,0,0,0,0,0,0,0,0,0,0,0,0,0
6,109.756667886053,204.83019458979,1.4017846005409,0.141135425152298,9,6,53.3255431207705,-1.4875018940982,7,76.2791699123154,17.7421346559016,36.4889374240663,18.6399079225373,13.8152724794283,84377.2613142353,-8.90364930533688e-05,229.207189527125,3.51036992709874,1994,0,1,0,0,0,0,0,0,1,0,0,0,0,0,0,1,0,0,0,0,0,0,0,0,1,0,0,0,0,0,0,0,0,0,0,0,0,0,0,0,0,0
