target,Altitude,blh,CVD60,Day,Hour,Latitude,Longitude,Month,no2,o3,pm10,pm2.5,so2,ssr,t2m,tp,wd,ws,Year,Region_East of England,Region_Greater London Authority,Region_North East,Region_North West,Region_South East,Region_South West,Region_West Midlands,Region_Yorkshire and The Humber,Season_Spring,Season_Summer,Season_Winter,Type_Background Suburban,Type_Background Urban,Type_Industrial Suburban,Type_Industrial Urban,Type_Traffic Urban,Zone_Blackpool Urban Area,Zone_Bournemouth Urban Area,Zone_Brighton/Worthing/Littlehampton,Zone_Bristol Urban Area,Zone_Coventry/Bedworth,Zone_East Midlands,Zone_Eastern,Zone_Greater London Urban Area,Zone_Greater Manchester Urban Area,Zone_Kingston upon Hull,Zone_Leicester Urban Area,Zone_Liverpool Urban Area,Zone_North East,Zone_North West & Merseyside,Zone_Nottingham Urban Area,Zone_Portsmouth Urban Area,Zone_Preston Urban Area,Zone_Reading/Wokingham Urban Area,Zone_Sheffield Urban Area,Zone_South East,Zone_South West,Zone_Southend Urban Area,Zone_Teesside Urban Area,Zone_Tyneside,Zone_West Midlands,Zone_West Midlands Urban Area,Zone_West Yorkshire Urban Area,Zone_Yorkshire & Humberside
9,54.5078256082459,941.825278773766,0.231737179089043,25,0,52.6689808374651,-1.79955117010133,1,65.2752737316413,17.7397188536605,36.4757880040312,18.6482887032669,13.8110899621606,3647839.91110264,282.326263183972,-0.0002657392193548,164.833577477592,9.25418280023013,1989,0,0,0,0,0,1,0,0,0,0,1,0,1,0,0,0,0,0,0,0,0,0,0,1,0,0,0,0,0,0,0,0,0,0,0,0,0,0,0,0,0,0,0,0
3,57.3806338988857,661.76511333939,0.207030719429645,8,12,53.1732360425896,-0.378116603371385,1,76.2485961766402,17.7304774942839,36.468257670328,18.6392067547513,2.06091989753566,-528608.531726874,279.215964882084,0.0022897435596529,544.721106896959,5.50338981637092,1999,0,0,1,0,0,0,0,0,0,1,0,0,1,0,0,0,0,0,0,0,0,0,0,0,0,0,0,0,1,0,0,0,0,0,0,0,0,0,0,0,0,0,0,0
4,12.3668833859956,1074.54414249561,0.131007409415613,27,22,52.9541121480933,-1.24330401657005,12,76.4016446070062,17.7513982501729,36.480712457195,18.6354250413278,13.8368733906846,5930633.24668933,278.741879775222,-0.0050908990622445,164.809864633449,12.175660694468,1981,0,0,0,0,1,0,0,0,1,0,0,0,0,0,0,1,0,0,0,0,0,0,0,0,0,0,0,0,0,0,0,0,0,0,0,0,0,0,1,0,0,0,0,0
3,-24.8053774042134,664.847544983037,0.18566908246475,14,5,51.4787023077616,-0.206347100765438,3,107.565062701487,17.7388530328793,36.4863626515353,18.6382424574389,13.8065807041611,26674.9591546589,275.607360967337,0.0002979643743598,228.430305429085,6.74487391900657,1989,0,0,0,1,0,0,0,0,0,0,0,0,1,0,0,0,0,0,0,0,0,0,0,0,1,0,0,0,0,0,0,0,0,0,0,0,0,0,0,0,0,0,0,0
5,61.3286155246658,1024.54605083963,0.17291541867747,16,15,52.0162993343031,0.110255553965934,7,75.8480872485307,17.7506878196915,36.47702606128,18.6465611976135,13.805605135798,6233423.5506415,288.8286319908,-0.0012794767712317,301.426704899051,5.57702340335726,1988,0,0,0,0,0,0,0,1,0,1,0,0,1,0,0,0,0,0,0,0,0,0,0,1,0,0,0,0,0,0,0,0,0,0,0,0,0,0,0,0,0,0,0,0
9,65.119916209898,2156.11203243797,0.133255157379077,12,13,52.6388275629913,-1.4550417386986,8,93.0992982005688,17.7356002411511,36.5791547036029,18.6393338688418,8.08721786908697,6240961.66817013,297.787594794885,0.0057593456904884,243.32199549518,18.7298854881484,1992,1,0,0,0,0,0,0,0,0,1,0,0,0,0,0,1,0,0,0,0,0,0,0,1,0,0,0,0,0,0,0,0,0,0,0,0,0,0,0,0,0,0,0,0
3,-110.743814630608,885.921699463298,0.133050669464064,21,19,53.4760473857695,-0.891779595030253,12,76.2583444189906,17.7427869296492,36.4889375905213,18.639907407145,13.8152722009375,4989847.7863233,285.158957541077,-0.0065096635385795,315.836503062666,6.51360435713767,1994,0,1,0,0,0,0,0,0,0,1,0,0,0,0,0,1,0,0,0,0,0,0,0,0,1,0,0,0,0,0,0,0,0,0,0,0,0,0,0,0,0,0,0,0
4,-9.56012275420956,633.559885600008,0.176231380738116,1,5,53.0127278984484,-0.634692613478893,1,76.3339639701947,17.7394752629489,36.4856957595428,18.646429963721,2.19731236079143,-2458.18115504716,280.889256807223,0.0007089672610952,358.145124508622,4.87711654203592,2000,1,0,0,0,0,0,0,0,0,1,0,0,1,0,0,0,0,0,0,0,0,0,0,0,0,0,0,0,1,0,0,0,0,0,0,0,0,0,0,0,0,0,0,0
4,38.2363041813962,136.336805275755,0.160210712224325,31,3,52.4943845378379,-1.4169583508814,3,76.2885435191533,17.788982803909,36.4731754016337,18.6343443000504,13.8088137938367,1403014.55470378,283.616813597979,0.0002329654478385,83.783526039787,2.33776514070422,1990,0,0,0,0,1,0,0,0,1,0,0,0,0,0,0,1,0,0,0,0,0,0,0,0,1,0,0,0,0,0,0,0,0,0,0,0,0,0,0,0,0,0,0,0
7,-25.7860881907943,895.957498016582,0.249922047015197,27,7,52.4080622449669,-1.01563051959427,1,76.273771227508,17.7430950047437,36.5008384119113,18.645024489955,13.8157186304574,87528.8589733147,277.470571534806,0.0015535352937133,387.88792062298,10.0563057569968,1982,0,0,0,0,1,0,0,0,1,0,0,0,1,0,0,0,0,0,0,0,0,0,0,0,0,0,0,1,0,0,0,0,0,0,0,0,0,0,0,0,0,0,0,0
3,42.4765382324258,814.524474263223,0.180632648820827,15,8,53.0275624962615,-0.0776052664308335,9,76.286682012976,17.7783294225378,36.459056780322,18.6373097060591,13.7943669002182,929948.901273923,284.649516119769,0.001605366420785,162.562458746931,6.57566955004303,1993,0,0,0,0,0,0,0,0,1,0,0,0,1,0,0,0,0,0,0,0,0,0,0,0,0,0,0,0,0,0,0,0,0,0,0,0,0,0,0,0,1,0,0,0
2,200.965840510149,1379.84237512676,0.24606347542431,3,11,52.8183843873227,-1.02920788093588,3,67.6030821229403,-3.61096955024599,41.5505375417214,18.6313951665979,18.0671863542672,1543541.47387024,278.446511986511,2.91004982467918e-05,212.220279035989,5.86210353891926,1997,0,0,0,0,0,1,0,0,0,1,0,0,0,0,0,1,0,0,0,0,0,0,0,0,0,0,0,0,0,0,1,0,0,0,0,0,0,0,0,0,0,0,0,0
3,-43.3851324519694,850.22939644192,0.20836382158865,29,17,53.9016114500937,-1.75789541214114,3,76.333874847827,17.7401466523964,36.491467392564,18.6420665447516,13.7955836564148,918145.510714557,280.44079586894,0.0006595991413912,248.001918461893,7.10284139037268,1986,0,1,0,0,0,0,0,0,1,0,0,0,1,0,0,0,0,0,0,0,0,0,0,0,0,0,0,0,0,0,0,0,1,0,0,0,0,0,0,0,0,0,0,0
1,172.197727299648,493.776951251072,0.211631126674605,31,4,55.399082136715,1.14462701666778,9,47.211579122502,11.2480039396585,32.5328350164798,18.6422494733711,11.7816714694129,3.28843758537143,282.647724946298,0.000323651250431,222.23896434289,3.97793099803032,1988,1,0,0,0,0,0,0,0,1,0,0,0,0,0,0,0,0,0,0,0,0,0,0,0,0,0,0,0,0,0,0,0,0,0,0,0,0,0,0,0,0,1,0,0
5,26.3332622762157,730.527589848031,0.18877028895724,19,9,53.5138668550502,-2.00594696084928,3,76.3206334105037,17.7518801326805,36.4755727809687,18.6424188346126,13.8211608006611,295357.442515525,280.610394425062,-0.0004006723072791,241.208681126066,7.99277492560544,1989,0,0,0,0,0,0,1,0,0,0,1,0,1,0,0,0,0,0,0,0,0,0,1,0,0,0,0,0,0,0,0,0,0,0,0,0,0,0,0,0,0,0,0,0
5,79.8013752327091,1095.93156777084,0.177224300979523,10,14,50.7713159041301,-2.64465577713001,8,76.3246154997775,17.7548223785708,36.4726943141229,18.7221735813616,13.8110801710328,5946633.04898583,291.725883419743,-0.0010794142038413,55.2342151435275,5.33880329177131,1986,0,0,0,0,0,1,0,0,0,1,0,1,0,0,0,0,0,0,0,0,0,0,0,1,0,0,0,0,0,0,0,0,0,0,0,0,0,0,0,0,0,0,0,0
5,37.638173402011,448.401554120273,0.236631240473932,13,19,51.7411688344915,-0.386227884408763,2,76.3108582582818,40.0990432959275,36.4593676493011,18.6466220620063,13.8144966361624,4137295.31510175,280.852942420634,-0.0018228690844029,205.127312285016,4.57672452154208,1995,0,0,1,0,0,0,0,0,0,0,1,0,0,0,0,0,0,0,0,0,0,0,1,0,0,0,0,0,0,0,0,0,0,0,0,0,0,0,0,0,0,0,0,0
5,37.0919453952115,859.104440105311,0.157644508035161,27,10,53.1183169514205,-2.93082850582302,11,76.4257274871074,17.7644462599568,36.4633005679721,18.6407683322392,13.8115878037337,222308.4644573,276.617191878421,-6.20705198493499e-05,277.359849052796,6.98816563291595,1985,0,1,0,0,0,0,0,0,0,1,0,0,1,0,0,0,0,0,0,0,0,0,0,0,0,0,0,0,0,0,0,0,0,0,0,0,1,0,0,0,0,0,0,0
0,119.376748775103,659.76282160389,0.175415316618283,19,4,51.8282426319203,-1.59152010540502,9,43.867646509724,17.7442464928341,36.4728457027323,18.6432548612553,13.7835834927325,-15.1207614997188,284.412256915643,0.0004431101887787,204.913221975751,5.96401762193148,1994,0,0,0,0,0,0,0,0,0,0,0,0,1,0,0,0,0,0,0,0,0,0,0,0,1,0,0,0,0,0,0,0,0,0,0,0,0,0,0,0,0,0,0,0
8,42.8424877489825,1265.06715930383,0.203277888154725,13,11,53.8908804127518,-0.456361010605549,8,76.2870106465861,17.7480728821105,36.46574354656,18.6490290605206,13.8012148158639,4214996.41904432,290.073470751776,0.001612732339726,230.521667396518,6.77708831733868,1989,0,1,0,0,0,0,0,0,0,0,0,0,1,0,0,0,0,0,0,0,1,0,0,0,0,0,0,0,0,0,0,0,0,0,0,0,0,0,0,0,0,0,0,0
3,122.443805481046,562.374620714936,0.22640809800216,3,22,54.927362318947,0.518148028954093,2,76.3275026661886,17.777496856268,36.4825412939549,18.6419620387875,13.8037470451734,-283931.433863698,278.644114953829,0.002679101469661,259.680964278758,4.97591115929134,1987,0,0,0,0,1,0,0,0,0,0,0,0,0,0,0,1,0,0,0,0,0,0,0,0,0,0,0,0,0,1,0,0,0,0,0,0,0,0,0,0,0,0,0,0
7,118.587017059105,-11.118707448869,0.193403993077833,14,6,55.282420634751,-0.604956268967975,9,76.3419096994636,17.7363839399758,36.5152110275594,18.6359222980474,13.7871439291821,191186.389468248,285.43641202903,-0.0071267589739458,244.210625856576,1.5322818256399,2000,0,0,0,1,0,0,0,0,0,0,1,0,1,0,0,0,0,0,0,0,0,1,0,0,0,0,0,0,0,0,0,0,0,0,0,0,0,0,0,0,0,0,0,0
5,177.233950672745,119.262249355887,0.191720654908817,26,23,51.1404906400605,-1.79549368069973,7,76.3346287987538,17.7482175989583,36.4768820927524,18.6375807414451,13.809448777894,7313497.26041279,291.243644549447,0.0007567294137683,-80.2439920832428,4.15462764230572,1982,0,0,0,1,0,0,0,0,1,0,0,0,1,0,0,0,0,0,0,0,0,0,0,0,1,0,0,0,0,0,0,0,0,0,0,0,0,0,0,0,0,0,0,0
8,-24.5194444454096,158.823877718304,0.166241349812479,3,0,53.0997098891059,-0.318808041820812,3,76.3338478246022,17.7372284926437,36.4722495785597,18.64902883704,13.8175846179296,6116082.50356042,279.195550190497,-0.0022121569523797,213.879646700151,2.69455363759383,1989,0,1,0,0,0,0,0,0,0,0,0,0,1,0,0,0,0,0,0,0,0,0,0,0,0,0,0,0,1,0,0,0,0,0,0,0,0,0,0,0,0,0,0,0
5,77.8621176259199,517.273373617777,0.144847747148449,24,16,51.2433824974852,-0.0487847164137278,1,76.2401336426319,9.15329878159952,36.4658077389194,18.5871348483048,13.8359368472868,520790.273335373,279.030544134692,0.0010801666642872,88.5500168429609,2.11136454652098,1991,0,0,0,0,0,0,1,0,0,1,0,0,0,0,0,0,0,0,0,0,0,0,0,0,0,0,0,0,0,0,0,0,0,0,0,0,0,0,0,0,0,0,0,1
0,159.129545497354,712.003622167337,0.213013135000362,18,20,51.5472915496815,-0.0497013214818296,2,92.3513670528723,42.754052713736,38.7208501535635,18.6452942223606,7.81984752458383,4544739.93388703,281.924189435189,0.000460512667484,279.970969124089,8.96386958548419,2000,0,0,0,0,0,0,1,0,0,1,0,0,1,0,0,0,0,0,0,0,0,0,1,0,0,0,0,0,0,0,0,0,0,0,0,0,0,0,0,0,0,0,0,0
4,-18.4992425572862,188.839527613911,0.216066325391889,16,6,52.8616556664018,-1.17767060852872,8,76.3246974823288,17.7730240324245,36.4588747493712,18.6447599869326,13.7934478890811,-18262.2945990308,288.289520659366,-8.27138140592717e-05,387.359536672647,1.01673983579897,1995,0,0,0,0,0,1,0,0,1,0,0,0,1,0,0,0,0,0,0,0,0,0,1,0,0,0,0,0,0,0,0,0,0,0,0,0,0,0,0,0,0,0,0,0
2,-53.0403810951536,1024.48023529178,0.207029275604098,9,21,52.0884862260083,-1.53659909601791,12,65.8055713706748,-3.71063430399025,33.5821528916885,18.639358719552,14.5716125854677,3982131.51805081,279.589739784135,-0.0062573980404862,287.903787376151,7.91427200401261,1999,0,0,0,0,0,1,0,0,0,0,0,0,1,0,0,0,0,0,0,0,0,0,0,0,0,0,0,0,0,0,0,0,0,0,0,0,0,0,1,0,0,0,0,0
9,105.174836798691,21.8661785998118,0.201260325641445,5,7,52.1450215321303,1.13143241510774,8,89.8639432315107,17.7484194090187,36.4895833543222,18.6444896723564,35.2324074326406,317580.579779064,291.014220370888,-0.0011537220778888,142.398470851143,1.1506537985162,1982,0,0,0,0,1,0,0,0,0,0,0,0,0,0,0,1,0,0,0,0,0,0,0,1,0,0,0,0,0,0,0,0,0,0,0,0,0,0,0,0,0,0,0,0
5,47.9022763796615,645.297086238298,0.198411436136746,10,7,53.105765633327,-1.41208283558832,4,76.3234913002209,17.7338802352643,36.4991010766542,18.6380200392292,13.8210983399674,158740.805010295,272.716700919663,-0.0006639306050547,134.029077238059,4.48710210484747,1983,0,1,0,0,0,0,0,0,0,0,0,0,0,0,0,1,0,0,0,0,0,0,0,0,1,0,0,0,0,0,0,0,0,0,0,0,0,0,0,0,0,0,0,0
1,26.806590754789,234.770281950261,0.116665119323549,8,0,52.5694089657511,-2.40781324534305,6,46.3373596688934,13.9444255229796,8.67204310484725,18.3711885786274,6.70180442859804,9326444.14690311,287.775305680875,-0.0004950540912118,138.880879699956,4.63479185200061,2000,0,1,0,0,0,0,0,0,0,0,1,0,0,0,0,1,0,0,0,0,0,0,0,1,0,0,0,0,0,0,0,0,0,0,0,0,0,0,0,0,0,0,0,0
5,139.015711343097,637.07538273566,0.167971911103847,21,18,51.9195002962753,-1.73225497101045,3,75.7215902444789,17.750498684948,36.4770262008399,18.6354651823822,13.8056057306965,2614629.10620799,280.650504195339,0.0012088278643417,262.655999574244,2.87829287723301,1988,0,1,0,0,0,0,0,0,0,0,0,0,1,0,0,0,0,0,0,0,0,0,0,1,0,0,0,0,0,0,0,0,0,0,0,0,0,0,0,0,0,0,0,0
1,125.557035852401,1343.84042850283,0.245444649704538,29,19,53.1363491083193,-3.47207356754349,2,106.286289905998,14.5699125718681,36.4680148045565,18.6955118218393,14.9167973770951,3513631.20986953,278.594856092048,0.0027965505447719,233.036487689852,10.3438541861903,1995,0,0,0,0,0,0,0,1,0,0,0,1,0,0,0,0,0,0,0,0,1,0,0,0,0,0,0,0,0,0,0,0,0,0,0,0,0,0,0,0,0,0,0,0
5,-74.4113740312081,508.199291761551,0.170097215759783,11,10,52.1838247195018,-3.05049394054539,5,76.2116989758562,17.7456904846273,36.4630157954034,18.6449124417289,13.8189192230869,1045028.91461428,286.085379536439,0.0015771475722791,59.6224831228378,5.55878329527785,1993,0,0,0,0,0,1,0,0,1,0,0,0,0,0,0,1,0,0,0,0,0,0,0,0,0,0,0,0,0,0,0,0,0,0,0,1,0,0,0,0,0,0,0,0
2,114.43049192499,1135.56424860731,0.203435648559911,25,13,50.6400153363366,-1.08242735427476,10,76.3085958391497,17.7674169308751,38.3968196383081,18.6455249885734,13.7939331290863,2538752.80563764,282.770134617408,0.0004472239115115,248.595928148537,5.66677712712582,1994,0,0,0,0,0,0,1,0,0,1,0,0,0,0,0,1,0,0,0,0,0,0,0,0,0,0,0,1,0,0,0,0,0,0,0,0,0,0,0,0,0,0,0,0
6,204.165189894921,696.691338163445,0.104732603746934,22,17,51.7782086609853,0.254363875053793,1,76.2855736114621,17.7589555806848,36.4594407212923,18.6400298851978,13.8281587762549,62577.8801359222,280.65594701442,-0.0001355552493882,254.995785551761,8.78027129796778,1993,0,0,0,0,0,0,1,0,0,1,0,0,0,0,0,1,0,0,0,0,0,0,0,0,0,0,0,0,0,1,0,0,0,0,0,0,0,0,0,0,0,0,0,0
0,55.0484946318159,334.039309031909,0.216325517340832,17,7,55.0440650507648,-1.93071014775099,5,-115657.356239173,12.7094821587533,33.8548809116997,18.3829205548416,31073.7851010639,-26373002.2580977,276.127358558444,0.0813373460286529,38.0726563167993,4.26571442811982,1996,0,1,0,0,0,0,0,0,0,0,0,0,0,0,0,0,0,0,0,0,0,0,0,0,1,0,0,0,0,0,0,0,0,0,0,0,0,0,0,0,0,0,0,0
9,32.0630364154485,1848.01692554789,0.193193900321647,23,13,51.9430833847673,1.52327613499995,10,73.2292396095643,17.7371177685089,36.4846305852427,18.6506583019711,27.2481790841277,4659135.33535321,284.599173754949,-0.0019847898618084,318.837178009114,7.61807403486216,1984,0,0,0,0,0,1,0,0,0,1,0,0,0,0,0,1,0,0,0,0,0,0,0,1,0,0,0,0,0,0,0,0,0,0,0,0,0,0,0,0,0,0,0,0
2,215.883802269267,1009.98659009131,0.214928080776737,26,13,51.2389257922433,-1.8165067261032,12,40.442804435695,16.4091413632315,58.4380732225081,18.636464835641,18.0968936144999,3248109.19867647,281.763665789617,-0.0012932595251696,269.14829331539,9.9534254562773,1997,0,0,0,1,0,0,0,0,0,0,0,0,0,0,0,1,0,0,0,0,0,0,0,1,0,0,0,0,0,0,0,0,0,0,0,0,0,0,0,0,0,0,0,0
5,223.102886753537,863.35815656634,0.117558846163892,17,13,51.3305684748946,-1.65565960825178,4,76.4102577891422,17.7250841827549,36.4997195857793,18.642397987933,13.8004020481046,4547359.14025721,280.573222195611,0.000738615666261,265.536356630736,1.78706892756495,1984,0,0,0,0,0,0,0,0,0,1,0,0,0,0,0,0,0,0,0,0,0,0,0,0,0,0,0,0,0,0,0,0,0,0,0,0,0,0,0,0,0,0,0,1
6,15.4122349421552,402.888692472296,0.147144631657363,24,20,54.3638940925735,-0.699910636668194,10,76.2726742845737,17.7373434042581,36.4953921548389,18.6450260341598,13.7905135965215,-579441.096285844,282.788355078452,0.0011279478207114,254.202362324584,7.04342332218219,1989,1,0,0,0,0,0,0,0,0,1,0,0,1,0,0,0,0,0,0,0,0,0,0,0,0,0,0,0,0,1,0,0,0,0,0,0,0,0,0,0,0,0,0,0
2,-44.5396455407274,1051.12242421402,0.170767336745091,10,12,51.6593266910452,-2.18745157569591,10,87.934143376771,31.982409254683,35.6293333751252,18.6378905205242,22.4271195327822,6046402.47038555,288.402412873317,-0.0012588769324391,126.332818335054,4.96574944224738,1994,1,0,0,0,0,0,0,0,0,1,0,0,0,0,0,0,0,0,0,0,0,0,0,1,0,0,0,0,0,0,0,0,0,0,0,0,0,0,0,0,0,0,0,0
7,59.1786254995191,1886.21136472432,0.165063705598877,2,17,51.7418532109311,-2.35708007669168,5,34.6504946299613,108.07973895435,36.4716603524855,15.705664072625,18.5684225295109,5463795.6859169,284.544104337583,0.0001367501105909,439.758116785952,9.47437282057578,1991,0,1,0,0,0,0,0,0,1,0,0,0,0,0,0,0,0,0,0,0,0,0,0,0,0,0,0,0,0,0,0,0,0,0,0,1,0,0,0,0,0,0,0,0
8,82.6107476599283,594.052520272606,0.271265588060756,28,8,51.9826003308242,-1.23625962974737,12,76.4394804140298,17.76210977977,36.4649332953844,18.6374778924995,13.8153952096431,471120.009973988,274.596588635213,-0.0105429526532648,168.617670446173,5.04394738092159,1981,0,1,0,0,0,0,0,0,0,0,1,0,1,0,0,0,0,0,0,0,0,0,1,0,0,0,0,0,0,0,0,0,0,0,0,0,0,0,0,0,0,0,0,0
8,0.653025265951584,310.662267039824,0.188278846063017,23,21,53.4635881712143,-0.483292527604801,11,76.345898675407,17.7348403140801,36.4765610671384,18.646689893126,13.8430275187637,4723157.86817203,279.186966901491,-0.0057281591575927,247.090453650989,5.46447980406618,1984,0,0,0,0,0,0,1,0,0,1,0,0,0,0,0,1,0,0,0,0,0,1,0,0,0,0,0,0,0,0,0,0,0,0,0,0,0,0,0,0,0,0,0,0
9,-61.9691925455585,2223.27380432273,0.122480828237874,13,17,50.0913522156536,-1.44938194363402,12,84.6559319044641,54.1803036993868,35.6293318699934,18.6417789897017,23.3372323830852,2630509.51219286,287.357064290554,0.0010333022118039,235.500670985575,18.9386365553529,2000,0,0,0,0,0,0,0,0,0,1,0,0,0,0,0,0,0,0,0,0,0,0,0,1,0,0,0,0,0,0,0,0,0,0,0,0,0,0,0,0,0,0,0,0
7,-35.702252570722,788.973167149971,0.172029254062328,29,4,51.8313330789784,-2.39919163180021,10,76.2622015606955,17.7740223921908,36.4804594043069,18.6449216591981,13.8059274447203,11.9774776757682,283.948024197083,-8.56579871653883e-05,256.358416057179,8.6033993695963,1990,0,0,0,1,0,0,0,0,0,0,1,0,1,0,0,0,0,0,0,0,0,0,1,0,0,0,0,0,0,0,0,0,0,0,0,0,0,0,0,0,0,0,0,0
4,77.6899563936449,994.433617687149,0.220463860079371,21,2,53.4444973406458,-1.11076186221536,3,76.3957803636748,17.7467279372306,36.4712345442868,18.6480313788831,13.7937686288736,-4721180.65877029,274.095916518186,0.0022538384772433,212.863167955263,10.1847026591632,1996,0,0,0,0,0,1,0,0,0,0,1,0,0,0,0,1,0,0,0,0,0,0,0,0,0,0,0,0,0,1,0,0,0,0,0,0,0,0,0,0,0,0,0,0
3,172.561223170353,1967.32098817467,0.235790235270257,21,13,51.9904573826306,0.915158704740514,3,76.3272549134302,17.7466760078947,36.4758259733775,18.6421492914569,13.795591682211,9038503.89153873,285.237650510038,-0.002779090712687,267.558417664132,4.27649793055042,1991,0,0,0,1,0,0,0,0,0,0,1,0,1,0,0,0,0,0,0,0,0,0,0,0,0,0,0,1,0,0,0,0,0,0,0,0,0,0,0,0,0,0,0,0
1,96.412279531039,100.008250471859,0.190738670928173,26,3,52.3529722950525,-1.0300158050335,11,56.7999099468924,16.3817208772806,34.9448647438557,18.66690893959,-9.05333907720905,2611490.51894461,285.613029572842,0.0008167949584423,160.861582145509,6.7854176779318,1991,0,0,0,0,0,1,0,0,0,0,0,0,0,0,1,0,0,0,0,0,0,0,0,0,0,0,0,0,0,0,0,0,0,0,0,0,0,1,0,0,0,0,0,0
0,90.1323198320751,236.114563032835,0.237712650451475,9,20,51.7206321791779,-1.73472067494049,10,41.1738133572128,52.1458098462264,17.038228364193,18.6360897333787,12.1039235803108,1988009.35632956,283.368416183001,0.0007260934227018,316.107760812493,3.79384043942179,1996,0,0,0,0,0,0,1,0,1,0,0,0,1,0,0,0,0,0,0,0,0,0,0,0,0,0,0,0,0,0,0,0,0,0,0,0,0,0,0,0,0,1,0,0
0,14.4371429915605,653.197242515276,0.152241659518715,2,8,51.5634862141991,-2.26871577378084,2,84.385015335766,21.0826073849526,39.0145950001989,28.897989174977,27.2675332223443,227087.818402531,279.530997499897,0.0005794960087327,290.975222031005,6.6569091975279,2000,0,1,0,0,0,0,0,0,0,1,0,0,0,0,0,1,0,0,0,0,0,0,0,0,1,0,0,0,0,0,0,0,0,0,0,0,0,0,0,0,0,0,0,0
2,124.28908537067,1467.955265503,0.183787002209354,26,17,52.7189212680083,-1.66575926543285,3,64.2371411412407,-10.4553959952686,33.582151971519,18.643554410941,14.5716123245646,3591924.94744124,282.602097333758,0.0001975557012348,271.886238203577,9.79561560916613,1995,0,0,0,1,0,0,0,0,0,0,1,0,1,0,0,0,0,0,0,0,0,0,0,0,0,0,0,0,0,0,0,0,0,0,0,0,0,0,1,0,0,0,0,0
4,15.8418036602626,318.495662508031,0.180876470687652,13,0,52.1741880909402,0.301695264585037,10,76.2889706441825,17.7116764579682,36.5038304310272,18.6385690249923,13.8243423599601,6944898.24019139,283.990883772817,-0.0030837120615538,153.981391227871,4.92553056740726,1996,0,1,0,0,0,0,0,0,0,0,1,0,0,0,0,1,0,0,0,0,0,0,0,0,0,0,0,0,0,0,0,0,0,0,0,0,0,0,0,0,0,0,0,1
0,48.9226015934579,701.279519157886,0.137688641769168,30,19,51.4384320219341,-1.97260501417967,5,54.4270190657099,30.5003139024214,45.4121095712469,18.6408834876914,30.6599551239153,6669662.40040853,284.749493531803,0.0006839156252115,189.578892924487,4.65628813772295,1996,0,0,0,0,1,0,0,0,0,0,0,0,1,0,0,0,0,0,0,0,0,0,0,0,0,0,0,0,0,0,0,0,0,0,0,0,0,0,0,0,0,1,0,0
0,58.9325424277249,1041.86362884149,0.24899366201242,28,10,53.8315290535841,-1.51388664944289,1,26.8058369450193,51.0443991693336,18.3459460029851,18.6428021207884,3.95777437538741,1184557.8981073,277.967929038892,-0.001547509035739,258.55421905015,6.17192116483945,2000,0,0,0,0,0,1,0,0,1,0,0,0,1,0,0,0,0,0,0,0,0,0,0,0,1,0,0,0,0,0,0,0,0,0,0,0,0,0,0,0,0,0,0,0
7,18.0730829908084,1121.68065303064,0.102897620960161,3,13,51.6406856302175,-3.27701388915873,6,51.8188825357304,68.8959086844587,35.3098620150856,18.6382441476937,11.7476119724472,9564680.14904754,292.204652341129,0.0023268640225331,185.724015941989,5.58562667001263,1998,0,0,0,0,0,0,0,0,0,0,1,0,1,0,0,0,0,0,0,0,0,0,0,0,0,0,0,0,0,0,0,0,0,0,0,0,0,0,0,0,0,0,0,1
2,112.167878104121,2321.53594765273,0.169550875276554,15,11,52.3031311922181,0.976655330730315,6,70.7947503586447,56.0411662702046,31.8557914712341,18.6434913838025,22.4271204478294,6815248.89362074,289.093010456759,-2.62130357389265e-05,303.626713487814,8.73158351216753,1995,0,0,0,0,0,1,0,0,0,0,0,0,0,0,0,0,0,0,0,0,0,0,0,1,0,0,0,0,0,0,0,0,0,0,0,0,0,0,0,0,0,0,0,0
7,76.8599671549246,102.51660671875,0.077546390640714,28,0,52.0467851183117,-2.11162410427946,9,76.3045436176177,46.9613625591709,36.5033872722269,18.64433762515,13.815129093228,7493068.98651506,284.925674712071,-0.0013387785298845,193.016812780084,2.68118210658591,1985,0,0,0,0,0,0,0,0,0,0,1,0,0,0,0,0,0,0,0,0,0,0,0,0,0,0,0,0,0,0,0,0,0,0,0,1,0,0,0,0,0,0,0,0
9,174.62330373074,1402.27393148421,0.197540403521037,2,19,53.3660983811466,-0.533494024257241,4,89.0998854163537,17.735348378853,36.579157038523,18.6474664187377,38.2758323314737,6378155.02599765,281.577186185077,-0.0017215871780095,16.5045573172423,7.27570336139694,1992,0,0,0,0,0,0,1,0,1,0,0,0,0,0,0,1,0,0,0,0,0,0,0,1,0,0,0,0,0,0,0,0,0,0,0,0,0,0,0,0,0,0,0,0
3,60.4102440535034,937.517946660747,0.22872586445541,30,20,51.6218907757134,-1.03476609935384,12,76.3667676966715,17.76100757835,36.500994156767,18.6363383780902,13.826369867288,509902.193078957,279.878216350105,0.0007485361101896,327.728320951212,9.08266105529488,1985,1,0,0,0,0,0,0,0,0,0,1,0,1,0,0,0,0,0,0,0,0,0,0,0,0,0,0,0,0,0,0,0,0,0,0,0,0,0,0,0,0,0,1,0
1,48.7457227732959,613.946602731891,0.182103444726403,2,11,54.3650550277877,-0.896214948290703,6,16.9663816604658,17.8454018069608,12.2881973692154,18.6438677901624,3.20222444419072,447896.330955875,289.278511120492,0.001648266645891,222.337553810334,5.98270834767307,2000,0,0,0,0,0,0,0,0,0,0,0,0,0,0,0,1,0,0,0,0,0,0,0,1,0,0,0,0,0,0,0,0,0,0,0,0,0,0,0,0,0,0,0,0
0,-45.4238641695378,1175.6537822447,0.194926121414835,3,10,52.9503300707537,-0.719121056349917,11,1.72690795247799,58.9264143551197,6.54155655832376,18.640992984767,53.3183517558643,2190610.30037716,288.324439825135,0.0002299538130392,234.637811314796,11.7538987581764,1996,0,1,0,0,0,0,0,0,0,0,1,0,1,0,0,0,0,0,0,0,0,0,0,0,0,0,0,1,0,0,0,0,0,0,0,0,0,0,0,0,0,0,0,0
5,113.857670894303,1481.62205075082,0.184166887204644,1,12,51.543311206423,-0.379090469920416,7,76.3267140181793,17.752008497623,36.4558932874366,18.642725416797,13.8121987542492,3723164.56078864,293.340602989536,0.0026969531898509,318.176919756275,5.76317034464811,1985,0,0,0,0,1,0,0,0,0,0,1,0,1,0,0,0,0,0,0,0,0,0,0,0,0,0,0,0,0,0,0,0,0,0,0,0,0,0,0,0,0,0,0,1
5,306.812640583801,314.934713900256,0.148170018765998,17,7,53.201338422412,-0.807561634974919,10,76.2634064419606,17.714715671687,36.4978524136569,18.6495487427029,13.8061040932838,109246.906696517,274.303289861863,0.0010793339407476,325.692274177699,2.47034094264772,1992,0,1,0,0,0,0,0,0,0,0,1,0,1,0,0,0,0,0,0,0,0,0,0,0,0,0,0,0,0,0,0,0,0,0,0,0,0,0,0,0,0,0,0,1
3,9.1294609544083,913.275009507305,0.120199106929298,10,13,51.4583477219675,-0.424251065027002,9,76.3510999232431,17.7599056890487,36.4707797497441,18.640135977456,13.8160136058352,5542122.92925211,290.007645409009,0.001222265328646,332.598561297575,1.20372571354728,1986,0,0,0,0,1,0,0,0,0,0,1,0,0,0,0,1,0,0,0,0,0,0,0,0,0,0,0,0,0,0,0,0,0,0,0,0,0,0,0,0,0,1,0,0
4,-24.8817870017277,961.319333145741,0.223070143620228,18,14,51.2968996569574,0.419329961345575,10,76.405928371457,49.8331662043465,36.4829857348525,18.6424516057539,13.8060986386994,5293978.86671968,285.130414108381,-0.0013793086245762,121.729220199185,8.25363751590818,1994,0,0,0,0,0,1,0,0,0,1,0,0,0,0,0,0,0,0,0,0,0,0,1,0,0,0,0,0,0,0,0,0,0,0,0,0,0,0,0,0,0,0,0,0
6,148.722102351907,342.226606813492,0.276169064760529,18,6,51.1805520061542,-2.59281212160633,9,90.1218399831712,17.7405443374491,36.4752322535492,18.641714004438,13.8135547340147,-40.8613034350055,281.835257920551,0.0008895572929463,327.770284039824,2.44082056163741,1987,0,0,0,1,0,0,0,0,1,0,0,0,1,0,0,0,0,0,0,0,0,0,0,1,0,0,0,0,0,0,0,0,0,0,0,0,0,0,0,0,0,0,0,0
1,71.4580958768769,818.288026366271,0.194799076358827,23,14,53.3475028824909,1.21299730029533,4,83.4784660746847,38.1630338712071,29.7862371486698,18.6464397645917,26.5495492445785,5346722.71223722,278.916783581928,-0.0006080395854615,67.0513150753812,3.5529836179558,1996,0,0,0,0,0,0,0,0,0,0,0,0,0,0,0,0,0,0,0,0,0,0,0,0,0,0,0,0,0,0,0,0,0,0,0,0,0,0,1,0,0,0,0,0
9,118.542697994944,313.652210506768,0.187989933134241,11,9,53.8571280432917,-1.94585285568077,2,85.0957672457835,17.734986321643,36.5791548253458,18.6429836588898,40.9056959532031,120642.534466609,280.285937363316,0.0018657751784591,116.775681262922,4.44150707179152,1992,0,0,0,1,0,0,0,0,1,0,0,0,0,0,0,1,0,0,0,0,0,0,0,1,0,0,0,0,0,0,0,0,0,0,0,0,0,0,0,0,0,0,0,0
8,110.821383624856,1005.20933704552,0.208920231304853,3,16,52.2711637491757,-1.56468678265439,12,76.3333716774349,17.7612063385346,36.4705823667648,18.6464396268331,13.7821112263238,2938775.83620286,283.724119711716,-0.0010779002722773,213.987203997544,7.73163685244304,1994,0,0,0,0,0,0,1,0,1,0,0,0,0,0,0,1,0,0,0,0,0,0,0,0,0,0,0,0,0,0,0,0,0,0,0,1,0,0,0,0,0,0,0,0
1,-61.5136253246404,818.533997972523,0.138378865883731,4,20,51.7885423905792,-0.486110495989089,1,569.494027297139,19.8186602203106,35.257340411265,18.6430889216471,18.8238690084054,10531012.5942089,282.56708175053,-0.0122953366593453,186.083501209446,7.25241030786667,1993,0,0,0,1,0,0,0,0,0,0,0,0,0,0,0,1,0,0,0,0,0,0,0,0,0,1,0,0,0,0,0,0,0,0,0,0,0,0,0,0,0,0,0,0
2,77.6112805242399,885.242012161867,0.187364717679738,20,16,53.4492832255416,-2.61211364449752,12,82.4718821718699,25.6810834062008,35.6293316457062,18.6422498887033,22.1314277513659,-453078.162638678,281.137069884944,0.0002341662226003,257.047821150887,5.7942486601528,1988,1,0,0,0,0,0,0,0,0,0,0,0,0,0,0,0,0,0,0,0,0,0,0,1,0,0,0,0,0,0,0,0,0,0,0,0,0,0,0,0,0,0,0,0
2,22.4064904911012,286.23302793629,0.167581085984967,21,22,53.1815589267254,1.83181387352729,10,467701.291015305,20.6480313773902,38.379041725495,18.5988115044293,170379.736290602,7012059500.09286,275.71097137686,-10.3174413289491,314.641958681741,5.23212248465611,1981,0,0,0,0,0,0,1,0,1,0,0,0,0,0,1,0,0,0,0,0,0,0,0,0,1,0,0,0,0,0,0,0,0,0,0,0,0,0,0,0,0,0,0,0
4,130.337699719857,1550.20822852,0.246322497533141,22,20,52.7419147196698,-1.43683681272931,6,76.2747438114326,17.7398386850706,36.4723312417604,18.6434390710327,13.7942185992777,10119553.5901622,286.161005987205,0.0007816901211568,247.119100032062,5.18416594101128,1998,0,0,0,0,0,1,0,0,0,0,1,0,1,0,0,0,0,0,0,0,0,1,0,0,0,0,0,0,0,0,0,0,0,0,0,0,0,0,0,0,0,0,0,0
7,-30.2021517709799,539.507014338844,0.129240182648094,17,8,52.4563349288774,-1.4305708586126,8,76.3443491825721,29.7967047527588,36.4625743043813,18.6350550179037,13.8079282497063,972682.039968042,289.646781478479,0.0001745021890812,193.538347881963,5.0850313349584,1981,0,0,0,0,1,0,0,0,1,0,0,0,0,0,0,0,0,0,0,0,0,0,1,0,0,0,0,0,0,0,0,0,0,0,0,0,0,0,0,0,0,0,0,0
5,23.8928757608106,30.2156015733089,0.156975532617958,27,16,52.2304951573302,-0.490029276772342,8,76.350595896341,17.7323659881983,36.5030215823452,18.6350640367688,13.8000402412985,4287883.18958211,294.657325426016,-0.0002417966607816,86.3965313923131,3.58752521502415,1991,0,0,1,0,0,0,0,0,0,0,0,0,0,0,0,1,0,0,0,0,0,0,0,0,0,0,0,0,1,0,0,0,0,0,0,0,0,0,0,0,0,0,0,0
6,-11.2355852415935,244.807863643319,0.181089032039372,23,8,50.666043584948,-2.30979273493485,11,76.3098522399035,50.7411583068189,36.4635198816854,18.6409126163405,13.8143702046158,717384.672038111,274.558545821575,-0.0023904646438643,303.594647160912,2.18023562533381,1993,0,0,0,0,0,0,0,1,1,0,0,0,0,0,0,0,0,0,0,0,0,0,0,0,0,0,0,0,0,0,0,0,0,0,0,0,1,0,0,0,0,0,0,0
2,68.0642376913525,-92.6569772075706,0.215982170806631,31,3,51.4896065078591,-2.96140630655722,3,76.3156226472427,17.7587789639263,35.8805071385415,20.2140061219609,13.8218548580113,2654718.0502124,280.136385546786,-7.07676104485842e-05,304.669839990195,1.65496820408453,2000,0,1,0,0,0,0,0,0,0,0,0,0,1,0,0,0,0,0,0,0,0,0,0,0,0,0,0,0,0,0,0,0,0,0,0,1,0,0,0,0,0,0,0,0
4,236.632222467297,368.12862783525,0.318247565197943,12,20,52.0024000136629,-0.910170819456963,12,76.269447935467,17.7385332832242,36.4829240377023,18.6385387238739,13.8385773744506,1587990.77099034,275.428741368145,-0.0010381161290037,122.201315852322,5.71737012652047,1989,0,0,0,1,0,0,0,0,0,0,0,0,0,0,0,1,0,0,0,0,0,0,0,0,0,0,0,0,0,0,0,0,0,0,0,0,0,0,0,0,0,0,0,1
9,0.397466423429073,783.547933222253,0.165868843248654,30,16,50.7781025176731,-1.33138503474002,1,76.290895034667,17.751694348835,36.4761418067382,18.6454529240278,13.8422168533906,1261740.32969044,280.461585351899,0.0008488133625649,202.415416472501,10.4984991187955,1990,0,1,0,0,0,0,0,0,1,0,0,0,0,0,1,0,0,0,0,0,0,0,0,1,0,0,0,0,0,0,0,0,0,0,0,0,0,0,0,0,0,0,0,0
4,48.6137320546272,1014.1676990956,0.25607534111817,28,15,51.4163419019318,-0.767225177540161,1,76.3408912936985,17.772288748037,36.4881308300423,18.6401746782484,13.8140132792316,1884636.74107209,281.395609883376,-0.0004660711033429,244.023159262727,8.40525300369812,1983,1,0,0,0,0,0,0,0,0,0,1,0,1,0,0,0,0,0,0,0,0,0,0,0,0,0,0,0,0,0,0,0,0,0,0,0,1,0,0,0,0,0,0,0
1,146.403664455083,518.318990808129,0.116231779266474,30,2,52.2946026943737,-1.34409516496576,4,20.3881016109512,31.6604404577717,15.2126042572844,18.6417873705855,44.037274838733,-1218166.0030562,279.949727967994,0.001209414084437,392.724380510778,4.09212930340958,1997,0,1,0,0,0,0,0,0,1,0,0,0,1,0,0,0,0,0,0,0,0,0,0,0,1,0,0,0,0,0,0,0,0,0,0,0,0,0,0,0,0,0,0,0
7,-29.0966294155549,998.006321427354,0.162138033163293,21,19,53.7108860463447,-1.81528957732823,4,76.340587205113,17.7900538538472,36.4683011948136,18.637857626522,13.8067970880163,8178520.63559574,282.449113490047,7.55511064250902e-05,171.466527066357,-1.38611883491086,1983,0,1,0,0,0,0,0,0,0,0,0,0,1,0,0,0,0,0,0,0,0,0,1,0,0,0,0,0,0,0,0,0,0,0,0,0,0,0,0,0,0,0,0,0
3,122.122679327661,1028.86831000904,0.10617027828822,9,23,53.2853240560101,1.01249965536618,2,76.322806159787,17.741207291556,36.4694586356583,18.6466890723039,13.8193266774839,-1776889.7774207,279.598373622847,0.0039830869797315,250.442825406299,9.62235647328249,1994,0,0,0,0,0,0,1,0,1,0,0,0,1,0,0,0,0,1,0,0,0,0,0,0,0,0,0,0,0,0,0,0,0,0,0,0,0,0,0,0,0,0,0,0
0,98.9488256539294,1484.92065832955,0.182066519660799,3,15,53.345658752818,0.600401700848284,6,16.402960514039,52.4270044180784,8.92486467841205,18.6477879160198,2.99685258708609,2076152.62304968,289.724005316227,0.0022052196714613,219.528596123144,6.73675531943499,1999,0,0,0,0,0,0,1,0,0,0,1,0,1,0,0,0,0,0,0,0,0,0,0,0,0,0,0,0,0,0,0,0,0,0,0,0,1,0,0,0,0,0,0,0
0,198.615774479638,1464.61478563975,0.154622903553601,17,17,53.3070636274292,-0.927156899106035,6,8.94048973946186,90.2975394323293,24.4392593723424,18.6378810352129,-6.4399962139611,6226978.62157546,287.777909789303,-0.0002910190100333,117.990823964232,5.14706662250228,1999,1,0,0,0,0,0,0,0,0,1,0,0,1,0,0,0,0,0,0,1,0,0,0,0,0,0,0,0,0,0,0,0,0,0,0,0,0,0,0,0,0,0,0,0
9,134.067638349379,1064.65238431283,0.164458996291809,20,6,51.7444062426154,-3.37042014718922,10,77.4772303854124,22.2153267029051,44.1763527846902,18.645856106092,34.6557691866128,6454.26968523231,280.017816308189,0.0031952328744118,103.13092438903,8.68460188205512,1992,0,0,0,1,0,0,0,0,0,0,0,0,1,0,0,0,0,0,0,0,0,0,0,1,0,0,0,0,0,0,0,0,0,0,0,0,0,0,0,0,0,0,0,0
5,42.9351286657211,714.733022598535,0.228728787988742,13,1,53.5165230383466,0.27409305743836,10,76.3236414794235,17.7338969707892,36.4991009752442,18.6380199712397,13.8210975646728,-1493535.80291995,273.391384573136,0.002337803242162,186.822703121575,6.87806110004197,1983,0,1,0,0,0,0,0,0,0,0,1,0,0,0,0,1,0,0,0,0,0,0,0,0,1,0,0,0,0,0,0,0,0,0,0,0,0,0,0,0,0,0,0,0
1,-2.03224627887496,646.944286364659,0.186195666087928,16,10,52.146197689423,-1.56735791185882,9,76.7968908418493,27.3039432061651,34.3135877565953,18.5274685278195,13.0256016659556,2110984.04568026,286.02294584835,0.0005998028144038,263.077572887336,3.01846629165359,1992,0,0,0,0,0,1,0,0,0,0,0,1,0,0,0,0,0,0,0,0,0,0,0,0,0,0,0,0,0,0,0,0,0,0,0,0,1,0,0,0,0,0,0,0
5,207.219878999646,380.452191474088,0.196370895383357,8,1,52.9857773822783,0.287635817465123,3,76.4420062364424,17.752014403322,36.4755732705665,18.6482882534316,13.8211609054916,1328729.18314621,280.674356331608,-0.0009019666954352,244.813754919208,5.95890470290986,1989,0,0,0,0,0,1,0,0,0,0,1,0,1,0,0,0,0,0,0,0,0,0,1,0,0,0,0,0,0,0,0,0,0,0,0,0,0,0,0,0,0,0,0,0
3,70.261598066692,624.79649147615,0.198597979462879,13,9,51.369114370864,-0.915385205892383,7,76.4134286579317,17.7610748765907,36.4428126192506,18.6417443698093,13.7885830038174,2267878.04357765,287.5796036593,0.0007914074519894,198.741047431577,2.23587671440618,1987,0,0,0,1,0,0,0,0,1,0,0,0,1,0,0,0,0,0,0,0,0,0,0,0,0,0,0,0,0,0,0,0,1,0,0,0,0,0,0,0,0,0,0,0
4,114.624576226079,1082.44997786165,0.206284833816032,7,20,52.2977057998805,-1.72393288179586,3,76.3095343136855,17.7506216458644,36.4590622522346,18.6429566149027,13.8104400412626,3049978.37156141,275.443691666414,0.0012732442598347,223.350443708652,6.80691160587705,1981,0,0,0,0,0,0,0,1,1,0,0,0,1,0,0,0,0,0,0,0,0,0,0,1,0,0,0,0,0,0,0,0,0,0,0,0,0,0,0,0,0,0,0,0
3,35.7838291068807,256.189218593634,0.229206015197776,14,23,52.4302470840201,-0.902510019481115,3,76.2691869943651,17.7537149589406,37.413007453133,18.6338062224075,13.7996889488175,1008690.64632146,276.320001834543,-0.0010685735648572,235.238548648709,3.58893006128034,1995,0,0,1,0,0,0,0,0,1,0,0,0,0,0,0,1,0,0,0,0,0,0,0,0,0,0,0,0,0,0,0,0,0,0,0,0,0,0,1,0,0,0,0,0
7,37.8172690140712,459.042259295536,0.208235575325453,17,7,52.8309521993942,-1.51181529731495,2,76.3704341154128,17.7658121163525,36.4778493514053,18.64333268219,13.7924758234762,-4923.28748576578,278.391181513899,0.0005370650006315,188.558792091337,3.20472812525946,1989,0,0,0,0,0,0,0,0,0,1,0,0,0,0,0,1,0,0,0,0,0,0,0,0,0,0,0,0,0,0,0,0,0,0,0,0,1,0,0,0,0,0,0,0
6,45.5510738857881,1355.61910696574,0.21629542593987,23,16,52.3925223548398,-1.36864929141248,3,76.3271735153835,17.7527776736482,36.4537401511373,18.6343729343735,13.8040057524398,1569445.14733208,281.823639137602,0.0007427146626553,253.055049668585,8.84532198404371,1990,0,0,0,0,1,0,0,0,0,0,0,0,0,0,0,1,0,0,0,0,0,0,0,0,0,0,0,0,0,1,0,0,0,0,0,0,0,0,0,0,0,0,0,0
6,-42.3693239180709,502.910218950941,0.159508825083587,4,0,53.0397964274985,-2.28495849359333,6,76.3416715733091,17.730608959986,36.4644108900496,18.639848560375,13.8285096155985,6323767.7764561,279.371767878588,0.000730942351218,286.869222947192,1.59138736875127,1991,0,0,0,0,1,0,0,0,0,0,1,0,0,0,0,1,0,0,0,0,0,0,0,0,0,0,0,0,0,0,0,0,0,0,0,0,0,0,1,0,0,0,0,0
0,28.4993928888031,165.335099947097,0.213812091077937,21,21,51.9359989114522,-0.603483890804513,8,37.2406746233187,38.9070517062677,19.9692313950232,18.6408294530845,12.4594013750168,8479327.44455235,288.382907331096,0.0002405876506932,205.690753279398,1.53632255192001,1997,0,0,0,0,0,0,0,1,1,0,0,0,1,0,0,0,0,0,0,0,0,0,1,0,0,0,0,0,0,0,0,0,0,0,0,0,0,0,0,0,0,0,0,0
8,-120.995766803081,1878.16946654717,0.190770151595082,9,16,53.6453922881026,-2.09346463478478,5,76.2936079904193,17.6705236699437,37.940608787832,18.6351163599338,13.8287730489909,4504421.86518686,279.294045830931,0.0009590489369968,279.66980900518,2.41120386516421,1997,0,0,0,1,0,0,0,0,0,1,0,0,0,0,1,0,0,0,0,0,0,0,0,1,0,0,0,0,0,0,0,0,0,0,0,0,0,0,0,0,0,0,0,0
6,166.807983359941,732.742297345835,0.168148098239048,10,1,53.7400644422477,-1.91245185961254,7,76.5159916896083,17.7595430774901,36.4799837358635,18.6419188068349,13.8131024407465,7564238.22949154,288.070050825528,0.0007485449166271,211.855762609662,7.69402074124416,1988,0,0,0,0,1,0,0,0,0,1,0,0,0,0,0,1,0,0,0,0,0,0,0,0,0,0,0,0,0,0,0,0,0,0,0,0,1,0,0,0,0,0,0,0
5,65.4568605153037,1169.46923046793,0.254228528966528,14,16,51.1983884367575,-1.44000311973824,10,76.4057383160381,17.7670945594464,36.4623399474134,18.642955482149,13.7908556941035,3926837.54720963,282.618898569369,-4.48431432341055e-05,209.148687299072,6.22188188002751,1993,0,0,0,1,0,0,0,0,0,1,0,0,1,0,0,0,0,0,0,0,0,0,0,0,0,0,0,0,0,0,0,0,0,0,0,0,1,0,0,0,0,0,0,0
3,-68.1380797713747,296.677871753481,0.193010436046919,13,1,52.2865400233899,-1.60806661975044,8,75.6651347980532,17.7178875035359,36.4902550136761,18.6409134290387,13.8430961270487,7332049.01966256,287.666393075832,0.0001822670177931,226.390781058483,1.67582620222235,1990,0,0,0,0,0,1,0,0,0,0,0,0,1,0,0,0,0,0,0,0,1,0,0,0,0,0,0,0,0,0,0,0,0,0,0,0,0,0,0,0,0,0,0,0
6,104.267945388934,961.57155332679,0.200192757283915,15,16,51.1489389407789,-3.1475864828765,7,76.3410536734224,17.7216996795038,36.4488382343702,18.6392446384238,13.8102924739309,3472190.92471926,292.446211263112,0.0005820525283113,299.191291006248,4.11078282596871,1981,0,0,0,0,0,0,1,0,0,0,0,0,1,0,0,0,0,0,0,0,0,0,0,0,0,0,0,0,0,0,0,0,0,1,0,0,0,0,0,0,0,0,0,0
0,35.7501277414166,1285.11550100738,0.137188052193658,2,14,50.551048775731,-0.911621153042605,8,3.2642085414736,48.0042228028829,29.0170173964241,17.6941861182968,3.57902875634491,10743365.7644056,293.842115440143,0.0013129825251094,131.413955560321,2.12628990407854,1999,0,0,0,0,1,0,0,0,0,0,1,0,1,0,0,0,0,0,0,0,0,0,0,1,0,0,0,0,0,0,0,0,0,0,0,0,0,0,0,0,0,0,0,0
8,112.423956594603,1824.61131163921,0.235041554771523,30,16,52.1669591097797,-1.92995095039121,7,76.3439440139327,17.7493623401467,36.4915577347397,18.6388282768794,13.8075308266883,5338954.23413555,295.567039816791,7.10854410776487e-05,224.914675246971,7.87402111605549,1990,0,0,0,0,0,0,0,1,1,0,0,0,0,0,0,1,0,0,0,0,0,0,0,0,0,0,0,0,0,0,0,0,0,0,0,0,0,0,0,0,1,0,0,0
6,29.3175480108189,899.872377048239,0.267275878559272,19,8,53.642573806126,-0.223225587456286,3,76.3134594821277,17.7683336371989,36.4909931532162,18.6402657702373,13.8056447891557,1579066.81887151,276.706288647769,-0.0021903196977117,232.026152388715,3.42066097744776,1982,0,0,0,0,0,1,0,0,0,0,1,0,0,0,0,1,0,0,0,0,0,0,0,0,0,0,0,0,0,0,0,0,0,0,0,0,0,0,0,0,0,1,0,0
0,125.018601106783,634.447318405644,0.240280140680168,28,5,53.1826804308073,-1.47031357488022,7,-17.0035061527436,43.0400565922989,17.7375359441399,18.6489242978608,7.69706480278214,17494.3029094664,287.004274560445,-0.000139116502233,270.465171856596,6.19758412351649,1997,1,0,0,0,0,0,0,0,0,0,0,0,1,0,0,0,0,0,0,0,0,0,0,1,0,0,0,0,0,0,0,0,0,0,0,0,0,0,0,0,0,0,0,0
9,-5.66004868152029,1781.46718084019,0.173327091228497,25,16,51.8321888401102,-2.19163985916464,6,76.2887247721859,17.732130322994,36.524343233163,18.6423130859801,13.7970979315628,7622742.82192012,291.692817114093,-0.0002533512946726,-88.9020606059709,3.54101212995972,1988,1,0,0,0,0,0,0,0,0,0,0,0,0,0,0,1,0,0,0,0,0,0,0,0,0,0,0,0,0,0,0,1,0,0,0,0,0,0,0,0,0,0,0,0
4,186.407046337287,480.426467861195,0.140526710278391,1,21,52.1213504551328,-1.30673323283996,12,76.341724797038,17.7397428320532,36.4788442787341,18.63189923533,-9.69815655500388,4466716.26330935,278.71064496229,-0.0093631841733665,229.143852764663,3.61406799539865,1993,0,0,0,0,1,0,0,0,0,1,0,0,1,0,0,0,0,0,0,0,0,0,0,0,0,0,0,0,1,0,0,0,0,0,0,0,0,0,0,0,0,0,0,0
3,143.829256067203,887.711069770662,0.185081771804695,9,0,51.8166570871308,0.0316819479287931,5,76.3914402288063,17.7400478320271,36.4439391126159,18.6398268606084,13.8301199623362,4107114.14731185,280.641080167967,0.0006631266849515,302.55134593079,4.7064237446644,1985,0,0,0,1,0,0,0,0,0,1,0,0,1,0,0,0,0,0,0,0,0,0,0,0,0,0,0,0,0,0,0,0,0,0,0,0,0,0,0,0,1,0,0,0
0,-112.743966332598,27.5333458991149,0.192550235318635,3,5,50.8777172820336,-2.10621022381209,5,49.9341786073173,34.4164375114211,45.1983955815435,18.6427354875665,0.336418886407305,185200.656074882,286.22806938933,0.0003140475781125,92.2751478170295,1.15208545082382,1997,0,0,1,0,0,0,0,0,0,1,0,0,1,0,0,0,0,0,0,1,0,0,0,0,0,0,0,0,0,0,0,0,0,0,0,0,0,0,0,0,0,0,0,0
4,122.176892175483,249.957799420583,0.222865289035806,31,4,53.0578721617111,-2.06471460839722,4,76.2889812354526,64.8251109734067,36.5051080840429,18.6726841039916,13.8301926076619,8.14169093146283,277.167289468671,-8.08812077735119e-05,230.754559136842,2.87048080494514,1992,0,0,1,0,0,0,0,0,0,0,1,0,0,0,0,0,0,0,0,0,0,0,0,0,0,0,0,0,0,0,0,0,0,0,0,0,0,0,0,0,0,0,0,1
2,7.36832416231339,1138.17293675634,0.144635194196623,30,15,53.1238805278587,-1.29916411472772,7,64.8058113014958,-1.80592626780597,20.2860420784933,18.6466885467637,14.5716127632178,4704114.50805792,293.166727142601,0.0001953320612946,132.15669060575,4.20831120936296,1994,0,0,0,0,0,0,1,0,1,0,0,0,1,0,0,0,0,0,0,0,0,0,0,0,0,0,0,0,0,0,0,0,0,0,0,0,0,0,1,0,0,0,0,0
0,65.653792662092,1504.78679560751,0.165546124047226,15,16,52.8127327662601,-1.41587719260861,5,68.2136831052932,11.1362741610904,35.3409081360746,18.6435540598971,13.5244381741801,5148819.88206127,291.572510966454,-0.0002237811117699,320.468613589759,3.28777562120617,1995,0,0,0,1,0,0,0,0,0,0,1,0,1,0,0,0,0,0,0,0,0,0,0,1,0,0,0,0,0,0,0,0,0,0,0,0,0,0,0,0,0,0,0,0
8,63.6285342111075,-366.072392906989,0.201732831771054,4,7,52.3743246088336,0.70883497794458,5,76.3022953176562,17.741359020724,36.4925371322555,18.6404008028075,13.7884982959844,-124528.652491838,284.094542939748,0.000271936529191,144.717216732461,2.81137528629235,1989,0,0,1,0,0,0,0,0,0,0,0,0,1,0,0,0,0,0,0,0,0,0,0,0,0,0,0,0,0,0,0,0,0,1,0,0,0,0,0,0,0,0,0,0
6,182.37916148391,-177.775890606128,0.200082953977928,2,0,51.7854326821353,-1.39256931398584,6,81.4996916494791,17.7402740401945,36.4752327699225,18.6380733331449,13.8135548629163,2656605.82107262,280.591965862225,0.002311095652716,210.466214053373,0.665648733764487,1987,0,0,0,0,0,0,1,0,0,0,0,0,1,0,0,0,0,0,0,0,0,0,0,1,0,0,0,0,0,0,0,0,0,0,0,0,0,0,0,0,0,0,0,0
6,164.290806514457,439.051896347865,0.138829901077859,9,3,51.0557861965716,-1.89197210790569,1,76.3476738072167,17.737049351155,36.467914618916,18.6421315434996,13.789686349306,1278536.57407863,272.638284369572,1.50953287353662e-05,50.9822221215152,5.69737180458687,1997,0,0,0,0,1,0,0,0,0,0,0,0,0,0,0,1,0,0,0,0,0,0,0,0,0,0,0,0,0,0,0,0,0,0,0,0,0,0,0,0,0,0,0,1
0,70.4833863131893,99.5649706906998,0.167148128241232,14,5,52.6474861204518,-0.0457521410001138,10,64.0741402467093,3.61243412556999,43.155909925487,18.6473845431844,0.725231129182086,55783.5259276014,281.126633904744,0.0008230749322515,162.550127904228,2.86587316985252,1996,0,0,0,0,0,0,0,0,0,0,1,0,1,0,0,0,0,0,0,0,0,0,0,1,0,0,0,0,0,0,0,0,0,0,0,0,0,0,0,0,0,0,0,0
5,-76.7444825347501,1341.22076170245,0.149184551825688,9,16,52.4166786624072,-3.32398749131081,9,76.2453271588072,17.7521709211424,36.5014213266223,18.6397296556603,13.8168268225904,6445538.61167197,291.584128956056,-0.0001638861621444,217.574130287592,6.79972594612125,1987,0,0,0,1,0,0,0,0,0,1,0,0,0,0,0,1,0,0,0,0,0,0,0,0,0,0,0,0,0,0,0,0,0,0,0,0,1,0,0,0,0,0,0,0
3,43.5665989857607,584.525678421383,0.27276937262318,19,18,53.359810849513,-3.3244664141887,12,76.2973633895107,17.7651020066393,36.5150919287552,18.6300949887403,13.7931456206361,-172841.948557266,268.490580171826,-0.0002591847756688,130.237964108385,6.0089270143975,1981,0,0,0,0,0,1,0,0,0,0,1,0,0,0,1,0,0,0,0,0,0,0,0,0,0,0,0,0,0,0,0,1,0,0,0,0,0,0,0,0,0,0,0,0
3,-70.9462233316113,405.470947944626,0.240376170801543,17,2,51.9960515803187,-0.966748783280491,2,76.3236995177213,17.7554720580816,36.4990774894486,18.6383330199155,13.8411825130244,2459243.0404079,274.280497955209,-0.0006309829554901,97.0249628694392,5.80824118037085,1983,0,0,0,1,0,0,0,0,0,0,1,0,0,0,0,1,0,0,0,0,0,0,0,0,0,0,0,0,0,0,0,0,0,0,0,0,0,0,1,0,0,0,0,0
0,-44.16123747434,934.01048683041,0.184225951270267,23,18,54.139706086699,-0.803060735486795,9,37.8366785474566,17.7353845250272,39.1900115174382,18.6587395164529,-4.84275966275314,5391422.92570951,285.273989037247,-0.0004428367592365,313.914569511734,3.34799526404929,1992,0,0,0,0,0,0,0,0,1,0,0,0,1,0,0,0,0,0,0,0,0,0,0,0,0,0,0,0,0,0,0,0,0,0,0,0,0,0,0,1,0,0,0,0
1,-11.4541486709397,1095.35621017852,0.223775798191655,23,7,51.4373841741727,-0.640336319396561,1,35.5707791663585,48.5232704258219,38.7043997606938,18.6434392477851,23.5984518997244,-21373.9024936227,280.717435087482,0.002180679352518,93.7970895683719,7.49271872171451,1998,0,0,0,0,0,1,0,0,0,0,1,0,1,0,0,0,0,0,0,0,0,0,0,1,0,0,0,0,0,0,0,0,0,0,0,0,0,0,0,0,0,0,0,0
7,177.077527141859,1109.18766626056,0.122957373222297,8,22,52.0528774952618,-3.2234600330095,6,76.306606264668,17.786917841176,36.4729861558769,18.6371932780601,13.8181588724678,4032302.42229653,287.397791457586,0.0016342507780038,216.22579854043,9.55376239090715,1981,0,1,0,0,0,0,0,0,0,0,1,0,0,0,0,1,0,0,0,0,0,0,0,0,0,0,0,0,0,0,0,0,0,0,0,0,0,0,0,0,0,0,0,1
6,4.18750710758798,960.689173891202,0.213697150875291,17,5,52.3275486730159,-0.241996465270778,1,76.3343372325462,17.7388069844018,36.4759425888996,18.6430654000387,13.8034002011224,-52360.1025637223,274.36452869141,0.0005886384508663,99.9352821652308,7.61666562969253,1985,0,0,0,0,0,1,0,0,0,0,0,0,1,0,0,0,0,0,0,0,0,0,0,1,0,0,0,0,0,0,0,0,0,0,0,0,0,0,0,0,0,0,0,0
7,182.965474843251,769.251560814455,0.205045789900866,16,12,51.1304642860838,-0.463119740204358,11,76.2980131724166,17.7685188190273,36.4925852068654,18.6463357436084,13.8209521038014,693406.721299876,280.686665852892,0.0026951252716767,294.394060471771,8.32154397446787,1992,0,0,0,0,0,0,1,0,0,0,0,0,1,0,0,0,0,0,0,0,0,0,0,0,0,0,0,0,0,0,0,0,0,0,0,0,1,0,0,0,0,0,0,0
5,150.774872012479,-147.586061974466,0.214836403310664,24,10,53.2814246344543,1.75989786576404,9,76.3736025516049,17.7579244905722,36.4577748196352,18.6269521083277,13.811131180748,453512.816741479,288.341492635669,0.0039131176584899,144.541604971629,7.13170020704932,1992,0,0,1,0,0,0,0,0,1,0,0,0,1,0,0,0,0,0,0,0,0,0,0,0,0,0,0,0,0,0,0,0,0,0,0,1,0,0,0,0,0,0,0,0
9,26.9971630846816,992.245759934517,0.195341757925533,14,11,51.7561798876718,2.28926264312892,4,72.7036822051136,20.4667847578088,36.4730497599716,18.6326523566829,12.1229191881162,2969791.50214418,284.523569906896,0.001886406086249,36.7764230915493,6.44157384171236,1991,0,0,0,0,0,0,1,0,0,0,1,0,1,0,0,0,0,0,0,0,0,0,0,1,0,0,0,0,0,0,0,0,0,0,0,0,0,0,0,0,0,0,0,0
1,129.750728013811,813.389326602139,0.14248619542475,16,16,52.2151505391365,-1.64039387290125,3,-986.990789089996,19.8302348969017,35.2573398091957,14.9558190910835,18.8238693691259,-1772688.26441866,283.2775448088,0.0012345185582076,297.551988822162,3.89683575507379,1998,0,1,0,0,0,0,0,0,0,0,1,0,0,0,0,1,0,0,0,0,0,0,0,0,0,1,0,0,0,0,0,0,0,0,0,0,0,0,0,0,0,0,0,0
0,142.601573689629,328.806218497086,0.202621468890517,23,8,51.6685067420749,-1.14990632270766,8,55.032816986447,4.71113281692264,37.4497333132721,18.6480423680008,-0.261450847070761,335613.260469936,289.033954778894,0.0004327546770561,108.829154963923,3.07071163937879,2000,0,0,0,0,0,0,0,0,0,0,0,0,1,0,0,0,0,0,0,0,0,0,0,1,0,0,0,0,0,0,0,0,0,0,0,0,0,0,0,0,0,0,0,0
0,50.0171105241905,988.269776214024,0.164971634722587,4,2,52.8544999826218,-0.60320075833841,2,49.0076111436761,29.3469199328332,30.1359807511887,18.6415763489788,13.0164380752148,472238.617435439,274.338276371494,0.0004492529613415,185.215081899873,9.58350920507306,1994,0,0,0,0,1,0,0,0,0,1,0,0,1,0,0,0,0,0,0,0,0,0,0,1,0,0,0,0,0,0,0,0,0,0,0,0,0,0,0,0,0,0,0,0
0,134.431765204396,344.379285390601,0.199453100986733,18,8,51.5140923051588,-3.83243364606676,1,268.344932463681,27.5951803449724,25.0886927127977,17.7314422833295,11.6928276060912,584298.943694022,280.46781986693,-0.0053002723266045,301.568801959613,3.14023242226471,2000,0,0,0,0,1,0,0,0,0,0,0,0,1,0,0,0,1,0,0,0,0,0,0,0,0,0,0,0,0,0,0,0,0,0,0,0,0,0,0,0,0,0,0,0
4,-43.4838495469299,88.7950468925165,0.197925289848074,13,8,53.7074822371731,-4.10174937919777,12,19.7793793094067,17.746897776376,36.4571307274962,18.644925921681,13.8103057653249,239053.15641162,276.248477668849,-0.0029524890831016,227.036611182896,2.59861257082958,1990,0,0,0,1,0,0,0,0,0,1,0,0,1,0,0,0,0,0,0,0,0,0,0,0,0,0,0,0,0,0,0,0,0,0,0,0,0,0,0,0,0,1,0,0
7,71.3527179592511,758.715363390705,0.152565839015229,30,11,51.7023804210348,-1.99013109731909,12,76.3298564870498,17.7367689113398,36.5181409653163,18.6456993006545,13.7970493151973,2159751.18052226,275.822215984814,-0.0085812979878999,146.383393914329,4.05723681064132,1981,0,0,0,0,0,0,0,1,1,0,0,0,0,0,0,1,0,0,0,0,0,0,0,0,0,0,0,0,0,0,0,0,0,0,0,0,0,0,0,1,0,0,0,0
3,72.0426286405245,1645.18010952242,0.160969675039,13,19,52.5240070206668,0.652901813479865,6,76.3333705264065,17.7452883568539,36.4677788731833,18.6406569155305,13.8251987195611,6045822.79389213,283.804073976498,0.0006255085739917,144.797941320035,6.55626325608321,1993,0,1,0,0,0,0,0,0,0,0,1,0,1,0,0,0,0,0,0,0,0,0,0,0,0,0,0,0,0,0,0,0,0,0,0,0,0,0,0,0,0,0,0,1
8,58.9540274401652,176.143500285092,0.150259575887645,7,22,52.4818269176696,0.768088515943197,11,76.3359304473453,17.7221005490398,36.4276666251189,18.6375588911951,13.8112700161411,4067756.25672225,280.090177888283,-0.0091625601507559,151.341276818707,1.78309610804729,1987,0,0,0,0,0,0,1,0,1,0,0,0,0,0,0,1,0,0,0,0,0,0,0,0,0,0,0,0,0,0,0,0,0,0,0,0,0,0,0,0,0,0,1,0
2,28.4299299748171,176.830297254234,0.140449711296606,21,22,50.4472127011979,0.154292753630688,7,44.5666417045836,22.7718031171221,31.9885290077065,18.6420139283908,8.74577174735164,7854554.9206017,287.290630047493,0.0019006570140675,20.2949978702279,2.95094714854755,1997,0,1,0,0,0,0,0,0,0,1,0,1,0,0,0,0,0,0,0,0,0,0,0,0,0,0,0,0,0,0,0,0,0,0,0,0,0,0,0,0,0,1,0,0
0,121.812332427291,1181.47939899722,0.238899451803357,3,20,51.2557091296342,-1.12100231680986,8,64.7126213241383,-17.5842993470655,39.9513941976741,18.6370829911034,9.66732393180799,5892147.46158717,288.779568503024,0.0010626743040205,257.979981765379,8.37056282256406,1985,0,0,0,1,0,0,0,0,1,0,0,0,0,0,0,0,0,0,0,0,0,0,0,0,0,0,1,0,0,0,0,0,0,0,0,0,0,0,0,0,0,0,0,0
2,184.00864331415,-51.4885104929012,0.232397130329261,26,6,51.8038043787133,-2.36646712825638,10,56.9153182119424,4.63015859970295,36.3528218215921,18.6406641833245,9.87703106546911,45536.9515162556,274.409488531978,-0.0009760344490673,-46.812961935434,1.65140657822707,1997,0,0,0,0,1,0,0,0,0,0,1,0,1,0,0,0,0,0,0,0,0,0,0,1,0,0,0,0,0,0,0,0,0,0,0,0,0,0,0,0,0,0,0,0
7,40.0022928105967,298.39761488542,0.241374003041946,5,12,51.9508308414495,0.809273815405354,12,76.3290663733992,17.7453286203849,36.4941835404307,18.6476321101808,13.7976933039571,2845323.48989734,276.374712833137,-0.0097289426102055,15.7154073774153,1.8448430903549,1989,0,1,0,0,0,0,0,0,0,0,1,0,0,0,0,1,0,0,0,0,0,0,0,0,0,0,0,0,0,0,0,0,0,0,0,1,0,0,0,0,0,0,0,0
2,189.930179589627,379.247915400667,0.172963823236326,11,19,54.6799856896439,-0.143169905792364,9,101.234211753788,17.5449596295403,39.0509953434972,18.6364655800541,3.19226125229365,4938076.09510847,287.742131958031,-0.0002863121113189,249.503869196547,5.32291469407143,1997,0,0,0,1,0,0,0,0,1,0,0,0,0,0,0,1,0,0,0,0,0,0,0,0,0,0,0,0,0,0,0,0,0,1,0,0,0,0,0,0,0,0,0,0
7,167.65840562699,409.421056866632,0.19988788516866,20,17,52.9533207990904,0.0753730488897217,3,76.6801543706238,17.7481596753037,36.4668700306626,18.6452782404717,13.7870151238833,4033989.10272957,279.721676130792,0.0002433044904363,93.3472816425414,3.8854307559093,1982,0,0,0,0,0,0,0,0,0,1,0,0,0,0,0,1,0,0,0,0,0,0,1,0,0,0,0,0,0,0,0,0,0,0,0,0,0,0,0,0,0,0,0,0
6,224.813868312382,829.581969691946,0.242878246636949,1,3,54.9289998115639,-4.20151928103187,3,76.4179622116343,17.7544997521957,36.4825813293333,18.637623639368,13.8426544250341,-724739.589447613,270.540651478426,1.60349401848889e-05,129.226124643145,4.46025825003431,1985,0,0,0,0,0,0,0,1,0,0,1,0,1,0,0,0,0,0,0,0,0,0,0,0,0,0,0,0,0,1,0,0,0,0,0,0,0,0,0,0,0,0,0,0
0,28.3578618362763,287.194454626954,0.149176663251032,8,9,51.1526574061715,-0.902112297636352,2,49.534959195256,13.5247013729801,30.8967660842127,18.6482424077238,16.9343653448354,134379.883178778,278.987601707964,-0.0005593436801312,223.740686269629,3.56921911048354,1998,1,0,0,0,0,0,0,0,1,0,0,0,1,0,0,0,0,0,0,0,0,0,1,0,0,0,0,0,0,0,0,0,0,0,0,0,0,0,0,0,0,0,0,0
4,-58.1051291551056,331.643252177329,0.245040485527019,22,0,51.2069296403358,-0.217579802365699,2,76.3026839873536,17.7504118909829,36.4590617947954,18.6392512087516,13.8104399350071,974615.620324772,275.451461931734,-0.0002364180254152,123.132718997709,8.45742937745742,1981,0,0,0,0,0,0,1,0,0,0,1,0,1,0,0,0,0,0,0,0,0,0,0,1,0,0,0,0,0,0,0,0,0,0,0,0,0,0,0,0,0,0,0,0
1,-116.795667952685,738.219439132825,0.150403259788668,3,15,51.1778813140497,0.0419176708280455,2,95.4447691786627,17.7388332502032,36.4853252923956,18.642955569598,13.7999140590782,97116.4558735679,283.171237781181,0.0007334567207485,239.912861885346,3.88084478860349,1993,0,0,0,1,0,0,0,0,0,1,0,0,1,0,0,0,0,0,0,0,0,0,0,0,1,0,0,0,0,0,0,0,0,0,0,0,0,0,0,0,0,0,0,0
0,121.432498398315,90.6056841249838,0.187006167871867,4,23,52.9569720422291,-1.6081435895549,5,15.2264357035933,17.7271575439958,38.0207450334157,18.6445241279514,14.9106792116618,6193588.29474794,283.86818439594,0.0024633287767206,133.318852470083,2.2623191647897,1995,0,1,0,0,0,0,0,0,0,1,0,0,1,0,0,0,0,0,0,0,0,0,0,0,1,0,0,0,0,0,0,0,0,0,0,0,0,0,0,0,0,0,0,0
7,32.9837578921462,929.56630605668,0.219526029291007,1,15,52.8591324627142,0.81413270656671,12,76.3427801143705,80.5920635408283,36.4804014820769,18.5999747535287,13.781883936153,2724797.82809156,278.532561759549,-0.0001278693941426,202.489490316541,7.41749851243899,1992,0,0,0,0,0,0,1,0,1,0,0,0,0,0,0,0,0,0,0,0,0,0,0,0,0,0,0,0,0,0,0,0,0,0,0,0,1,0,0,0,0,0,0,0
3,13.7324258334728,395.674630218532,0.187070392158279,12,12,52.96417460495,-0.513117663134142,10,76.3404504614112,17.7612932031502,36.5032219240394,18.6363380041281,13.7851547022696,4305110.25303218,286.310999764726,-0.0011746637672607,154.122037031617,2.16672082091653,1985,1,0,0,0,0,0,0,0,0,1,0,0,1,0,0,0,0,0,0,0,0,0,0,0,0,0,0,0,0,0,0,0,0,0,0,0,0,0,0,0,0,0,0,0
7,-74.3020228397209,1150.51655954151,0.247598151289572,19,20,53.3710936994029,-0.695424275540637,8,76.3338558518941,17.7810807063039,35.1804094131051,26.4913925508987,13.8095269899533,8758738.24904433,290.130671576091,0.0022753063133605,225.700585502703,4.44961402059716,2000,0,1,0,0,0,0,0,0,0,0,1,0,0,0,0,1,0,0,0,0,0,0,0,0,0,0,0,0,0,0,0,0,0,0,0,0,0,0,0,0,0,0,0,1
2,141.74409026499,898.355652366062,0.168522593885282,31,2,51.8063022683161,0.141499224168944,7,77.0993136462483,22.2973163512151,42.2194458935736,18.6429554224242,-8.19756500116763,3732124.99337086,287.31692781269,0.0018986551617685,273.364538195736,7.45522074645923,1993,0,0,0,1,0,0,0,0,0,1,0,0,1,0,0,0,0,0,0,0,0,0,0,1,0,0,0,0,0,0,0,0,0,0,0,0,0,0,0,0,0,0,0,0
3,-58.2328076538374,1708.91071600479,0.138620468452379,15,16,52.5160590109942,-2.62265532341806,5,60.2352561526461,17.7436294792922,36.5706317113556,18.6398058886516,16.0361876789209,6467544.36918371,285.51383346377,0.0005789021798453,239.228046504942,7.37241496816574,1993,0,1,0,0,0,0,0,0,1,0,0,0,0,0,0,1,0,0,0,0,0,0,0,1,0,0,0,0,0,0,0,0,0,0,0,0,0,0,0,0,0,0,0,0
9,61.9523820522075,622.705862937334,0.187821616352415,3,3,51.3343548252132,0.227804911169749,5,79.4846034893981,17.7367628170784,36.4846300385543,18.6506578796733,23.40367202199,1425548.65289968,279.670847241724,2.9542039065129e-05,147.339914774837,2.39166685787274,1984,0,0,0,0,0,1,0,0,1,0,0,0,0,0,0,1,0,0,0,0,0,0,0,1,0,0,0,0,0,0,0,0,0,0,0,0,0,0,0,0,0,0,0,0
0,85.7339732150313,531.463853337277,0.127514132495929,17,20,51.5247112100325,0.571971893810336,8,34.3314700747213,37.5776308457628,40.3430550673927,18.6406569426435,17.2334081005225,7364654.25027603,289.147990155872,-0.000455812578581,84.7038482813601,3.97974660043213,1993,0,1,0,0,0,0,0,0,0,1,0,0,1,0,0,0,0,0,0,0,0,0,0,0,0,0,0,0,0,0,0,0,0,0,0,0,0,0,0,0,0,1,0,0
2,3.69226988085092,414.776367668451,0.265387015332304,15,3,53.1875282633453,-3.25828862921358,5,51.5253590139531,17.7226087173228,36.4730496923401,18.6421523591026,15.211766460377,1109018.35352153,282.023713159088,0.0005598242600227,322.707943401563,5.66011112503099,1991,0,0,0,1,0,0,0,0,0,0,0,0,1,0,0,0,0,0,0,0,0,0,0,1,0,0,0,0,0,0,0,0,0,0,0,0,0,0,0,0,0,0,0,0
4,-50.752801517124,1211.68812449604,0.211538688357182,9,18,52.2874834453862,-0.403785951133346,7,76.3606230437794,69.3010677831544,36.4619388144211,18.6332880144678,13.8308633217334,7138509.06463051,288.940819590032,0.000476783845329,255.093052344646,7.61999108427017,1993,0,0,0,0,1,0,0,0,0,0,0,0,0,0,0,0,0,0,0,0,0,0,0,0,0,0,0,0,0,0,0,0,0,0,0,0,0,0,0,0,0,0,0,1
7,109.957584857446,1639.81408344643,0.233609746289005,6,18,53.9205652165711,-1.51358777391282,8,76.3640636307763,17.734663868094,36.4810818449165,18.6427627136337,13.8019855045761,8596472.11243568,288.288017029822,0.0006959735972403,296.176584684339,6.87863790173548,1985,0,0,0,0,1,0,0,0,1,0,0,0,1,0,0,0,0,0,0,0,0,1,0,0,0,0,0,0,0,0,0,0,0,0,0,0,0,0,0,0,0,0,0,0
4,91.2174559883118,422.239589878421,0.142566861249883,31,6,52.9085603053943,0.0264419007070191,6,76.3718806610426,17.7482538149346,36.4719634875721,18.6437982920803,13.814499798365,154932.504205302,287.806461926607,0.0020163225256318,388.883165442536,4.80039805924488,1982,0,1,0,0,0,0,0,0,0,1,0,0,0,0,0,1,0,0,0,0,0,0,0,0,0,0,0,0,0,1,0,0,0,0,0,0,0,0,0,0,0,0,0,0
6,35.1980367475715,777.904362772002,0.171693621486811,30,0,52.5254578373131,-3.34432597316481,7,76.3454246516414,17.7760499672968,36.4638634429161,18.6395451917137,13.8187690505702,10178437.9244131,287.649899241032,-0.0008500981838257,260.908359962685,4.14398870691769,1993,0,0,0,0,0,0,0,1,0,1,0,0,1,0,0,0,0,0,0,0,1,0,0,0,0,0,0,0,0,0,0,0,0,0,0,0,0,0,0,0,0,0,0,0
2,62.1746132266367,951.929248368587,0.231314493244317,4,4,52.3347044156155,-1.01534350126602,3,-71.5725462473421,28.0039300188444,34.05750246238,18.6419405462924,3.28176121233612,-1.71831782832542,280.991216333193,0.0001719146572556,127.099163132143,8.00706107388242,1991,0,0,0,1,0,0,0,0,0,0,1,0,0,0,1,0,0,0,0,0,0,0,0,0,0,1,0,0,0,0,0,0,0,0,0,0,0,0,0,0,0,0,0,0
6,-2.5507897108765,2248.35776658776,0.217982729003031,24,16,53.4265276283346,-0.384997458184447,5,76.3192243286198,17.7221243483537,36.4423609883103,18.6419105336437,13.8086619074105,5577648.45459285,287.878282952232,0.0010447270601607,202.982089720877,7.58773811311585,1988,0,0,0,1,0,0,0,0,0,0,1,0,1,0,0,0,0,0,0,0,0,0,0,0,0,0,0,0,0,0,0,0,0,1,0,0,0,0,0,0,0,0,0,0
5,149.64892995166,2225.96494595399,0.141988998352545,2,15,52.5549444889522,-0.590384715774156,5,76.4815235063079,17.765378250053,36.4585361308692,18.6464457606872,13.8069687251236,9336828.00880587,288.074504406139,-0.0007594306015274,137.611151852429,4.60035207260408,1994,0,0,0,0,0,0,1,0,0,0,0,0,0,0,0,1,0,0,0,0,0,0,0,0,0,0,0,0,0,0,0,0,0,0,0,0,1,0,0,0,0,0,0,0
3,-10.9617902030593,151.101276234851,0.169862480364465,6,5,50.816632789537,0.190110118633006,8,76.3263270316696,17.7718524215862,36.4510697677546,18.6361186640371,13.8325708172635,-6494.33743035117,284.170290419371,0.0011718572884183,168.799900126886,2.52519820399343,1986,1,0,0,0,0,0,0,0,0,0,1,0,1,0,0,0,0,0,1,0,0,0,0,0,0,0,0,0,0,0,0,0,0,0,0,0,0,0,0,0,0,0,0,0
9,209.514446638396,-137.193712807021,0.13381102220681,13,7,53.3186706754385,-0.408956806981454,6,78.6157329962947,17.7401164223979,36.4757883133209,18.6449576468977,13.8110892035768,137279.450915908,291.16381802778,0.0016266264835919,141.934644238054,4.88642365623262,1989,1,0,0,0,0,0,0,0,0,1,0,0,1,0,0,0,0,0,0,0,0,0,0,1,0,0,0,0,0,0,0,0,0,0,0,0,0,0,0,0,0,0,0,0
5,-0.778057681015092,938.073195410723,0.142351784717699,28,11,52.5212478377436,0.898920470741316,9,76.4479872463483,17.764545595337,36.4633004985705,18.6407680834512,13.8115879661727,7966498.188428,292.553396269747,-0.0004369177918083,80.4074937672419,2.98360460704701,1985,0,1,0,0,0,0,0,0,0,1,0,0,1,0,0,0,0,0,0,0,0,0,0,0,0,0,0,0,0,0,0,0,0,0,0,0,1,0,0,0,0,0,0,0
5,96.974041120042,240.88733742977,0.120565429895499,13,8,52.9639548038744,-1.13080055744915,11,76.3144556603308,17.7500415568477,36.4602611371567,18.6458542788753,13.8151397998453,602180.347956595,277.536486859199,-0.0015319620998624,290.364943317778,4.37434442215933,1981,0,0,0,0,0,0,0,1,1,0,0,0,0,0,0,1,0,0,0,0,0,0,0,1,0,0,0,0,0,0,0,0,0,0,0,0,0,0,0,0,0,0,0,0
7,8.70220754857684,735.330745895996,0.19146617629883,26,12,53.947327892471,-0.0846663760189461,2,76.5491510431615,17.7713367312123,36.4903350386541,18.6389080995008,13.8162974642482,1528810.42193077,274.394140353875,-0.0006624772288456,159.757381694765,4.08416032481461,1987,0,0,0,0,0,1,0,0,0,0,0,0,1,0,0,0,0,0,0,0,1,0,0,0,0,0,0,0,0,0,0,0,0,0,0,0,0,0,0,0,0,0,0,0
8,89.8410115794259,866.345512762371,0.145021973969408,31,3,51.2025035419057,-2.07695257954666,11,76.3289433522862,17.7927411859468,36.4925975783911,18.6495483357273,13.8018416955213,3471429.08197295,286.735343543005,0.001934072770049,139.90823115528,7.31938553525421,1992,0,1,0,0,0,0,0,0,0,0,0,0,1,0,0,0,0,1,0,0,0,0,0,0,0,0,0,0,0,0,0,0,0,0,0,0,0,0,0,0,0,0,0,0
5,7.47781531025961,1468.09627650595,0.20648668364359,6,12,52.9253923351742,-0.870965230430014,8,76.3149471016297,17.7577371933472,36.4498463079007,18.6450412421013,13.8181585010165,6323902.35239815,286.661356612964,-0.0009340352054391,198.240362499484,2.93691408045559,1982,0,0,0,0,1,0,0,0,0,1,0,0,1,0,0,0,0,0,0,0,1,0,0,0,0,0,0,0,0,0,0,0,0,0,0,0,0,0,0,0,0,0,0,0
2,59.4575950148784,775.427559974839,0.184724502170239,3,9,51.0606560113221,-0.309476974269822,8,38.6487844735777,31.6946360536623,35.8491185067984,18.6417788862787,11.6109972069216,1546151.01937591,289.278296846098,0.0008887470878941,157.733429079885,6.33856800179262,2000,0,0,0,0,0,0,0,0,0,0,0,0,0,0,0,0,0,0,0,1,0,0,0,0,0,0,0,0,0,0,0,0,0,0,0,0,0,0,0,0,0,0,0,0
6,26.1944944490589,1274.06291123372,0.232395965891119,2,3,52.5989627381975,-0.986976829649345,3,-2542.06056607045,19.3368741063832,36.4841649606955,18.6382440027338,314306.003546818,-1075110685.8171,276.389950332608,0.0593287880755699,281.826774364643,9.24094155899616,1982,0,0,0,1,0,0,0,0,1,0,0,0,0,0,1,0,0,0,0,0,0,1,0,0,0,0,0,0,0,0,0,0,0,0,0,0,0,0,0,0,0,0,0,0
0,-27.0024846408116,192.080987884873,0.142356482120411,4,21,51.106654381501,-2.20045231010473,9,63.4679137068659,9.46256489515214,40.4239226279305,18.6429554736732,0.0572896319929006,3865534.79715379,285.951337603125,-0.0004820650013282,38.6227006395973,2.83317763975777,1993,0,0,0,1,0,0,0,0,1,0,0,0,1,0,0,0,0,0,0,0,0,0,0,1,0,0,0,0,0,0,0,0,0,0,0,0,0,0,0,0,0,0,0,0
4,93.9541346636215,-29.4042922727728,0.142418044412251,13,2,53.8720298517595,0.154898463150454,5,76.3087130678074,17.7503110789145,36.4590635645347,18.6352062900874,13.8104407189093,-46395.2316200698,282.159061671299,0.004312688031848,134.67281943595,3.83548388641992,1981,0,0,1,0,0,0,0,0,0,0,0,0,1,0,0,0,0,0,0,0,0,0,0,1,0,0,0,0,0,0,0,0,0,0,0,0,0,0,0,0,0,0,0,0
6,166.801156155272,1233.65423710968,0.151489304809706,5,13,51.8769996446763,-1.12163816670072,4,76.3373896561933,17.7301176813236,36.4689677398312,18.6361057578147,13.7975942559137,4532591.57277221,285.049203456116,0.0036976524854606,237.664057879655,11.4444761344149,1991,0,1,0,0,0,0,0,0,0,0,1,0,1,0,0,0,0,0,0,0,0,0,0,0,0,0,0,0,0,1,0,0,0,0,0,0,0,0,0,0,0,0,0,0
6,5.55132421507024,423.946730974425,0.168850429871098,23,11,50.6604135391065,0.138945567113652,10,70.5571308753806,22.8975415455373,35.5515908845311,22.5111950772601,15.5562171853792,1989866.29340242,282.400326436748,0.000318093648211,376.6862395777,3.42776193255858,1991,0,0,0,0,1,0,0,0,0,0,0,1,0,0,0,0,0,0,0,0,0,0,0,0,0,0,0,0,0,0,0,0,0,0,0,0,0,0,0,0,0,0,0,1
6,32.2271004001551,-119.092216398859,0.194438581114177,10,3,50.89465852721,-3.14107727069387,10,76.3554015731736,17.7538219347115,36.5016557764839,18.639542500005,13.8002343615068,2642332.26481455,285.192941216363,-0.0006409348342842,245.057341633727,1.753115855277,1984,0,1,0,0,0,0,0,0,0,0,0,0,1,0,0,0,0,0,0,0,0,0,0,0,0,0,0,0,0,0,0,0,0,0,0,0,0,0,0,0,0,0,0,1
9,154.166434698942,1016.21421848723,0.186210160701419,13,21,50.4008420886977,-0.935966494820955,4,69.9982961765879,62.7309055343592,37.2788350411376,18.6384647946378,12.777078521989,5494431.19988137,278.311061583523,-2.13148578037776e-05,68.4005263478587,6.95386774694187,1981,0,1,0,0,0,0,0,0,0,1,0,0,0,0,1,0,0,0,0,0,0,0,0,0,0,0,0,0,0,0,0,0,0,0,0,1,0,0,0,0,0,0,0,0
5,-54.0680910722867,977.542451101387,0.219053818402732,13,14,53.0806043136238,-1.41515394032773,4,76.3435745065991,17.7364108277218,36.4568472448146,18.6466886966787,13.7911525963994,4184636.92639884,287.207674047761,0.0012637252641031,-103.927678823805,12.8038349480734,1994,0,0,0,0,0,0,1,0,0,0,1,0,1,0,0,0,0,0,0,0,0,0,0,0,0,0,0,0,0,1,0,0,0,0,0,0,0,0,0,0,0,0,0,0
1,80.6373947804506,626.047802783307,0.177614793900457,25,10,52.4423432972279,-0.0018152659008685,5,56.6660830033339,38.3264587257105,20.9564862669867,18.6442147752602,53.9995003268573,3413147.48045096,283.03843948378,-0.0009378761578316,251.821782625488,4.81459470303807,2000,0,0,0,0,0,0,0,1,0,1,0,0,0,0,0,1,0,0,0,0,0,0,0,0,1,0,0,0,0,0,0,0,0,0,0,0,0,0,0,0,0,0,0,0
5,165.466386125244,457.420824777949,0.251175740633965,5,8,52.1599823181029,-1.09854435705996,3,76.4737583544135,17.6888650349482,36.4714083220233,18.6403951545406,13.8403154091189,350334.707235633,277.092164690724,0.0018950930015411,317.140648421913,2.26319066778913,1984,0,0,0,0,0,0,0,1,1,0,0,0,0,0,0,1,0,0,0,0,0,0,0,0,0,0,0,0,0,0,0,0,0,0,0,0,0,0,0,0,0,0,1,0
1,28.9784422003902,220.159272259129,0.22260501092001,15,8,50.9418816278755,-2.75192574720696,3,33.8884576914992,19.646666032476,20.7383119500913,18.6415449504609,28.5950911575826,-497790.14612305,279.104734672824,0.0025453057742326,294.461202932013,2.2793948373125,1998,0,0,0,1,0,0,0,0,0,1,0,0,1,0,0,0,0,0,0,0,0,0,0,0,0,0,0,0,0,0,0,0,0,0,1,0,0,0,0,0,0,0,0,0
9,26.4615322044753,379.922146543915,0.395044426925242,19,22,53.5130738413941,0.337103739526881,12,79.2958321321548,19.0557498423282,34.9303380583982,18.6377589277891,8.79254377283564,2085282.76978199,275.421771063571,-0.0010895089986625,323.392510197366,8.26408293979564,1999,0,0,1,0,0,0,0,0,0,0,1,0,0,0,0,1,0,0,0,0,0,0,0,0,0,0,0,0,0,0,0,0,0,0,0,0,0,0,0,0,0,0,0,0
4,-112.423882878032,748.688282155095,0.138900771119233,17,21,52.1535380020878,-3.31670543903274,4,76.3046063809079,17.7688212247064,36.4746689181535,18.6432221922215,13.8193753388139,5198244.92478419,286.25765821,-0.0009831062589544,207.14544608473,7.36717490553116,1988,1,0,0,0,0,0,0,0,0,0,1,0,1,0,0,0,0,0,0,0,0,1,0,0,0,0,0,0,0,0,0,0,0,0,0,0,0,0,0,0,0,0,0,0
4,45.7028522946074,230.627269507886,0.202948395773995,23,2,52.6692154145953,-2.11622216463395,3,76.3156548592967,17.7539646746914,36.4796239091286,18.6435547904836,13.8172715583815,3193165.42576047,281.168711250299,-0.0005611385893544,200.507863822888,3.95895517054831,1995,0,0,0,1,0,0,0,0,0,0,0,0,1,0,0,0,0,0,0,0,0,0,0,0,0,0,0,0,0,0,0,0,0,0,0,1,0,0,0,0,0,0,0,0
3,170.405996007014,769.609317563323,0.217596438507217,11,10,53.6341993065213,-1.83542232483943,12,76.3013157690117,17.7560781441371,37.1075495895409,18.6428885587843,13.8220908752948,1126808.06324539,275.637222336237,-0.0071623037367507,231.989424226737,9.9699022214775,1994,0,0,0,0,0,1,0,0,0,0,0,0,0,0,0,1,0,0,0,0,0,0,0,0,0,0,0,0,0,0,0,0,0,0,0,0,0,0,0,0,0,1,0,0
8,308.251903144644,664.997483254785,0.157678428060591,24,6,52.5634204531315,-0.297154657676774,8,76.3911702644642,17.7484133038311,36.4519242018387,18.6449278210912,13.806142741502,97408.4899914395,288.854926425552,-0.0006621220200607,270.04541347281,3.12434059965478,1990,0,0,0,1,0,0,0,0,0,1,0,0,1,0,0,0,0,0,0,1,0,0,0,0,0,0,0,0,0,0,0,0,0,0,0,0,0,0,0,0,0,0,0,0
7,243.29106437507,862.762896787789,0.204235156614461,10,12,51.5767675232937,-0.82653693966222,12,-78083.9278981625,21.4310911460804,36.5031185414556,18.7145453424645,10453.9761882962,-522479428.207193,287.098966484665,0.759317563179805,310.260277699467,9.62667005387519,1987,0,0,0,0,0,0,0,0,0,0,1,1,0,0,0,0,0,0,0,0,0,1,0,0,0,0,0,0,0,0,0,0,0,0,0,0,0,0,0,0,0,0,0,0
0,89.5320789218846,-126.429955123059,0.179308553248395,20,2,52.8495907013402,-0.0071223277170644,12,34.0762451028155,15.9065362499921,33.0121418446944,18.6474296834028,29.4888941740661,1930338.71627535,280.390526418374,-0.0033880809638414,70.944153062468,5.40617978142326,1996,0,0,0,0,0,1,0,0,0,0,1,0,1,0,0,0,0,0,0,0,0,0,0,1,0,0,0,0,0,0,0,0,0,0,0,0,0,0,0,0,0,0,0,0
1,21.7458530833253,657.950765629872,0.130345185455233,22,20,52.745104606338,-0.512553337254534,2,43.3703543605673,10.2171179017952,32.5328357176579,18.6392825350564,11.7816708425994,2036582.32491461,277.317322251505,0.0013449924382606,31.1729944873398,2.89366831254605,1982,0,0,0,0,0,1,0,0,1,0,0,0,0,0,0,0,0,0,0,0,0,0,0,0,0,0,0,0,0,0,0,0,0,0,0,0,0,0,0,0,0,1,0,0
0,36.1722433280365,616.177924801642,0.187590265042348,27,6,51.5449174265465,-1.90964380712243,3,97.6787342409411,1.86834654271937,55.0137106595946,18.6208649250221,14.004620980125,113691.321797012,271.613143367239,-0.0039824135194845,199.05733807568,6.63481491091289,1996,0,0,0,0,0,0,1,0,0,0,1,0,0,1,0,0,0,0,0,0,0,0,0,0,0,0,0,0,0,0,0,0,0,0,1,0,0,0,0,0,0,0,0,0
3,-118.393512870881,1063.94912344641,0.204734277375326,14,14,51.1618569279837,-2.96657760528561,8,76.1521771721438,17.7816137894067,36.4883061743446,18.6395423932752,13.8183884846932,2845890.01544871,290.992618205847,0.003850368862981,128.959847760813,2.9936953895917,1984,0,1,0,0,0,0,0,0,0,0,1,0,1,0,0,0,1,0,0,0,0,0,0,0,0,0,0,0,0,0,0,0,0,0,0,0,0,0,0,0,0,0,0,0
5,224.581556202486,136.020373800138,0.107945236429093,4,1,54.1410694551394,0.0329609900584538,2,76.382195242808,17.7004337611009,36.4803293609319,18.6413791628669,13.7610433775907,5908449.87954327,275.804278354076,-0.0040363540603402,19.5371059324829,0.312152573998771,1996,1,0,0,0,0,0,0,0,0,1,0,0,1,0,0,0,0,0,0,0,0,0,0,0,0,0,0,0,0,1,0,0,0,0,0,0,0,0,0,0,0,0,0,0
7,103.203092854365,1351.90748189314,0.203483519207122,14,11,53.5785105962428,-2.02948417371971,6,76.3158352837922,17.7910740295526,36.4783554788886,18.6403628197335,13.8191434622873,6555904.33462599,287.316392884988,0.001228219618595,253.909983408304,2.11357383346562,1989,0,0,1,0,0,0,0,0,0,1,0,0,1,0,0,0,0,0,0,0,0,0,0,0,0,0,0,0,0,0,0,0,0,0,0,0,1,0,0,0,0,0,0,0
8,167.162446822728,50.4302303090234,0.200498806487807,25,7,52.8275645507078,-2.03470405760099,9,76.2097083702958,17.7572174286283,36.482497309676,18.6428444188849,13.8547304887782,288943.288252451,283.304562303665,-0.0093752418167263,70.1545196604837,4.7847570897024,1983,0,0,0,0,0,1,0,0,1,0,0,0,1,0,0,0,0,0,0,0,0,0,0,0,0,0,0,0,0,1,0,0,0,0,0,0,0,0,0,0,0,0,0,0
7,-109.434501658967,1290.56768978592,0.192741813374932,7,12,53.109726900049,0.171982695655201,8,76.1693254780677,17.7739881461187,36.4804594372228,18.6449215021928,13.8059274593452,9141176.78984949,294.996020454578,-0.0015144491393098,295.673364137468,4.35967539596096,1990,0,0,0,1,0,0,0,0,0,0,1,0,1,0,0,0,0,0,0,0,0,0,1,0,0,0,0,0,0,0,0,0,0,0,0,0,0,0,0,0,0,0,0,0
0,78.8736187984151,699.095610834298,0.224557130564753,11,9,52.670333699274,-2.98879229664237,5,58.4619164231333,22.6954819536622,37.2212325354206,18.6426448956574,22.50175504617,-646166.445453943,289.427371239195,0.0012839152146721,191.153025192348,14.0190829721858,1992,0,0,0,1,0,0,0,0,0,0,1,0,1,0,0,0,0,0,0,0,0,0,0,1,0,0,0,0,0,0,0,0,0,0,0,0,0,0,0,0,0,0,0,0
6,2.20053564150137,987.441345576117,0.18529460716611,2,10,52.7393057808511,-0.189763953676018,5,76.3226406854664,17.7315625865561,36.4986008547192,18.6428033225916,13.8069367521144,2059546.34182712,283.937157937076,0.001523037455829,253.917831190283,6.91272001604412,1983,0,0,0,0,0,1,0,0,0,1,0,0,1,0,0,0,0,0,0,0,0,0,0,0,0,0,0,0,0,0,0,0,0,0,0,1,0,0,0,0,0,0,0,0
8,112.218353313128,356.35861882251,0.163070303292803,10,22,53.0921561675054,0.4300579254989,11,76.3493289009556,17.7472188747033,36.4774747491049,18.6395429820149,13.8259896239553,3232015.24064882,283.686454241865,-0.0074519094439402,216.496088631828,4.28158753698703,1984,0,1,0,0,0,0,0,0,0,0,0,0,1,0,0,0,0,0,0,0,0,1,0,0,0,0,0,0,0,0,0,0,0,0,0,0,0,0,0,0,0,0,0,0
8,-89.877947344004,449.318076194729,0.152905620304468,13,2,51.4829973347928,-3.90664417910194,7,76.3244570864149,17.7653831884498,36.4704599417896,18.6410198697928,13.8133670760774,4102067.52449713,288.246473632492,0.0003636966156412,231.677995107224,6.27529074668576,1991,0,0,0,0,0,1,0,0,1,0,0,0,1,0,0,0,0,0,0,0,0,0,1,0,0,0,0,0,0,0,0,0,0,0,0,0,0,0,0,0,0,0,0,0
9,98.0741998308961,2110.56355670745,0.197172387505024,29,16,51.8063439169881,-1.28745187915552,8,59.561133126039,21.3489019460944,29.5740812152353,18.6395939709921,9.83109957685322,7670723.87590478,290.448356363392,-0.0005967077079021,146.793629728065,3.44445426753589,1999,0,0,0,0,0,1,0,0,1,0,0,0,0,0,0,1,0,0,0,0,0,0,0,1,0,0,0,0,0,0,0,0,0,0,0,0,0,0,0,0,0,0,0,0
5,148.134252749731,768.419022205337,0.193794308978648,7,4,52.194815045437,-2.19572299698365,9,76.3384153528577,17.7875227363256,36.5018594733332,18.6415630726431,13.8192714996352,6.00296991598736,284.98304045726,-0.0002788812443528,283.939700929304,7.22489304459684,1992,0,0,0,0,0,0,0,1,1,0,0,0,0,0,0,1,0,0,0,0,0,0,0,0,0,0,0,0,0,0,0,0,0,0,0,0,0,0,0,0,0,0,0,1
7,125.209191164417,620.227474412427,0.175884436988405,25,19,51.7528902916496,-0.371376502321439,11,66.023726249131,37.9847667611485,36.4592876534695,18.7622286011772,15.7786892370224,-62680.6710510768,281.223947082154,0.0011407023851516,58.304715571649,4.48829777347554,1990,0,0,0,0,0,0,1,0,0,1,0,0,0,0,0,0,0,0,0,0,0,1,0,0,0,0,0,0,0,0,0,0,0,0,0,0,0,0,0,0,0,0,0,0
6,-34.3727613639813,640.455099853167,0.133413658308283,5,10,51.2001519095281,0.291263177978621,9,76.3120487567317,17.7371660151134,36.4905212846278,18.6354655037343,13.8262007895232,3634003.7775036,286.40937790664,-0.0037611508687756,307.850638446712,-2.11509582435285,1988,0,1,0,0,0,0,0,0,0,0,0,0,1,0,0,0,0,0,0,0,0,0,0,0,0,0,0,0,0,0,0,0,0,0,0,0,0,0,0,0,0,0,0,1
7,106.330235598376,208.43683254868,0.170634871374865,6,1,52.381852384533,0.493627971954855,9,76.3171975161438,49.8371511208587,36.4804014674109,18.5999751817132,13.781883854151,10697322.6291258,282.684719387278,-0.0041910546255718,201.081380181068,3.59539871855647,1992,0,0,0,0,0,0,1,0,1,0,0,0,0,0,0,0,0,0,0,0,0,0,0,0,0,0,0,0,0,0,0,0,0,0,0,0,1,0,0,0,0,0,0,0
1,7.93132089706748,581.073404233567,0.220388583109074,20,13,54.029605851258,-1.23239394137519,10,5.23657986639186,15.0877354938635,57.4025678208031,18.638019984294,18.8238694517156,859413.971072035,288.644041609525,0.0013624823275892,194.03416645635,7.43020468901968,1983,0,1,0,0,0,0,0,0,0,0,0,0,0,0,0,1,0,0,0,0,0,0,0,0,0,1,0,0,0,0,0,0,0,0,0,0,0,0,0,0,0,0,0,0
9,-58.0958142708917,664.546279513173,0.191255982321673,22,0,53.4992162988342,-0.720357437421297,9,-220.740788262146,21.0829595667046,36.4948381594728,18.6513453019259,13.4811297464566,354542.914037046,284.319487705949,0.0003831695824557,342.32901574588,4.80375264208432,1992,0,0,0,0,0,0,0,0,0,1,0,0,0,0,0,0,0,0,0,0,1,0,0,0,0,0,0,0,0,0,0,0,0,0,0,0,0,0,0,0,0,0,0,0
2,95.5771375127835,280.917348602084,0.116086383946087,9,18,51.5745222968231,-1.23982811377522,12,69.0095168621145,19.2481874882873,38.0703472343103,18.6430370228545,38.9375025762446,3868108.66882216,281.89604009355,-0.0054298776610184,307.590536591147,5.29519698041338,1992,0,0,0,1,0,0,0,0,0,1,0,0,1,0,0,0,0,0,0,0,0,0,0,1,0,0,0,0,0,0,0,0,0,0,0,0,0,0,0,0,0,0,0,0
7,129.439572739175,326.533420701416,0.18499381635122,27,2,52.2506216135428,-1.98066092645237,7,76.2546111561714,17.7150312677984,36.4887746342313,18.6385774439315,35.2440237377998,5883580.03689806,286.39370856428,0.0006436759156418,263.371822249423,3.19414491897929,1994,1,0,0,0,0,0,0,0,0,0,1,0,1,0,0,0,0,0,0,0,0,0,0,0,0,0,0,0,0,0,0,0,0,0,0,0,0,0,0,0,0,0,0,1
5,70.2871263942497,544.583623017803,0.152127265235728,21,6,51.3755242446792,-0.153445817022333,7,76.3089314876377,17.7220570863438,36.4706728708401,18.6394658689588,13.8166601102476,178525.512736339,288.371082728794,0.0004926376908912,288.265837521991,6.59096793441453,1999,0,0,0,0,0,1,0,0,1,0,0,0,0,0,0,1,0,0,0,0,0,0,0,0,0,0,0,0,1,0,0,0,0,0,0,0,0,0,0,0,0,0,0,0
2,133.910100279513,805.811242257234,0.279861604712922,14,0,55.2744446052219,-0.967637267955395,12,79.8359621791023,27.3367702344193,35.6293324564204,18.6485284025621,22.4271186185179,408226.839543326,277.227913056842,0.0004937704212399,261.90161322234,9.94656021604934,1996,0,0,0,0,0,1,0,0,0,1,0,0,0,0,0,0,0,0,0,0,0,0,0,1,0,0,0,0,0,0,0,0,0,0,0,0,0,0,0,0,0,0,0,0
8,-68.4440792960505,313.928161518795,0.192365861781138,4,22,53.8090921287763,0.972317839773676,5,76.3484156327012,17.7552361801657,36.4776198520103,18.6419566493362,13.8075096047644,3788244.3279328,280.202123628691,0.0012217927141012,343.255975006987,-0.486433081628648,1988,0,0,0,1,0,0,0,0,0,1,0,0,1,0,0,0,0,0,0,0,0,0,1,0,0,0,0,0,0,0,0,0,0,0,0,0,0,0,0,0,0,0,0,0
1,150.588157609588,865.566372684214,0.183340424930376,18,5,53.1764212964228,-1.95750911402942,11,99.4297347185148,50.0083884152801,36.0940803849245,18.1512026423882,10.6071726520095,-7655.15744401747,274.914501413846,0.0001907126791967,199.486218196981,9.71547950139267,1981,0,1,0,0,0,0,0,0,0,1,0,0,0,1,0,0,0,0,0,0,0,0,0,0,0,0,0,0,0,0,0,0,0,0,0,0,1,0,0,0,0,0,0,0
1,60.104733838347,-231.369175488064,0.089282709568295,7,1,54.647252914942,-2.95466254148434,12,72.9476282131563,-17.9037941407394,30.8927194289152,16.3558054589623,12.6858302667297,4028531.88765179,275.281116164711,-0.0096496024357094,160.604892891134,0.209909325669183,2000,0,1,0,0,0,0,0,0,0,0,1,0,1,0,0,0,0,0,0,0,0,0,0,1,0,0,0,0,0,0,0,0,0,0,0,0,0,0,0,0,0,0,0,0
9,120.462024832662,792.658960111754,0.215854097345041,27,11,52.5853279946802,-2.38446011649952,3,76.3320787397918,17.7373303489196,36.4920839118644,18.6436216023049,13.8122206141665,4089645.48535428,280.307387617639,0.0009362414358656,137.538621081681,1.55416739219931,1982,0,1,0,0,0,0,0,0,0,1,0,0,1,0,0,0,0,0,0,0,0,0,0,1,0,0,0,0,0,0,0,0,0,0,0,0,0,0,0,0,0,0,0,0
9,-2.91042004848346,200.872681288674,0.197299332368708,31,6,52.3313606020596,-1.49247308352352,4,-23.3862763560611,18.1686035460943,36.4948358606399,18.6353368117382,13.4811296666547,89667.6883609188,279.41072046408,-0.0008688259552829,239.703723741824,3.47149487877766,1989,0,0,0,1,0,0,0,0,0,0,1,0,0,0,0,0,0,0,0,0,1,0,0,0,0,0,0,0,0,0,0,0,0,0,0,0,0,0,0,0,0,0,0,0
0,25.8122647735787,257.004828688273,0.180940257337945,10,6,54.0281639950496,0.656430837881598,9,54.7630373954579,17.7665255138306,34.385931187441,19.9671321250261,-0.110797023223476,361889.911856938,287.712762709485,-0.0066610074578807,142.183240374742,3.56734729194361,1999,0,1,0,0,0,0,0,0,0,0,1,0,0,0,0,1,0,0,0,0,0,0,0,0,0,0,0,0,0,0,0,0,0,0,0,1,0,0,0,0,0,0,0,0
8,-16.9686808559005,-155.833169823946,0.188585583611484,1,3,52.8951322538097,-1.59593620310536,9,76.4418584555397,17.7036912403963,36.4834293496763,18.6401049454637,13.8136825040242,1685458.12109341,277.726042590985,0.0009307698128937,264.480976979713,0.576187024324726,1986,0,0,0,0,1,0,0,0,0,0,0,0,0,0,0,1,0,0,0,0,0,0,0,0,0,0,0,0,0,0,0,0,0,0,0,0,0,0,1,0,0,0,0,0
0,162.401289593687,1402.68995515275,0.184593874443504,11,12,50.9350047604924,-0.663290863111185,4,35.0142430383357,13.9948555335654,38.7768999308074,18.6374870908848,13.143000196524,1242372.71360982,278.246874869432,0.0045202245608705,68.6876256590013,6.51009507530252,1986,1,0,0,0,0,0,0,0,1,0,0,0,0,0,0,0,0,0,0,0,0,0,0,0,0,0,0,0,0,0,0,0,0,0,1,0,0,0,0,0,0,0,0,0
9,-78.8619873262455,-86.2176478318877,0.196022771672418,19,21,51.5321406632085,-0.0899501950167472,3,107.269345677501,17.7298647619469,33.2209100643331,18.6461538657941,13.7931780242655,5285721.18981119,280.491321440283,-0.0010056222625835,349.417485693858,1.96705869034859,2000,0,0,0,0,0,0,1,0,0,0,0,0,0,0,0,1,0,0,0,1,0,0,0,0,0,0,0,0,0,0,0,0,0,0,0,0,0,0,0,0,0,0,0,0
8,50.9076767481105,1092.43134233883,0.216195413913342,14,18,50.8974330262213,0.0496496604157726,3,76.4268817489369,17.7458165328887,36.4724814173108,18.6422992333294,13.847645622143,3903744.12560942,284.834998914141,-8.00323186562226e-05,297.704541854314,9.88694216138636,1992,0,0,0,1,0,0,0,0,0,1,0,0,1,0,0,0,1,0,0,0,0,0,0,0,0,0,0,0,0,0,0,0,0,0,0,0,0,0,0,0,0,0,0,0
7,76.2116716134262,725.023619087425,0.229527708962966,24,5,52.3870912342693,0.245162977454914,3,76.3342653527933,17.6898200555514,36.4809864572735,18.6385155377005,13.7769716819055,99270.6524375809,281.368269294587,-0.0157083857877634,293.513770024484,5.84048181701561,1985,0,0,0,1,0,0,0,0,0,1,0,0,0,0,1,0,0,0,0,0,0,0,0,0,0,0,0,0,0,1,0,0,0,0,0,0,0,0,0,0,0,0,0,0
8,17.3593389680735,91.7731098413733,0.133098058175986,20,6,51.4497939597481,-3.8669392193578,8,76.388924096685,17.7678160557402,36.4783761113635,18.640209924475,13.7982750330841,124239.950932758,292.282705197707,-3.74436635789876e-05,43.6385458802723,1.90823183678311,1995,0,0,0,0,1,0,0,0,0,1,0,0,0,0,0,1,0,0,1,0,0,0,0,0,0,0,0,0,0,0,0,0,0,0,0,0,0,0,0,0,0,0,0,0
5,33.5226228035452,569.624309298259,0.101783400065098,24,19,54.2214742700899,-2.97082714788063,1,76.2482230302536,17.772159063585,36.4663015881247,18.6417878991012,13.8018477858049,5371581.74912082,277.172263633358,-0.0005909448920977,203.279842188561,5.17007240655964,1997,0,1,0,0,0,0,0,0,0,0,0,0,1,0,0,0,0,1,0,0,0,0,0,0,0,0,0,0,0,0,0,0,0,0,0,0,0,0,0,0,0,0,0,0
4,152.294924201282,771.214079074327,0.212355818980689,2,19,52.9444683848044,-2.234748110573,10,76.3828301213721,17.7607346615221,36.4858430211893,18.6417035128105,13.8018434454967,4495930.62368808,282.002326779506,-0.0027150157629608,89.4515506895077,4.29623566662352,1987,0,0,0,1,0,0,0,0,0,0,0,0,1,0,0,0,0,0,0,0,0,0,0,0,0,0,0,0,0,1,0,0,0,0,0,0,0,0,0,0,0,0,0,0
2,-62.9841850025365,353.971445362776,0.175914216750414,15,16,52.4834312641999,-2.02474299848247,12,67.3822748160997,6.48705721614105,33.5821521724954,18.6459167657415,14.5716135824119,98836.9151350785,274.255431989526,0.0029065183366455,254.073578971216,6.25775841132277,1982,1,0,0,0,0,0,0,0,1,0,0,0,1,0,0,0,0,0,0,0,0,0,0,0,0,0,0,0,0,0,0,0,0,0,0,0,0,0,1,0,0,0,0,0
1,68.6919936256108,1078.50219929451,0.177632202722078,2,18,52.5737803799949,-4.49961810155633,3,97.7579010860755,29.8278485604505,37.1602354816926,19.5839341667279,13.7809531902942,2583109.45210501,284.83038795337,0.0009010551968115,218.058123354956,8.08486910785419,1989,0,0,0,0,1,0,0,0,1,0,0,1,0,0,0,0,0,0,0,0,0,0,0,0,0,0,0,1,0,0,0,0,0,0,0,0,0,0,0,0,0,0,0,0
3,125.499697322423,631.043566041518,0.305563076821086,4,20,53.2301393749498,0.404258633220511,2,76.3914413976983,17.7402960104125,36.4439377103021,18.637679727787,13.8301196602598,5780896.46962272,278.776931419528,-0.0008836608263069,244.088908129726,3.0529506932519,1985,0,0,0,0,0,0,0,1,0,0,1,0,1,0,0,0,0,0,0,0,0,0,0,0,0,0,0,0,0,0,0,0,0,0,0,0,0,0,0,0,1,0,0,0
4,70.0636234162947,1357.50212922533,0.122318077274761,15,15,52.2900049052564,-1.09686219053731,6,76.328746572625,61.5508527088682,36.4779103489794,18.5491064536546,13.8098806933174,7535739.42939876,292.113840514262,0.0004007831775017,226.539929794364,1.91597125165267,1999,0,0,0,0,0,0,1,0,1,0,0,0,0,0,0,0,0,0,0,0,0,0,0,0,0,0,0,0,0,1,0,0,0,0,0,0,0,0,0,0,0,0,0,0
9,218.144135378952,389.568514301794,0.18131523221762,2,6,51.3861933072756,-3.42886922792308,7,76.3307323674643,17.7373183085992,36.4920828255116,18.64362232761,13.8122204441504,68749.2565115467,286.682774023447,0.000346194568126,-107.820682124187,5.23716131371357,1982,0,1,0,0,0,0,0,0,0,0,0,0,1,0,0,0,0,0,0,0,0,0,0,1,0,0,0,0,0,0,0,0,0,0,0,0,0,0,0,0,0,0,0,0
8,95.8522087760032,585.234709017659,0.168540340319629,12,4,53.1106934135987,0.0266910641519134,6,76.2540555833442,17.7510297653561,36.4830760346335,18.6447604344203,13.8137466192737,3.48608183633868,284.480721254647,0.0002905768842418,205.625568207066,4.22794914766936,1990,0,0,0,1,0,0,0,0,0,0,1,0,0,0,0,1,0,0,0,0,0,0,0,0,0,0,0,0,0,0,0,0,0,0,0,0,0,0,1,0,0,0,0,0
2,89.6027455558585,987.429367568,0.0723944156900553,4,11,53.9120199728533,-2.17257538977378,7,65.936610104752,-3.14713161845585,33.5821524697029,18.6374779229311,14.5716129024444,5042050.48852348,288.013850076187,-0.0012381396197501,244.342780979223,4.399755366654,1981,0,1,0,0,0,0,0,0,0,0,0,0,1,0,0,0,0,0,0,0,0,0,0,0,0,0,0,0,0,0,0,0,0,0,0,0,0,0,1,0,0,0,0,0
9,-63.4999921601401,643.301095936437,0.179227446815861,12,13,52.9354409970339,-1.57290058266541,12,85.3681182921291,8.59137361292897,31.4168862527806,18.629939955667,37.8420753994102,-582628.621618593,279.870837914114,0.0028230531803911,217.782842212613,3.47800952472745,1993,0,0,0,0,1,0,0,0,1,0,0,0,1,0,0,0,0,0,0,0,0,0,0,1,0,0,0,0,0,0,0,0,0,0,0,0,0,0,0,0,0,0,0,0
1,53.3394554652203,825.396251730007,0.192172492383313,27,9,51.9578979611357,-1.67243041939364,4,73.4435989490397,23.514108430535,31.8916647641434,18.6447602541084,15.13469700678,2355950.20271288,279.558655904409,0.0006556493053209,64.2288448956992,6.12794932167246,1995,0,0,0,0,0,1,0,0,0,0,1,0,1,0,0,0,0,0,0,0,0,0,0,1,0,0,0,0,0,0,0,0,0,0,0,0,0,0,0,0,0,0,0,0
3,161.339226089252,302.494051842596,0.151228611446582,15,3,52.4835024201387,-1.25486666300524,9,65.2365527477944,17.7399548995214,36.475788249813,18.6461754751769,13.8110892093337,1279792.99191161,287.058966050727,0.0005981352189453,218.524726458298,4.97671474826073,1989,0,0,0,0,0,0,0,1,0,0,1,0,1,0,0,0,0,0,0,0,0,0,0,1,0,0,0,0,0,0,0,0,0,0,0,0,0,0,0,0,0,0,0,0
0,5.33008057994689,328.033443230342,0.152467570931934,20,10,52.7942780630901,0.615557296875541,3,58.2589308502164,17.7448235286079,27.4016484276391,18.6045955789843,9.41994324252261,-614805.265454491,277.094519324438,0.0013737097394875,77.892142687922,3.18213536548139,1996,0,0,0,0,1,0,0,0,0,1,0,0,0,0,0,1,0,0,0,0,0,0,0,1,0,0,0,0,0,0,0,0,0,0,0,0,0,0,0,0,0,0,0,0
2,132.807493311908,-75.6729466115695,0.22042689756895,17,4,52.5670277729834,0.538612036999031,9,69.6964683220832,13.0214701740189,33.5821536104114,18.6436657346644,14.5716127965795,-7.30348613744985,285.735223199835,8.11044255553734e-05,218.925163411565,0.813534718447379,1987,0,0,0,0,0,0,1,0,1,0,0,0,1,0,0,0,0,0,0,0,0,0,0,0,0,0,0,0,0,0,0,0,0,0,0,0,0,0,1,0,0,0,0,0
5,182.039629292644,451.876767568241,0.133887635536101,16,14,52.0379900165758,0.558999616461604,10,76.3767382772525,17.7617156259359,36.4576655949954,18.6411540898625,13.8518897116898,-1619100.46795853,284.908098355534,0.0073765876499228,119.552680196298,8.31679719500587,1987,0,0,0,0,0,0,0,1,0,1,0,0,0,0,0,1,0,0,0,0,0,0,0,0,0,0,0,0,0,0,0,0,0,0,0,0,0,0,0,0,0,0,0,1
4,116.594434479926,1368.2441906676,0.126489261218754,28,16,51.7822137211623,-1.52021808805847,5,76.3733741498831,17.7541134235537,36.4944893335044,18.6365198539887,13.8137866826273,3755102.1926612,288.834911425569,0.0012261190659188,165.053973906588,7.74238979828085,1988,0,0,0,0,0,0,1,0,0,1,0,0,0,0,0,1,0,0,0,0,0,0,0,0,0,0,0,0,0,0,0,0,0,0,0,1,0,0,0,0,0,0,0,0
4,31.1273348617926,936.9678615335,0.177640805092816,17,2,50.4787594447846,-0.0696132366154636,12,76.324408169546,17.7173370516137,36.4631000614255,18.6405444370529,13.8050024847894,-1155085.04923677,278.710772503298,0.0048039060257919,120.776072001865,7.42783183967722,1981,0,0,0,1,0,0,0,0,0,1,0,0,1,0,0,0,0,0,0,0,0,1,0,0,0,0,0,0,0,0,0,0,0,0,0,0,0,0,0,0,0,0,0,0
0,89.4609791047606,263.938733685853,0.134273042570532,3,2,52.0071944072204,-0.967220463082788,7,42.9940829355216,21.0651152039556,36.4730501385143,18.6421082457217,15.8715221441467,8995241.83149521,289.061294636988,-3.68163055295277e-05,129.710618968666,3.34209746055731,1991,0,0,0,0,1,0,0,0,0,0,1,0,1,0,0,0,0,0,0,0,0,0,0,1,0,0,0,0,0,0,0,0,0,0,0,0,0,0,0,0,0,0,0,0
9,-83.7471997562767,661.905972163297,0.12602237730637,3,14,51.3832358251208,-2.98406400268176,8,83.9869891418999,17.7498397998728,36.5434446838434,18.6464053538541,23.6984514492197,8562722.42322087,288.617295842637,-0.0005122897501061,145.900218602276,3.03886376734423,1994,0,0,0,0,0,0,1,0,0,1,0,0,0,0,0,1,0,0,0,0,0,0,0,1,0,0,0,0,0,0,0,0,0,0,0,0,0,0,0,0,0,0,0,0
6,-21.0660829588885,-289.238007497063,0.154812345206896,20,4,49.946381809873,0.387635357126116,5,95.4368925913439,17.7354777289934,36.4761738361053,18.6390172726933,13.8081815419975,23.5783593731106,279.041281752089,-0.000317179133337,72.7155931383131,0.0943244698929736,1985,0,0,0,0,0,0,1,0,0,0,0,0,0,0,0,1,0,0,0,0,0,0,0,1,0,0,0,0,0,0,0,0,0,0,0,0,0,0,0,0,0,0,0,0
2,168.382460619619,657.156038847655,0.268964043876997,12,8,52.2837368353475,-1.98449222830023,12,67.8740768094555,10.0799998641829,33.5920455606414,18.6436958265144,14.5716130618346,17412.8369354996,282.62588657037,0.0013531328175836,246.774158781014,8.49468288099128,1994,0,0,0,1,0,0,0,0,0,1,0,0,1,0,0,0,0,0,0,0,0,0,0,0,0,0,0,0,0,0,0,0,0,0,0,0,0,0,1,0,0,0,0,0
2,131.216468196154,538.407028557451,0.166193539186818,19,8,53.6513085873037,-1.86449482195334,5,81.584946308402,22.2727391323801,35.6293320121911,18.6260159456263,22.4271198288948,797658.39057535,280.118262473194,0.0001532140041767,87.8760941618064,5.53802832084522,1985,0,0,0,0,0,0,1,0,0,0,0,0,0,0,0,0,0,0,0,0,0,0,0,1,0,0,0,0,0,0,0,0,0,0,0,0,0,0,0,0,0,0,0,0
1,233.328078124178,738.234348741254,0.152913810067573,20,13,52.3212055828026,-2.8613808300946,12,102.596338162926,49.5806382295521,36.094079432254,18.6171122655675,10.6071721761889,292485.854594294,282.627994559731,0.0019325616892932,134.159425445774,6.6261775406019,2000,0,0,0,0,0,0,0,0,0,0,0,0,0,1,0,0,0,0,0,0,0,0,0,0,0,0,0,0,0,0,0,0,0,0,0,0,1,0,0,0,0,0,0,0
8,77.5196521290384,304.290983605816,0.165895405155097,3,22,54.0488226479223,0.425797527970708,11,76.3662192968546,17.7592637414958,36.5755617477638,9.57566352038582,13.7858207941656,-553828.490543497,274.649615138487,0.0066298966504428,269.469246668543,4.38000127361163,1992,0,0,0,0,1,0,0,0,0,0,0,0,0,0,1,0,0,0,0,0,0,0,0,1,0,0,0,0,0,0,0,0,0,0,0,0,0,0,0,0,0,0,0,0
0,121.101742992879,572.481188476658,0.14090366757093,12,15,52.3427011482799,-2.89136997302023,9,34.7700373186988,57.6750302870318,12.3097869356881,18.6477887582079,-6.50122502567835,1367836.92929531,285.127528606832,0.0015929220511481,281.272141911027,3.28432973196111,1999,0,0,0,0,0,0,1,0,0,0,0,0,1,0,0,0,0,0,0,0,0,0,0,0,0,0,0,1,0,0,0,0,0,0,0,0,0,0,0,0,0,0,0,0
9,-32.0180432986917,639.409730410331,0.134569931562492,24,13,53.262175116369,-1.87245386657946,11,127.832163289875,17.7534665779948,36.4667190111402,18.6417572979197,20.6857028349328,-2572067.93937567,274.927543895751,0.0058741696025972,184.113375743168,5.18569879532344,1983,0,0,0,0,0,0,0,0,0,1,0,0,0,0,0,1,0,0,0,0,0,0,0,1,0,0,0,0,0,0,0,0,0,0,0,0,0,0,0,0,0,0,0,0
8,-94.3541852952829,719.749099948005,0.180183675569892,17,22,53.1055191708467,-1.46066914900939,12,76.296941930643,17.778878531623,36.4860997275289,18.6595252682472,13.8020838471281,5165130.04126852,279.631634009967,-0.0105536055119095,280.511733753746,7.73241080836722,1986,0,0,0,0,0,0,0,0,0,0,0,0,0,0,1,0,0,0,0,0,0,0,0,0,0,0,0,0,0,0,0,0,0,0,0,0,0,0,1,0,0,0,0,0
7,5.49252382678284,1051.87200643956,0.141980878826145,10,14,53.2538143515711,-1.35363808023284,2,76.3178545839259,17.7522727151315,36.4636762899563,18.6383633189941,13.8178106407071,1272347.40223024,276.457744045166,0.001043877548759,59.4121631852546,12.1408564158654,1983,0,0,0,1,0,0,0,0,1,0,0,0,0,0,0,1,0,0,0,0,0,0,1,0,0,0,0,0,0,0,0,0,0,0,0,0,0,0,0,0,0,0,0,0
