target,Acid,Anthoc,BunchN,GrapeW,NDVI06,NDVI08,pH,Polyph,Potass,SPAD06,SPAD08,SproutN,WoodW,Treatment_T1b,Treatment_T2a,Treatment_T2b,Treatment_T3a,Treatment_T3b,Treatment_T4a,Treatment_T4b,Treatment_T5a,Treatment_T5b,Treatment_T6a,Treatment_T6b,Treatment_T7a,Treatment_T7b,Treatment_T8a,Treatment_T8b
6,-0.325069630699368,0.332896794546571,-0.386133331368855,0.0909007220658733,0.0959693301716312,-0.038188758694823,0.0369290539186404,0.003155665155495,-0.0833150109910321,-0.0609428336515832,0.0864800443824724,-0.297058259461236,-0.522059729170155,0,0,0,1,0,0,0,0,0,0,0,0,0,0,0
9,-0.413107521585362,-0.0374641547882833,-0.365972972712122,0.378017752907645,0.179414800093759,0.0909867722080188,0.107993296560457,-0.20548183974698,0.150958603451731,0.248286370762528,0.103982189634018,0.285052892764855,0.280600182022144,0,0,0,0,0,0,0,0,0,0,0,0,0,0,1
6,0.0628468193117215,0.54891215642665,0.0081089163102361,-0.41910168690002,-0.0347153942465008,-0.0036258720839205,-0.0431014143165387,0.212313626297321,-0.0289540418632918,0.0076418178738456,0.063437125956614,0.168496510653881,0.0590211947990962,0,0,0,0,0,0,0,0,0,0,0,0,0,1,0
0,-0.05659687136499,-0.799134055397146,0.0919824956960597,0.818320302382652,-0.0721172032915763,0.273516809531945,0.0029057092005748,-0.331554841020603,0.168871803034316,0.0948768871146572,0.127616256310253,0.0430230506876843,0.346409129699463,0,0,0,1,0,0,0,0,0,0,0,0,0,0,0
4,0.379954372075185,-0.173322180808042,0.194988245942372,-0.109468108565048,-0.0954966705271182,-0.0347542307127519,-0.0539926237693663,0.0232187053840737,0.0526942294589143,-0.111708194852147,-0.171692242946879,-0.04132856026091,-0.426620849234671,0,0,0,0,0,0,0,0,1,0,0,0,0,0,0
2,-0.130605123722846,-0.381684643175665,0.53988927812443,0.434093823995555,-0.0212038680574438,0.0542310390329015,-0.0066203120219114,-0.252498222387349,-0.355356692294694,0.0920536639597229,0.078193821336138,0.0709031453756464,0.171803232046637,0,1,0,0,0,0,0,0,0,0,0,0,0,0,0
3,0.198753413263983,0.0631467350298267,0.211201240840188,0.134211032705791,0.0686947516620498,0.0279255245963612,-0.0215932330144397,0.483350274505758,0.2624118286034,-0.150646866377075,-0.141357152940045,0.189923055806823,-0.271241834756383,0,0,0,0,0,0,0,0,1,0,0,0,0,0,0
2,0.185193524406471,-0.0077275868738591,-0.0241546886842105,0.0165364534670679,0.0699585520544724,0.0189362217382056,-0.0431609822338918,-0.0444108080776577,0.0867350689839514,-0.0787831125340769,0.0450768841344829,0.0283298496201152,-0.163048267990591,0,0,0,0,0,0,0,0,1,0,0,0,0,0,0
8,-0.357954478337483,0.0405994110797535,-0.722504010710612,-0.327377131835723,-0.0097303060252285,-0.0760040327007872,0.054247025232089,-0.0980793391684767,-0.0504927364206269,0.0267720890906611,0.0196509627948955,-0.0144448636862952,-0.0388817977573325,0,0,0,0,0,1,0,0,0,0,0,0,0,0,0
6,-0.270844369381396,-0.77985930930092,0.407850630788682,0.380781071714817,0.0665677910665334,0.0852458488170201,0.0875702507293268,-0.413604824851789,-0.10103035910519,0.104395001831738,0.126587691503908,0.210710905439376,0.37910635195486,0,0,0,0,0,0,0,0,0,0,0,0,0,1,0
0,-0.0563013238373283,-0.242322096742644,0.575618307554487,1.04499913304379,0.0815100428500492,-0.0556963516079771,-0.0279100502346826,0.0001748123295922,-0.0186094738704231,0.119716413635706,0.23253769723641,0.0048378973222364,0.455949889734892,0,0,0,1,0,0,0,0,0,0,0,0,0,0,0
0,-0.0420127222225944,-0.399869729926752,-0.0208339282028462,0.652202051185512,0.0978879038183613,0.160761558917739,-0.0160349421083936,-0.177940567639981,0.0037853795450365,0.131251592778695,0.217741997866817,-0.0348610671947998,0.176438443136697,0,0,0,1,0,0,0,0,0,0,0,0,0,0,0
8,0.131593567976224,0.856280964568266,-0.716720137438112,-0.618070994539112,-0.0025081194074925,0.0427122354782827,-0.0210093369031489,0.434358257769909,0.132803267762141,-0.140795871611456,-0.138603683496185,-0.0935321693664864,-0.358558426392918,0,0,0,0,0,1,0,0,0,0,0,0,0,0,0
9,0.0206430400705172,0.890434866924802,-0.675960898888772,-0.826053645003574,-0.0669683625204534,-0.131883277143578,0.0125704190969261,0.360808514014257,0.195739809246453,-0.0794120805629997,-0.124429595505827,-0.213939223255073,-0.353075635801345,0,0,0,1,0,0,0,0,0,0,0,0,0,0,0
1,0.165031866184749,0.259537587964113,0.294340811390613,-0.098848081871307,-0.0709014585342183,-0.265640864452779,-0.0519444186763393,0.0807862249560519,-0.132465641974383,-0.0023676103210861,-0.237053826573491,0.045754621894166,-0.142073113842647,0,0,0,0,0,0,0,1,0,0,0,0,0,0,0
1,0.112188037679527,-0.169185443030703,0.287047160632272,0.529161508940849,0.0578857165512369,0.0702940912605626,-0.0226024091943559,-0.0551953636599974,0.150157672697058,-0.0359741203588591,0.0314715179288293,-0.0756956886747681,-0.1317679299433,0,0,0,0,0,0,0,0,0,0,0,0,0,0,0
9,0.344932248946628,0.266078408109239,0.13624184451977,-0.854116786593766,-0.0477826216465597,-0.0943730847487695,0.0040226332463806,0.305445512063957,0.0858295172885337,-0.0760321251440497,0.0889983991156862,-0.0922107200632084,-0.249742870692347,0,0,0,0,0,0,1,0,0,0,0,0,0,0,0
1,-0.0452049439479104,0.0819877143169297,-0.330306814629843,0.497681634042611,0.0073301521057614,0.203974444860178,-0.0118586888029552,0.165694133487689,-0.104656545999838,0.046594149712109,0.0360345235943405,-0.265431698793764,0.741624852589388,0,0,0,0,0,0,0,0,0,0,0,0,0,0,0
9,0.164174653678412,0.843415875003773,-0.32158820431302,-1.21890910509383,-0.182734610291119,-0.246624252762249,-0.0621675719642446,0.340344648686186,0.166723238786873,-0.0775148767017997,-0.141886016252457,-0.333410088603061,-1.01319729296251,0,0,1,0,0,0,0,0,0,0,0,0,0,0,0
3,-0.084926603439361,-0.0876646734296167,0.622127214443405,0.662631026047474,-0.0211633649805373,0.0430598011789486,0.0202802644404757,0.194051707183977,-0.0816737821922899,0.0918671127823528,0.172668792729334,0.0885430776464123,0.331729764278728,0,0,0,0,0,0,0,0,0,0,1,0,0,0,0
4,0.215480212075726,0.527520979196063,0.0577640556830455,-0.707823140388182,-0.197802558073292,-0.167096649861808,-0.0511305959010201,0.611737293391599,-0.133847548149423,-0.115387086887686,-0.253253819857234,-0.157837182400691,-0.980105543406599,0,0,0,0,0,0,0,0,0,0,0,0,0,0,0
1,0.137426756988059,0.0565421197310081,0.0625019691731302,0.477449452427374,0.0042424674141996,-0.121789480475324,-0.0540925871194937,-0.104470301572178,0.19211501754947,-0.0734364223496134,-0.10504071092726,-0.132863221760207,-0.109749816242218,0,0,0,0,0,0,0,0,1,0,0,0,0,0,0
2,0.191985250813894,0.353054293322575,-0.16783754570146,-0.538810138554054,-0.0243853210148593,0.0616274566213625,-0.0403511687931503,0.44936743827266,0.0646222306548015,-0.124440905732953,-0.0105364194723076,-0.295984297812088,-0.300028630748545,0,0,0,1,0,0,0,0,0,0,0,0,0,0,0
0,0.197821288855387,-0.326712640584977,0.557059138802092,1.22121899764924,-0.115220683102401,-0.113199088655181,-0.0738057210647609,-0.261789144259884,-0.0859190923250002,0.112069579089079,0.0692405409482812,0.22318440057564,0.601901590173258,0,0,0,0,0,0,0,1,0,0,0,0,0,0,0
7,0.30608849774208,0.0955325681442824,0.41249174061717,-0.394389822561025,-0.120403280128614,-0.100414654625181,-0.0590218979343439,0.0869565904292206,-0.107837364030194,-0.197131416474354,-0.14272479795265,-0.050288774602131,-0.858483355560443,0,0,0,0,1,0,0,0,0,0,0,0,0,0,0
1,0.0838358752227555,-0.221274610693521,-0.205384620309563,-0.325772822717122,-0.0631431420464311,0.0634530343375418,-0.0069165777792373,-0.0828165027695687,0.147565071633444,-0.0468318144760519,-0.01338869108695,0.130784821946672,-0.178837304516328,0,0,0,0,0,0,0,0,0,0,0,0,0,0,1
0,0.0458992075329544,-0.482200085894249,0.0444692775240634,0.569304295366946,0.0156152702232583,0.245944046332019,-0.0508124841804871,-0.366159266149125,-0.0759704661127844,-0.0395264279984016,0.118200133851539,-0.0130050859409335,-0.0279407646645801,0,0,0,0,0,0,0,0,0,0,0,1,0,0,0
5,-0.136169582892026,-0.0975575591109197,-0.0628348918558542,-0.144638395808018,0.0452706085810078,0.0003057888576508,0.0170361032075202,-0.110419801034102,-0.0952423141353336,0.0322288538607205,-0.0018099444367984,0.016663149042734,-0.147434128661168,0,0,0,0,1,0,0,0,0,0,0,0,0,0,0
4,0.120693049299159,0.223132219507539,0.114144195043396,0.165425226902097,-0.0661082153819783,-0.247734284641983,-0.0288056796177188,-0.136611588492134,0.0349560037400308,-0.038949980637618,-0.0108266167019131,-0.235611489523606,-0.356684021946212,0,1,0,0,0,0,0,0,0,0,0,0,0,0,0
7,-0.0988803846406476,0.300523869650518,-0.480467202602145,-0.592449909926589,-0.0099776126922348,0.105314562552521,0.0003859416786914,0.0123343074909018,-0.231784582489823,-0.0777284615566068,-0.0649327772095544,0.0702084639514714,-0.142810941484189,0,0,0,0,0,0,0,0,0,0,1,0,0,0,0
5,0.320161440761866,0.132608024580323,-0.0456851046031096,-1.04144406358226,-0.044496041665296,-0.288042204916378,-0.0789587885447825,0.0823757605818094,0.0173266648100928,-0.0172739142450653,-0.139296208004033,-0.47948089250669,-0.510657831531492,1,0,0,0,0,0,0,0,0,0,0,0,0,0,0
5,-0.0087574713405974,-0.455150504352866,-0.18392853952491,-0.300222106640623,-0.0007968948159129,0.0282120842629033,0.0365994759540729,-0.306031652012111,0.290404694802736,0.0237004124235,-0.0257516992293348,0.198922369836538,0.0498059442634486,0,0,0,0,0,0,0,0,0,0,1,0,0,0,0
6,-0.27415230368112,-0.61623472611397,0.189032423579863,0.332238435590037,0.0037275639563044,0.103312988834258,0.0654835270986306,-0.411104262324491,-0.1020664714384,0.0837127182051487,0.114608721718185,-0.0424245352025431,0.772998695167341,0,0,0,0,0,1,0,0,0,0,0,0,0,0,0
2,0.189938250267892,-0.912707005938748,1.05785263302132,1.0753107858392,0.0608996519353178,0.283152914718341,-0.0495480909974516,-0.420768873895197,-0.0791786676213995,0.0666236002597718,0.0225017074512281,0.251622002171456,0.327734782074745,0,0,0,0,0,0,0,0,0,0,0,1,0,0,0
7,-0.104606225134284,-0.340329152177222,-0.470390595105402,-0.134884353709476,0.0353233118069742,0.156367506352861,0.0308481903093428,-0.0615701226599646,0.0385895708838041,0.103348132058001,-3.10132270641261e-05,-0.102436825062159,0.331854583919997,0,0,0,0,0,0,1,0,0,0,0,0,0,0,0
5,-0.198774592527622,0.286049814760568,-0.350433653262106,-0.10601309180127,0.200713331485805,0.210140638832353,0.0399974290970828,0.257753318877303,-0.161798554268655,0.124164961000201,0.0772409301522617,0.16025100899977,0.199446748913592,0,0,1,0,0,0,0,0,0,0,0,0,0,0,0
2,0.42555313985338,-0.022079261535462,-0.378637849951949,-0.776605353558607,-0.0237044831304752,0.0638804481380446,-0.097817031961307,0.0449052179560717,0.0266101474241649,-0.113317726943254,-0.0722829041267862,-0.202529005867858,-0.213966457260646,0,1,0,0,0,0,0,0,0,0,0,0,0,0,0
7,0.0352111786069352,0.463951597197019,-0.362932429636747,-0.669891828593639,0.0968119469173273,-0.0591342704569276,-0.0197461348320239,0.416205128075751,-0.0500126621622595,-0.0640395959696282,0.0228999633644313,-0.361542682572159,-0.632564060208868,0,0,0,1,0,0,0,0,0,0,0,0,0,0,0
0,-0.0255041067789175,-0.0618878489412686,0.884370698130844,1.15173125249582,0.241776617044434,0.187323178435065,-0.00714936013203,-0.157420062356914,0.291841282814836,0.128703925451411,0.25755342602405,0.382595071005572,0.973328420381097,0,0,0,0,0,0,0,1,0,0,0,0,0,0,0
7,-0.0246917240575504,-0.157100204921301,0.118735752591543,-0.125494612414205,0.0442172768284574,-0.0322129998273994,0.0338968679708159,0.0643975788724249,0.168237497134664,-0.149441865865249,-0.138071472345624,-0.0855589128579268,-0.195771982797375,0,0,0,0,0,0,0,0,0,0,0,0,1,0,0
7,-0.0370356733988336,0.326419962551938,-0.152483744067361,-0.461946765378716,0.0912668866482854,-0.0383752858292654,0.0216257796086663,-0.0036143353744404,0.0404876698279123,0.145314746595919,0.259717186273849,-0.258592493618366,0.341056232634287,1,0,0,0,0,0,0,0,0,0,0,0,0,0,0
6,0.171913138175035,0.278934672422172,0.348731293914974,0.223372684438156,0.106377287861253,-0.0921950209672678,-0.0103659986837002,0.146967167165496,0.0437859632151362,0.0593046356038079,0.0396724650021438,-0.0759643940405733,0.440572324381512,1,0,0,0,0,0,0,0,0,0,0,0,0,0,0
7,0.0086768151164418,-0.28543614534557,-0.088038544575913,-0.477781950898925,-0.0441582524340835,-0.0203245757226928,0.0098823107923935,-0.421781794087815,0.0491624873840285,0.0148522795076115,0.0733279236736546,0.0649988263133649,0.0189689290160941,0,0,0,0,0,0,0,0,0,0,1,0,0,0,0
1,-0.0880185887196779,-0.340874800782817,0.420724821838151,0.841218735915636,0.125032600349552,0.0657910502992629,0.0250783222144316,-0.316285327597931,0.0380514278970244,0.117907424160802,0.121547804233118,0.185567492335571,0.235397693635014,0,1,0,0,0,0,0,0,0,0,0,0,0,0,0
6,-0.135534089748438,0.0018335239500411,0.228789126921522,-0.612111839576171,0.132643744018366,0.0640385712450731,0.0351338406433814,-0.0898734679965402,0.107115511364007,0.0950791645967543,0.0520480680158558,0.112979603358996,0.240629141497525,0,0,0,0,0,0,0,0,0,1,0,0,0,0,0
5,0.0531923316063931,0.044372161174514,0.541432626183027,0.130933461798166,0.0433270069545895,-0.0059199385165342,-0.0175327897624166,-0.327014523361537,0.0244430487525343,-0.0929983432661785,-0.0120841180638283,0.0022098695177404,-0.385482289136446,0,0,0,0,0,0,0,0,0,0,0,0,1,0,0
5,-0.140773869084805,0.366907943056153,-0.665616558332085,-0.428546866473627,-0.157722122237504,0.153090232550454,-0.0056187806944749,0.290112525747188,-0.344611015612629,-0.164279617804867,-0.209956598048479,-0.380604021790566,-0.530480994789515,0,0,0,0,0,0,0,0,0,0,0,0,0,0,0
3,-0.0338294745309377,0.0175493590146885,-0.342020453114097,-0.0982970579354253,-0.0867812000509499,-0.0956449628095919,-0.0288373207280236,-0.0836202524603534,-0.0542918256209842,-0.209994896747314,-0.0992895261574894,-0.522723656874643,-0.520431456756872,0,0,0,1,0,0,0,0,0,0,0,0,0,0,0
6,-0.151405046993465,0.435580148260312,0.26465931522633,0.050985217721979,-0.0033289463562955,0.163940128636563,0.0207170831419129,0.431569423785856,-0.218863032340597,0.0641502216492614,0.211418619236435,0.189446802656818,-0.105040307038235,0,0,0,0,0,0,0,0,1,0,0,0,0,0,0
4,0.0360064060063395,-0.570001533242026,-0.231980287925929,0.302039626055614,-0.0910843772247647,0.0372812501217452,-0.0114786994202818,-0.322868197215542,-0.430735964231349,-0.0027655253438637,0.091310321749314,0.0569895329509947,0.513735982603521,0,0,0,0,0,1,0,0,0,0,0,0,0,0,0
9,-0.0324809900401518,1.48007348561909,-0.0583439503107924,-0.486096641181565,0.148720889265195,-0.024505569226445,0.0077645907221218,0.733735562562954,0.0989570849805145,-0.0269283969276955,-0.0165266992870692,-0.190696291426533,-0.243628540810626,1,0,0,0,0,0,0,0,0,0,0,0,0,0,0
0,-0.057139263259457,-0.216657785140375,0.775719582899318,1.03295879037347,0.0813982383398882,-0.0268057407381275,0.0274795233578854,0.216681752621337,0.197201635151781,0.155235518197781,0.0364529505953171,0.470503856128303,0.446544037859548,0,0,0,0,0,0,0,1,0,0,0,0,0,0,0
0,0.085152833092116,-0.746293301376687,-0.121842711799981,0.671442125301992,0.23025295617613,0.10562727762487,-0.031175692055045,-0.60242281557597,0.126806366280492,0.0523352860521603,-0.038829949002764,-0.0701078211953821,0.37128185859758,0,0,0,1,0,0,0,0,0,0,0,0,0,0,0
7,-0.079908680746552,0.0322068566173065,0.753356982199335,0.434148005669397,0.0402426406195521,-0.025035373825134,0.0190630575823012,-0.280110770579892,0.0880599659353875,0.10315704472336,0.0278384206232178,0.101645895034407,0.558777595468098,0,0,0,0,0,0,0,0,0,0,0,0,0,0,0
3,0.0108687262168912,0.290830591637244,-0.364864445248511,-0.21602678781266,0.0688668069439443,-0.0890965701016868,-0.0024473252978269,0.576658392085842,-0.232147687250974,0.0058692960797123,-0.0004711884314267,0.0908249958796964,-0.132687257832976,0,0,0,0,0,0,0,0,0,0,1,0,0,0,0
4,0.0527469433873242,-0.405803434476168,0.236764577963263,0.535591183210515,0.059092765625932,0.112395752943351,0.0167332618544234,-0.185105382274288,0.0293868309589988,0.119423684376969,0.255050291503661,0.224357837296544,0.694551071039725,0,0,0,0,0,0,0,0,0,0,1,0,0,0,0
1,0.183361874444377,0.324071464341261,-0.106688509870044,-0.0064840889275871,-0.0020344290005068,-0.0674461413979646,-0.0337006344961822,0.125996783774128,0.0824322361670756,0.0112520701841584,0.0808283520449766,0.229653669781447,-0.288784080748956,0,0,0,0,0,0,0,0,1,0,0,0,0,0,0
2,0.0444802335831059,-0.132577438601816,0.158683980669522,0.699459451045785,-0.0029275422443255,-0.150038541893142,0.0055871627881851,0.0848281447738809,-0.102416176575867,0.116132364051503,-0.110309116796303,-0.0106743171583826,-0.0928500823240394,0,1,0,0,0,0,0,0,0,0,0,0,0,0,0
0,0.0529604820296012,-0.309090070519988,0.350336674505371,-0.15818008255399,-0.141154979468588,-0.165952565566164,-0.0344872243488448,-0.168544895945204,0.0453028954461999,-0.0282718344740078,-0.200606270942483,-0.0134162779973312,-0.368187224385256,0,0,0,0,0,0,0,0,0,0,0,1,0,0,0
1,0.0895845739563558,-0.0338644644996047,-0.173526504488971,-0.153528243281057,-0.0426002619906501,-0.0320393900021074,-0.0403388036752135,0.238841209536311,0.0034554541001212,0.125819106872501,0.0469387730956701,-0.218568694719718,-0.142535833282822,0,0,0,0,0,0,0,0,0,0,0,0,0,0,0
7,0.08136858759796,0.0714282028499024,0.395195319609727,-0.0369556368324223,0.0381206609661949,0.0688830533629775,-0.0063381125996341,0.0392451904877386,-0.0347098262190042,0.009854479051747,0.112817416220408,0.0339231785662671,0.330623807122556,0,0,0,0,0,0,0,0,0,0,1,0,0,0,0
8,0.00393381951043,-0.193091763689222,-0.747180058445839,-0.661639428731992,0.0810576205056766,-0.190465875168558,-0.0050400668693529,-0.280765411066771,-0.0509707741511351,-0.0364506018070551,-0.10703990663091,-0.13275949973793,-0.641280117879561,0,0,0,0,0,0,0,0,0,0,0,0,0,0,1
7,-0.23528101391262,0.051296866021195,-0.324507390389106,-0.0418605417410602,-5.87944473678242e-05,0.159406145493757,0.0449672142750198,0.149952011773565,-0.117394666156662,0.0252033951306861,0.0993260381770831,-0.137603092278739,0.151970423985695,0,0,1,0,0,0,0,0,0,0,0,0,0,0,0
7,0.0611962904680076,-0.106226175578849,0.42867024251727,0.0189145860277959,-0.112050972471983,-0.0494066148125624,0.0111214737611886,0.0571452280157723,0.0860558899214431,0.0620270795422887,-0.117330048422793,0.245462348300879,0.0873281103786098,0,0,0,0,0,0,0,0,0,0,1,0,0,0,0
4,0.167153591851845,-0.227618411730133,-0.215148459265183,-0.19396445017577,-0.0844027388386007,-0.0849795881282415,-0.0355595551546735,0.103264237671268,-0.0896789540783058,-0.0668383803143059,-0.070284640366532,0.0601939792982616,0.157359616626932,0,0,0,0,0,0,0,0,0,1,0,0,0,0,0
3,0.0074153590694374,-0.0075687731294108,0.290245011030598,0.42610408580821,-0.0694855865407137,-0.110637609987905,-0.0204606791454249,-0.0746122896561394,-0.231153993216542,-0.0656575896601911,-0.130736974081383,0.227136115920649,-0.0751212229639369,0,0,0,0,0,0,0,0,0,0,0,1,0,0,0
7,-0.0272775150901224,0.532982459868049,-0.605647080221081,-0.714814297761657,0.0442881265835009,-0.184526408366331,-0.0435979395953551,0.378248439349935,-0.03422384155477,-0.335082140155384,-0.015271080404976,-0.27248804865257,-0.950097038679282,0,0,0,0,0,0,0,1,0,0,0,0,0,0,0
7,0.0264357204512008,-0.0406780175340218,-0.219685304067451,-0.207188263742701,0.126726975091536,0.180345586370439,0.0256454118234641,0.0362534508100859,0.0487300648362986,-0.0267390065358109,0.0853526633287903,0.0820832593624122,0.242776506331962,0,0,0,0,0,0,0,0,0,0,0,0,0,1,0
8,0.088732079554911,0.411335800063508,-0.326881878104875,-0.271861495017891,-0.0373852746812465,-0.0095231082410275,-0.0023361301989268,0.309468096654239,-0.217510025379613,-0.0905369154757344,-0.0136477758565495,-0.290287344353562,-0.079437612880074,0,0,0,0,1,0,0,0,0,0,0,0,0,0,0
6,0.103410734102214,0.368364830364525,-0.967698301787362,-1.23685377575947,0.0697016930760853,-0.256294605532603,-0.0346724250199816,-0.196521192939796,0.0282970100371131,-0.156181644930289,-0.11063098208727,-0.1424207455152,-0.868735918845781,0,0,0,0,0,0,0,0,1,0,0,0,0,0,0
3,-0.0741480442505514,-0.124107240173322,0.10687859761585,-0.0449091472180389,-0.107935820503571,0.0292069283586456,-0.0065511379638977,-0.12036814173181,-0.249947544687963,-0.0001561321463425,-0.0906147419399092,0.0728861199629458,-0.124173122618676,0,0,0,0,0,0,0,0,0,0,1,0,0,0,0
0,0.161826851702404,-0.0985206104644774,-0.177405623317665,0.350141950527544,0.0610147276037251,-0.199585867448939,-0.0649650918111166,-0.200093581740999,0.0063147689172332,-0.0700193461822245,-0.073423420040106,-0.156475619526407,-0.0389934673651371,0,0,0,0,0,0,0,0,0,0,0,0,0,0,0
7,-0.119837837203,-0.0547575800548544,0.360452002015241,-0.0798771983422659,-0.0459631655362243,0.0327526979545801,0.0736324670625459,-0.195039833447279,0.324981581285079,0.0459017453292571,-0.014122389684015,0.415584272868528,-0.158555530706663,0,0,0,0,0,0,0,0,0,0,0,0,0,0,1
8,0.0547454197611722,0.0088716869756588,0.572452303406367,0.481202224644104,-0.0262075671604253,0.0036789959380498,-0.0377383040366617,0.0613900223513119,-0.249093296039503,-0.0456023425435562,-0.14784595452078,0.067832916607061,-0.007443737022602,0,0,0,0,1,0,0,0,0,0,0,0,0,0,0
0,-0.0889314902218748,-0.608927483764232,0.512758163429832,1.60845043541236,0.11660635284876,0.476642349011464,0.0367058789709409,-0.170169228872071,0.0917169329150448,0.321704940120222,0.357594180398519,0.296461436860743,1.2894788536078,1,0,0,0,0,0,0,0,0,0,0,0,0,0,0
1,0.101613695990313,-0.174582374608433,0.356530628875087,0.0546936969987601,-0.0452068327749887,-0.0793707021756986,-0.0239587300875951,-0.103015908810047,-0.0335873317614425,-0.0262333104601545,-0.0455477680954476,-0.231941428953426,-0.239214450764051,0,0,0,0,0,0,0,0,0,0,0,0,0,0,0
2,-0.261803047950214,-0.48100765284509,-0.252419406853234,0.281512138040222,0.0724407649771265,0.184447186369301,0.0321105304940644,-0.219574424943876,-0.0509025369116987,0.0184457260112876,0.052054705400535,0.0092914017192349,0.0064168691650924,0,0,1,0,0,0,0,0,0,0,0,0,0,0,0
9,0.154950162277335,0.364812403971486,-0.306921827505257,-0.846385908873736,-0.100933121166218,-0.363317013115485,-0.0230220829833879,0.117272458539634,-0.127220371060388,-0.186282503758233,-0.211673570265677,-0.291613637634481,-0.758431419201658,0,0,0,0,0,0,1,0,0,0,0,0,0,0,0
9,-0.165904416301532,0.82493653870538,-0.297824174267073,-0.427622361122179,0.0085102517002931,-0.193290094302065,0.0738166785876403,0.529433451259309,0.350865366613606,-0.0425084753456826,-0.0900851511380241,-0.0405029430380857,-0.332021987685307,0,0,0,0,0,0,1,0,0,0,0,0,0,0,0
4,-0.11121552223576,0.411884671402706,-0.601691919606326,-0.515610327368278,-0.0761094827210699,-0.0491115964034032,0.0178229464645322,0.274500611779667,0.285002531168865,0.0380300288943138,-0.159463571199354,-0.0473659025651507,-0.534220261743735,0,0,0,0,0,0,0,0,0,1,0,0,0,0,0
0,0.105873512133332,0.870972942436839,-0.236579643731969,-0.150867391549548,0.120231113289438,-0.028608191794419,-0.0445262968361645,0.496162898189722,0.244259537242952,-0.0941369066811412,-0.0656830410691187,0.042434805113291,-0.287912367113138,0,0,0,0,0,0,0,0,0,0,1,0,0,0,0
0,-0.113875805812106,0.26267349989518,0.275004009681856,0.442299006250056,-0.0860182108732388,0.0305398388889182,-0.03261616869772,0.0339152239102448,0.0132301694827417,-0.0582191514415878,0.044512733013646,-0.0327664121522598,-0.0707295959353581,0,0,0,0,0,0,0,1,0,0,0,0,0,0,0
1,-0.293169700358059,-0.490461747127376,0.309618388142115,0.755746514209005,0.161334082271485,-0.0415505885305957,0.0515358475904209,-0.366925266994912,-0.107861386099917,0.162583591601397,0.219752362396014,0.52042042543115,0.565595712677551,0,0,0,0,0,0,0,0,0,0,0,1,0,0,0
7,-0.58125623129073,0.502605901256442,-0.53756374329936,-0.309487336189786,0.0737273692491694,0.072489316504096,0.124741068555141,-0.170952740948654,0.16193327438645,0.218264950573809,0.188574686706154,0.0842100438143383,0.0597757553410844,0,0,0,0,0,0,0,0,0,0,0,0,0,0,1
3,-0.0470607377690009,-0.294388492534493,0.168073626737411,-0.0209408353996896,-0.0755484163901629,-0.156240880199064,0.0252958867753399,-0.147757793049882,0.0304735746560259,0.162299455391589,-0.131995359239441,-0.0996903312648023,-0.05648887785091,0,0,1,0,0,0,0,0,0,0,0,0,0,0,0
1,-0.0586368150097814,-0.209786912909615,0.195230487440343,1.62545019576774,0.0578744774662594,0.038156216343798,0.0035516759031481,-0.114139561522224,0.0799300104235826,0.0099443580454428,0.224423198892623,-0.266782136146319,0.750310881433779,1,0,0,0,0,0,0,0,0,0,0,0,0,0,0
9,-0.0219005855480854,0.769450486681213,-0.141968596899874,-0.423611059053555,0.116223541452491,-0.135679949084459,0.0625470726567945,0.353138672217491,0.445815480767335,0.118252654100363,0.147772988691682,-0.126891793022327,-0.548063910342659,0,0,0,0,1,0,0,0,0,0,0,0,0,0,0
0,0.0968382375376416,-0.46284157678661,0.0093581843732168,0.124426114539224,-0.169320078343311,0.0056660074561936,-0.0294657903524196,-0.25205652268382,0.0733106650075447,-0.0802259488775472,-0.1046283942247,-0.16613396861629,-0.0714530353802919,0,0,0,0,0,0,0,0,0,0,0,0,0,0,0
3,-0.129637319228917,-0.037634762576559,-0.209288426682459,-0.50098487565578,-0.0089949342087936,0.063147007868851,0.0535557035306104,0.177120389201905,0.196872190486292,0.0605124609344028,-0.0515675781503975,-0.0699458418135154,-0.366046520625721,1,0,0,0,0,0,0,0,0,0,0,0,0,0,0
4,0.0598096190481748,0.114457766018971,-0.632383037544887,-1.2467060419704,-0.127904016265442,-0.181836008751379,-0.0205285803228999,-0.0223789434252435,0.0363876000214921,-0.064034459404424,-0.196216374592364,-0.467954844889243,-0.704003370687727,0,0,0,0,0,0,0,0,0,0,0,0,0,0,0
3,-0.0064248811929339,-0.273759593103412,-0.105224367668513,-0.294385724209979,-0.0076006751555191,0.0247197955180933,-0.0060139878239676,-0.0289086205551814,-0.153979506442544,0.0481329240501557,0.0326327931814002,-0.178228722267398,-0.129309674777623,0,0,0,1,0,0,0,0,0,0,0,0,0,0,0
3,-0.342779929069344,0.098940969983289,0.023558445744073,0.206553346568768,0.126336748378006,0.152301504499468,0.0432607230430734,0.195162698187417,-0.0344792455001416,0.0196589057815118,-0.0369130310683047,0.0700210639831587,0.234431465908105,0,0,0,0,0,0,0,0,0,1,0,0,0,0,0
1,0.0977645057992175,0.114990250974679,-0.03528682080502,-0.0922248267556517,-0.0069315394474191,-0.0225588553119795,-0.0102781125733339,0.249494230445718,-0.0085449386053576,-0.043873061921397,-0.076246488198095,0.0270341221579372,-0.391454245634776,0,0,0,1,0,0,0,0,0,0,0,0,0,0,0
6,0.233837302042378,0.263375616478211,0.73180554393245,0.0227685317377838,-0.144518083878973,-0.0671175132808076,-0.0353289246540789,0.32557043070742,0.140530828142116,0.0159292898670947,-0.159925904015437,0.353586414465867,-0.369246984736583,0,0,0,0,0,0,0,0,0,0,0,1,0,0,0
9,-0.0055981274353739,-0.560329888007128,0.341879920518736,0.135463872619988,0.0631431548923855,0.100469498017276,0.063671176260471,-0.0256676533673131,-0.138847073653353,0.138573549753533,0.115623221117679,0.118435476302036,0.45699350870189,0,0,0,0,0,0,1,0,0,0,0,0,0,0,0
4,0.0703546362397081,0.276415054081507,-0.337556038378774,-0.594533235229505,-0.0377559137726212,-0.109428413536691,-0.0199891177625963,0.149402737659681,0.116273892653759,-0.115020890260054,-0.105841634685327,-0.230909521033744,-0.462606185887513,0,0,0,1,0,0,0,0,0,0,0,0,0,0,0
0,-0.277699229771943,-0.688218643997031,-0.282991511742185,0.770846805332097,0.185924609033397,0.252024089748255,0.0727395260454828,-0.636467259388119,-0.0907081186862729,0.249545989751702,0.336950381660499,0.116758279681012,0.806027293790517,0,0,0,0,0,0,0,0,0,0,0,0,0,0,0
1,0.209834646769644,-0.688161284948648,-0.16449995237972,-0.123886049785433,-0.127591202273944,-0.0329313655221637,-0.0533672410094645,-0.29053632867582,-0.0173979738350705,-0.129213420730391,-0.0783384820423365,-0.42638821763081,0.0348645942926148,0,0,0,0,0,0,0,0,0,0,0,1,0,0,0
0,0.0951260601554834,-0.104043903758046,0.286392094015855,1.13236571607338,0.211747410732358,0.0116005592427089,-0.0001024979859443,-0.0650879132228633,0.0677809693774977,0.255975037779649,0.304055833695282,0.108538475654312,0.764824555928757,0,0,0,0,0,0,0,0,0,0,0,0,0,0,0
0,0.105493873814886,-0.258903439607305,-0.432271692790028,-0.109517697155772,-0.0423668839861289,-0.0284406106330682,-0.0333186899463983,-0.275134911955124,-0.0274485545381378,-0.0014596056115973,-0.048787225398378,0.142923337654419,0.245536511362475,0,0,0,0,0,0,0,0,0,1,0,0,0,0,0
6,-0.233960633665819,-0.189633111098586,-0.083743921168223,0.701928288356491,-0.141219361067525,0.184943706422423,0.0153744864902934,0.0967130623295728,-0.0623326882073209,0.0156227214625572,-0.0175499626934497,-0.144730496479128,0.149018918050533,0,0,0,0,0,0,1,0,0,0,0,0,0,0,0
2,0.100075568444197,-0.532072146860615,-0.394598278820778,0.0803495360160238,0.018781333820232,-0.0404651079458213,0.0125415404680121,-0.181263198045782,0.0630690069958692,0.112343132994095,-0.120633541592588,0.0619426302552111,0.0269657034068231,0,0,0,0,0,1,0,0,0,0,0,0,0,0,0
1,0.137472451547213,-0.797468718715396,0.853729281078709,1.22206466204707,-0.0023074887055767,0.182295143950069,0.0147253637178964,-0.482039380967916,0.279036277818667,0.0197942426389658,0.147362737214497,0.202269834126995,0.565544632629211,0,0,0,0,0,0,0,0,1,0,0,0,0,0,0
8,0.0615084356402364,-0.0564891187902149,0.0857840539245035,0.228238014192202,0.0100036584156081,0.0090674858342826,0.0202300492280688,-0.161438769305673,0.146348861966073,-0.0146637323976443,0.0322365430993735,0.0545041718882303,0.0990555742903507,0,0,0,0,0,0,0,0,0,0,0,0,1,0,0
6,0.0062087547209508,0.0307041946128248,-0.234504992411428,1.1737953702537,0.0978650271455075,0.427076904902269,0.0108017465492466,-0.0249157678575143,-0.219334212294792,-0.0045568510831415,0.165719310532786,0.0398925723989683,0.899195902378852,0,0,0,0,0,0,0,0,0,0,0,0,0,1,0
2,0.0396315478639334,-0.561413591620451,0.0870196682990914,-0.0797630658671104,-0.0008044517396564,0.0752856382485357,0.02542865591268,-0.517397932056678,0.312427201171152,-0.0253906893335406,-0.0200909465503562,0.122367565643614,0.315211148563135,0,0,0,0,0,0,0,0,0,0,0,0,0,1,0
5,0.0565139183415629,0.0499772902555975,-0.249298665616183,-0.169474205233705,-0.018889354788617,0.0394321040569236,0.0312432339734763,0.143491715448505,0.007390541145627,0.158165769185178,0.180713353028998,0.117884744845076,0.92166396536443,0,0,0,0,0,1,0,0,0,0,0,0,0,0,0
9,0.0416023950130483,0.329867878493609,-0.139948412260073,-0.42263153206135,-0.0484140808130195,0.0269313180342971,-0.0096200021175766,0.314662482758552,-0.0850792506480686,-0.0868410989649658,-0.201816250462849,-0.31894315205499,-0.367739980735516,0,0,0,0,0,0,0,1,0,0,0,0,0,0,0
0,0.22421107824658,-0.701335661640597,0.536691908974497,0.846776013566559,0.0082239322189007,0.13193262282809,-0.0471311871913769,-0.571077616437569,-0.0918276951485583,-0.0241157212342895,0.022463219231044,-0.101132273749887,-0.0039239655909705,0,1,0,0,0,0,0,0,0,0,0,0,0,0,0
9,0.27708779581869,0.286120731097013,0.65593511000106,0.0134794427019743,-0.0894728303904203,-0.16965027469256,-0.0421705909299357,0.0123263240719044,-0.0675824153877262,-0.0821160164780743,-0.120987169465287,-0.0801743262327898,-0.642979795143916,1,0,0,0,0,0,0,0,0,0,0,0,0,0,0
2,-0.269218853269392,-0.0133098787723385,-0.125205458970972,0.409680322674127,0.0847392691903823,0.0780074407957639,0.0236610906868948,-0.235546385377754,-0.102789044398944,0.0161104782070979,0.115900613342943,-0.0325762333849156,-0.0909135380020251,0,0,0,1,0,0,0,0,0,0,0,0,0,0,0
2,0.060909348818396,-0.530234075869764,0.136622211501355,0.382463258278898,0.0143294171660376,0.0268955770120812,0.0111618316730554,-0.103129658058097,0.197823080511832,-0.0746893538393016,-0.0225478037659292,0.0250031763832478,0.300303886568403,0,0,0,0,0,0,0,0,0,1,0,0,0,0,0
7,0.0597866850625951,0.260769575312401,0.342482070246936,-0.0420223451738865,0.115709360886111,-0.0227506152956314,-0.0074617973089832,0.202938979010854,0.177715433723958,-0.043912684596596,0.0680621326602245,-0.158390022547814,0.205692108951938,1,0,0,0,0,0,0,0,0,0,0,0,0,0,0
4,-0.0539418304752705,0.269254078291337,-0.0231741288806031,-0.248609705509851,0.0343111724981656,-0.0806963461056521,-0.0492250659540825,0.141514226238157,-0.2949834043958,-0.136259405079109,-0.163826537022881,-0.36182444657268,-0.800918559989921,0,1,0,0,0,0,0,0,0,0,0,0,0,0,0
3,-0.210201857099082,-0.0863870921943766,0.2836805117749,0.468359335389324,0.10243774966581,0.302774230557821,0.0386860757519545,-0.184902661079347,0.258272230355048,0.106353262030938,0.32277451735588,-0.177430436901975,0.763803624521945,0,0,1,0,0,0,0,0,0,0,0,0,0,0,0
7,0.244569955507138,0.992663541272263,0.364347636534135,-0.313545925006219,-0.0811026236590775,-0.253283357789914,-0.0933339675753207,0.499444559512541,-0.227720066337924,-0.211554918002415,-0.202912039043528,-0.250249775392982,-1.00975977333289,0,0,0,0,0,0,0,0,0,0,0,0,1,0,0
9,0.0235909689852621,-0.0381497057827921,0.172132348543085,-0.409933948374156,0.0144820384716317,-0.177393486052553,0.0250645460889416,-0.0832222282925107,-0.140835167514845,-0.138444339077565,-0.27679916588659,-0.0963591840752295,-0.805637635286964,0,0,0,0,0,0,0,0,0,0,0,0,1,0,0
3,0.0162658761412362,0.259238491724252,0.125217597411464,-0.360299692205728,-0.0976716567877123,-0.234925999641511,-0.0017257809083718,0.104522410843462,0.106058771436294,-0.0793129329240432,-0.137690804647297,0.10080849596407,-0.663050837040652,0,0,0,0,0,0,0,0,0,1,0,0,0,0,0
7,0.0347753491139113,-0.21780576718396,0.27307860343269,0.278075094986593,-0.150717998212752,-0.162163543713715,-0.010706280144041,0.136992194707997,0.0252180360520462,0.0683147013243842,0.0173447482810553,-0.153291287341596,-0.248594666073138,0,0,0,0,1,0,0,0,0,0,0,0,0,0,0
5,-0.187533682473974,-0.639452807498244,0.625570200877681,0.959416048334063,0.253654586644361,0.265288158381114,0.0556580770205997,-0.266854208929671,-0.0589279486635072,-0.0105902736214967,0.0864555680963583,0.0560854045803786,0.367577483859997,0,0,0,0,0,0,0,0,0,0,0,0,1,0,0
5,0.0170710858915965,0.386648921903339,0.186493881726384,0.644131707313831,0.088024155178112,0.232230166799016,-0.0003722693397359,0.0953888838114872,-0.0749084843497035,0.143930466002142,0.105300623226406,0.201528783051399,0.28255958104527,0,0,0,1,0,0,0,0,0,0,0,0,0,0,0
6,-0.0341501189976739,-0.201474987029172,-0.0333531774276343,-0.157004734433987,0.0239586930859907,0.145198678186781,-0.0273649997506176,-0.0527308598703794,-0.318080753693554,-0.0600326761044586,-0.0739155772053422,0.0789441968968501,0.183733461801696,0,0,0,0,0,0,0,0,0,0,0,0,0,1,0
1,0.279890847394651,0.0180376342239049,-0.311922580964647,-0.432876809894918,-0.0478162277892165,0.136389773134403,-0.0963852690627614,-0.0522871455704522,-0.190319535415644,-0.265819508363304,-0.225619604204418,-0.306295826292299,-1.21411479838874,0,0,0,0,0,0,0,0,0,0,0,1,0,0,0
0,0.0402185593568039,-0.744686353025622,0.36448397575859,1.46319820961262,-0.0055085895660761,0.219186778982645,-0.0124502266710259,-0.47901236482974,0.0622541743248772,0.0375845590183492,0.0784133065330249,0.467255879395486,0.72477336030357,0,0,0,0,0,0,0,0,1,0,0,0,0,0,0
5,0.245036686071832,-0.0682468873289859,-0.70822621192779,-0.838372006942933,-0.174445452290474,-0.30763129772146,-0.0829763391465307,0.10022711421363,-0.193674360669287,-0.192370047498385,-0.245748138209624,-0.12898740419098,-0.536647499855664,0,0,0,0,0,0,0,0,0,0,0,0,0,0,1
7,0.105681023077355,0.777942363542998,0.385896060404334,0.0628295424558154,0.0538965527354607,-0.0795518255744237,-0.0529069604229969,0.387659783213028,0.0311850139824588,-0.0722627889729791,-0.0238465551563125,-0.0967300926378862,-0.728271508539516,0,0,0,0,1,0,0,0,0,0,0,0,0,0,0
7,0.332538534969698,0.0757106154869816,0.708615175724462,-0.243422721703923,-0.196447175424062,-0.337646181225774,-0.0732026827301531,-0.0417334064972308,-0.256909748360728,-0.198841785246043,-0.325850812963128,-0.148879383528047,-0.810356956200273,0,0,0,0,0,0,0,0,1,0,0,0,0,0,0
9,-0.280671182266867,-0.285323338013787,-0.472871004645368,-0.311180634937519,-0.091492215626171,0.163855134581803,0.119976749488465,-0.288245002367475,0.162779875145647,0.200657180877609,0.206057718242132,-0.0109840802812542,0.786104658174299,0,0,0,0,0,0,1,0,0,0,0,0,0,0,0
0,0.231739188190982,-0.254490909395013,0.549947319883554,0.376544345755955,-0.0106072110079091,-0.0035833252584197,-0.0507041541611105,-0.135559192239327,-0.0891356443927861,-0.0407661575079612,-0.0711330337508419,-0.0016400348630775,-0.0074562678770085,0,0,0,1,0,0,0,0,0,0,0,0,0,0,0
8,-0.0348630334485702,0.178937469620015,-0.466723575031014,-1.02261481427707,-0.068533578796247,-0.133534423565688,-6.69370410516599e-05,0.115788450300332,-0.192099885979563,-0.100692072289618,-0.0520973463926294,-0.433016108924209,-0.474555933914205,0,0,0,1,0,0,0,0,0,0,0,0,0,0,0
0,0.204895640225576,-0.54900479346072,0.334800981809039,-0.229387459588346,-0.065985271862093,0.0222124073364851,-0.0528381091508071,-0.224962636603464,0.101068277580562,-0.0636234195988085,-0.142824022206924,0.132205885017824,-0.603410191018929,0,0,0,0,0,0,0,1,0,0,0,0,0,0,0
1,0.32054604843962,-0.567678544222196,-0.255111135539326,-0.374289949222855,-0.0947788053662131,-0.168393995986424,-0.0670231387552114,-0.409142310703151,-0.228771000657318,-0.145314403509862,-0.108080633460409,-0.261565938595589,-0.331538940279996,0,0,0,1,0,0,0,0,0,0,0,0,0,0,0
3,0.0624677948752193,-0.55221660902502,0.234187608671207,0.200883051631607,0.0369426456005537,-0.0078659493886759,-0.0337833982619538,-0.449164995693165,-0.113228079954269,-0.165933983450977,-0.0852724005707622,-0.216611700137951,-0.724597244802011,0,0,0,0,0,0,0,1,0,0,0,0,0,0,0
2,0.058244680573912,-0.649910589124005,0.292054323315106,0.323864584760277,-0.0093838858934267,-0.0838215816857943,-0.0201903500267423,-0.182879289616862,0.172541311512739,0.0123107595705021,-0.023958269693727,0.0403789221466596,0.0886896940191839,0,0,0,0,0,0,0,1,0,0,0,0,0,0,0
8,-0.227138290267332,0.0822410103695336,-0.404302482322842,-0.523408390800626,0.0335030761141215,-0.0383823018091567,0.0521023122783302,-0.143801172164994,0.0875058147063391,0.136757551444031,0.0459075063218474,-0.0742386351307913,-0.41123437872167,0,0,1,0,0,0,0,0,0,0,0,0,0,0,0
7,-0.244671541068966,0.459993362939706,-0.0566960755133586,0.12291802198357,0.0016476842799098,-0.0095130132302484,0.0364212791497569,0.2726177303842,-0.077879230081284,-0.0631405321639597,0.0168038420012352,0.0004913242057664,-0.410520567109663,0,0,0,0,0,0,0,0,0,1,0,0,0,0,0
0,0.184705911517486,-1.04148282270315,0.840930299267959,1.11281739789307,-0.01769324078673,0.0810986491246481,-0.0472800807323923,-0.684037866644211,-0.174855125430589,0.0189901955380356,0.0869747468945781,0.244791322899335,0.256292309790692,0,0,0,0,0,0,0,0,0,0,0,1,0,0,0
6,0.0039241523284812,-0.303239129636657,0.0872144764122207,0.145128126798312,-0.110279949817013,0.114165005951298,0.0148031667180967,-0.260034033183258,-0.198218604384559,-0.105860194094652,0.0579101093428254,0.0030849212820555,0.222460919381052,0,0,0,0,0,0,0,0,0,0,0,0,1,0,0
5,0.208365125613163,-0.0254846319129666,0.313687193214152,-0.165541757984105,0.0068895191644995,-0.0076820607125405,-0.037292281320631,-0.0762169633298381,-0.188871169535342,-0.166882536237304,-0.0588863002909997,-0.0068183169259571,0.37296265013846,0,0,0,0,0,0,0,0,0,0,0,1,0,0,0
4,0.147823678447617,-0.321896622524848,0.262256680761686,0.607683428251196,-0.146702411819666,0.0534974459175398,-0.0328399739431609,0.129956931763349,0.0115600674049995,-0.0286025444888444,-0.147848058409377,-0.188179987501501,-0.101159675306133,0,0,0,0,0,0,0,0,0,0,0,0,0,0,0
9,-0.23570019149052,0.152161579074599,-0.847595757241686,-1.00747060978985,-0.216753662135115,0.0509193172950101,0.0503917397881815,-0.0523851107215429,0.0032230806571192,-0.0934686054607429,-0.16458707940415,-0.336616884198143,-0.84915364551608,0,0,0,0,0,0,1,0,0,0,0,0,0,0,0
4,0.131855773424729,0.215726763719294,-0.0514619793686785,-0.419389337392386,-0.169239609837916,-0.0562722949423809,-0.0269623845060058,0.0668060844217271,0.0751139268697719,0.0253534596734034,-0.0633616716296874,-0.119113860906685,-0.140148614360953,0,0,1,0,0,0,0,0,0,0,0,0,0,0,0
3,-0.0130976299087449,0.171884049654685,0.0730617132158725,-0.635251969604942,-0.113650103203607,-0.223059823897108,-0.0313915054140306,-0.210944916914746,-0.159750078600041,-0.0923976693363805,-0.131293173831016,0.0416975600482248,-0.527397094947804,0,0,0,0,0,0,0,0,1,0,0,0,0,0,0
8,0.0228766340868564,-0.321884861250094,0.420009495788308,0.359828768018068,-0.0200031378557186,-0.115548291460589,0.0072008855726146,-0.27826770935257,-0.162071577367454,0.0636361501959638,-0.0557195995432846,-0.0811109034916631,0.17982239347936,0,0,0,0,1,0,0,0,0,0,0,0,0,0,0
9,-0.242014517551112,0.817674513314194,0.374648138753588,-0.7093034943352,0.0512911830466858,-0.115558832036327,0.0518014054904087,0.555787750636979,0.131900783221321,0.0044187754796535,-0.0201256384769725,0.277516639516374,-0.50844805685767,0,0,0,0,0,0,0,0,0,0,1,0,0,0,0
0,0.146428404982408,0.0868395423685519,-0.606671473617937,-0.0373317182430393,0.0358160256712384,-0.0112018330925164,-0.0545405447183375,0.187938663864055,-0.0418974725695859,0.0486063946513663,0.075461460080867,-0.0984729040674041,-0.440716339066806,0,0,0,0,0,0,0,1,0,0,0,0,0,0,0
0,0.240552035255878,0.15061620310634,-0.65909863854213,-0.825386100318432,0.0218704529655915,-0.0119492336355662,-0.0683147086959756,-0.0178582113720615,0.130703894852929,-0.244871138344976,-0.0152258329298015,-0.0822387874274018,-0.458559947839999,0,0,0,0,0,0,0,0,0,0,0,0,0,1,0
3,0.131519522113261,0.266498742534794,-0.329150686578214,-0.483513581081493,-0.0262254331330999,-0.0541486186416902,-0.0516564703630243,0.147845068389527,0.173397446646068,-0.19036515915252,0.031932800163466,-0.130153919168078,-0.399742337625087,0,1,0,0,0,0,0,0,0,0,0,0,0,0,0
0,-0.0545598567194415,0.0689629184735122,-0.583188084495107,-0.130261632354567,0.0020228414205793,-0.122834257605292,0.0244140566238543,-0.0775386287389819,0.0723479198862843,0.0480469095675233,0.0389558450120117,-0.0495815411236966,-0.115932354102362,0,0,0,0,0,1,0,0,0,0,0,0,0,0,0
3,-0.0440793514835617,-0.54665898726107,0.582886449726441,1.14286626895355,0.0179080487395185,0.150884862104501,-0.02904285663533,-0.335322275247187,-0.223740809493781,-0.0327465125640848,0.0506240513144294,-0.0435911512557884,0.264314308390033,0,0,0,0,0,0,0,0,0,0,0,0,1,0,0
5,0.0649204471502314,-0.0080512699197139,0.648489132246068,0.347916455686079,-0.137303858585728,-0.193579265646498,-0.0185197468850984,-0.186735141610965,-4.10299935281615e-05,0.0746354295658437,-0.064524698445395,0.344813458286533,0.0081123658638586,0,0,0,0,0,0,0,0,1,0,0,0,0,0,0
6,0.132307969869245,-0.119278689357735,0.379611568266043,-0.405619831881113,0.121739135163444,-0.024804325376946,-0.0258324674511838,0.131662293377096,-0.0729598152168013,-0.0653530898183293,0.0381077377835024,-0.0270863271308822,-0.327498705043805,0,0,0,0,0,0,0,0,1,0,0,0,0,0,0
6,0.114906827388711,-0.160412869209266,0.556892412853588,0.207466605123285,0.0249329823609255,-0.0892003045589264,0.0129903641083567,-0.143123357103666,0.0099218874036887,0.138945964678591,-0.0143355579872361,0.26125624072296,0.414977171062035,0,0,0,0,0,0,1,0,0,0,0,0,0,0,0
7,-0.110192746889722,-0.131514713642659,-0.548489507358107,-0.207797157931669,0.0747239041131196,0.0728551361135231,0.0386696051193094,-0.259148383764232,0.081710691641881,0.160606647346734,0.150799756602491,-0.022171353202299,0.385408018643035,0,0,1,0,0,0,0,0,0,0,0,0,0,0,0
7,0.111752136741251,0.144213588290027,-0.169986735082452,0.404922729750163,0.0349309213261766,-0.057229032065614,-0.0299160015341696,0.0607217768744477,-0.107107879772051,0.129384522331001,0.195648166116858,0.017850662017832,0.501110674956217,0,0,0,0,0,0,1,0,0,0,0,0,0,0,0
3,-0.216125334710428,0.195719989366711,-0.138688473255997,-0.308525411266494,0.0319905436306183,0.0694177353971939,0.0332188426775474,0.215804203555285,0.213350618996205,0.0057588136890012,0.0217868843272503,0.0005911711082252,-0.05448818811003,0,0,0,1,0,0,0,0,0,0,0,0,0,0,0
5,0.109637075613839,-0.363340164470144,0.199319305081094,0.0349694145842293,-0.0018122916889942,0.0497522631633855,-0.0122582581925301,-0.18355751289624,-0.282545380874263,-0.056626723750473,-0.0839179290882627,0.182959487346877,-0.0363774879310907,0,0,0,0,0,0,0,0,0,0,0,0,1,0,0
1,-0.0712816434236764,-0.009890357232935,-0.634036549088285,-0.554709369578478,0.0116419478787087,0.0586939766221437,-0.0037507207353298,0.0625899326350122,0.0259470693223525,-0.0593615080625716,-0.0614426960889546,-0.146553891472477,-0.756679086550304,0,1,0,0,0,0,0,0,0,0,0,0,0,0,0
7,0.0355927801366735,-0.160911780336285,-0.154598292201774,-0.408809056492355,-0.0563137266827216,-0.0363278928308255,0.0056896398267626,-0.124500450658448,-0.0460779104834952,-0.111026890631405,-0.0671253497420738,0.262749430256602,0.284955738555134,0,0,0,0,0,0,0,0,0,0,0,0,0,1,0
8,-0.157660460024573,0.812030683746304,-0.485751032088979,-0.855273018896478,-0.12588369424361,-0.166616887112525,0.0141002931625026,0.36681501790049,0.0833741771050528,-0.111103476599446,-0.220757535955099,-0.317210501015406,-0.562222435972774,1,0,0,0,0,0,0,0,0,0,0,0,0,0,0
4,-0.331994993812475,-0.061636999039424,-0.0074941499918813,0.564290106221504,0.128287158271162,0.0749097859869557,0.093645107492318,-0.221951174333243,-0.126322500306333,0.0680182392005512,0.232938908710082,0.120701456093133,0.536481747611463,0,0,0,0,0,0,0,0,0,0,0,0,0,0,1
3,0.021880934063493,-0.297892313647322,-0.0382174672883327,0.0413451474025787,-0.0037133766402102,0.0684799341203509,0.0043606847155466,-0.232862614348027,0.0269486032377814,-0.132461133284476,0.0157809139546193,0.0190456995094024,0.330336263188197,0,0,0,0,0,0,0,0,0,0,0,0,0,0,1
5,0.116362330204931,0.0254404993211223,0.503770992369174,0.449206588134155,-0.0655702860394674,0.215755157467872,-0.0264377527600807,0.318527762299982,0.0254325130731876,0.177944176234959,0.264854851628526,0.42063837457518,0.82039638085357,0,0,0,0,0,0,0,0,0,0,0,0,0,1,0
0,0.0780831822158035,-0.357633940889903,0.438263663401268,0.777474169562715,-0.0439662966181671,-0.181089126503471,-0.0637991185514588,-0.261344869582672,-0.398819511799962,0.0623799503345842,0.161798513443154,0.0907579039542713,0.413255620380999,0,0,0,0,0,0,0,1,0,0,0,0,0,0,0
1,0.0560152869716049,-0.571029955264284,0.978467371747164,1.35002927151263,0.103443928977568,0.096089141711569,-0.0131326651291225,-0.394805913052003,0.0785575753120952,0.0617114453430017,0.0887942971337039,0.683189035031524,0.928955194937656,0,0,0,0,0,0,0,0,0,0,0,0,1,0,0
9,-0.0790437664385779,0.313962189186325,0.110369113939021,-0.131752121775516,0.017339396821822,-0.0859626981741106,0.0542645889271308,0.602597207605207,-0.023460507862231,0.0774720706009103,-0.126674741989646,-0.123618960477019,-0.185225523941042,0,0,0,0,1,0,0,0,0,0,0,0,0,0,0
3,-0.0694330211444477,0.200744372107412,-0.0063970820116726,-0.0752461332622794,-0.0531563634461106,-0.166616676591369,-0.0329149973662217,0.0948685851329387,-0.0317286829749945,-0.133028775626729,-0.18753972670255,-0.109734062122854,-0.400809630405501,0,0,0,0,0,0,0,0,0,0,0,0,0,0,0
7,0.0251213976035847,-0.064509174411539,-0.194955093652376,-0.188628473333466,-0.0939435981031376,0.0192814394965277,-0.0020954967138656,-0.166599304723826,-0.208280162061105,-0.0617672747334516,0.0569075998630063,-0.21012679741664,-0.0286100722869183,0,0,0,0,0,0,0,0,0,0,1,0,0,0,0
2,-0.0716086175095592,-0.125961699240555,-1.08117156673684,-0.376407612643883,0.0603643428074233,0.176223685232427,0.0380157420604143,0.259289550869491,0.271745173392918,0.182056985257368,0.0603861412954615,0.117441013784388,0.337703957328843,0,0,0,0,0,1,0,0,0,0,0,0,0,0,0
5,-0.261414998856857,-0.109599392568384,-0.169551125909527,0.169643478786524,0.175020074988899,0.0761314870635631,0.0516858037233309,-0.305615276468506,-0.159264772483563,0.0865453452238169,0.127883099614967,0.0093281749829087,0.324882199346906,0,0,0,0,0,0,0,0,0,1,0,0,0,0,0
4,-0.0345982074326051,0.225056829130485,-4.88949391338339e-06,0.198455484167781,0.134355104553027,-0.147771568668885,0.0093590264129179,0.004803513859679,0.205766757105563,0.0627275517674973,-0.141926278074976,-0.0438992415082301,-0.0777974996655902,0,0,0,0,0,0,0,0,0,0,0,0,0,0,0
1,0.12515079535098,-0.550428379663088,0.137499758717323,0.132173248681952,-0.0749591448759055,-0.235016710698609,-0.0336324132749848,-0.506002262637554,0.0954101912241802,0.118157046437951,-0.031728287524145,-0.167227187597107,-0.145494989290679,1,0,0,0,0,0,0,0,0,0,0,0,0,0,0
9,-0.150261728770833,-0.386474765707104,-0.531847712344014,-0.204782850607583,0.0660631472120818,-0.142547390074184,0.0282052811251713,-0.214406146214987,-0.253274349660673,-0.0037666939748082,0.0023841355535751,0.078836300860389,0.125493705396543,0,0,0,0,0,0,0,0,0,0,0,0,0,0,1
7,-0.0755862600727405,0.303885317109816,0.149364361206743,-0.230955091983561,0.0211562602736769,-0.0695304197569669,0.023696865086518,0.265558867058673,0.0427594223012846,0.0920701546383511,-0.0237867380172542,-0.119089442547601,0.14271932706413,1,0,0,0,0,0,0,0,0,0,0,0,0,0,0
4,0.161592311933022,0.233394219445962,-0.457922346340942,-0.696942230568895,-0.137294449189019,-0.180591736092581,-0.0477613692949387,0.165327601951938,-0.219887987881366,-0.253245627957942,-0.495486405800255,-0.470971721258371,-0.895685019416982,0,0,0,0,0,1,0,0,0,0,0,0,0,0,0
7,-0.213458057846167,0.299409259546596,-0.168497362280189,-0.249612324497936,0.135254151762914,0.0240951348227436,0.0577163219425578,-0.0152442096576351,0.261731466004961,0.0430243557544641,-0.104309110427611,0.263092257850314,-0.326482425779323,0,0,0,0,0,0,0,0,0,0,0,0,0,0,1
6,-0.0331260349400856,-0.45185607465207,-0.313326777348715,-0.0364236874717902,0.139078084636923,0.273235610762588,0.0212533116815632,-0.498087992467707,0.116461231303388,0.0200343163345676,0.215421640051005,0.313750839397911,0.621103023674877,0,0,0,0,0,0,0,0,0,0,0,0,0,0,1
0,0.0496302819405849,-0.395689941159816,0.116867692590199,0.422465674848955,-0.0570486921605713,-0.118348037326315,-0.0326090898045712,-0.246443903872696,-0.0894302923138787,-0.0607979603850945,-0.0098005340968191,-0.249187923102556,-0.260323880830412,0,0,0,1,0,0,0,0,0,0,0,0,0,0,0
4,0.303931951891531,0.706286882297523,0.0047087087288268,-0.53648431744018,-0.237355143870069,-0.193728736546439,-0.0758237052832931,0.403231813971244,-0.145737773364647,-0.223065681071853,-0.272356946977216,0.0197566618221145,-0.800799015833986,0,0,0,0,0,0,0,0,0,0,0,1,0,0,0
3,-0.0059918562760758,-0.0823677510077448,-0.004800911263295,-0.155422590778562,0.172442311006311,-0.0315815725897226,-0.0195661522115765,-0.163472157711826,-0.0079256255694614,0.0306377448186247,-0.131555163851546,0.389800701147734,-0.241073044996237,0,0,0,0,0,0,0,0,0,0,0,0,0,0,1
0,-0.246952918030282,-0.283048481657316,0.609315609000457,0.986218782883703,0.153415718071788,0.118595987061954,0.014243668657886,-0.281958525607849,-0.138159226347852,0.220840376101225,0.151678603310249,0.382593472126676,-0.0816014600553252,0,0,0,0,0,0,0,0,0,0,0,0,0,1,0
6,0.0963240243194482,-0.104105821507613,0.187695449078132,0.214801847145033,-0.0517851676485277,-0.178942786737033,-0.0116935126629452,-0.221911038260727,0.065553464274943,-0.117803501454538,-0.0508247668189178,-0.210360326228745,-0.348752035466142,1,0,0,0,0,0,0,0,0,0,0,0,0,0,0
4,0.0174204864184885,0.120757212198181,-0.210568555305052,-0.852762548711695,-0.0523949811093677,-0.106654564372328,-0.007885129736218,0.0750053821765019,0.0432438079842769,-0.0923757624857929,-0.101329616762971,-0.169590798806813,-0.342629766820234,0,0,0,0,0,0,0,0,0,1,0,0,0,0,0
8,-0.0948039994143934,0.319920382593862,-0.475433823633866,-1.54903780454298,-0.0895182008427327,0.0145882023255136,0.0293535124974518,0.0927951620176338,0.103204566363735,-0.0367317507463604,-0.0075332985927232,-0.207180314624175,-0.467693162623355,0,0,0,0,0,1,0,0,0,0,0,0,0,0,0
5,0.0192969702089975,-0.358503086810263,-0.251715597549306,0.34047049581493,-0.212218698201707,-0.102522358528125,0.0027942428467549,-0.198387382735802,0.0008526969760347,-0.0857109920440443,-0.013568487172328,-0.421149867161987,0.113727369061533,0,0,1,0,0,0,0,0,0,0,0,0,0,0,0
2,0.274154178114844,0.0400603862844813,0.72821622743744,0.414970793971765,0.170100507717448,-0.0605627775255506,-0.0720564569405267,-0.0035172808189842,-0.127280098222554,0.0705934115556979,0.105008684180961,0.138861464511524,0.242826938457554,0,0,0,0,0,0,0,0,0,0,0,0,1,0,0
9,-0.13577970314764,0.0467987266071552,-0.477690928985743,-0.765201080421354,0.18441879368911,-0.0306988787550844,0.0796984290949801,0.220374656842114,0.114685773231625,0.168901127152019,0.128772047416963,0.161337398029168,0.259499531474211,0,0,0,0,0,0,0,0,0,0,0,0,1,0,0
2,-0.140726505096501,-0.0515764692328869,0.103254386677503,1.06705609377354,0.0770276029234443,0.0948676622685755,0.0175777163136017,-0.354149900281384,-0.0027340453030432,0.092747323636683,0.173832383839545,0.0013370939826372,0.296078398320698,1,0,0,0,0,0,0,0,0,0,0,0,0,0,0
9,-0.097937339122982,0.0010815204347086,-0.15824242261884,-0.103770630547117,-0.16704903875866,-0.166586214912658,0.0238700970657002,0.0196522466846518,-0.11397816454325,0.120122821711447,0.0926760345473653,-0.141004319908912,0.177761707845888,0,0,0,0,0,0,1,0,0,0,0,0,0,0,0
4,-0.409607770914935,-0.571209014360347,0.520860513259057,1.64056259990958,0.282586120167002,0.15847358909915,0.104869454529994,-0.431567681280167,0.353025920704277,0.243599224382231,0.320708822885674,0.1127791872662,1.06182405575113,0,1,0,0,0,0,0,0,0,0,0,0,0,0,0
8,0.122804349908761,1.19924260911704,-1.21268163023206,-1.65808085284473,-0.253684136638366,-0.27206910877731,-0.0334842702730584,0.54546509367546,0.105495113542833,-0.2036009518674,-0.102633753058446,-0.345124262352205,-0.909463115081008,0,0,0,0,0,1,0,0,0,0,0,0,0,0,0
9,-0.273817434606831,0.141833907865079,-0.959289666335468,-0.26173650350679,0.0846108377002366,0.247024810430779,0.0527269045454028,0.0973204802230132,-0.140718325542144,0.109566031783349,0.216405228881676,0.196080727522264,0.420722616649888,0,0,0,0,0,0,0,0,0,0,1,0,0,0,0
7,0.0038523781330795,0.255940149422565,-0.287281827597408,-0.150330615528292,-0.0701697960990855,-0.221303805931492,0.0272013431908961,0.24306294332163,0.182179596816679,-0.0150343621167869,0.0245788917916126,-0.157790013855176,-0.0488460077577994,0,0,0,1,0,0,0,0,0,0,0,0,0,0,0
9,0.150392376194906,0.447535856638623,-0.744415314397386,-1.51420134334871,0.0449544365186078,-0.115466494197871,0.0223812550818336,0.102407788040046,0.209701364159322,-0.011322872655718,-0.034343371488979,-0.136923245198949,-0.567026675989414,0,0,0,0,0,0,1,0,0,0,0,0,0,0,0
9,-0.196915672555619,-0.0611374075277093,-0.0191050175753868,0.0170039353697128,-0.0308740187814129,-0.109084091930191,0.0740882149648618,0.0919672984979034,-0.0875029005563503,-0.0153583274623976,-0.196947260226154,-0.114528662728208,0.127561578301069,0,0,0,0,1,0,0,0,0,0,0,0,0,0,0
7,-0.0222131535754735,0.563621617230125,0.220713248294651,-0.131583044190418,-0.0235861412104299,-0.137108157118303,-0.0120573747437221,0.316693582158054,-0.151331377217405,-0.119985399776764,-0.124917194697103,-0.0843169013282835,-0.664699991145359,1,0,0,0,0,0,0,0,0,0,0,0,0,0,0
8,-0.0730254909618843,0.143539305728175,-0.371441190104807,-0.638275126624074,-0.139877937522014,0.0378168033463468,0.0126495882880756,0.0184224471985569,0.0641242916898331,-0.0183832128663139,0.0528583554751944,0.0326761423887609,0.0697015126334777,0,0,0,0,0,0,0,0,0,0,0,0,0,1,0
1,0.355821015260794,-0.141750471353589,0.177317174142098,-0.185592306646268,-0.115824917606231,-0.0890866020715095,-0.130078185385068,-0.0029899351565755,-0.36230765543205,-0.191807976135519,0.0520674853477714,-0.222234508224348,-0.11958317171321,0,0,0,0,0,0,0,1,0,0,0,0,0,0,0
1,-0.0794419708171867,-0.0924442289656108,0.565398147133083,0.78126361728993,0.228313922721859,0.0527629632719457,0.0496675247406253,-0.0009876860567424,-0.0601834456914558,0.0801496629988675,0.193783608439656,0.210230057297773,0.0811829385147171,0,0,0,0,0,0,0,0,1,0,0,0,0,0,0
7,-0.03553978605736,0.0522114572003893,0.237987367860438,-0.459109065805523,-0.0042787223128697,-0.0042649339810165,0.0145383705359129,0.100557536949841,-0.0411870215446241,0.0881708462008352,0.0338382114531453,0.362429005714662,0.437876140441514,0,0,0,0,0,0,0,0,0,0,1,0,0,0,0
5,0.0703116398870447,-0.0804595137965141,-0.141420850751044,0.0243297223411167,0.0023062680914164,0.0372673271671733,-0.0400855925762677,0.098125328653715,-0.27366437199142,-0.275083894925703,-0.0642401926178489,-0.190517662241899,-0.549616074036697,0,0,0,0,0,0,0,1,0,0,0,0,0,0,0
8,0.0011619889120925,0.097141996429647,-0.795575959455614,-1.04138438516884,-0.109313228128973,-0.117727666642455,0.008159216528347,-0.0077512535352991,0.0949279622939259,0.0075805201666062,-0.13748516278231,-0.138463681689334,-0.556369552988107,0,0,0,0,0,1,0,0,0,0,0,0,0,0,0
5,-0.0953754394898446,0.254727005650257,0.439576301077049,-0.389699099350967,-0.0153795631575538,-0.088367066724001,0.0138860616284524,0.180507483851252,-0.115365653415206,0.0709315073016027,0.0434578563139603,0.120038764751045,-0.243739997680742,0,0,0,0,0,1,0,0,0,0,0,0,0,0,0
1,0.0361659123753085,-0.392617179052201,0.636759851942823,0.714839046097906,0.0555623979246435,-0.0161459093863213,0.0003119298392323,-0.229164911239816,-0.0002510137410516,0.100640745626161,0.0608478885192382,0.20166209972398,0.751293717059145,0,0,0,1,0,0,0,0,0,0,0,0,0,0,0
6,-0.0690018523562239,-0.791827524238446,0.236249952993673,0.563564276637684,0.156776007793417,0.20749546476712,0.0424509977665306,-0.34474632648109,-0.0621974674847944,0.160684166760827,0.142062156482184,0.441795772315275,1.00384650889471,0,0,0,0,0,0,0,0,0,0,1,0,0,0,0
7,0.31063656694655,0.544279030957935,-0.406228765807245,-1.08457473497249,-0.189180084840182,-0.0384441182327568,-0.0585305853112184,0.354444201975265,0.0580477893502154,-0.286165784232234,-0.135878196840016,-0.338834240077574,-0.680296835764738,0,0,0,1,0,0,0,0,0,0,0,0,0,0,0
3,0.125287095069513,-0.0952363154197965,-0.194032930532665,0.173635475286551,-0.059846342646094,-0.171996557112094,-0.0286347244864637,-0.390499109217766,0.151219491163854,0.0785048343850854,0.194496295782995,0.0900426398476919,0.817939286476658,1,0,0,0,0,0,0,0,0,0,0,0,0,0,0
9,-0.0792507038502813,0.921254110501787,-0.122154007237425,-1.25157472936035,-0.0885730521676996,-0.205828026707255,0.0412008286325399,0.541904221467063,0.187743077662833,-0.0217567502098168,-0.144632434316761,0.282277145417673,-0.440115507523198,0,0,0,0,0,0,0,0,0,0,0,0,1,0,0
9,0.131502051848896,0.5519188216341,-0.434664412895578,-0.791799624855725,-0.185303112073028,-0.186423912875377,-0.0137841285799502,0.14539384020329,-0.0118608496640876,-0.106043499324308,-0.152990030136994,-0.0995709683772827,-0.336301461355428,0,0,0,0,0,0,1,0,0,0,0,0,0,0,0
6,0.253165282150185,0.254951775054232,-0.239820327065942,-0.857749826098562,0.0308108203359187,-0.0599576472214624,-0.0595731105954626,0.183288166529626,0.0313136355907283,-0.0209881417219424,-0.229249776848901,-0.373328397751725,-0.485319557122788,0,0,0,1,0,0,0,0,0,0,0,0,0,0,0
7,-0.0079768565370134,0.0783043096699566,0.161830541264793,0.007168318533269,-0.0529415774042259,-0.191778001872427,-0.0051419994035229,0.138809279397343,0.125207867770558,-0.146287968048128,-0.0779524063859224,-0.18959010155052,-0.599991904246188,0,0,0,0,1,0,0,0,0,0,0,0,0,0,0
5,-0.0481632485940182,0.651691299979606,-0.514044461123044,-0.700618779000906,-0.121560373381703,-0.162266338360435,-0.0140191142014784,0.270413705298119,0.108247150167139,-0.178542330243699,-0.205506620575003,-0.0531779560048236,-1.03361494946746,0,0,0,0,0,0,0,0,0,0,1,0,0,0,0
8,-0.297986397995288,-0.255750727436121,0.0585291407165587,0.356245271236955,0.188957594001095,0.0096749247206301,0.0522019091898819,-0.443254741082005,0.0388177522129291,0.0852940229550931,-0.0011841604063784,0.333591528820577,0.341737292314677,0,0,0,0,0,0,0,0,0,0,0,0,1,0,0
8,0.043053688232164,1.03962402680662,-0.143617953249828,-1.23237696478514,-0.147028604748981,-0.117349733446026,-0.0159462489823851,0.578892324672521,-0.0529433757575345,-0.118788036609621,-0.271267668684692,-0.319926851429295,-0.835512057639781,0,0,0,0,0,1,0,0,0,0,0,0,0,0,0
3,0.0747149146309806,-0.105446901342157,0.119173195162202,0.826711586752015,0.175724038652326,0.0101035576608108,-0.0053477317916509,-0.1099613627343,-0.0963361210731412,0.0097232627747295,0.131032595253185,0.109951652891948,0.159374537903012,0,0,0,0,0,0,0,0,0,0,0,1,0,0,0
2,0.401112562767025,0.103176373942675,-0.180114288454766,-0.556956399886435,-0.105754439000723,-0.205240434158404,-0.0971565225212611,0.119388307206012,0.0795897477215447,-0.261860818318185,-0.260666531812813,-0.252799797493523,-1.17908834036555,0,0,0,0,0,0,0,0,0,1,0,0,0,0,0
7,0.0224124142256739,0.468623802956022,-0.171687667816803,-0.251796318047987,-0.0387753027207989,0.0442202003925804,0.0050700700909845,0.440608278367297,-0.0176975103156816,-0.132782750252752,-0.0056143586682492,-0.10963795440139,0.241331968167368,0,0,0,0,0,0,0,0,0,0,1,0,0,0,0
2,0.136883525409347,0.423158639918226,-0.75370068236397,-0.978179220066978,-0.111499830154297,-0.130376672569621,-0.0587963059530676,0.0943991430310659,0.0844216331661848,-0.15006071132191,-0.166640674061017,-0.361839361936334,-0.61386477553815,0,1,0,0,0,0,0,0,0,0,0,0,0,0,0
2,-0.0368672870009489,-0.84617934503735,-0.109842638295955,-0.0509521325764309,0.0565223269473823,0.137843074714068,0.041861040855938,-0.392466365050616,0.067079369622574,0.210316360458681,0.158105580734972,-0.153966060002887,0.525096718065487,0,0,0,0,0,0,1,0,0,0,0,0,0,0,0
6,0.23550042270898,-0.0340406014672953,-0.297536861166783,-1.26076742142399,-0.265604304068471,-0.273053061892867,-0.0787391299425103,0.16602150595164,0.0301400251263056,-0.344899830721602,-0.435556652852009,-0.278655600167004,-1.25879207377336,0,0,0,0,0,0,0,0,0,0,0,1,0,0,0
7,-0.131873976603781,0.352608553433235,-0.396723988472631,-0.594589949100914,-0.0141928514137602,-0.0467452502957507,0.0297783709517645,0.0284504108246377,-0.129600088752502,-0.0983081578480325,-0.100366899071103,-0.0493050778911811,-0.546220306745114,0,0,0,0,0,0,0,0,0,1,0,0,0,0,0
4,-0.0478263637900891,-0.110836327556971,-0.141113802658804,-0.160567917860875,0.0850457762181623,0.0679030387468832,0.0260699970750919,0.0203153307887068,0.141055827712883,0.0822871189025604,0.0920684060773935,0.276851101391192,0.479499296537365,0,0,0,0,0,0,0,0,0,1,0,0,0,0,0
8,0.0288362573864068,0.387462911516482,-0.262990954613264,-0.115710921571763,0.0761671302211948,0.0776791803347764,-0.0263548806131767,0.179886545050745,0.0234121772243743,-0.0750710665102239,0.0794407710851183,0.0164797873497367,-0.490007873100112,0,0,0,0,0,0,0,0,0,0,0,0,0,1,0
3,-0.241675908542549,-0.874433691651636,0.5378233024115,0.835081302253627,0.185032511751697,-0.0232623784919959,0.0735072047338436,-0.12084367450867,0.0955402307352135,0.139868997363816,0.203768675146016,0.303015253456817,0.270648053009077,0,0,0,0,0,0,0,0,0,0,0,0,1,0,0
3,0.12440840279719,-0.070016483118739,0.44697107964846,0.392713293134556,0.127239464941339,-0.0068468166002981,-0.0268598382661015,-0.0627197642278852,-0.0479735850800146,-0.0494122828482815,0.0755024506785751,-0.115275973582193,-0.0374563799569904,0,0,0,0,1,0,0,0,0,0,0,0,0,0,0
7,0.0421302365092777,-0.314608856147991,0.174067822312086,-0.228684140667699,-0.0448263210896307,0.274502402469704,0.0008808814448459,-0.197829986931869,-0.107700704029419,0.0327493302630806,-0.0398198849517013,-0.115769206310051,0.130912350010923,0,0,0,0,1,0,0,0,0,0,0,0,0,0,0
0,-0.0471008014288995,-0.320616268280948,-0.276253054445298,0.055733897411846,-0.105917715560211,0.0674541511303043,0.0031169702124468,-0.369623805211775,0.0407979635796233,-0.0931380118115424,-0.0269490002628731,0.0134517423315774,0.191232165493798,0,0,0,0,0,0,0,0,0,0,0,0,0,1,0
8,-0.251804901987696,0.291293913826464,-0.592440387918239,-0.492362399555606,0.0502506887297437,-0.260845575795143,0.0271834802725497,-0.0302244965851255,-0.0604164724642074,0.0152997828518413,-0.178079294758897,-0.0049634482406121,-0.124548783127797,0,0,0,0,0,0,0,0,0,0,1,0,0,0,0
3,-0.113777763700731,-0.280027268671639,-0.133092089510505,0.0920350672414466,-0.128486145589964,0.0262345688967835,0.0414393962602759,-0.0784064469254884,0.203625853214199,0.0796157862651603,0.189203655189675,0.115490183976575,0.441804776304165,0,0,1,0,0,0,0,0,0,0,0,0,0,0,0
1,-0.0271853185391614,0.201361176440474,0.149884348048588,0.206065558661454,0.0339245976550525,-0.0913866250058468,-0.0128229585322739,0.305689588121988,-0.0194070770928465,-0.0825646072096855,0.0439790874846746,0.110148241076883,-0.39033387639058,0,0,0,0,0,0,0,1,0,0,0,0,0,0,0
6,-0.184119349325961,-0.203637438095986,-0.148628169316239,0.153039136958622,0.0406308773004241,-0.126540041388854,0.022189786541347,-0.151401795018393,0.0471480588431104,0.0635327749322061,0.169308154203383,-0.061469736277468,-0.13052126370025,0,0,1,0,0,0,0,0,0,0,0,0,0,0,0
2,0.026796398046038,0.0304010136518635,0.0801411918471743,0.655679287061524,0.143255533452001,-0.148871237880427,0.0081989197046145,-0.197813578384124,0.175759282814614,0.089943026058501,0.0965223998174628,-0.0437993530323909,-0.280252679600427,0,0,0,0,0,0,0,0,0,0,0,1,0,0,0
0,0.0106952597606997,0.0743113682750553,0.502546944912594,0.71813500103801,0.0895600236911165,0.0186593020337861,-0.0356412695121042,-0.138003185019673,-0.0945616782290095,0.072319314058391,0.0278728936758189,-0.277162769313362,0.0135993462461403,0,0,0,0,0,0,0,0,0,0,0,0,0,0,0
1,0.0848462984399645,0.13078160148332,-0.409102704511691,-0.56382112789474,-0.0265199096003608,-0.0383921277190873,-0.0455956936729127,0.0992676535496682,-0.070172200111664,-0.168510378550702,-0.278422781659305,-0.0653511566568442,-0.861057227929613,0,0,0,0,0,0,0,0,0,0,0,0,0,1,0
4,-0.081111871947649,0.276415973081372,-0.171048621078016,-0.152894191790338,0.136271659341516,0.0651307099571394,0.0455112720229894,0.209203359810495,0.0081156611229836,0.101766237223424,0.128924181195186,-0.0770445124245612,0.160326060197572,1,0,0,0,0,0,0,0,0,0,0,0,0,0,0
2,0.0056637640945658,-0.224470703608997,-0.0053386518021073,-0.201540899868924,0.0311717684250447,-0.144655997214846,0.0089162676181138,-0.243488564693372,-0.115593864937157,-0.0042063644972936,0.0190470619790504,-0.0018963435138639,-0.225389024110523,0,0,0,0,0,0,0,0,0,0,1,0,0,0,0
4,-0.173633656806195,0.0188825582437799,0.212796704433816,-0.113521429048699,0.0947686774695484,-0.0011478656890908,0.0632039038859266,0.0550136206572753,0.166316886190746,0.217315337391396,0.217028991961886,0.459765519977381,0.18236344706285,0,0,0,0,0,0,0,0,0,0,0,0,0,0,1
1,0.0186387808812154,0.0286450449530548,0.0922537492521022,0.268757662049922,0.11431246064583,-0.069289416447058,-0.0283963805100251,-0.124395147682909,-0.34246174878925,0.0383304000720107,0.0959235459168415,0.145938925481704,0.0232858835818284,0,0,0,0,0,0,0,0,0,0,0,0,0,1,0
6,-0.191754899395265,-0.292061954307955,0.184385947212367,-0.193166589907337,-0.0079978189265178,0.0925390054514152,0.0306667806905156,-0.0445460202130643,0.0318012272712048,-0.0518126306737614,-0.143542984068176,-0.0375502980726702,-0.128552721509651,0,0,0,0,0,0,0,0,0,0,1,0,0,0,0
5,0.0370466981398316,0.226260920503315,0.0735714202324084,-0.355530072726666,0.0326359204557504,0.160959202530953,0.0214549685075695,0.139952051826936,0.10009489688877,0.0337491927596431,-0.0026811636770925,0.145924230641981,-0.363158282490754,0,0,0,0,0,0,0,0,0,1,0,0,0,0,0
0,0.143429206700166,-0.275392133115215,0.391408638757507,0.908033177618207,-0.147937375002967,0.0919449208818992,-0.071702678248382,0.191032832531941,-0.0767693581410395,-0.0440270333583396,-0.0332956285461255,0.001159536200025,0.219075946805182,0,0,0,0,0,0,0,1,0,0,0,0,0,0,0
5,0.0286865460328609,0.354998668362546,-0.33790918925478,-0.299686173823724,0.0824614309526806,0.0895679530288031,-0.0012621930256253,0.410369570565608,-0.0651364942520236,0.0777906679864363,0.153465558229987,-0.0571571984142238,0.0047565298964554,0,0,0,0,0,1,0,0,0,0,0,0,0,0,0
8,-0.0963473163452763,-0.175502700532259,-0.0639700797762399,0.13558888634439,0.108849317918694,0.119131388302185,0.0425903032402875,-0.310452050340471,0.225322473485518,0.126843907023212,0.115443724743045,0.175324458760605,0.70794416586391,0,0,0,0,0,0,0,0,0,0,0,0,0,0,1
8,-0.156633673505697,-0.314103438240398,-0.211227092760789,-0.143235919915776,0.108266273512114,0.0842203580954807,0.0967984056585004,-0.330123774934506,0.242306834104474,0.238530062565215,0.280586906613312,0.0587694572059526,0.42093814029647,0,0,0,0,0,0,1,0,0,0,0,0,0,0,0
4,-0.105424500086636,-0.11093677543594,-0.0955642526224856,0.100319516676295,-0.106983824244203,-0.154944709414739,0.036580021765409,-0.0280038638614842,0.0737529302227473,0.036644636622774,0.0163367333664553,0.110797188603818,0.344250621384731,0,0,0,0,0,0,0,0,0,1,0,0,0,0,0
9,-0.0382707097493551,0.292875813731443,0.141430873993233,-0.702818957431359,-0.0147238030893563,-0.0634069458071951,-0.0007286044693313,0.0883675416690391,-0.263816204850091,-0.111749111669171,-0.124862597035329,-0.291698331686925,-0.0143086883263145,0,0,0,0,1,0,0,0,0,0,0,0,0,0,0
0,0.0538092896930758,-0.315368289416395,-0.205730544045116,0.275965175301365,0.24954162665947,0.113013291773628,-0.0229375429043305,-0.351135379827622,-0.124282086787062,0.0432871919223953,0.0187162401067818,-0.268802565826719,-0.141145488165819,0,0,0,1,0,0,0,0,0,0,0,0,0,0,0
6,0.0043184843753861,0.33577972599447,0.102173317165074,-0.413132959403536,0.0360230201731064,-0.056425150110401,-0.0096697221427681,0.245466330255484,-0.0458035107834593,-0.0821552855786605,-0.0783110767815748,0.0612561550359304,-0.508692452966469,0,0,0,0,0,0,0,0,0,0,0,0,0,1,0
7,-0.246993902156638,-0.0092996855901005,0.722469457869474,1.65133644535828,0.17299887068011,0.197754489961311,0.0646483367992196,0.0969659517477143,0.0349991763540216,-0.0383855897457543,-0.0368311864227482,0.369642376236959,0.620523209890298,0,0,0,0,0,0,0,0,0,0,0,1,0,0,0
3,-0.136434287462375,-0.128682049058615,-0.23683409553107,0.316357707213702,0.0891974031083995,0.0567738543939899,0.0301039164976763,0.0110289743355245,-0.083762437058086,0.0132522798828417,-0.112967996700009,-0.0316885404032059,-0.21350382683305,0,0,0,0,0,0,0,0,0,0,0,0,0,0,0
