target,Acid,Brix,BunchN,GrapeW,NDVI06,NDVI08,pH,Polyph,Potass,SPAD06,SPAD08,SproutN,WoodW,Treatment_T1b,Treatment_T2a,Treatment_T2b,Treatment_T3a,Treatment_T3b,Treatment_T4a,Treatment_T4b,Treatment_T5a,Treatment_T5b,Treatment_T6a,Treatment_T6b,Treatment_T7a,Treatment_T7b,Treatment_T8a,Treatment_T8b
3,-0.173573753673466,0.0070551970788539,0.159389712618793,-0.0187215806006998,0.19684942741407,0.100301805107298,0.0684387468254286,0.152908501368905,0.131899740820604,0.112323968019802,0.111230012718536,0.273831609126677,-0.0623893347489951,0,0,0,0,0,1,0,0,0,0,0,0,0,0,0
0,-0.146159175458832,-0.0618881039001929,0.774951135131688,1.79006045249935,0.170948995420688,0.231356875102333,0.0146255543171914,-0.288739478004397,-0.127790603643932,0.161812399681545,0.181238863067108,0.0332325509001795,0.830799166294262,0,1,0,0,0,0,0,0,0,0,0,0,0,0,0
9,0.135913387422362,0.049311562014953,0.941373802930598,0.23093260967256,-0.117937061253636,-0.329374723734879,-0.0249996749085652,0.413027764479438,-0.193976342330493,-0.178182285577852,-0.221600185743595,-0.0607348888142102,-1.05513990473169,0,0,0,0,0,0,0,0,0,0,0,1,0,0,0
6,0.022379201366137,-0.032191308120197,0.288711167349369,0.523179776850449,0.101547963303969,0.104931942210635,-0.0387035902869405,0.0210613103720736,0.10472323344378,0.0294314387108435,0.0670870857593345,0.25451758681624,0.251504124862233,0,0,0,0,0,0,0,0,1,0,0,0,0,0,0
9,-0.229540619876668,0.0734647180295026,-0.287341849110114,-0.0298217272237834,0.0651591928027501,0.0783300434135896,0.0576518845387346,0.414716146319469,0.26588770140594,-0.0470876589225168,-0.0053927357172522,-0.0650206600662345,-0.0953924536924574,0,0,0,0,0,1,0,0,0,0,0,0,0,0,0
1,0.0404564663248644,-0.133371077534301,0.0775673330617134,0.318829742500536,-0.0298310798762704,0.0126929245417877,-0.0169076274956809,-0.258686205534427,0.0926078873881382,-0.017121355471452,0.0502767713671346,-0.206939535174473,0.23479197616421,0,0,0,1,0,0,0,0,0,0,0,0,0,0,0
5,-0.151305971008712,0.0741875532516074,-0.596857623332131,-0.120134533792052,0.0643397448013505,-0.0938338173308766,0.0569275875145985,0.000473833738163,0.0700227796701352,-0.0311801672764347,0.0016169008751241,-0.0444165316343744,0.336194416007881,1,0,0,0,0,0,0,0,0,0,0,0,0,0,0
5,-0.127943445514125,-0.0971950664688421,-0.876169866997703,-0.510160250726508,-0.10458770546182,-0.0342312949278325,-0.0329709157371395,-0.164454219092336,-0.023843336866128,0.0418263826782668,-0.0103263983357611,-0.186766333649589,-0.288555399626455,0,0,0,1,0,0,0,0,0,0,0,0,0,0,0
1,0.0325840004257862,0.0386804331737041,-0.205754833061524,-0.0120356504169625,0.0133492157019137,0.326527530243185,0.0168676282992313,-0.0023605381265799,-0.0892925566219644,-0.0297092471281275,0.173811151109538,0.279228159720044,0.216541404653849,0,0,0,0,0,0,0,0,0,0,0,0,0,0,1
6,0.193252270088976,-0.0050088416764229,0.57669197754627,-0.358411597890817,-0.0298448440210427,0.0337332255570528,-0.0637163142306681,0.244644118048472,-0.301193363992377,-0.0938918614438036,0.0054359481661962,-0.0211595002225225,-0.0557636755474757,0,0,0,0,0,0,0,0,0,0,0,1,0,0,0
2,-0.0575712618124434,-0.0554653406518147,0.794867211534719,1.16005681314823,0.0357324749102451,0.164845335222397,0.0137804565825383,-0.184534599788689,-0.235961851488673,0.0710626422679019,0.225061601064352,0.119319885565003,0.647843691246698,0,0,0,1,0,0,0,0,0,0,0,0,0,0,0
8,0.370070546595074,-0.0385465500061018,-0.112459363220066,-1.15463622132914,-0.161555814977458,-0.184777126418509,-0.101420650687238,0.449702928547218,-0.260631213009594,-0.274410457771467,-0.295038154776518,-0.116312826620193,-0.912853013015419,0,0,0,0,0,0,0,0,0,0,0,0,0,1,0
2,0.0123045983057931,0.251001054179098,0.142878920285667,-0.286269251759639,0.0256121760406747,-0.0467384653082622,0.0163857612819471,0.167760206339475,0.0375496600070752,-0.0884465268373111,-0.0694730580393142,-0.0415670203305795,-0.116343449996103,0,0,0,0,1,0,0,0,0,0,0,0,0,0,0
7,-0.099682638547988,0.049742791408798,-0.480363704627532,-0.469882297126249,0.0746225170449864,0.248872799122128,-0.0368366069167701,0.291894704193698,-0.246138556811552,-0.103381347524745,-0.127497008193345,-0.27192714571946,-0.434180236628141,0,0,0,1,0,0,0,0,0,0,0,0,0,0,0
8,-0.0099056550600191,0.169110536887711,0.31257673312464,-0.62509320840075,-0.0517022365578921,-0.0985948366730303,0.0014029192801775,0.129139560840611,-0.365498591032731,-0.0720877801731388,-0.165709331837473,0.0439987931974198,-0.756178799563987,0,0,0,0,0,0,0,0,0,0,0,0,0,0,1
0,-0.385542950009813,-0.0005108191236583,0.578533420933471,1.44607756960473,0.321886787877147,0.402206649571254,0.145313447050936,-0.382644839312423,0.335640199540924,0.355221817271036,0.380423077168075,0.479433973899005,1.10636787170548,0,0,0,0,0,0,0,0,0,0,0,0,0,1,0
1,-0.0980446663201733,-0.107809295730056,0.240584626644187,1.05283376366955,0.157989422576633,0.3505604161821,0.0035366973844651,-0.21707040291181,-0.0209295089673708,0.0991080562029014,0.286642137078584,-0.0389356782400055,1.0128029767554,0,1,0,0,0,0,0,0,0,0,0,0,0,0,0
6,-0.344941873346642,-0.0230213641879544,-0.904604061743954,-0.463042040341166,0.249207792554904,0.0989518593745276,0.0505822529423218,-0.168219438006349,0.146832859343881,0.144704598224611,0.0330405208373604,0.133089917188757,0.463007989934729,0,0,0,0,0,0,0,0,0,0,1,0,0,0,0
8,0.2262597750757,0.0548970753004003,0.244629852764384,-0.373955873443795,-0.104971668440834,-0.227881612534119,-0.0735598075653403,0.283037749792128,-0.0822572478523346,-0.15365996874283,-0.189991185954374,-0.0470944232834239,-0.606175625158591,0,0,0,0,0,0,0,1,0,0,0,0,0,0,0
3,0.0105449670195723,0.183334562073986,0.308981814465656,-0.398031650915266,-0.182654070043117,-0.0258302633068687,0.0426170476117023,0.263872666380411,0.132133190261378,-0.110739033895155,-0.116694809951249,-0.0944559742408519,-0.546829986881174,0,0,0,0,1,0,0,0,0,0,0,0,0,0,0
5,0.0179882187038358,-0.0471032761650968,0.643974989383332,0.633927695536822,-0.210298189103544,-0.106448425374741,-0.0123576019533094,-0.132104239761016,0.0482258492361383,-0.0694707683891684,-0.242380414480858,0.250054987650715,-0.243661931051419,0,0,0,0,0,0,0,0,0,0,0,1,0,0,0
6,0.202619572973908,-0.182387321305804,0.264090195781098,0.502798996393727,0.105081654727414,0.0374071323872262,-0.0324056747897069,0.0389229383007606,0.0444257269217625,0.0625449664282123,0.0385390986365163,0.217126928011456,0.138215936066512,0,0,0,0,0,0,0,0,1,0,0,0,0,0,0
2,0.145248459254431,-0.189817279978558,1.1865226472147,1.39979871656045,0.0293939474521447,-0.0879034514489726,-0.0577445495941565,-0.224134137837823,-0.298961033565832,0.0985840358193582,0.132485684551408,0.306591748779142,0.467109549565828,0,0,0,0,0,0,0,0,1,0,0,0,0,0,0
4,-0.0583562926429961,-0.0061416411280763,-0.0688870727082185,-0.0883739695174179,-0.0740192631672504,-0.0165454531755684,-0.0062570204674459,-0.289187210406211,0.0340168623982495,-0.0452433639085557,-0.207392559675948,-0.0614688945887667,-0.509269018643204,0,0,0,0,0,0,0,0,0,0,1,0,0,0,0
1,-0.173065528028974,-0.0283684028174054,-0.126728969863436,0.16144625990743,-0.108758744053326,-0.0266722891204653,0.0601408477214559,-0.0711827830533025,-0.0308817294392129,0.100680512627766,0.02052594386027,-0.119984576248128,0.339235962360641,0,0,1,0,0,0,0,0,0,0,0,0,0,0,0
8,-0.339850607868798,0.110157196857814,0.82034985954539,0.609142531556826,0.104049519568201,-0.17666187686641,0.0708235032755396,0.146610978836693,0.0596684806390517,0.0009225523518813,-0.168744549869564,0.292202031689888,-0.305865854049473,0,0,0,0,0,0,0,0,0,0,0,0,1,0,0
0,-0.0763548292976838,-0.119046314902846,-0.268259370277701,-0.0645938967588725,-0.0990492752658589,0.218244616849642,0.019146622323225,-0.338895519013664,0.125632665013185,0.0449102804871693,-0.0075366573392046,0.198847392094046,0.370093037690532,0,0,0,0,0,0,0,0,0,0,0,0,0,1,0
0,-0.0126390805372383,-0.0282859745426347,0.353913787867992,0.102678956046524,0.0012713722682609,-0.127099886448874,-0.0039954181487369,-0.390314286990354,0.0101211817864825,-0.0295327101034716,-0.0602159623051635,0.242427100933814,-0.241999053914584,0,0,0,0,0,0,0,0,0,0,0,0,0,1,0
6,0.0206025645880882,-0.0111090547187698,0.360948266388628,0.316314166885629,0.0016823046541081,0.106412518162261,-0.0102325440586698,0.0704019024403777,0.0644194837408039,-0.078022134246963,-0.0209756812518801,0.163096582027689,0.147224312782141,0,0,0,0,0,0,0,0,0,0,0,0,0,0,1
4,-0.166145027822605,-0.0119036076052241,-0.160185461158939,0.175309294673601,0.0217612807854128,0.0633177035382553,0.0527948175791955,-0.167144693662831,-0.0020039854121255,0.167064944058473,0.18268672824966,0.19511791214195,0.422123864026691,0,0,0,0,1,0,0,0,0,0,0,0,0,0,0
1,0.0714363367740121,-0.0326429027084895,0.371888752610513,0.105907837384449,-0.105131751835332,-0.0545284514072827,-0.0008056570786757,-0.0104168166259761,0.0558138668619201,0.0318652132632583,-0.0069074773924739,0.0370001082109661,0.251370882265893,0,0,0,0,1,0,0,0,0,0,0,0,0,0,0
3,-0.0955155355036554,-0.0615114355718623,-0.210133429243485,0.331276236472297,0.0862287957345722,-0.0622148150009455,0.0146008416116641,0.12551131329848,0.0105531221799159,0.0652724864240209,0.124036797971136,0.0728257439927257,0.429634617590382,0,0,0,0,0,0,0,0,0,0,1,0,0,0,0
9,0.0197790714558944,0.0711574568535293,-0.0683529391837667,0.0312490763605031,-0.0037711636273349,-0.244517557051112,0.0084215168040221,0.16293219611165,0.243538363897606,-0.0575207483319227,-0.248384552863163,-0.226234804079307,-0.464446574750502,0,0,0,0,0,1,0,0,0,0,0,0,0,0,0
8,-0.0922918568616415,0.0158460690572365,-0.461471119574357,-0.376878981306605,-0.007503046684544,0.0020568053263046,0.0109705014145981,0.261886171017701,0.101345589123469,0.0266588370296794,-0.103488092640594,0.159470226531326,-0.258415304863811,0,0,0,0,0,0,0,0,0,0,0,0,0,1,0
3,-0.101098850890438,0.0302055303660113,-0.220353787307065,0.204609630164399,0.0042416619825244,-0.0869807277613835,0.0050489304825078,0.0303759936341833,-0.0984085481214665,0.019116633557195,0.137863449913024,-0.112885343187239,0.235933911461457,0,0,1,0,0,0,0,0,0,0,0,0,0,0,0
1,-0.216112019532389,-0.0835024402546691,0.148667469269938,0.485449976914968,-0.0107423308689368,0.0813193220500999,0.0475185613210666,-0.215034066442092,-0.0333018104172137,0.10724049777925,0.0807421196104325,0.205815509031106,0.28074525306761,0,0,0,0,0,0,0,0,0,0,0,0,0,0,1
8,-0.123444968700981,0.127866054218084,0.267764599021235,-0.0570568984410486,0.108327397395838,-0.233617269243664,0.036865111470888,0.0629303582525944,0.0116215799554874,0.0306084319884104,0.0809879363446433,-0.0387184031226914,-0.68148208151627,0,0,0,0,1,0,0,0,0,0,0,0,0,0,0
4,0.192372927055955,-0.0629012578469619,0.394702621388112,0.18237067965117,-0.0862688656494567,0.117969886114613,-0.0791517000667231,0.187761986668286,-0.147422472152278,-0.0528506959831147,-0.0248862036856076,0.28077600197524,0.121210234850559,0,0,0,0,0,0,0,0,0,0,0,0,0,1,0
5,-0.157668239274018,0.031510090877573,0.56388109701301,1.31200779812858,0.208787410122486,0.0525654419179217,0.0590305133576051,-0.132585140233134,0.172312135074041,0.0845192533578092,0.037879469910714,0.183681684272239,0.433869455412673,0,0,0,0,0,0,0,0,0,0,0,0,1,0,0
2,0.225243173862833,-0.0468574725012183,0.867816169869049,1.02919886885199,-0.0543256433054269,0.140156593875955,-0.0517138981140453,-0.144372339687609,-0.231307783436798,0.0154459618569114,-0.0195835128734587,0.106741498709618,0.12521499597573,0,0,0,0,0,0,0,1,0,0,0,0,0,0,0
2,-0.0999232735440679,0.0581298763879671,0.0638502457735822,0.0176655390186809,0.0727816792533333,0.107156903694214,0.0089775566474351,-0.242116743627977,-0.0501016998847352,0.0857846197212246,0.058080082510553,-0.0860407656901066,-0.0171785369823777,0,0,0,0,0,0,0,0,0,0,0,0,0,0,0
3,-0.0226323859864633,0.0133661054573804,0.6164512620705,0.424466871134436,0.031979895523686,0.192538064045454,-0.0080582977172409,-0.188880840929867,-0.0999576711562469,0.180108821057868,0.249475376569894,0.176825382495286,0.729972798662189,0,0,0,1,0,0,0,0,0,0,0,0,0,0,0
0,0.190585894646755,0.0169163428210237,-0.611057592303842,0.144093340836453,-0.0555382684748913,0.0050377392477296,-0.0661666559399921,-0.358049314633146,-0.246604668615871,-0.180108297416225,0.003959733192759,-0.158200221138267,0.254555486256897,0,0,0,0,0,0,0,0,0,0,1,0,0,0,0
0,-0.052798597925525,-0.0032522710667959,0.214898624781519,-0.133616651851626,-0.0285492351675524,-0.0296769773649374,0.0313451605237975,-0.102575439010179,-0.0213300184554855,0.06929073167839,0.0702886330697292,-0.0238791117999755,0.464204856974007,0,0,0,0,1,0,0,0,0,0,0,0,0,0,0
9,0.129391458586939,0.130504269917035,-0.31674245042145,-1.09196317705479,-0.103932884464698,-0.275743611911323,-0.0102528823392905,0.44534821119277,-0.180650885493984,-0.183000482823354,-0.319844794280496,-0.426540780007913,-0.961727909399388,0,0,1,0,0,0,0,0,0,0,0,0,0,0,0
8,0.217712047667342,0.0018340693490778,-0.0430603938398845,-0.656386627234175,-0.132621858298108,-0.120556530653206,-0.0379162509319171,0.245128310312421,0.168339462782846,-0.182542313751542,-0.175800292558479,-0.287541229494837,-0.760399067942862,0,0,0,0,0,0,0,1,0,0,0,0,0,0,0
7,-0.173336736157349,-0.0483075574389285,0.10580464691889,0.0401130910758225,-0.107214417346296,0.116146606741207,0.0099201964123521,0.0832785060465029,-0.0832585653014302,-0.0604443410046594,-0.0738907729670489,0.277676020107652,-0.272552356162765,0,0,0,0,0,0,0,0,0,0,0,0,1,0,0
9,0.229455843136545,0.0563857705278143,-0.032516448090817,-0.194795570013117,0.0268987111637303,0.0532110342510033,-0.0223467550665841,0.357216676482419,0.131641866410477,0.0057040249922289,0.165578574156028,-0.227650238006734,0.17908739176378,0,0,0,0,0,1,0,0,0,0,0,0,0,0,0
0,-0.117750261714432,0.022589035265293,0.686129175156315,1.081336383326,0.193748090061588,0.151619713081849,0.0471866820887392,-0.17005910134899,-0.0829947959278947,0.108419263570701,0.176838810734531,0.582597679588206,0.816343037432443,0,0,0,0,0,0,0,0,0,0,0,0,1,0,0
3,0.286015387189279,-0.0232427344106109,0.270419649361841,-0.309745989192832,-0.0978159028926365,-0.0020850388997797,-0.0486792988046152,0.0291331591313286,0.0506692603241179,-0.10921879750391,-0.152877060104033,0.190166223785751,-0.624802679555921,0,0,0,0,0,0,0,0,0,0,0,0,0,1,0
8,-0.131091145747787,0.0475133013317117,-0.853485214769321,-0.81814615710398,-0.07253077830057,-0.0859741817974896,0.0307545783367729,0.52737853292785,0.186770333667897,-0.0858569202166726,-0.197464438615405,-0.0765652481084402,-0.485103524990944,0,0,1,0,0,0,0,0,0,0,0,0,0,0,0
1,0.160568010303573,0.132912150109307,-0.131281928502583,-0.675888538162924,0.0287936968718417,0.0547755453308348,-0.022637530543987,-0.256920085012394,0.106941374966738,-0.163216889230869,-0.15267668113942,-0.025800443393875,-0.0011925713952309,0,0,0,0,0,0,1,0,0,0,0,0,0,0,0
1,0.102070649779127,0.0157637357194183,0.0262799093663692,0.499245710091932,-0.0854373541223826,0.0537258165708658,-0.0285582058667014,-0.0074613954890019,-0.194558888623312,0.0968320154327672,-0.0386798472895708,-0.0627427496034347,0.331190734575404,1,0,0,0,0,0,0,0,0,0,0,0,0,0,0
4,0.214596558817374,0.143451816282671,-0.0848900324233657,-0.866233078590852,-0.0287800588666651,-0.0196291916716765,-0.0180499066123098,-0.0303271973844131,-0.0349626910577847,-0.0912204731276183,-0.139809457063288,-0.201455829726582,-0.603605412462425,0,0,0,0,0,0,1,0,0,0,0,0,0,0,0
1,-0.004594591035844,0.0097384863897475,0.0798598904896897,0.248930157623485,0.143534527623461,0.106698961282099,-0.0048347779281052,-0.049496417257015,-0.0076361672052492,0.0271087356371323,0.0876361682456767,0.333781497074997,0.424862058139076,0,0,0,0,0,0,0,0,0,0,0,0,0,0,1
4,0.262270665546035,-0.0240165856748091,-0.468054683843895,-0.810740229969673,-0.125412889175261,-0.0756643874040435,-0.0560430508662045,0.159997425540779,-0.0246168675079139,-0.175129149622401,-0.211296471461741,-0.269905913294262,-0.324029575542279,0,0,0,0,0,0,0,0,0,0,0,0,0,0,0
8,0.102378929879372,0.0048920616377667,0.426848322203192,0.0562130183340711,-0.0714954466262812,-0.059155349133728,-0.0330632404053415,0.428186451876987,-0.132268855776255,-0.0587972411083879,-0.137491715734006,-0.163832309122759,-0.0973460503232134,0,0,0,0,0,0,0,1,0,0,0,0,0,0,0
9,0.0317116076445627,-0.0270625433284922,-1.025285624892,-0.644239998558808,-0.246132049601638,-0.133427955459844,-0.0245076152376463,-0.0860055993640808,-0.064653663681023,-0.105468602966157,-0.189602765445328,-0.222350883583824,-0.251924338344115,0,0,0,0,0,1,0,0,0,0,0,0,0,0,0
3,0.0453705548881109,-0.141459625933835,0.122734794650053,0.821948070452431,0.0037494801481759,0.0664235299437938,-0.0182466661120319,-0.0608053654276988,-0.170659008494015,0.0311679737994744,-0.0082212010126188,0.118401460607759,0.238669400430253,0,0,0,0,0,0,0,1,0,0,0,0,0,0,0
0,-0.0789173140792475,0.0054839006179908,-0.219716040385636,0.111898994012843,0.188252673320675,0.197519855687689,0.0197460827353834,-0.245812642753931,-0.158035391321503,0.130230013184149,0.233014832200967,0.220460778712796,0.62805798870028,0,0,0,0,0,0,0,0,0,0,0,0,0,0,1
0,-0.33356711974974,-0.0442244615374541,0.380681410263212,1.49900632166135,0.326288162543538,0.138370591029938,0.102521758604263,-0.643985356765032,0.117898110433166,0.122445656364491,0.358303720900944,0.0587037501359671,0.898092274057094,0,0,0,0,0,0,0,0,0,0,0,0,0,0,0
2,-0.0062334093032647,-0.0987185739550687,0.247391325875298,0.682033415235711,0.136963211289772,0.0904238001986006,-0.0321634264920348,-0.123597830564702,-0.0793617353716844,-0.133361827858463,-0.0601518138820216,-0.0617528803236298,-0.732502894603641,0,0,0,0,0,0,0,1,0,0,0,0,0,0,0
6,0.245015965757459,-0.0429575377463031,0.0954199231878443,0.431877153046751,0.0110677294676142,-0.060584901467686,-0.0674839693777971,-0.221130382629195,-0.0812978368582308,-0.0417090844803703,-0.0528380580451051,-0.0407785159806168,-0.538317779625698,0,0,0,0,0,0,0,0,0,0,1,0,0,0,0
9,-0.151900694648353,-0.0068743283552792,0.0234131319891647,0.275971772979691,-0.028728663912325,-0.0670056360545759,0.0174604918272663,0.327465828652225,-0.0792512424813365,0.0178703184232805,0.0825708394960582,0.10735769337831,0.0118462926784559,0,0,0,0,0,0,0,0,0,0,0,0,0,0,1
7,0.0025031162907935,0.094867471555088,-0.202128887877238,-0.687450236860397,-0.0189212586053176,0.114233927925656,0.0083761172988412,0.316608239709049,0.162858032849308,-0.0050378802402751,-0.0056361320551229,0.186976889468927,0.426425773823825,0,0,0,0,0,0,0,0,0,0,1,0,0,0,0
3,0.0490512368368054,-0.0218802112827946,-0.355959597864844,-0.91876755252871,-0.194713004530948,0.0826806028985927,0.0015669238006879,0.257504223505895,0.26719552524232,-0.0472353125833972,0.0928012292446882,0.394138652823956,-0.188405088911399,0,0,0,0,0,0,0,0,0,0,0,0,0,0,1
2,-0.207882741449112,0.0550538696575692,0.055236013110777,0.808605653956393,0.223180102837181,0.18141037356617,0.031530635805177,-0.334579187855443,-0.125776349290194,0.0976081253625681,0.163929270936667,0.0360340982441419,0.339760394578386,0,0,0,0,0,0,0,0,0,0,0,0,0,1,0
1,0.144598083079894,-0.190642078794043,0.16590961534815,0.609816874951435,0.117013735997356,0.133974109324643,-0.0263400057760961,-0.103423665778511,-0.0307306468776991,0.128945283304775,0.164160126430711,0.26667024866907,0.640281249434541,0,0,0,0,0,0,0,0,1,0,0,0,0,0,0
6,-0.178760394602168,0.0015959102645916,0.350022829088764,0.377532964883365,0.192453828362303,0.158234071504598,0.0274884141922896,-0.0178484260888631,-0.173100285415611,0.137722559318209,0.0973329105176002,0.305080905497567,0.393680697691684,0,0,0,0,0,0,0,1,0,0,0,0,0,0,0
5,-0.0112382640567058,0.0621520419005162,0.327267149697628,0.251623469833319,-0.187282615694957,-0.0703563489535243,0.0035921934022268,0.28303460076269,-0.0160700472909182,0.0256508973075944,-0.178858972160819,-0.260248697213516,-0.544123264223977,1,0,0,0,0,0,0,0,0,0,0,0,0,0,0
2,0.0302833833452495,-0.131730975724201,-0.142232367895399,0.930921218646598,0.0603365243281811,0.156470592762135,-0.037488538816499,-0.183688367195252,-0.227409848751998,0.0604855708211672,0.14565719817336,0.263870243355458,0.773784135824237,0,0,0,0,0,0,0,0,0,0,0,0,1,0,0
2,0.0189470220639552,0.042995699964924,0.339446811323326,0.433891192695645,-0.0401539938240458,-0.0363347547788598,-0.0208664579187133,-0.416140356916915,-0.096781959493949,0.0622458523640155,0.0243650016872555,-0.0766970965660508,0.181980927803286,1,0,0,0,0,0,0,0,0,0,0,0,0,0,0
0,-0.0772530870904134,-0.245904557241208,0.658317712114125,1.72342343424251,0.166775758861841,0.317373180781731,0.0291832078120143,-0.43164371921818,0.106307603039466,0.229506820155249,0.350321178173202,0.186423814182774,0.780486645831208,0,0,0,0,0,0,0,0,0,0,0,0,0,0,0
9,-0.0923275409288656,0.175625000713672,-1.38395556106257,-1.53834632980787,-0.238834169095085,0.0447527769410775,-0.0012793225342402,0.290522769471496,-0.0141119114110642,-0.128134612117707,-0.208507625179661,-0.360976298159082,-0.659212082258719,0,0,1,0,0,0,0,0,0,0,0,0,0,0,0
4,0.0779995977186134,-0.0479693576395489,-0.0269976915705356,-0.0879887809449596,0.013992303764485,-0.144854817534681,-0.0411476790942062,0.224274243997655,-0.254845822777929,-0.0432172506778419,-0.207746052941424,-0.149532845158484,0.0420428265998089,0,0,0,0,0,0,0,0,0,0,0,0,0,0,0
3,-0.286669431297984,-0.118477904506568,0.183799080739845,0.749442284459722,0.143443004272093,0.0842962406651247,0.0623485841304683,-0.22241878146217,0.369247279919932,0.0675661203718213,0.0408507280383385,0.352710167983181,0.0647211208674173,0,0,0,0,0,0,0,0,0,0,0,1,0,0,0
8,-0.0036459030430672,0.0112996464102842,0.0257821531454282,-0.0325147426001047,0.0472910522509274,-0.175245165421197,-0.012230629258558,-0.0803443328577117,0.0927194034668604,-0.0383580006737161,-0.0449267840837267,-0.118093451257408,-0.50280138973216,0,1,0,0,0,0,0,0,0,0,0,0,0,0,0
3,0.001505278491874,-0.0021695966750807,0.127011558866799,-0.37738538694593,-0.140762538687117,-0.0977987376581478,0.0199056999127364,-0.214641620934096,0.214246329589244,-0.0777458212418106,-0.132904979639261,-0.0642002939921847,-0.590402489029405,0,0,0,0,0,1,0,0,0,0,0,0,0,0,0
3,-0.0236984878646109,-0.025078825427276,0.507453055979833,0.0700078311874406,0.0840878890080045,-0.0317694353907417,0.0433944252972661,-0.127657913007345,0.0984297733594778,0.0520802867633786,-0.0473852479107748,0.217686184595813,0.130619199340904,0,0,0,0,0,0,0,0,0,0,1,0,0,0,0
5,-0.0465337948756465,0.0263790976381145,0.246826328467507,1.02081867718373,0.0819161314599777,0.120393184080417,0.0157769787363963,0.374911900382207,0.0326807724157516,0.288975400874038,0.14802742852097,0.233298207490283,0.998410340712205,1,0,0,0,0,0,0,0,0,0,0,0,0,0,0
9,0.218917997751931,0.0598774459543381,-0.0651053409113038,-0.299541822591516,-0.0780232689408876,-0.341888779973024,-0.0190041043900011,0.723830326007531,0.348908879922711,0.118642544688884,-0.0018587752654588,-0.020490200041692,0.278006250233549,0,0,0,0,0,0,1,0,0,0,0,0,0,0,0
7,0.216665125512747,0.0363586783160513,-0.184479258396753,-0.295455981159992,-0.0312353753591027,-0.211652224829414,-0.0499796674676679,-0.0964052434829265,0.0782536949500836,-0.123312789457378,-0.181531623403853,-0.28936667309042,-0.341918719321111,0,0,0,1,0,0,0,0,0,0,0,0,0,0,0
5,0.112298454572277,0.048559717397212,-0.12113764358006,-0.384480609013988,0.0573297734689641,-0.0135109995402627,-0.0274944125900864,0.0547884569171593,0.182893995866108,-0.0254230917855508,0.0766338480789346,-0.122737595526756,0.0190909504217393,0,0,0,0,1,0,0,0,0,0,0,0,0,0,0
1,0.171227910853472,-0.0188618544019556,0.0268967979523239,0.210284833680564,-0.0400370530285555,0.0707021917472407,-0.0162121281503748,-0.22788271717084,0.113271431822027,-0.106402942169437,0.0870517919242686,-0.0743114677562178,0.283313746116708,0,0,0,0,0,0,1,0,0,0,0,0,0,0,0
2,-0.580578829754617,0.0382028991163689,-0.0733686798011805,0.816678126980208,0.198899163002596,0.078613195419551,0.145515966287226,0.0683462590258823,0.138817263678272,0.255408345048178,0.135285809848648,0.132149416567069,0.843219090593628,0,0,0,0,0,0,0,0,0,0,0,0,0,0,1
2,0.0422916512755002,0.106328929397917,0.436266412546405,-0.226330538193801,-0.0798162506333485,-0.0229876068876881,0.0111256014695164,-0.054654399552304,0.222632258162817,0.14769049482049,0.0597081564161164,-0.0832937891524597,0.327000734092843,0,0,1,0,0,0,0,0,0,0,0,0,0,0,0
6,-0.106414686969472,0.0502679071453682,0.0028533397255681,-0.162206543502077,0.178977916984471,0.214016283133887,0.0169975809354895,0.164313999918318,-0.106085515036457,0.176893987093093,0.132501396072727,0.0638959875623775,0.0245824227083416,0,0,0,0,0,0,0,0,0,0,0,0,0,0,0
6,-0.057185429177138,0.0665928126708084,-0.299148003604335,-0.348208017620871,0.062502442179487,0.0101978616808558,0.0217497420872059,-0.0889893754527313,0.149190193579196,0.129726582490162,-0.0107124639431186,0.114630125250544,0.27395716732512,0,0,0,0,0,0,0,0,1,0,0,0,0,0,0
7,-0.158279664936376,-0.0446642050762922,-0.19924636949991,0.376061988673352,0.129272229042055,0.281421468108213,0.0073722438614926,0.192241746719939,0.0658760983772514,0.108050438193406,0.234225436717009,0.317422420360225,0.596374313299436,0,0,0,0,0,0,0,0,0,0,1,0,0,0,0
0,0.0672945650420303,-0.008905350233131,-0.202338818615125,0.0616558232583314,-0.0788250013549814,0.116623365888348,0.0104438577132801,-0.262091080789996,0.0824175916619238,-0.0309760004083606,-0.0803447827892652,0.0725760249444243,-0.0826102176465661,0,0,0,0,0,0,0,0,0,0,0,0,0,1,0
0,-0.248172291309155,-0.0474083109366456,0.188131399308733,1.02200879094362,0.0048173684615492,0.138766001161279,0.0560985062004711,-0.181883796478256,0.054553051915099,0.0918641551565962,0.0658882020950348,0.0430327967247278,0.513046259052171,0,0,0,0,0,0,0,0,0,0,0,0,0,1,0
0,0.050717875020761,-0.0218471155583049,0.048768848928436,-0.336336242434445,-0.026168654144493,-0.136036567350754,-0.0019695254951428,-0.197634114917154,0.282445932510069,0.125584313019206,0.168870184924147,0.057115414204256,0.349626616292187,1,0,0,0,0,0,0,0,0,0,0,0,0,0,0
9,0.196499957467921,0.0994302874817799,-0.221157370106923,-1.01028439430128,0.0347955200134873,-0.0131327818267257,-0.0130517435405386,0.540317646642837,-0.0102200963523329,-0.153339626736004,-0.0790246215626635,-0.164844958584084,-0.502284947780741,0,0,0,0,0,1,0,0,0,0,0,0,0,0,0
4,0.0127208493914672,0.0111220839367022,0.0619093799668848,-0.215223240981117,-0.191162419054213,-0.0437007165318255,0.0010605845065573,0.0476295357430414,0.0246516401234566,-0.0721076549165556,-0.0954862714836884,-0.149682060881585,-0.224219371831997,0,1,0,0,0,0,0,0,0,0,0,0,0,0,0
7,0.280520311290552,-0.0097080481093364,0.808874001787393,0.99676563349,-0.0060511747992192,0.0698785938465327,-0.0570911003821691,0.378716766806613,0.0342792831001979,-0.0193101771680659,0.156156495522525,0.246268998036633,0.229703075044984,0,0,0,0,0,0,0,1,0,0,0,0,0,0,0
2,0.187319995268281,-0.0178403607926027,0.613084407176391,0.942985205587999,0.0163935484604296,-0.193609569923278,-0.0074660155400505,-0.259857221577869,0.13815246009588,-0.0192710402854726,-0.10417444882124,0.149109940012044,0.204640715585132,0,0,0,0,0,0,0,0,0,0,0,1,0,0,0
9,0.0209639978619244,-0.0077290211338,-0.416287910496491,-0.104398483206865,-0.093862999533547,-0.0404421944170041,-0.0350061870799187,0.225310000202844,-0.0454378496932585,-0.119434824150347,-0.0795100998353667,0.106200948187184,-0.309258846506315,0,0,0,0,0,0,0,0,0,0,0,1,0,0,0
6,0.123518071221899,0.0309847843930281,-0.854640544743453,-0.748680738706435,0.0025719165386407,0.0387655983438176,-0.0058055568303845,-0.0337978659773267,0.30167666523972,0.0877810669142257,-0.0460996881725069,-0.125477495145141,-0.212149061661341,0,0,0,0,0,1,0,0,0,0,0,0,0,0,0
1,0.11751820374587,-0.0217047359565863,-0.0906985677610345,-0.184054389617716,0.107089598984115,-0.0527340832977817,-0.0044605209854802,-0.0651162408186657,-0.0083237754814335,0.0098562414618792,0.0016822754288184,0.0565677652750766,-0.0932672152601764,0,0,0,0,0,0,0,0,0,0,0,0,1,0,0
2,0.248751269923731,-0.110840752075208,0.230247922168386,-0.310665676893844,-0.0738329025122305,0.0046261515184759,-0.0524805612615869,-0.259339488377685,-0.0454180050040309,0.0949555855364558,-0.0390519962966637,0.359092271321889,-0.0347938869935618,0,0,0,0,0,0,0,0,0,0,0,1,0,0,0
6,-0.03266771838273,0.0462229903273105,-0.940930110965123,-0.473133943313373,-0.0298456946835213,-0.144584476979036,-0.0092802527127363,0.0386111300414007,0.0984590948189203,-0.048175459752086,0.0281940317921444,-0.334467850684722,-0.195768542849774,1,0,0,0,0,0,0,0,0,0,0,0,0,0,0
0,-0.0783344950701751,-0.0035856668141982,0.187916617559414,0.412530704119609,0.0954271452780844,-0.112859191051589,0.0491929646142,0.0250950625429356,0.100082317852383,0.0465421129379298,0.153324865064922,0.0827169726133704,0.306691746554764,0,0,0,0,0,0,0,0,0,0,0,0,0,1,0
0,0.0130800817034469,0.0180268757943059,-0.25412210033796,0.116708860963647,0.0097170975218935,-0.135583699918551,0.0061905777417395,-0.647867577533171,-0.196155487145295,0.0129935196858142,-0.137671369210324,-0.120825547144361,0.0480952721405036,0,0,1,0,0,0,0,0,0,0,0,0,0,0,0
6,-0.126506486954361,-0.0290584985496374,-0.220598671446412,-0.370641730319325,0.153217464746252,-0.0561266934808037,0.0140333032229446,-0.0897453273648944,-0.263453892183403,-0.0676266686019973,0.032997610346418,0.219207294764709,-0.472501826473542,0,0,0,0,0,0,0,0,0,0,0,1,0,0,0
2,0.226191162075016,-0.0262816436807166,-0.0839107379808449,0.0184402278019422,0.0006893961825303,-0.13018427946789,-0.0685979004808634,-0.29335040715426,0.0982071979782341,-0.0563086152061698,-0.101507831117741,-0.247456278582544,-0.197586673968374,0,0,0,0,0,1,0,0,0,0,0,0,0,0,0
3,-0.169889953333915,-0.0862689763760309,-0.0050027026697974,0.313003686902281,0.147773122776271,-0.0747567819825492,0.0225300700285953,-0.345603065179487,0.356489002600132,0.224294103464198,0.161238635536859,0.336772675056237,0.328311190873011,0,0,0,0,0,0,0,0,0,0,0,0,0,1,0
4,0.220285003349693,0.0238567302285682,-0.32776390498159,-0.466507109760237,-0.192394040235319,0.0471576647973025,-0.0708663322555168,0.149793505313346,-0.0597836662856039,-0.0804393236521912,-0.107241506392143,-0.421963061598699,-0.576632079543638,0,0,0,0,0,0,0,0,0,0,0,0,0,0,0
2,-0.0640322405654944,-0.0208529757472448,-0.268919964805821,-0.256494341050357,-0.0598182362613416,-0.0260387042129315,0.0104479541419056,-0.382556009790943,-0.0691794525297463,-0.0879738002777645,0.0170480644116572,-0.254288967636426,0.0752942849179642,0,0,0,1,0,0,0,0,0,0,0,0,0,0,0
5,-0.0486954454247372,-0.0380895029694203,0.267398931425018,0.660921357905708,0.118552657386705,0.0008399320075414,0.0070473306923687,0.0215587273607127,-0.0193835266300279,-0.0001144497232444,0.118594716327047,0.171035777848819,0.358307382336729,0,0,0,0,0,0,0,0,0,0,0,1,0,0,0
0,-0.068897158355176,-0.133819822596386,0.627106154313543,1.08823169428011,-0.0062934687634767,0.183352826557197,0.0120558287957079,-0.485936438715718,-0.0829613644329935,0.115924693959422,0.0679725090805737,0.0544945677947992,0.752378318065159,1,0,0,0,0,0,0,0,0,0,0,0,0,0,0
7,0.0547678151381507,0.0044513420731343,0.0758986617247273,0.200406169539902,0.0422697666271961,-0.0658656499256986,-0.0261032564332881,0.195260785490337,-0.0521566273877102,-0.0498686091383524,-0.015663507603044,-0.275010566035239,-0.0836057968935848,0,1,0,0,0,0,0,0,0,0,0,0,0,0,0
4,0.0860772306404036,-0.108374561597286,0.350010471437076,0.646828255463737,0.136608104551257,0.0955839407473669,-0.0176299488291253,-0.163099570170634,-0.146318877317022,0.0166460177696663,0.0411293106717528,-0.0543421741069155,0.748336059447446,0,1,0,0,0,0,0,0,0,0,0,0,0,0,0
4,-0.0647628610064926,0.124656706876002,-0.144712134449799,-0.223992418370371,0.0540418741513749,0.0041515376658938,0.0140784537385185,-0.197262197067835,-0.0598801903758356,-0.0410572574170661,0.0085804409526286,0.211850598779802,0.142403167798808,0,0,0,0,0,0,0,0,0,0,0,0,0,0,1
2,0.0266980310879201,0.050521921640258,0.862136445304321,0.903148533356404,-0.0497080492660989,0.0235742936628194,0.0215644696798053,-0.219880646617317,0.0006596237448911,-0.0745485674185078,0.103446303724586,0.286659581872155,0.412219586945181,0,0,0,0,0,0,0,0,1,0,0,0,0,0,0
9,0.173547072134156,-0.105138611423327,-0.299317231268009,-0.445271699448329,-0.0196532968098931,-0.113210314396635,-0.0569842182724716,0.371546162357587,0.134001646431041,-0.0858527298679918,-0.1198394799001,-0.25537642461226,-0.903118278074786,0,1,0,0,0,0,0,0,0,0,0,0,0,0,0
2,0.0332299680332004,0.0287752771907791,-0.299042545802764,-1.06121659902223,-0.20079954062598,0.0160490068569869,-0.0198877500180768,-0.224837435014164,-0.286425215156333,-0.108905465867052,-0.214303931016563,0.0759966221124179,-0.240762529487731,0,0,0,0,0,0,0,0,0,0,0,0,1,0,0
9,0.282170697853921,0.0226551831292079,0.583066235341651,-0.630937952086862,-0.201476685409541,0.160361252887749,-0.0508308954456209,0.495645351788994,0.0655488289011891,-0.264711428954678,-0.140393289220702,0.0678059224415256,-0.550746312023616,0,0,0,0,0,0,0,0,0,0,0,1,0,0,0
7,0.0858251225209679,0.109604593387382,-0.265943285072612,-0.543855473115787,0.0917053383434292,-0.136290973538107,0.0276798209502419,0.228064408092249,-0.0462139349817584,-0.0383357909267054,-0.0028541359272659,-0.166827723605941,-0.684559586193808,0,0,0,1,0,0,0,0,0,0,0,0,0,0,0
3,0.094756416012845,-0.0755650250698309,0.0962920660885705,0.0151835925284058,0.127748433896614,0.0593881371662254,-0.0028836217327387,-0.0109926076526406,-0.008244991200077,0.0983286084657928,-0.062970022493958,0.146757186223613,0.253321431976508,0,0,0,0,0,0,0,0,0,0,0,0,1,0,0
0,-0.20029970963354,-0.103813374365096,-0.0896192772805762,0.927821590002882,0.258675197174528,0.271906812968573,0.0357680140692972,-0.337400865265375,-0.109233188745565,0.115871035774955,0.174839837229725,0.378439360837446,0.66803236263516,0,0,0,0,0,0,0,0,0,0,0,0,0,1,0
2,0.0204007562071442,-0.0171387562593675,0.910454148295106,0.349550424581196,0.0748207796087414,0.052004474894658,0.0071213864892586,-0.195539063875667,0.0742173586921335,0.109436005423802,-0.0089878210119044,0.158229110210079,-0.10145057092145,0,0,0,0,0,0,0,0,1,0,0,0,0,0,0
2,-0.122744396940354,-0.0968631146110715,-0.237445559611777,-0.292608527590294,0.0347602697027027,0.022622271648813,0.0107559577684788,-0.18929524940167,0.0922083986842753,-0.0671393682202426,-0.0090208274549231,-0.0308291091454844,0.0531811629428937,0,0,0,0,0,0,0,1,0,0,0,0,0,0,0
2,-0.339104763277111,0.101417294163816,-0.208053969615516,-0.607818870381099,-0.0627715945249361,0.164988886957574,0.0791039686100059,-0.329571308292986,0.0518228385990126,0.0710371275721801,0.04531940042912,0.128091824068759,0.26458345161143,0,0,0,0,0,0,0,0,0,0,0,0,0,1,0
5,-0.0593496314473417,-0.0090289756668884,-0.381121853003618,-0.192627702604134,-0.199280272677251,-0.110085437386629,-0.0114352659464061,0.145884804665234,0.242486909064872,-0.0576121454116968,-0.0297755544134624,-0.104551721676354,-0.0120068049496966,0,0,0,0,0,0,0,0,0,0,1,0,0,0,0
0,0.138550398612722,-0.0863892467677697,0.137726780978906,0.556921158870233,0.0286723555333873,-8.50365836702199e-05,-0.0101523598747988,-0.692210971564439,-0.085717493672514,0.163344993380556,0.137148623732672,0.320688071416072,0.614258114347647,0,0,0,0,0,0,0,0,0,0,0,0,0,1,0
6,0.116863448810384,0.0164151087866648,-0.292801634697278,-0.208127944658504,-0.181872903776062,-0.182527005906796,0.0139682882226406,0.380394013729251,0.186922243434406,-0.0167431139343701,0.0156179261337014,-0.102008526738451,-0.0947720796797897,0,0,1,0,0,0,0,0,0,0,0,0,0,0,0
5,0.024536627480516,0.0903533093885412,-0.13699820627426,-0.358071861355155,-0.0855018199148609,0.0419827762322179,0.0022830931724401,0.066868327477279,-0.0494826491861877,0.108452570941222,0.101689802845535,-0.0630199345209583,0.324487668169703,0,1,0,0,0,0,0,0,0,0,0,0,0,0,0
2,0.0286151996937047,0.0242627641708996,0.128423701168282,0.435617782627267,0.0889229599379575,-0.0845354806198386,0.0352070735062968,-0.047015513472669,0.084050231496337,0.0131737332283887,0.0162069634629633,0.194816373071981,0.111150198815141,0,0,0,0,0,0,0,0,0,0,0,0,1,0,0
9,0.141511048662843,0.0889579800165336,-0.368621250036007,-0.243415106084752,0.0367631766802031,-0.0043095810993135,-0.0394385252048118,0.451753451589895,0.0170938900392132,0.0404996664092049,0.0292953021473148,-0.282637272273399,-0.163388427328347,1,0,0,0,0,0,0,0,0,0,0,0,0,0,0
1,-0.0707633748847852,-0.114710484108747,0.219349493947958,1.08130836192085,0.307510690213729,0.184216879925521,-0.0166194364213633,-0.334229994841561,-0.0124046315467651,0.0333865717810853,0.162475435029106,-0.0065790195465387,0.585423306745292,0,0,0,0,0,0,0,1,0,0,0,0,0,0,0
9,0.233264885161525,0.0979189692331533,-0.0561482188873716,-0.64370606401278,-0.0138416467315262,-0.247971611586906,0.0121333696842812,-0.087464929401357,0.0479119311981738,-0.0035703660858045,-0.0005032040489864,0.0870475103080295,-0.656468223336467,0,0,0,0,0,0,0,0,0,1,0,0,0,0,0
7,-0.33414148804036,0.007566454472919,-0.252403659773127,-0.443734716523817,0.187899287075746,0.10611272364293,0.0818308168138266,0.104375653487398,-0.0691128339197612,0.0626329521183616,0.161293729371376,0.255852697383198,0.289821653972453,0,0,0,0,0,0,0,0,0,0,0,1,0,0,0
4,-0.275164783897762,0.122239088885465,0.0555870800999365,0.173290539242104,0.0555387791486649,-0.0264969636323161,0.0992307087105677,-0.118284825726201,0.0614972050928373,0.0631379467079799,0.242776645739141,0.216815108432982,0.617567757742264,0,0,0,0,0,0,0,0,1,0,0,0,0,0,0
4,0.0242872073944218,-0.101172920072584,-0.422870930169775,-0.489950738729388,-0.0503159027321156,0.168165925486661,-0.021506657171409,-0.0705165323741572,-0.0968353152795884,-0.0343403723257974,0.14929161549491,-0.106102840027634,-0.0396022336279336,0,0,0,0,0,1,0,0,0,0,0,0,0,0,0
9,-0.198343615293187,0.245299892717171,-0.212055550964864,-0.878416901753634,0.016848182277124,-0.197042091515697,0.0626643648239555,0.561414820700938,0.269147803370405,0.0134952569292766,-0.081151380204704,-0.102018177149671,-0.591990288989553,0,0,0,0,1,0,0,0,0,0,0,0,0,0,0
3,-0.0551783715601395,0.0769966493905103,-0.105391751127704,0.140857277262879,0.0537933516175236,0.0555743775377919,0.048264243843505,0.13670327029758,0.0910496306650435,0.122454282788208,-0.0331934276864763,0.235638044873249,-0.125140800344603,0,0,0,0,0,0,0,0,0,0,0,0,0,0,1
6,0.0386108176308666,0.133262905809678,0.358092048025774,0.31760939305082,-0.0662500493215116,-0.165978563972826,-0.0368013507059735,-0.0885814738564151,-0.0484847065766816,0.0309640825361311,0.0274552680066926,-0.0297006187426495,-0.416745952505265,0,0,0,0,0,0,1,0,0,0,0,0,0,0,0
2,-0.0909884951409012,-0.001995668802273,0.0217710903522682,-0.271495079774068,-0.0693802168627684,0.130664214590215,0.0326821714505843,-0.145331182138406,0.026312367849243,0.0300998864720878,-0.0247465996906816,0.356505614994381,-0.0969804373277543,0,0,0,0,0,0,0,0,0,0,0,0,1,0,0
0,-0.203861003267892,-0.2465876390103,0.934609345871539,2.49563592049409,0.253781282775915,0.103444041586421,0.038224864311978,-0.691807417398296,0.0327544398136689,0.34897077487142,0.377440067692616,0.498271694558235,1.3497168506116,0,0,0,0,0,0,0,0,0,0,0,1,0,0,0
4,-0.23909351151539,0.139846384837635,-0.0411031260948767,0.226759601892082,0.0437192580636888,0.0893908004877,0.0825396604629947,-0.0530796844229743,0.0553925750925854,0.0434674441275455,-0.0200185182500297,0.281404606629043,0.209322078416574,0,0,0,0,0,0,0,0,0,0,1,0,0,0,0
8,0.264572733615385,-0.0052633131801063,-0.0338997911211739,-0.367400447561791,-0.028397508826473,-0.0270999407347858,-0.0576996957950925,0.36746840504258,0.0062562176654056,-0.201860854102824,0.0164203448222738,-0.391792136053055,-0.548082785118552,1,0,0,0,0,0,0,0,0,0,0,0,0,0,0
4,0.363364685044368,-0.0404388461896055,0.08355165250475,-0.499623883972222,0.135565282363284,0.175150495695617,-0.0591675394563203,0.28478967219175,0.0912156611757674,-0.0208537837937006,-0.122315270461437,-0.0510809289603303,-0.297180568190285,0,0,0,0,0,0,0,1,0,0,0,0,0,0,0
7,0.238209839950313,0.0116802808252809,-0.127430099253637,-0.373287503245036,-0.208707005369633,0.0061353816287678,-0.0463697763496966,0.394855125866511,0.0179794992562345,-0.0843893084111913,-0.159904834690052,0.163789270767859,-0.300324434966712,0,0,0,0,0,0,0,0,0,1,0,0,0,0,0
4,-0.0233040770415276,0.0138169960135152,0.135292515988264,0.191521124901585,0.0201994614270736,0.0367654447262492,-0.0004131924867638,-0.171368994059456,0.074035165342233,-0.0716650994535124,-0.14155240269984,-0.222616043487937,-0.688676256547078,0,0,0,1,0,0,0,0,0,0,0,0,0,0,0
2,-0.0627563424333087,0.0841815706183694,-0.177646664552518,-0.491481463011982,-0.0172035374843819,0.0996956594266891,0.0451633178029876,0.111000049676448,0.0366325559336761,0.139977497260323,0.0160579368714183,0.0637870146815855,0.39615105185531,0,0,1,0,0,0,0,0,0,0,0,0,0,0,0
0,-0.0511485569885995,-0.0202758053239816,0.891461515629915,1.18438729904208,0.0413413208360723,0.115912345927194,0.0631292457525779,-0.180392024167142,0.176985825981021,0.267330869394082,0.156319126005128,0.531548361765789,0.811341201092751,0,0,0,0,0,0,0,0,0,0,0,0,1,0,0
0,-0.0478425842085692,0.075695787954772,0.564086240257187,0.737973973614712,0.187775896382588,0.284751202388662,0.0586551622967267,-0.256036816436473,0.0430175384029086,0.171586925353802,0.235237683713069,0.259976426427935,0.602590240229671,0,0,0,0,1,0,0,0,0,0,0,0,0,0,0
8,0.0981997774191158,-0.091736201157093,0.0582018395233629,-0.0307632572010541,-0.207075432178457,-0.055085509699007,-0.0436857532322417,0.245838063874828,-0.193831650661463,-0.0819499098756996,-0.126446108516317,-0.309404343022673,-0.23364393656927,0,0,1,0,0,0,0,0,0,0,0,0,0,0,0
1,-0.125267167445925,-0.165885643079226,-0.217508206259585,0.431100409910798,0.18896329881693,0.11642499687426,0.005373409357358,-0.388925133177576,0.05874488265057,0.121610413517866,0.319056317606194,-0.0659383311684599,0.0495163823041364,0,0,0,0,0,0,0,0,0,0,0,0,0,0,0
8,-0.117603980229222,-0.0034866536989845,0.0175457584812176,-0.0877474074637264,0.0427516872250654,-0.14254141026909,0.0280078320989654,0.10534428610924,0.028768105283586,0.0483891549914608,0.113106821658256,-0.248697096863701,0.537711397631464,0,0,0,0,1,0,0,0,0,0,0,0,0,0,0
0,0.441458178875,0.0250869034513361,0.56545942023501,0.432819930409853,0.0558122237517821,-0.122338357683065,-0.0456641306799052,-0.347375668991113,-0.0130470139746387,0.0212323033054583,0.0435412570313164,-0.0452553141554169,0.411604275003267,0,0,0,0,0,0,0,0,0,0,0,0,1,0,0
6,-0.0464187538560725,0.0890005909695986,-0.330482673939765,-0.759611959675954,-0.0581732682798702,-0.133981009869739,0.0425528671978105,0.160122219009993,0.0119622202348073,0.0383938443555825,0.0766435523690385,0.180415092425457,0.581046316399284,0,0,0,0,0,0,0,0,0,0,1,0,0,0,0
4,-0.024360294055684,0.0778117166718465,-0.471519165378681,-0.289335059280353,0.156029172530045,-0.0246640780572441,0.0306699342238116,-0.237111876967074,0.176656839603024,-0.0497676704257748,-0.059138523453161,0.0721469967747125,-0.0149291778334746,0,0,0,0,0,0,0,0,0,0,0,0,0,1,0
5,-0.124694140936842,0.0613052749782173,-0.121130839772832,-0.242881871396666,0.0535363949478316,0.0793008692404262,0.087079875240638,0.230039395248988,0.367352571852231,0.168382657683151,0.227483314997472,-0.107118784969896,0.0293023378081143,0,0,0,0,0,0,1,0,0,0,0,0,0,0,0
6,-0.121258261834736,-0.03116968899722,0.356810256701707,0.910893375135652,-0.0689965800646188,0.187383787808751,0.0078952097796253,0.282291015103202,0.244141111828939,0.0182497923839388,0.0786047712202372,0.230287602847263,0.192714702296249,0,0,0,0,0,0,0,0,1,0,0,0,0,0,0
5,0.061509684661607,-0.0808663695364455,-0.227066767646659,-0.253744398695026,0.130308694004512,0.0184601455247215,-0.0327152077488614,-0.134327245516615,-0.128962617602333,-0.0837977655618243,0.110335313781966,0.0759371385471075,-0.529250688199079,0,0,0,0,0,0,0,0,0,1,0,0,0,0,0
9,0.110448808416296,0.0664631116892347,0.108588229726174,-0.667330813404654,-0.0402239847376876,-0.274441301392977,-0.0132941184867974,0.606219001206659,-0.0770787818095982,-0.0686451232996569,0.070742302371678,0.0687969749146099,0.0915028146704162,0,0,0,0,0,0,0,0,0,0,0,0,0,0,1
3,0.0161029549788718,-0.0270936016029119,0.303833586652042,0.192976944037072,0.0453364806300078,-0.0364718857238379,-0.0115530294313136,-0.250313755149308,0.0372972558663906,-0.0557440170319024,0.0937074337500262,0.222949102477698,0.0127283397846793,0,0,0,0,0,0,0,0,0,0,1,0,0,0,0
2,-0.0864322181353644,-0.0825769454744015,-0.699103319266726,-0.586815029807639,-0.0244513325820662,0.0392529203060659,-0.0119878954302259,-0.268451656509656,-0.152360410769677,-0.162987818286634,-0.119470151422104,0.0142247950066266,-0.231238520717225,0,0,0,0,0,0,0,0,0,1,0,0,0,0,0
4,0.0828523297432104,0.0441357576761443,0.240377934688558,-0.0545989499727455,-0.205393355916498,-0.0354461164869219,-0.0438745749923128,-0.0658723092102269,0.027240371401718,-0.112843526431883,-0.225964946961212,-0.200080550269307,-0.0290453183063061,0,0,0,0,0,0,0,0,0,0,0,0,1,0,0
4,-0.0388085214450344,-0.0338423852431826,0.957041864920426,1.0225607196074,0.0055096201779374,0.0649109891756381,0.0006231344177835,0.0707830633631348,-0.15332374306823,0.0363892680814064,0.0529863631077667,0.0380483580091421,0.423543699680892,0,0,0,0,0,0,0,0,1,0,0,0,0,0,0
3,-0.1386308026656,0.032068542721043,0.0373156087107909,0.145009991580473,0.0730969037762643,0.123005524897347,0.0286550131685483,-0.062951380969773,0.0212333064334215,0.0748812795436227,-0.0459940044611522,0.220258851879648,-0.0061058578279931,0,0,1,0,0,0,0,0,0,0,0,0,0,0,0
6,0.131095980604444,0.0787141499156904,-0.199142710923116,-0.414314496502338,-0.0330683666843861,-0.227283521856645,-0.0310722289858842,0.0672837682399798,-0.0600470880088526,0.117272602310381,0.179032526671538,-0.204336053734271,-0.12957583264805,0,0,0,1,0,0,0,0,0,0,0,0,0,0,0
3,0.0740887683626721,-0.126309899381172,0.391887438365095,0.251973934600808,-0.193481793393044,-0.0982387527964098,-0.0217061445263607,0.0771711052122172,0.194867409801759,-0.110216459465195,-0.235772598645125,-0.291464375555335,-0.0523250173564311,0,0,0,0,0,0,0,0,0,0,0,0,0,0,0
2,-0.219401693554336,0.0145018850877129,0.562152586120381,0.412127667551367,0.136781439845708,-0.0974634186128225,-0.0117349251609194,-0.309047308061893,-0.449326110793281,-0.0878792456380846,-0.135522190434922,-0.305495399408359,-0.582771959322163,1,0,0,0,0,0,0,0,0,0,0,0,0,0,0
0,-0.219546882896632,-0.087497316062661,-0.0939006618527386,0.547165163608252,0.286369253267351,0.333449297785924,0.0465052451208003,-0.276695224164075,0.137846416517,0.183625368182237,0.25320862768672,0.36314255137697,0.921511309886208,0,0,0,0,0,0,0,0,0,1,0,0,0,0,0
3,-0.077148748081802,-0.0157378367126298,-0.525373692830628,-0.334520441945964,0.116550383128771,-0.118769128582867,0.0277800354287972,-0.212918277823723,-0.13507362676416,-0.130355733787817,0.0118514523161309,0.0098667307394043,-0.064905542719291,0,0,0,0,0,0,0,0,0,0,0,0,0,1,0
6,-0.198511962192754,0.118518937621358,-0.194212434726381,-0.181876104546599,0.0081674469399,-0.030111570831652,0.0371526382720059,0.123438625998833,0.201938632279751,-0.0990511296945723,-0.0184464594903551,0.0070229336427676,-0.166987091009115,0,0,0,0,0,0,0,0,0,0,1,0,0,0,0
4,-0.308935437354668,0.167682991372312,-0.0983373008370696,0.254458430070022,0.0501138990422041,-0.129854733849144,0.0828879900086133,-0.1997104287712,-0.0041651928347738,-0.0225622446619163,0.0010712490941922,0.0782979553457665,0.0516187271776202,0,0,0,0,0,0,0,0,0,0,0,0,0,0,1
2,-0.0994105031098938,-0.0122953353889162,0.257126266333124,0.262212176982884,0.0361266939011738,0.194488336006618,0.017078321687117,-0.0277010745097453,-0.108333225455692,0.116526910052897,0.189033316451064,0.227517588281036,0.605437133512776,0,0,0,0,0,0,0,1,0,0,0,0,0,0,0
8,0.368587963314632,0.0254840290477527,-0.634983355437825,-1.03727245308766,-0.0100914307851918,-0.0759961726815372,-0.0559727666543185,0.48925878470272,-0.0830746094120923,-0.142163995914309,-0.0102654878179936,-0.496715475559931,-0.586384137777207,1,0,0,0,0,0,0,0,0,0,0,0,0,0,0
6,0.0663583610555644,0.0298347695108189,-0.239216831002164,-0.727137703613248,-0.118399281170529,-0.0707954464634008,-0.0164862907095681,-0.031131729744106,-0.0149847311991823,-0.135137156987724,-0.122365671841394,0.0457411336942678,-0.483252649135252,0,0,0,0,0,0,0,0,1,0,0,0,0,0,0
2,-0.0373405680574239,-0.0429731363756976,-0.0205362193969316,1.01059468476488,0.0878022939780592,0.0684588295793938,0.0131278143247773,-0.047740480927339,0.186117421977503,0.0665718664753277,0.0751429724420403,-0.0315846633239574,0.74294490104805,0,1,0,0,0,0,0,0,0,0,0,0,0,0,0
5,-0.0188754360912826,-0.0381880051036528,0.310298012953994,0.167005733949871,0.130275268531308,0.136942137994828,0.0217064404839493,-0.118771389516469,0.17202052979496,0.0804306494575435,0.199659399712361,0.0455172357428983,0.422966887359885,0,0,0,0,0,0,0,0,0,0,1,0,0,0,0
4,-0.0313249073956305,-0.133164520514416,0.363537527801566,0.638513774246672,0.0509371652181464,0.177252970199718,0.0053651813882195,-0.393052286154653,-0.0881428192805524,-0.020061238618084,0.0054709814040317,0.114277129333786,0.275133875107407,0,0,0,0,0,0,0,0,0,0,0,1,0,0,0
7,0.126615877062572,0.111607314945377,0.107150701787158,-0.325238619523925,-0.0866820734170082,-0.114374447782945,-0.0136792339732829,0.129703977921675,0.162906781350576,-0.0785267468584539,-0.100148331424736,-0.188592619305893,-0.671557986027917,0,0,0,0,1,0,0,0,0,0,0,0,0,0,0
4,0.321248672501034,0.0041771606560781,-0.406321439097145,-0.517944927562187,-0.0655025629030244,-0.225807975709051,-0.0633891317701857,0.0476639208240515,-0.153883564479485,-0.107275086406199,-0.170584430099205,-0.0205957221905609,-0.314598939800331,0,0,0,0,0,0,0,0,0,0,1,0,0,0,0
3,-0.149040987952789,-0.0022071081903481,0.0335564291505027,0.376604999322801,0.152105373980855,0.0848759518591038,0.0258622839660021,-0.382848196466283,-0.188048876027287,-0.0042091296037921,0.0599127169032363,-0.0952322736910552,-0.140813028394748,0,0,1,0,0,0,0,0,0,0,0,0,0,0,0
8,-0.0472331762884063,0.0194951832533544,-0.550634767274097,-0.610484020372006,-0.0859371703958095,-0.0938765322357146,0.0103910648014899,0.331144450022493,0.154207785939157,0.0485082594105238,-0.0688229253169072,-0.152790240271094,-0.0837261922909886,0,0,0,0,0,1,0,0,0,0,0,0,0,0,0
7,0.0178239125896772,0.039810441775217,-0.491706487494371,-0.279815498374361,0.0378204079824792,-0.174759641015287,-0.0174423515571531,0.356053367502382,-0.107924637771202,-0.158502566252983,-0.0963878536572728,-0.260069813195916,-0.257242280088162,0,0,0,0,0,1,0,0,0,0,0,0,0,0,0
3,-0.0211852442353805,0.11004457396733,0.161980262571904,-0.545816465777607,0.0245520944030936,-0.248752855456412,0.0235782234756563,-0.134933511162653,-0.0238345318063396,0.0678273214503431,0.0314381678949746,0.0804209963319474,-0.127428170934741,1,0,0,0,0,0,0,0,0,0,0,0,0,0,0
4,0.116343496573852,-0.0470430872109676,-0.504581681304452,-0.567478447301693,0.0822025276449208,-0.153359264595853,-0.0366426349506911,-0.164250037404441,-0.0697741075266454,-0.207446565597892,-0.0759136456428383,-0.240620418560529,-0.64339090950168,0,1,0,0,0,0,0,0,0,0,0,0,0,0,0
7,-0.141162522350135,-0.0378535610883073,0.1838259004146,0.976222076684609,0.131291751538568,-0.0661006276161583,0.0318084245375744,0.385869805894318,0.01845437893241,0.104694637446541,-0.0669450915403418,-0.147024776440564,-0.110197058664607,0,0,0,1,0,0,0,0,0,0,0,0,0,0,0
7,0.185648952462076,0.142976701525566,0.0696637053580801,-0.415741044424884,-0.0004672500073079,-0.0485482420798881,-0.0559005137932337,0.465106315567021,-0.457092686737999,-0.0843518985779455,-0.244848445233524,-0.194977965446427,-0.499736752020009,1,0,0,0,0,0,0,0,0,0,0,0,0,0,0
5,-0.228901175432638,-0.0463116009753645,0.420030793351719,0.941789443007634,0.112508157120816,0.119111565739304,0.0558101724989081,0.119900299445677,0.191126464153395,0.117607815268744,0.0734543292867407,0.257555961109566,0.68930661960085,0,0,0,0,0,0,0,0,0,0,0,0,0,1,0
1,-0.088430659128539,0.103543759915231,0.214051944795798,-0.151688083101434,0.0322404410550478,0.0781003438487715,0.0500769156536633,0.0897401715552801,0.152403185325351,-0.0595465901406137,0.112094203592495,0.0154124690451004,-0.10327814431827,0,0,0,0,0,0,0,0,1,0,0,0,0,0,0
1,-0.180337573664158,-0.125560087995159,0.594249057838446,0.980752033540734,-0.0546165445309736,0.082972008090136,0.0494862665389016,-0.375467436015757,0.271433939848759,0.165585804019718,0.167158064910461,0.373328381407317,0.14416786648582,0,0,0,0,0,0,0,1,0,0,0,0,0,0,0
0,0.0445229692354301,-0.0313008569023936,-0.292006381194932,-0.229130652871445,0.100117231834218,0.0158834902394386,0.0403518396889616,-0.225465955318576,-0.0406820447894658,0.074069241342671,-0.0009842648556228,0.197219049376869,-0.213208387427029,0,0,0,0,0,0,0,0,0,0,0,0,0,1,0
5,0.212319669718972,0.0747750260499109,-0.0887190045424163,-0.117114297270844,-0.106652504176733,-0.167506484134237,9.77435191793428e-05,0.0129017274277342,0.0205473022387336,0.0018826353075416,-0.0073417705260486,-0.0069696078662391,0.0460375342196816,0,0,0,0,0,0,0,0,0,0,0,0,0,1,0
7,0.0640221710866183,0.114147328802179,0.9357251925345,0.267821292453853,0.104483206517119,0.0917131167040881,-0.0101743491280269,0.47179421454016,-0.100907375601985,0.083136952511342,0.157666131163473,-0.0297746739648897,-0.024962040842721,0,0,1,0,0,0,0,0,0,0,0,0,0,0,0
6,0.0818331964825326,0.0683780157821828,-0.445112451990077,-0.969767650132823,0.0760566331692706,-0.206100308844824,-0.0116597511348476,-0.0989529667104565,-0.249449253530721,-0.0234278737347297,-0.0334001161044423,-0.0368755490922843,-0.42320788297202,0,0,0,0,0,0,0,0,0,0,1,0,0,0,0
3,-0.0798053639905647,-0.0948237180785444,-0.407231000088677,0.205870780001188,-0.0071141621293327,-0.0920512279786915,-0.0045889204396271,-0.0855012379669745,0.0699554949232098,0.0751155597407072,-0.0050995672270855,-0.284437973938495,0.213012338364157,0,0,0,0,0,0,0,0,0,0,0,0,0,0,0
9,0.407036561389485,0.0959117227643721,0.388701856431169,-0.21482677078831,-0.122876082699337,-0.238639604046204,-0.0931649505823902,0.463321819752839,0.0067700992992993,-0.206751460069862,-0.0977257289155084,-0.141759786184793,-0.805003322597581,0,0,0,0,0,0,0,1,0,0,0,0,0,0,0
0,0.0197726392747112,-0.12506491165899,0.118428081879589,1.3212841835304,0.155039702979036,0.373687789061729,0.0034547025806469,-0.272372738958433,0.231235769718315,0.251869337939596,0.204817114720635,0.254857354859475,0.961215029097711,0,0,0,0,0,0,0,0,0,0,0,0,0,1,0
2,0.107324780141426,-0.0579241719394813,0.815338672273929,1.05634422878743,-0.0529491402824905,0.0199859583555345,0.0053415073573054,0.260295994710329,-0.0059404662061199,0.035014025492128,0.116717395440704,0.339089970881678,-0.0973905022460747,0,0,0,0,0,0,0,0,1,0,0,0,0,0,0
9,-0.155476485156396,0.0992603916383941,0.219187423745936,-0.388102660997475,-0.022470953978522,-0.0086625036677386,0.0446946973491428,0.2646662508875,-0.0386083302945256,-0.0262052983689138,-0.012595502881718,-0.160354711788598,-0.0508857780020071,1,0,0,0,0,0,0,0,0,0,0,0,0,0,0
4,-0.307747380978914,-0.0350768251687283,-0.550824479083197,0.361234785047496,0.123224058546381,-0.0096878569787453,0.0586982335383041,-0.271553586879365,-0.180491922070519,0.0107572943703756,0.176517626667823,0.0286187040437098,0.72545115484657,0,0,0,0,0,0,0,0,0,0,0,0,0,1,0
3,0.0260924185276452,-0.0301796902018647,0.15833784769298,0.340205884467963,-0.0576947361817766,0.0874856110661016,0.0037880199037603,-0.0152713594255912,0.023224166794235,0.0089106111676559,0.251390166951733,0.271404365168765,0.134739697750785,0,0,0,0,0,0,0,0,0,0,1,0,0,0,0
3,-0.0070544412254876,-0.0621537333761148,-0.415084128198306,0.614573484717248,0.193633246912262,0.0467891786780589,-0.0126511351554898,0.0436668865495416,0.0611065471329374,0.230812629706626,0.219581499779005,-0.0059068945639305,0.760650951481216,0,0,0,0,0,1,0,0,0,0,0,0,0,0,0
5,0.104259664362744,-0.0672140828194652,0.262960013510668,-0.0408553512233078,-0.0379351190052876,-0.284288327231143,-0.0368198064568723,0.0168687102235843,0.0872495096396086,0.0095023030021149,-0.0445071004304828,-0.109302915700173,0.0104335055079985,0,0,0,0,0,0,0,0,0,0,0,0,0,0,0
4,-0.0948729503207377,-0.0368190004626315,-0.712327335563818,0.310090638497431,0.184605883780259,-0.125603391144456,0.0270323058907993,-0.0825351870461413,-0.111197187372354,-0.0384051121439177,-0.012810013121757,-0.111650800786907,-0.0950339103928241,0,0,0,0,0,1,0,0,0,0,0,0,0,0,0
2,-0.203110451851064,-0.0269051495712698,-0.493450283075176,0.378991917773482,0.0060696374880014,0.0493597618535537,0.0343245449983707,-0.398697967035082,0.0314193289202941,0.0661861381873403,0.0674924945011858,-0.161505208964442,0.169455785290344,0,0,1,0,0,0,0,0,0,0,0,0,0,0,0
9,-0.0459900547571087,0.114415176300026,-0.657062138504616,-1.42430682243228,-0.105843244074057,-0.347865028534678,-0.0171471278455002,0.425895347815698,0.104950573619678,-0.172686850087329,-0.28682918173943,-0.159557298948358,-0.556091572909764,0,0,0,0,0,0,0,0,0,0,1,0,0,0,0
4,0.302454845021617,0.0704855230958787,0.160533593396074,-0.672811164120392,-0.145240580097988,-0.222453875703013,-0.0504790276620222,0.101252996708385,-0.0616774360791279,-0.20719676649204,-0.163346908675405,-0.05509917437022,-0.611882180712511,0,0,0,0,0,0,0,0,0,0,0,0,1,0,0
1,0.338154656335306,-0.0342479815668364,0.57452997283301,0.662686797336352,0.170489896639427,-0.0136671497743317,-0.0810010809623087,-0.203418696484943,-0.0567717653038027,-0.009051337184008,0.0479520221045605,0.0473664534920731,0.0925624689151502,0,0,0,0,0,0,0,0,0,0,1,0,0,0,0
5,0.128399429159321,-0.0857317719108453,-0.224984561956032,-0.239803941052187,-0.192392302333292,-0.178926681943371,-0.0515969163015193,0.187249178544849,0.0133034472883982,-0.160711588300877,-0.101284440172434,-0.20685533426933,-0.340276578840499,0,0,0,0,0,0,0,1,0,0,0,0,0,0,0
8,-0.27775781254379,0.0521795870725711,-0.0946322362012156,0.142606729596284,-0.0749918468386275,-0.0347444961716483,0.0515702241921731,0.0893828990012273,0.0935743626684409,-0.009472219933752,0.100004647228932,-0.29225993616494,0.111737859621674,1,0,0,0,0,0,0,0,0,0,0,0,0,0,0
7,-0.0426547174844618,0.0926989451203105,0.320930138632982,0.0669682334627623,-0.110381153229247,-0.262766920505585,0.0020898415615047,0.615896286869252,-0.196845394441726,-0.0319080239158799,-0.0819832614452421,-0.148382315897115,-0.612529750629618,0,0,0,1,0,0,0,0,0,0,0,0,0,0,0
7,0.291304462663432,-0.0408739247879466,-0.105824561914649,-0.911604024864611,-0.0480143228535362,-0.0727250590525308,-0.046639429533406,0.124877715100436,-0.0067929840330203,0.0422704745104422,-0.0489111195222391,0.307592056698292,0.15472451334243,0,0,0,0,0,0,0,0,0,0,0,0,0,1,0
1,0.0834886980683487,-0.200239158565547,0.253513931543587,1.15690039772403,0.0586541134532436,-0.0040439034672809,-0.0215206612611989,-0.0777439290015649,-0.231548990649538,0.231950070875972,0.16394025418362,0.245833871656858,0.693317238648211,0,0,0,0,0,0,0,0,0,0,0,0,0,1,0
0,-0.383321261469663,-0.0883585679979338,0.64617965054677,1.33289659257899,0.188676765328336,0.298982959941503,0.0791393203660965,-0.461355458321266,-0.011110411907242,0.167730634783416,0.189498685983728,0.265025752014209,0.435295067077558,0,0,0,0,0,0,0,0,1,0,0,0,0,0,0
1,0.0656291870763729,-0.0374842312448854,0.416600383281647,0.761485672490436,0.0099064192467689,-0.0724625778831391,-0.0212704004631202,-0.601495769205363,0.166686099931448,0.0754391723622175,-0.0263132900830866,0.0264840227929401,0.0294119824538137,0,0,0,0,0,0,1,0,0,0,0,0,0,0,0
8,0.268679582026369,0.191772227686295,-0.0605536062534116,-0.608743628363412,-0.263930967104489,-0.0017803676723749,-0.0510379946747579,0.524079077871615,-0.261979280774647,-0.249565831618615,-0.358229753015928,-0.153178499784397,-0.45304374790586,0,0,0,0,0,0,1,0,0,0,0,0,0,0,0
7,-0.325306901680352,-0.0643504345485689,0.027292651340427,0.903742888869776,0.0587062665878289,0.238726605030091,0.0358066551632183,-0.115730635168241,0.17486960144849,0.156481517903198,0.119912572709043,0.281815894667955,0.389013665730052,0,0,0,0,0,0,0,0,0,0,1,0,0,0,0
5,-0.0082601670718601,0.111158582559095,-0.0504059906409807,-0.579656010142092,-0.223429332655163,-0.0337157701848489,0.01744867384004,0.076362276865993,0.0759999143025724,-0.0602007151183106,-0.141234454755418,0.056947061627904,-0.399878773236884,0,0,0,0,0,0,0,0,0,0,0,0,1,0,0
0,0.0287546143770134,0.050317335114513,0.613709353497787,0.453321191647409,0.0414463508742678,-0.10775987375957,0.0242663773764051,-0.309750217431496,-0.0993225928775124,0.119669413037342,0.0828464044255105,0.199634314675312,0.575152330808512,0,0,0,0,0,0,0,0,0,0,1,0,0,0,0
4,-0.20189760899325,0.0791626811498307,-0.231570845122787,-0.0500536363241272,0.0549235157332942,-0.0243219942225401,0.0426527536405584,0.0091777758544862,0.124479124770196,-0.0199891339563692,0.152905159717345,-0.0140747056525472,0.0441144001539188,0,0,0,0,0,0,0,0,0,0,0,0,0,0,1
6,0.177265156776569,0.0151927845020945,0.163962640412298,-0.288967887651793,-0.0321257323435275,-0.0380133037545539,-0.0734838811152315,0.10505212124548,-0.139794619511315,-0.0401090655705129,-0.151838639202803,-0.163140800885427,-0.288355779642313,0,0,0,0,0,0,0,0,0,0,0,0,0,0,0
2,-0.152201399916233,-0.027657775040707,0.155125910436233,0.620949259051283,0.0104758883354101,0.299683609812817,0.0284037712647877,-0.109268085633526,0.0495197607889492,0.0081639937677762,0.216485935122519,0.105419636946908,0.435879535843317,0,0,0,0,0,0,0,0,0,0,0,0,1,0,0
6,-0.236676295288586,0.0887512459832208,0.221572283618273,-0.318785232367034,-0.0671002735262122,0.110202969308365,0.0729850788155097,0.086289663860418,0.12726910620939,-0.0149416599684465,-0.0026024728115822,0.173799324617892,0.833578057101685,0,0,0,0,0,0,0,0,0,0,0,0,1,0,0
4,0.0252772409062122,0.0474867009080369,0.192245346684309,0.034397585328517,-0.0514895971020202,-0.032066066822751,-0.0022038214443939,-0.107573546494749,0.171828597957514,-0.0301100517995058,0.0554128539052661,0.0989819721908405,-0.394103385935932,0,0,0,0,0,0,0,0,0,0,0,0,1,0,0
9,-0.0354132685988199,0.0137367890311757,-0.0556618191637586,-0.630606349156411,-0.0665751127742842,-0.189306110930462,-0.0278511492248068,-0.0358878613277625,0.219109894384828,-0.0772166894562472,-0.0979961226407624,0.200858621083385,-0.25027185038872,0,0,0,0,0,0,0,0,0,0,0,1,0,0,0
4,-0.0525083229656936,-0.0008480263099074,-0.124475049910734,-0.25619006622311,-0.0600978185810086,-0.239584451034787,-0.0156144985706262,-0.12622990272995,0.0477571361678469,0.0339854907741434,0.157127642919785,-0.212073082423978,-0.212619770846817,1,0,0,0,0,0,0,0,0,0,0,0,0,0,0
7,0.10284279343916,0.0688086099375265,-0.539984505824144,-0.301543943521876,0.116299443426128,-0.0736058823292184,-0.0424905451247628,0.0298457830122752,0.0177292834937396,0.0091831262908948,0.0182340509870191,0.0516987404669423,0.333724378055599,1,0,0,0,0,0,0,0,0,0,0,0,0,0,0
2,0.0451053480975716,-0.103294196538039,0.48929740777628,0.55476118323286,-0.0146733154548645,0.0013944069371354,0.0125132251523059,-0.118514612613728,0.0884352392958402,0.0297990072643667,0.0724510620702107,0.0116723006177267,0.282663497070333,0,0,0,0,0,0,0,0,0,0,0,0,0,0,0
7,0.0165212213449973,0.0434354412251189,0.139241258535906,-0.507581716633597,-0.116413519431428,-0.031935168056762,-0.0354066086937388,-0.048755956361068,-0.152412274789642,-0.126619109417706,-0.0633469766597128,-0.0312704542159832,-0.239081696468579,0,0,0,0,0,0,0,0,0,0,0,1,0,0,0
8,0.0505498894874042,-0.0916423944397603,-0.888743814224958,-1.15885533775733,-0.0210129585526535,-0.22335140531363,-0.0431828818996519,0.224539761444046,0.0791936540811304,-0.0639986392686583,-0.142469486922017,-0.136408360680526,-0.23414212471789,0,0,0,0,0,1,0,0,0,0,0,0,0,0,0
9,-0.277930440199935,0.204182441414116,-0.132346037552614,-0.994711394740473,-0.0765614409465196,-0.131325458025526,0.065103735630535,0.485957198466386,-0.0531312636949978,-0.224726569788909,-0.28945456963514,-0.047226548874397,-0.794232280752403,0,0,0,0,0,0,0,0,0,0,0,0,0,0,1
6,0.243184319888994,0.0472735543757845,-0.194021175443801,-0.468248020118121,0.0073633506554302,-0.153021844045584,-0.0570671435381427,-0.0546645806508482,-0.226260574790453,-0.0563928880781337,-0.0660714454642434,-0.335889101883176,-0.27900493883079,0,0,0,0,1,0,0,0,0,0,0,0,0,0,0
1,0.293350959622639,-0.0484137571496698,0.550542129651006,0.583881580319167,0.0021650687119491,0.0752566642733868,-0.0477139659021827,0.0492266220710526,-0.13153583260718,-0.0809241323563881,-0.0227297924792362,0.094342057084737,0.216723515855546,0,0,0,0,0,0,0,0,1,0,0,0,0,0,0
0,-0.0559535739026574,-0.0059223269679528,-0.0079988197376698,0.588587933835482,0.167873476017658,0.016480135155481,0.0277956030203371,-0.194141603159154,0.0525738293897734,0.140773929696074,0.150944552457921,0.301333814667783,0.515147930585306,0,0,0,0,0,0,0,0,0,0,1,0,0,0,0
2,-0.299907220750336,0.0434030902429072,0.232106074552849,0.664977311036191,-0.041020077431921,-0.0296998097198663,0.0816855012449011,-0.114430407381554,0.0973833602781181,0.0068916581199789,0.0868360538887348,0.258994172507338,-0.207094699750321,0,0,0,0,0,0,0,0,0,0,0,0,0,0,1
7,0.287766798947501,-0.0817413983123357,-0.677017813563995,-0.406211828164821,0.122630652179087,0.16929707339382,-0.0691183553843845,0.338756692471144,0.0104786317814836,-0.139419250599308,0.109955659038406,-0.202656677144953,-0.0354791778247435,0,0,0,0,0,1,0,0,0,0,0,0,0,0,0
1,0.384679195713474,-0.0877351329249847,0.410190276175768,0.140747478757457,0.10042749332517,0.0246553009309976,-0.0981146403810363,-0.470957936763386,-0.223562258750526,-0.0301836134820975,-0.128650444597551,0.0042258562463422,-0.17736602202379,0,0,0,0,0,0,0,0,0,1,0,0,0,0,0
2,-0.0286719508149958,0.0221879650514405,0.112586156391416,0.563938898806854,0.0591943790209861,-0.0002152008489617,-0.0088767539350972,-0.179564403085775,-0.172415643727023,0.0816184418839148,-0.0885833310203065,0.0533118595015374,0.302675470654974,0,0,0,0,0,0,0,0,0,0,0,0,0,0,1
1,-0.131999524407496,-0.012254651594799,-1.30560890808976,-1.3180950963832,-0.180449469793088,0.0470496734870202,0.0306396441358652,-0.373762289140482,-0.0671562598349552,-0.11735123613411,-0.182608383741664,-0.345059197190701,-0.259024884892934,0,0,1,0,0,0,0,0,0,0,0,0,0,0,0
7,-0.0565417092326249,0.0013724089991163,0.230385640744909,0.002375095771745,-0.104023039428974,-0.103461667287122,-0.007930079566893,0.0445524992584797,-0.068127831555623,-0.0206035067300431,-0.168985297607211,0.154115147242167,0.0009514733585439,0,0,0,0,0,0,0,0,0,1,0,0,0,0,0
7,-0.171171020358324,-0.0379712192547689,-0.445859915264935,-0.382325051637349,-0.0046147795538324,-0.213706468468856,0.0069287970225053,-0.0002579798391655,-0.0350299640765837,0.0416280429693479,0.0383432383044871,-0.0402846813537692,-0.587930020525323,0,0,1,0,0,0,0,0,0,0,0,0,0,0,0
0,-0.269901917629113,-0.0077032907177592,0.0959065641889096,0.576635072815864,0.0992452599383805,0.0423176846614815,0.0426101810037053,-0.533689845371601,-0.444606072900779,0.0172791326919294,0.15816024315153,-0.0767866760111796,0.171712937528425,1,0,0,0,0,0,0,0,0,0,0,0,0,0,0
6,0.115665773242844,-0.0392845140376124,0.25042103651531,0.318670239603179,0.165459844756509,0.0212054283661341,-0.0124057563230444,0.130008483387782,0.0595846992471649,0.121146418578798,0.0699978712798788,0.116968815738119,0.171615957450262,0,0,0,0,0,0,0,0,0,0,0,1,0,0,0
0,0.0718915781147619,0.0187436545767753,0.170726880402036,-0.482374846149188,0.0710058003449249,-0.0796938592659016,-0.0408393312531793,-0.133933483787377,-0.155873952493216,-0.0230032491590729,-0.0835420394382435,-0.221894274918052,-0.235586233102926,0,0,1,0,0,0,0,0,0,0,0,0,0,0,0
6,0.144669103348341,0.0309319493996887,-0.0127387114222763,-0.0215454791037475,-0.190273585234075,-0.224604612149306,-0.0480436691721064,0.219101357408726,-0.157299366203517,-0.0930755536592098,0.0176021227677849,-0.320897610843493,-0.424736482679939,0,0,1,0,0,0,0,0,0,0,0,0,0,0,0
1,-0.108424229727522,0.0558046104105805,0.337481757406026,0.678887661542818,0.0732815414252143,0.0912866976545614,0.0165955907525425,-0.385355261753687,-0.0294777939661367,0.0873598308300811,0.0705087665190528,0.142491131398087,0.641796157235691,0,0,0,0,0,0,0,0,0,0,0,0,1,0,0
3,0.0422887788310266,0.0021033596657972,-0.647085973383235,-1.31575973173839,-0.0095021080855197,-0.0388934816196465,-0.0109865478104354,0.0238313406367426,-0.182475863788216,-0.187404760514475,-0.131948920978352,0.143657186342054,-0.6335371623672,0,0,0,0,0,0,0,0,0,0,0,0,0,0,1
9,-0.0131343509113926,0.0584756326381696,0.0791855458036606,-0.39330129581499,0.0180023323916642,-0.123631238249331,-0.0254207065442313,0.347742546796785,-0.0613379415622569,-0.0904254165197659,-0.0594307386066159,0.0211741671347875,-0.492191465109139,0,0,0,1,0,0,0,0,0,0,0,0,0,0,0
5,0.0462878756472172,-0.0458122159078055,-0.260511160238376,-0.617852248775898,-0.028169670069855,0.0108084059566897,-0.0302859533459946,-0.0153347431029036,-0.210607007099438,-0.0377205046301302,-0.0514268738084489,0.0692834745419456,-0.456995157174159,0,0,0,0,0,0,0,0,0,0,0,1,0,0,0
1,-0.134752015412071,0.0389414582768303,-0.541637018234061,-0.960899648657639,0.0238221259219783,-0.108452034207618,0.0472510407034622,-0.321144528820099,0.232926503711144,0.123711719004829,0.0916130041570686,0.097549353392277,0.174971452659585,0,0,1,0,0,0,0,0,0,0,0,0,0,0,0
6,0.0151982224218911,0.0444556280458648,-0.457927383670896,-0.652031368137027,-0.0055638661255634,0.189946131859398,0.0310373599217673,0.334586031227218,0.180809969537045,-0.0370221331250847,-0.136796974431526,-0.284831663166784,0.221898785941807,0,0,0,1,0,0,0,0,0,0,0,0,0,0,0
9,0.104102979020969,0.140537518034246,0.405471395708148,0.0020703105263354,-0.109664378985222,-0.168974556668744,-0.0146559654115765,0.482031026154315,-0.0211381949403806,-0.155240054184602,-0.211935136051825,-0.18685937263373,-0.805287851237025,0,0,0,1,0,0,0,0,0,0,0,0,0,0,0
2,-0.17057137558146,-0.0075821744926288,0.0296710338336408,0.298623877894655,0.0866033608183517,0.201981777645819,0.040119295559313,0.227649571078808,-0.174755473055681,0.0416401656407814,-0.0176173724355377,0.117596513961983,0.13817373336689,0,0,0,0,0,0,0,0,1,0,0,0,0,0,0
