target,Acid,Anthoc,Brix,BunchN,GrapeW,NDVI06,NDVI08,pH,Polyph,SPAD06,SPAD08,SproutN,WoodW,Treatment_T1b,Treatment_T2a,Treatment_T2b,Treatment_T3a,Treatment_T3b,Treatment_T4a,Treatment_T4b,Treatment_T5a,Treatment_T5b,Treatment_T6a,Treatment_T6b,Treatment_T7a,Treatment_T7b,Treatment_T8a,Treatment_T8b
0,-0.102762930090834,-0.475030810469952,-0.103137498553097,0.467836648255642,0.809534907345135,0.146804741924716,0.0812252784893075,0.0120793821633412,-0.219058714265326,0.11760690661666,-0.024479588910641,0.0748708234247236,0.614433578028437,0,0,0,0,0,0,0,0,0,0,0,0,1,0,0
3,0.0286510538721993,0.0105380246171768,-0.0061241189729278,0.175821650866552,0.487198581254478,-0.0486005165614908,-0.0981124281792789,-0.0019872797404511,-0.174073455704523,-0.0590462613366136,-0.191604570605449,-0.218750307030636,-0.662459108578445,1,0,0,0,0,0,0,0,0,0,0,0,0,0,0
8,0.0826470145952737,-0.132236954299766,-0.0858833797163873,0.708253609359333,0.678632150801957,0.0564864038755537,-0.0208527564678676,-0.0184209397761272,-0.235085499333631,0.112855546496949,-0.0642341298819651,0.143848110012881,-0.032609892697035,0,0,0,0,1,0,0,0,0,0,0,0,0,0,0
7,0.0440283837748403,-0.479149724851059,-0.11870594022779,-0.651362422587494,0.0677278974264495,0.179092014230306,-0.166045176382301,-0.0110514351529135,-0.608063711314277,0.091570106582309,0.0406081339868527,-0.0063048410422109,-0.0077788487438876,0,0,0,0,0,0,1,0,0,0,0,0,0,0,0
4,-0.311206029884145,-0.444047472158042,-0.0720141177960252,-0.53501501796873,0.477980091157205,0.130105174539393,0.132365404547562,0.071375055444282,-0.170144760074851,0.0847404281223881,0.0823981175879313,-0.0411249038937116,-0.2256285604973,0,1,0,0,0,0,0,0,0,0,0,0,0,0,0
1,-0.106980178036884,-0.0954056914540794,0.0542017117012664,0.246028899691523,-0.0193074162951088,-0.0940611007125982,0.147001850292204,0.0193390171973445,0.0650107734144697,-0.0369659080058081,-0.0863127180586306,-0.111499954543129,0.141477988176008,0,0,0,0,0,1,0,0,0,0,0,0,0,0,0
1,0.107048153160641,-0.659077963373292,-0.0043176084830989,0.503320241699703,0.519081765470277,-0.0558113588634774,-0.0366206530409445,0.0039131383241185,-0.0804754784000603,0.0154627382418208,-0.0293413122236713,0.351154801622102,0.511161010954349,0,0,0,0,0,0,0,0,0,0,0,0,1,0,0
6,0.133617940092843,0.539034707962261,0.0940379449201088,0.078554862668931,-0.443584525167227,-0.0593729670041725,0.0545581165567076,0.0072985727703875,0.372756424612315,-0.1154520080482,0.0100651842799636,-0.48514378598067,-0.31927573460067,1,0,0,0,0,0,0,0,0,0,0,0,0,0,0
4,0.254908055351252,-0.113034033586214,-0.0142201853558959,-0.119349495544659,0.423477258569516,0.0258092565321964,-0.315328490044254,-0.0432917698674072,-0.0416047373937376,0.0362612153176018,0.0392498153533712,0.106045240921392,0.0355866529691695,0,0,0,0,0,0,0,0,0,0,0,0,0,1,0
6,-0.273284182060949,0.146855658352019,-0.0429455127979821,-0.0659893900915192,0.455653479558966,0.140090574020239,0.168346337563394,0.0808095555132217,0.259196584006122,0.318523065107789,0.210114646623379,0.0653374056334502,0.744837507922028,0,0,0,0,0,0,1,0,0,0,0,0,0,0,0
7,-0.0252796023765283,-0.334934007907166,-0.0684190523681019,-0.2307875759355,-0.609019343732247,0.0948533283927882,-0.198403734481147,-0.0161028353701937,-0.150358377758855,0.0284341017924505,0.0200314678599933,-0.0571363166372988,-0.476693777261057,0,0,0,0,0,0,0,1,0,0,0,0,0,0,0
0,-0.0210086520417926,0.471729423638925,0.0500436380716805,-0.296774993320136,-0.395425288675862,-0.0454223260238506,-0.177716354541233,-0.0460860059217249,0.174833682334595,-0.0853002782489938,-0.280868402822045,-0.222542908908394,-0.627432517025024,0,0,0,1,0,0,0,0,0,0,0,0,0,0,0
0,0.321135930045884,0.288986751766263,-0.103175883703988,0.375863030945109,0.49502372268804,-0.114242225542873,0.121806619375001,-0.122130274074389,0.334527942786892,0.0610147432091911,-0.0467538716504537,0.0208360004877625,-0.245820476478088,0,0,0,0,0,0,0,1,0,0,0,0,0,0,0
1,0.22385950400308,0.0883483846167706,-0.0966425035592751,-0.331183092983575,-0.159612532885254,-0.267540946202091,0.11382939350268,-0.0931697575389322,0.0931463537052761,-0.294548019884481,-0.340986812882525,-0.203110568453269,-0.516616724860999,0,0,0,0,0,0,0,0,1,0,0,0,0,0,0
2,0.0486849279790571,0.402662196019107,0.0569787018770713,0.16389508534711,-0.548668980816443,-0.0832437011752121,0.0796849915126349,-0.0007200532260458,0.256615706902062,-0.0245249757816184,-0.0460991265292153,0.0397322070973373,-0.645760697192797,0,0,1,0,0,0,0,0,0,0,0,0,0,0,0
5,-0.234374613961199,0.0598973251602152,0.0470795505607414,0.0331308096698796,-0.374668146601408,0.124657260852438,0.142282248178594,0.0570268039610181,-0.14154158491445,0.13035063101357,-0.0034667278062518,0.0937929048746515,0.305193160815912,0,0,1,0,0,0,0,0,0,0,0,0,0,0,0
8,-0.164365141495385,0.522442486593679,-0.158297584828847,-0.0946976678023775,0.802084111271145,0.0541552093442623,0.0216676045040805,0.0075198744352968,0.222119992428474,0.200839094870246,0.149453928693241,-0.160194841250663,-0.019621281973122,0,0,0,0,0,0,0,0,0,0,0,0,0,0,0
3,0.0979691106331317,-0.0274432402053753,-0.0999471999802899,0.0250260114819949,0.0120259379357606,0.0619393738117052,0.0184817992131717,-0.0523475771362322,-0.186539434097825,-0.0761852830404717,-0.184313527388915,-0.0636321404747597,-0.174936031939033,0,0,0,0,0,0,0,1,0,0,0,0,0,0,0
1,0.0113165398482477,-0.334065868300612,-0.0446751637437852,-0.0121820399501597,0.507691686625291,-0.0637189602143646,0.0790226198095076,-0.0515700634787435,-0.240808440873213,-0.107311133965815,-0.0791530102429471,-0.382061330236658,-0.0807229017780742,1,0,0,0,0,0,0,0,0,0,0,0,0,0,0
3,-0.0115879847091759,-0.861067908847868,-0.115784839446045,-0.123242217568147,0.797202680301895,0.0088039484887337,0.0430201050791803,-0.0405442911902042,-0.735150247226455,0.117246468315005,0.222179396486454,0.109126946565236,1.1005537335879,0,0,0,0,0,0,0,0,1,0,0,0,0,0,0
4,-0.0308169808952103,0.240037687336385,-0.011578769490633,-0.696085508842086,-0.450607453962088,-0.0413276306965638,0.0082196005578589,-0.0086047916759226,0.0867321422161079,0.0766220986346665,0.140160873491056,-0.184161520053108,0.35471568243609,1,0,0,0,0,0,0,0,0,0,0,0,0,0,0
1,-0.0459718658364913,-0.123045787246367,-0.185198663041468,0.0509699487441101,0.965586468326837,0.081011319226426,-0.120533842905565,-0.0515481653771155,-0.0881683826300441,0.0083196681888142,-0.1667008315122,0.170016763858122,-0.102204587566739,0,0,0,0,0,0,0,0,1,0,0,0,0,0,0
6,-0.657562175504289,-0.466599728161167,0.198237883073609,0.799350874821249,1.23313731483218,0.285780922985431,0.287496347767666,0.196348542846256,-0.298427587432557,0.259232311600444,0.334774504716151,0.585839045892451,1.25150821987616,0,0,0,0,0,0,0,0,0,0,1,0,0,0,0
2,0.0573180604934953,0.157363010090959,-0.0146655115679157,0.248524963776486,0.374385224817974,0.0955265680729617,-0.0155859751761459,-0.0208917294863557,-0.0550639487807069,0.042381758262848,0.0467163598855315,0.369891189838157,0.583356679835675,0,0,0,0,0,0,0,0,0,0,0,0,0,1,0
4,-0.256606759762309,-0.0510267789340765,0.109737219984635,0.347070725360034,0.0320568195117665,-0.103137044505613,-0.0678876963767795,0.0586577175592768,-0.0385065822786214,0.0097684114686707,0.0027914909406232,0.0269608401234118,0.302116625838125,0,0,0,0,0,0,0,0,0,0,0,0,1,0,0
8,-0.0758035917689309,-0.233485785007809,0.122964441522851,0.255438407760326,-0.0742547089793047,0.0168145370195699,-0.12002896191421,0.0463602083555694,-0.165938051787367,0.0313196532198322,0.0245302159515845,0.217160262895213,0.142812306515754,0,0,0,0,0,0,0,0,0,0,0,0,0,0,1
0,0.0118020076123416,-0.0619808204354573,-0.0540403064534474,0.640690251953479,1.00062552635982,0.077451829773046,0.0656513378252675,-0.0049212201121058,0.221692540591995,0.0201771274261791,0.167278899733324,0.385408577766999,0.51785569900458,0,0,0,0,0,0,0,1,0,0,0,0,0,0,0
8,-0.0676390006749634,0.203378672572849,0.0491002711173515,-0.0501792768476475,0.508812213240758,0.0809992631239485,0.170449775744011,0.0237141411393311,0.136023222075511,0.0990027397432217,0.0414786377876386,-0.253132420402995,0.456815805374863,0,0,0,0,1,0,0,0,0,0,0,0,0,0,0
0,0.110826086839861,-0.327133767020388,-0.0898394790343,-0.584861759525978,-0.651516437283623,-0.0383615919273231,-0.0282535139070173,-0.0653378874942026,-0.117866626058341,-0.156790710278417,-0.0607410014497012,-0.0811880701574979,-0.363386652056566,0,0,0,0,0,0,0,0,0,1,0,0,0,0,0
1,0.0746207899682923,0.379232425737516,-0.004342092681506,-0.403195263828123,-0.336660607017784,-0.0491914033723359,-0.0464003147913081,-0.0460636642150563,0.31270646987057,-0.178299487502842,-0.21381922450089,-0.162709970952502,-0.771374358994287,0,0,0,0,0,1,0,0,0,0,0,0,0,0,0
0,0.164133622559989,-0.341053148614833,-0.120638346379504,0.581298574830123,0.782770860947406,-0.0118128170041163,0.105880282793836,-0.0625019180304933,-0.193047871206706,-0.195643594046876,-0.0699033415288883,-0.147461383845826,-0.0134061192257288,0,0,0,0,0,0,0,0,0,0,0,1,0,0,0
3,-0.305522560643735,-0.263244648229719,0.0506973671025799,0.223087278488659,0.527063072385515,0.375667454928575,0.151194226099775,0.102260819108215,-0.10221541366177,0.357422904376396,0.229676143567307,0.395698520927915,0.809879235874777,0,0,0,0,0,0,0,0,0,0,0,0,0,0,1
9,-0.19367021608725,-0.678982275086497,0.0903192092618812,0.271707554024959,0.0186397151651633,0.0441191737561753,0.248788759208425,0.0918620639087438,-0.31764389344312,0.17594557551782,0.160137975610623,0.421018286486438,0.562659142156297,0,0,0,0,0,0,0,0,0,0,1,0,0,0,0
8,-0.0859342908043915,-0.163846802416162,-0.0237197386469371,0.265235465304922,0.26076606383262,0.0385726389001826,0.0236331415613491,0.0341125221802191,-0.223292843287679,0.0540098140640986,-0.0034981490085492,0.361830999437636,-0.210497277779923,0,0,0,0,0,0,0,0,0,0,1,0,0,0,0
0,0.118950020122519,-0.0010380016223654,0.0022248795741173,-0.029687021475164,-0.543772005696058,-0.193522270064409,-0.0104950278099252,-0.0146220354566834,0.119456841799836,0.0080490680522338,-0.174341185191922,0.197792858832763,-0.0275859487582857,0,0,0,0,0,0,0,0,0,0,1,0,0,0,0
2,0.362040040925738,0.344094346807473,-0.175603677101449,-0.074733714544404,0.0343540684262867,0.10518042645986,-0.0386546800478046,-0.109207000070235,0.0200785716872361,-0.0902348101198987,0.0234173932245594,-0.0521672625901815,0.339465470968344,0,0,0,0,0,0,0,1,0,0,0,0,0,0,0
1,-0.0080115250284492,-0.727183745487461,-0.0859349350259068,0.647422308524962,1.05009149966894,0.180288904258832,0.203011620822394,-0.0177582856907764,-0.478134784425803,0.0106340524929342,-0.0344372797533964,0.18702880767147,0.484159134161123,0,0,0,0,0,0,0,0,0,0,0,1,0,0,0
2,0.417771954945724,0.101342801058455,-0.134896906581971,0.305228404799289,-0.296993709655927,-0.0956990254849823,-0.0743529222862044,-0.120183661773083,0.15978564086854,-0.265937732247194,-0.1941964080192,-0.263617120034049,-0.67099804542881,0,0,0,0,0,0,0,0,1,0,0,0,0,0,0
9,0.188910476989424,0.0345315292499718,-0.0932978010779963,0.23960917692112,0.681022026615566,0.128934131941207,0.0185932699414615,-0.0390211032324343,-0.376393784859774,0.152359745427013,0.18499561934849,0.0047294848425994,0.609294101915162,0,0,0,0,0,0,0,0,0,0,0,0,0,0,0
5,-0.0513381618533077,-0.111963012675373,0.0237913999550343,-0.211316764720342,0.451848169650632,-0.0200463214046012,0.131010789900124,0.0194774853583955,0.0067625746448527,0.0610187019473179,0.0240423308384553,-0.12140150924186,0.151461176942912,0,0,0,0,0,0,0,0,0,0,0,0,0,0,0
8,0.237750095042025,-0.168615552235037,-0.0289215785799436,0.0969811471351355,0.34309660646053,0.0086155402884306,0.0322545450118088,-0.0298539658503998,0.149314937705254,-0.0211532671489353,0.152734817046512,0.163549115206346,0.214586607512732,0,0,0,0,0,0,0,0,0,1,0,0,0,0,0
1,0.0568686432529303,0.40184600701359,0.0526457642013047,0.206595699681588,0.0528183164460452,0.142040760039272,0.225090179072104,-0.0317154997854176,0.0001048839732485,0.0273135548262972,0.160650020095817,0.349974986084473,-0.24903589678685,0,0,0,0,0,0,0,0,0,0,0,1,0,0,0
9,0.0854841465012218,0.248509138301891,0.0457317759179924,-0.198852892496146,-0.148796690691778,-0.160165556948244,-0.130811737357511,-0.0015233969800491,0.0899271541891297,0.137931632139067,-0.027349365482005,-0.0690994388979979,-0.218716863130316,0,0,1,0,0,0,0,0,0,0,0,0,0,0,0
0,-0.0610828272537758,0.184741824604502,-0.0203194080476092,-0.314874857692572,-0.332770179294861,-0.0809700300876853,0.138678734400379,-0.0055776654616126,0.177774940934942,-0.0442948360193185,-0.0043960986273282,-0.12672682319936,0.146330589562668,0,1,0,0,0,0,0,0,0,0,0,0,0,0,0
4,-0.0849985844890956,0.483350793846409,0.0265153602812645,-0.0548033496817292,-0.0863978015993177,0.0342082307711545,-0.139587412088465,0.0238228555884296,0.18556018346192,0.0238619194056441,-0.0827880243175341,0.274993636249892,-0.21147187786232,0,0,0,0,0,0,0,0,0,0,0,0,0,1,0
1,0.0627809940845666,-0.0558690509189126,0.0611487256185668,0.54418722647664,0.498954805945082,0.0302268300852797,-0.123578401898604,-0.0072815285576264,-0.0144488364601803,0.07486807399898,-0.001782239264556,-0.214390630887157,0.158221150156423,1,0,0,0,0,0,0,0,0,0,0,0,0,0,0
0,0.105316048098143,0.146100659225783,-0.0011559264710103,-0.0030319182321014,-0.0726164836752282,-0.123670922116791,-0.126171463790378,-0.0465678269584333,0.247292192443698,-0.151114999299922,-0.130587320842849,0.0020685557242036,-0.236648398013749,0,0,0,0,0,0,0,0,0,1,0,0,0,0,0
7,-0.053002779149113,0.156813480265384,-0.0318971425644453,0.351727555150574,0.152796890042564,-0.0075401490515612,0.0994402316326954,0.0040301467485244,0.429721457573559,0.121548423319852,0.15038757312362,0.0489140218747466,0.236347577508723,0,0,0,0,1,0,0,0,0,0,0,0,0,0,0
7,-0.13353911851587,-0.0834823000993976,0.0601369786922789,0.641441132089387,0.532056257147909,0.0729102329453831,0.0906015065926798,0.0178912988460666,-0.139848230017632,-0.0024630692655224,0.122372149451358,0.1237324347203,0.167208388781016,0,0,0,0,0,0,0,0,1,0,0,0,0,0,0
9,0.207786372651479,0.201264551840166,-0.124841079147559,0.479663665459643,0.635015474561867,-0.0253698278913974,0.0904655204612048,-0.0597712690921342,-0.155734465848196,0.101266790465584,0.0923997464283844,0.368560538773245,0.433644418852966,0,0,0,0,0,0,0,0,0,1,0,0,0,0,0
1,0.023159763428115,-0.50403519840399,0.0139106601902613,0.0486100414319153,0.335661652448931,-0.0909973003265629,-0.0424139325420045,-0.0135323108408991,-0.283387070880707,-0.0963668605204418,-0.151437096878196,-0.154782410876836,-0.167096654749785,0,0,0,0,0,0,0,0,0,0,0,0,1,0,0
7,0.101251037699082,0.237508412233859,0.0443823773885957,-0.481121311268281,-1.03992733094031,-0.1562967888305,0.266397675891573,0.0026093911922945,0.162981150347,-0.0008974028870622,-0.0022049562464982,0.038823061087974,-0.468762763637869,0,0,0,0,0,0,0,0,0,0,0,0,0,1,0
4,0.0211001553072455,0.291690998745255,0.033139759769359,-0.558656643662571,-0.611970154995047,-0.0543026059798008,-0.177538827415449,0.0108717736108395,0.0768615969797242,-0.0377276753134947,-0.0076111367772151,-0.444515902222661,-0.212895708534794,0,0,0,1,0,0,0,0,0,0,0,0,0,0,0
2,-0.221033668240841,-0.0290390102613874,0.206660328249586,-0.795601608521275,-0.926013388896236,0.0153006014437161,-0.16533603923772,0.0740923228892135,-0.187953056570426,0.0003283897614765,-0.100294539906539,-0.225781139058637,-0.574930337779071,0,0,0,0,0,0,1,0,0,0,0,0,0,0,0
3,-0.0937217832214111,0.428930823915702,0.276541342320358,0.390962153220543,0.10204329970117,0.133978483080598,0.0346675691564914,0.0759511212862293,0.424883221486134,0.0449562635308418,0.171792439706097,0.0614998003634727,0.433206251407974,0,0,0,0,1,0,0,0,0,0,0,0,0,0,0
8,0.075369646713518,0.306468530698175,-0.0295878236756448,0.395011515025592,0.0774906454991641,-0.0724998133798526,0.0143095216322511,-0.0367762127873652,0.0167547970136793,-0.165531184181682,-0.0500479531300774,0.255013439773975,-0.0995659480795318,0,0,0,0,0,0,0,0,0,0,0,0,1,0,0
7,-0.0167915244563845,-0.144498932074936,-0.0530837100766007,-0.465122363769259,-0.182287611753273,-0.138368196279535,0.101188146596502,-0.0196242922132972,-0.155224325458411,-0.240705417556723,-0.0868194491401053,-0.173174742343211,-0.285347184744922,0,0,0,0,0,0,0,0,0,0,0,0,1,0,0
6,0.0526127651803856,0.0480429511305486,-0.0534926484256943,-0.169742360592074,-0.294301564618007,0.0200598893063049,-0.129986127751067,-0.006796350117757,0.116931514068175,-0.0668142522865712,-0.0749662301347736,0.19632061094108,-0.133399261363184,0,0,0,0,0,0,0,0,1,0,0,0,0,0,0
2,0.0629439664465079,0.0423906911696729,-0.0159258252289127,0.199678098288586,0.718488398403545,0.0751761412082461,-0.0631731147920913,-0.0137199535805762,-0.268406230397886,-0.0404826852344133,-0.0656843727260501,-0.193446512044305,0.458668031333732,0,0,0,1,0,0,0,0,0,0,0,0,0,0,0
1,0.0552373476863247,0.469727499649515,0.0199046679882051,-0.450903026806768,0.0180680275099704,0.041130497041355,-0.0659467968090448,-0.0245712315387297,-0.0420474554877162,-0.0373683690424993,0.0101733724976943,-0.186544130593522,0.364222637439587,0,1,0,0,0,0,0,0,0,0,0,0,0,0,0
8,0.120377072697519,-0.378760968081414,-0.0841083074933509,-0.246825889452426,-0.241787444142505,-0.107338058706232,-0.146544591388292,-0.0293194344711445,-0.304465488753805,0.0009673897945949,-0.0144263042877996,-0.0652069272167912,0.285807111962856,0,0,0,0,0,0,0,0,0,0,0,1,0,0,0
1,0.163536036712644,0.348461643674615,0.0501559502918731,-0.162156425961855,-0.295165516698886,-0.0851437040907477,-0.0670788700652309,-0.0141300423034298,0.243572092144484,-0.138066098013,-0.0501620435128372,-0.25836513632771,-0.34602832721465,0,0,0,1,0,0,0,0,0,0,0,0,0,0,0
2,0.0421787457606652,-0.0158585016566002,0.0040456595708759,-0.133248860858501,-0.104211412727906,-0.0354246550597143,0.0475697259381517,-0.0067470984094864,0.256969404914632,-0.0174819130460947,-0.0384252534104349,-0.0138048297035058,0.190183794623107,0,0,0,0,0,0,0,0,0,0,0,0,0,1,0
7,0.0568010697691508,-0.298242332864616,-0.161887387637548,-0.419306931273451,-0.41777064541489,-0.0716940947695824,0.0607156143167965,-0.0248001309826587,-0.213137744187753,-0.0136267205336912,-0.0514752498177952,0.0857118589001793,0.111636033874823,0,0,0,0,0,1,0,0,0,0,0,0,0,0,0
2,0.218413605597562,0.319902727987332,0.0304339465794495,0.130143056648856,-0.276289338061487,-0.0722287571903613,-0.0226602326307541,-0.0413144222949754,0.147588703690215,-0.20242253824486,-0.204727945056471,-0.133639743571359,-0.455727872946076,0,0,0,0,0,0,0,0,0,0,0,0,0,1,0
6,-0.0711801709671988,0.658378536633428,0.106322715056635,-0.0493753327140563,-0.545763869401178,-0.133198573725609,0.0233462380995261,0.0011253355770213,0.394490974631451,-0.127498994801082,-0.0954995968051496,-0.239467095231247,-0.435147223909558,1,0,0,0,0,0,0,0,0,0,0,0,0,0,0
5,0.0751553241959225,0.300748832003769,0.0847504669720159,0.115292641436249,-0.355369782423808,0.0392589117717794,-0.102442587572942,-0.0024894900585301,0.200504139743002,-0.0703830330410921,-0.0461752881360858,0.144940928898944,-0.523660255701325,0,0,0,0,0,0,0,0,0,0,0,0,0,1,0
3,0.065201172441557,-0.240096576199776,-0.0797196825520559,0.0725886106019007,0.0783899197820615,0.045067723288981,-0.095757343244513,-0.0153481310614825,-0.166119041770727,0.0089364870543237,0.0173392846818964,0.300252790435042,0.0987606725428736,0,0,0,0,0,0,0,0,0,0,0,1,0,0,0
2,-0.182809431315395,-0.421966982151823,-0.0043183098836068,-0.119389209877561,0.511833161857443,0.162771035349817,0.265687574497906,0.0389201631653685,-0.316551723794744,0.155545691734138,0.0660686695613699,-0.167335006925444,0.557917293637445,0,0,0,0,0,0,0,0,0,0,0,0,0,0,0
4,-0.150322649886494,-0.0535854045542613,0.0005153042882803,0.0318159573500874,-0.0410624686239587,0.136249183489934,0.0555670327124114,0.0331770826276567,-0.0691375419694544,-0.0226111893647969,-0.0872179230671706,0.218904350931314,-0.0896693652639339,0,0,0,0,0,0,0,0,0,0,1,0,0,0,0
7,0.0909816732780027,-0.4873828699716,-0.150304708396704,0.977561252330834,1.02164079027625,-0.0244557749078173,0.0512420428675165,-0.0272476243322043,-0.28895552397216,0.0473276929993161,0.0234523695087413,0.0562920239541277,0.156288465605936,0,0,0,0,0,0,0,0,0,1,0,0,0,0,0
0,-0.0570303353771532,-0.693637802293074,-0.154525795130914,-0.647228856041059,-0.2755007917061,0.0206070354395798,0.0202832860003789,-0.0248199259232452,-0.63394665829372,-0.0587122223118097,0.0034240094758561,0.0822965415712651,-0.167186422262839,0,0,0,0,0,0,0,0,0,1,0,0,0,0,0
2,0.149578122813724,-0.167404587213195,-0.0784103114476213,0.536329105161973,0.312275439031343,0.0506356226360946,-0.0627189264304049,-0.0088327955568732,-0.0398972903643682,-0.209137430176721,-0.244045467455465,0.116305547938351,-0.465736173966223,0,0,0,0,0,0,0,0,1,0,0,0,0,0,0
8,0.0767377888795313,0.428291604035549,-0.0101638462243231,0.120032899704013,-0.338289042603088,-0.0705260500906424,-0.187679202948268,-0.0138156161685067,0.189813102716199,-0.0915214481764039,-0.0311460356142012,-0.306348229441923,-0.148367485481411,1,0,0,0,0,0,0,0,0,0,0,0,0,0,0
8,0.218774711325297,0.351223415173082,0.04157326206012,-0.396976320902201,-1.06372300009922,-0.0019721333596066,-0.0250382174554583,-0.0607310044236472,-0.105848677780429,-0.189112925192969,-0.0983847548389939,-0.151295041574787,-0.396662134580555,0,0,0,0,0,0,0,0,0,1,0,0,0,0,0
8,0.0861283375955337,-0.443597970394559,-0.063814888039762,0.113332732191127,-0.209252297291035,-0.224899418840297,0.244154367891229,-0.0267045589775574,-0.462313122271258,-0.0596811759497223,0.0894371384999985,0.10426629317968,0.0304488410473659,0,0,0,0,0,0,0,0,0,0,0,0,0,1,0
0,0.157876409898304,0.760655017686074,0.0341912622586173,-0.705175326542214,-1.08372150959868,-0.173846638946105,-0.310617627898695,-0.0967240325341127,0.300611390168681,-0.377458477660036,-0.167061040449358,-0.346497786007578,-0.867705490953122,0,1,0,0,0,0,0,0,0,0,0,0,0,0,0
6,0.355306831573077,-0.729381889453181,-0.163252590538744,0.444134963111512,0.906032810872144,-0.157416560569169,-0.0175477763944065,-0.0942842193767083,-0.509901981812172,0.072908720802685,0.0836638047224805,-0.0986545040208884,0.0492056727524777,0,0,0,0,0,0,0,1,0,0,0,0,0,0,0
7,-0.29429483410262,-0.0376831857037606,-0.0325657465002521,0.170084984677551,0.657420012849708,0.120624943372028,0.318416787868916,0.0178092197826467,-0.0766031398243726,0.0403106153192183,0.0344395577177256,0.0288418149745421,-0.028257620389264,0,0,1,0,0,0,0,0,0,0,0,0,0,0,0
9,-0.0907593885365402,-0.0381105179572826,-0.0394937612963239,0.299846239294717,0.447298936048271,0.266802034387404,0.200084277810669,0.0556885717076462,0.0735833454000111,0.151524768648896,0.173371398128076,-0.0621807637182043,0.697032311945355,1,0,0,0,0,0,0,0,0,0,0,0,0,0,0
6,-0.171082968392116,-0.417047558405993,-0.0207918229328025,0.0104438103417874,1.0433607030526,0.154528017886534,0.208320886014797,0.0462146676773075,-0.228236756002909,0.163662774747837,0.186576451575218,0.331907337983891,0.689295959547748,0,0,0,0,0,0,0,0,0,0,1,0,0,0,0
2,0.0019773096591196,0.418054574550528,0.0801866052254813,-0.839859112117585,-1.31739898604187,-0.0012999724082064,-0.138603022132233,0.0209579368077423,0.371143712200292,-0.232629260768513,-0.25462769415149,-0.249794602888021,-0.817701836984433,0,0,0,0,0,0,0,0,0,0,0,0,0,1,0
4,-0.0370318694087824,-0.215493252958362,-0.10563978038922,0.0067639927637003,0.137108592155841,-0.0583422052553279,0.0443226099043534,0.0117700044368356,-0.281365208551225,0.158983391907844,0.042246300418715,0.0488166911634796,0.337449604697081,0,0,0,1,0,0,0,0,0,0,0,0,0,0,0
5,-0.0108886637336833,-0.358302665708358,-0.0659350204567197,0.223269806074622,0.285241399831652,-0.0659178340837221,0.0027039799438907,-0.031018683112379,-0.182106683139413,-0.0319626789407477,-0.0261451582215273,-0.074331497029837,-0.184648129563614,0,0,0,0,0,0,0,0,0,0,1,0,0,0,0
7,-0.465952989826033,-0.222111801033484,0.0854882033826908,-0.195114007562669,0.149445453898397,0.19241555465612,0.0236479547001396,0.124046342246084,-0.164039026617367,0.181778123591876,0.265401589389373,0.058207452010274,0.704066967374364,0,0,0,0,0,0,0,0,0,0,0,0,1,0,0
0,-0.155672902294257,-0.0083937414987857,0.007545720461044,0.232010620995165,0.620183682563766,0.104700751755491,0.0048606957794775,-0.0027506823761853,-0.162462572529166,-0.0016992206942399,0.09147490200643,-0.076387665128743,0.0637725571345453,0,0,0,0,0,0,0,0,0,0,0,0,0,0,0
6,-0.0887068803278199,-0.345559471463023,0.166142841478446,1.27556474102067,1.13898086910383,0.0272297862801708,0.0941040626163611,0.0612632603431017,0.0163888460944126,0.0667053529518795,-0.0017971412201416,0.448596497081826,0.149569026684627,0,0,0,0,0,0,0,0,1,0,0,0,0,0,0
8,-0.125185890077278,-0.723544111802336,-0.008954453419023,0.546949879431508,0.398855350749797,0.0490355345136213,0.0877679447343223,0.0371931392101963,-0.239726151315035,0.0558647306239019,0.085093063554099,0.112193255355338,0.337338672212305,0,0,1,0,0,0,0,0,0,0,0,0,0,0,0
7,0.0672706944085006,0.394851132586796,-0.0256303996013128,0.121215408348916,-0.0141441122072265,-0.0767125798932723,-0.217324379638421,0.0025856678542706,0.338343761358577,-0.0628055595970009,-0.148702360194061,0.253747713205574,-0.232402791251592,0,0,0,0,0,0,0,0,0,0,1,0,0,0,0
5,-0.0913646452348007,0.0498333572172037,-0.0424011601152594,-0.17640684721515,0.225781086676272,0.0875310658083992,-0.168076160802544,-0.0075059572348955,-0.16168810545561,0.133659075676862,-0.150823765579632,-0.211502284393167,-0.485462718247788,0,0,0,0,0,0,0,0,0,0,0,0,0,0,0
7,0.0280274853749054,0.603361733792937,0.0549404323247886,-0.586516127123578,-0.565142294243487,-0.0740748282588887,0.112959048825793,0.0232202332083693,0.582311941866402,0.0902204452422237,0.116083213424722,-0.0842468394273479,-0.118701759633342,0,1,0,0,0,0,0,0,0,0,0,0,0,0,0
5,-0.170687797953371,0.290678910343322,0.0238497906616302,-1.10099591957099,-1.13993187051986,-0.0789047972833645,-0.0846808396397009,0.0672891011772023,0.316332198708467,-0.0141690247112139,0.0218645775268559,-0.307394005849682,-0.12111492637242,0,0,1,0,0,0,0,0,0,0,0,0,0,0,0
9,-0.0452890534066717,-0.250088814982143,-0.0959733188863776,-0.0462229340726042,-0.040917604282318,0.192445251244377,-0.101506548679566,0.0261731075093115,-0.343336428200266,0.305912500091539,0.179539379319881,0.406525283643988,0.151191137149791,0,0,0,0,0,0,0,0,0,0,0,0,0,0,1
6,0.016279787554611,-0.0104792111712445,-0.067381183970926,-0.357316607415865,-0.130882598589916,-0.192108392950321,-0.0162087000034884,-0.0047947278352016,0.136421910726852,-0.151584997884547,-0.0958069544247204,-0.0365746104370273,-0.303866959394748,0,0,0,0,0,0,0,0,0,1,0,0,0,0,0
2,-0.0571880914229445,0.254093571563405,0.0280293720867703,-0.720658985515133,-0.56862623068346,-0.0893995541585569,-0.0133046044768275,-0.0178165664446145,0.102245003266025,-0.0368285381113776,-0.0987494119468039,-0.17175689871923,-0.373245484313766,0,0,0,0,0,1,0,0,0,0,0,0,0,0,0
2,0.116142739886012,-0.0653707890552882,-0.141043705893211,0.204225166732883,-0.139353776092473,-0.0775563455673405,0.0062994933853659,-0.0356198151493605,-0.232828383729083,0.0011531826513623,0.0605776282431496,0.147921963209033,0.0345074172805168,0,0,0,0,0,0,0,1,0,0,0,0,0,0,0
1,0.213903471072925,-0.705685187349879,-0.0965744173278274,-0.0504573584255183,-0.329966791692854,-0.0810446641768578,0.114388133607078,-0.0186913825851387,-0.104649421113362,0.0824358634079453,0.148210683229513,0.14267724459179,0.296251660062589,0,0,0,0,0,0,0,0,0,1,0,0,0,0,0
0,0.0840425412435597,0.642311707279512,-0.0302641191701765,0.327720615156929,0.140302834151702,0.114355260897241,-0.103741571462707,-0.0451257826715749,0.248747949353494,-0.067796364626339,-0.0357708896446763,0.0774354841904196,-0.410060045239922,0,0,0,0,1,0,0,0,0,0,0,0,0,0,0
1,0.0101341189707698,-0.19944012485212,-0.0291252515659901,0.196526493109704,0.132740144755725,-0.0098509955209888,0.0228916534248367,0.0085528680668261,-0.156003445056228,0.0404873618892398,0.0520984643960543,0.0189248020770009,-0.083713495240229,1,0,0,0,0,0,0,0,0,0,0,0,0,0,0
3,0.143139281118761,-0.650246819619099,-0.100543828593627,0.289644591488252,0.913881655614802,0.109453444055704,0.0191222175187949,-0.038090215124734,-0.0604811546675262,0.0167522136650683,0.0689307025018188,0.165754953274459,0.408014891604149,0,0,0,0,0,0,0,0,0,0,0,0,0,1,0
6,-0.0499332422428581,0.377954629552159,0.0565861785431258,-0.41802594163037,-0.124675328359725,0.0634168100240072,0.0440446455299894,0.000801850542632,0.160522589824254,-0.0431153979364546,-0.104674167662576,-0.0713394068555327,-0.172711476312699,0,0,0,0,0,1,0,0,0,0,0,0,0,0,0
1,0.012163979206131,0.128531106896509,0.0814161852526762,-0.147044391006755,-0.473205807476476,-0.175487517366996,0.0277783609891496,-0.0102503422866934,-0.194049245857814,-0.131389055834827,-0.228929059092802,-0.0468470387884566,-0.639056286966012,0,0,0,0,0,0,0,0,0,0,0,0,0,0,1
6,-0.126410880408152,-0.28808937711736,-0.006867487932241,0.511014788984127,1.08093770341865,0.282433752196092,0.200100124143569,0.0373436188052343,-0.0970508944178066,0.200615203621882,0.12471960782665,0.148836693200803,0.697947858615607,0,0,0,0,0,0,0,0,0,1,0,0,0,0,0
5,-0.161381678537326,0.457503088883967,0.0729563738599303,-0.653889541746178,-1.08993817462417,0.0981663415012404,-0.311078814873225,0.0479090004122772,0.0029312306660269,-0.170303378126617,-0.0972415008676903,-0.0785418531861497,-0.537922807453817,0,0,0,0,0,0,0,0,0,0,0,0,0,1,0
3,0.0072486213468605,-0.301343013563832,0.123765711442365,-0.490562097923597,-0.678111396041056,0.0985384124949626,-0.0719968198565445,0.0026650890009898,0.151992204297821,0.0784512610544935,0.140107885859219,-0.209683735732094,-0.142322904634622,0,0,0,0,1,0,0,0,0,0,0,0,0,0,0
1,0.209777109352024,0.009680603076847,-0.104165114752945,0.308248131431821,0.218457981900575,-0.0491371534422299,0.150146224527868,-0.0597158769075931,0.248908432316163,-0.0528135891875413,-0.0422372435865602,0.107613077495145,0.133444116647565,0,0,0,0,0,0,0,0,0,0,0,1,0,0,0
7,-0.179731096763605,-0.166312193427102,0.108226509285221,0.153681586698833,0.424064040863212,-0.0008606011969839,0.207846661329124,0.0743619993722044,0.0460490420034451,0.169781612779937,0.234525893327482,0.113239556315617,0.658695600443298,0,0,1,0,0,0,0,0,0,0,0,0,0,0,0
7,0.200498430380853,-0.36439453541685,0.134109155622872,0.157696888353942,-0.42850402522133,-0.073728146816683,-0.109419333638335,0.0155913629762216,-0.224300613210406,-0.0596174371183642,0.0917942700119111,0.213272427572591,0.237470050098939,0,0,0,0,0,0,0,0,0,0,0,0,0,0,1
8,0.110427483679884,-0.445235968723566,-0.0476606854095559,-0.0093459520466329,0.408214867199636,0.0271932881808194,-0.0137004624330124,-0.0026230652850027,-0.0978319347471675,0.0718296518820818,0.0864225568062696,0.35093570407848,0.580499375697012,0,0,0,0,0,0,0,0,1,0,0,0,0,0,0
8,0.0662797156497077,0.219074046545284,-0.0199651161086324,0.178225843597094,0.409431383121166,-0.0325342575994567,0.0171936075944333,0.0052798167877061,0.0413209204067429,0.0841446036496143,0.0559981312967238,-0.146519215147654,-0.0388299624607309,0,0,0,1,0,0,0,0,0,0,0,0,0,0,0
3,0.0171352793967548,-0.010363180732313,0.126282243526696,-0.256714893084018,-0.430380471613858,-0.0923906758384187,-0.240034619582307,0.0261104146204992,-0.153482106014425,-0.16566708812179,-0.216733675331272,-0.181405064458733,-0.685222660205528,0,0,0,0,0,0,1,0,0,0,0,0,0,0,0
0,0.255368227555332,0.666231157284185,-0.0093564637797297,-0.73320214799214,-1.16949807794954,-0.078783760920673,-0.170195910876531,-0.0652003477832272,0.222026603782275,-0.142026793309601,-0.186374670732932,-0.347933375567229,-0.557878046169458,0,0,0,0,0,1,0,0,0,0,0,0,0,0,0
1,-0.130550091239428,-0.333300236972442,-0.0917484216173236,-0.217601455346504,0.570613727354281,0.0685867367613825,0.0399104146159917,-0.0087978206019926,-0.1650124838789,0.123953701505909,0.240447800068634,0.0980001699740182,0.473908644492012,0,0,0,0,0,0,0,0,0,1,0,0,0,0,0
8,-0.0624986006939449,-0.253174462475849,-0.0679655926401541,-0.676413971302092,-0.673413634504636,-0.132593954185802,0.0144217107137807,-0.0032911896439803,-0.105265551591721,-0.0431211005119391,-0.0391586063396159,0.054738646644714,0.0300681942894957,0,0,0,0,0,0,0,0,0,0,0,0,0,1,0
7,-0.187032110617469,-0.0395261997439174,-0.0152603229160282,-0.155043787997473,-0.02564170127785,0.0312441751259875,0.33360816555248,0.0792853350386106,-0.0320369625262439,0.110917556291618,0.0821527729418728,0.171044413307995,0.334540933868274,0,0,0,0,0,0,0,0,0,1,0,0,0,0,0
0,0.317737548413524,0.516863595833449,0.079360849734653,0.620787155032818,-0.383173914850487,0.000185161182912,-0.186357817783721,-0.076184012364144,0.0807012995175627,-0.207310321768922,-0.175491713957803,-0.0501780293710873,-0.539933791121853,0,0,0,0,0,0,0,0,0,0,0,1,0,0,0
3,0.14948646933031,-0.159650944548006,0.0966778560653175,0.185021619190289,-0.137360052237052,-0.070885267670331,0.0040472447622005,-0.0006176221790856,0.130156038150765,0.0586945734727266,-0.0334577902381401,-0.093056800140528,0.305176163457355,0,0,0,0,0,0,0,0,1,0,0,0,0,0,0
5,-0.166816437518801,0.212862208843157,-0.043052633815054,-0.710260698930726,-0.430353008012125,0.06251692430123,-0.145290890841548,0.0271731790200439,0.189386988603316,0.0192166538253924,0.029617928862034,-0.206665709048033,0.0863694653354986,0,0,1,0,0,0,0,0,0,0,0,0,0,0,0
7,-0.0168176135442569,0.327220598234471,-0.0451329025477182,-0.741272787520313,-0.706989042373151,-0.0774624274702114,-0.0767259871565939,-0.0083128598601346,0.22184727549144,-0.0969298740356258,-0.110856289224887,-0.156333438191726,-0.454822456852278,0,0,0,1,0,0,0,0,0,0,0,0,0,0,0
8,0.079854211428623,0.514586881491442,-0.0806871906840073,0.223055126038842,0.526652859339984,-0.0361940705726474,-0.001887273303256,-0.0415334542001161,0.469812910661765,-0.0363063843168246,-0.0860757424025928,-0.308386882501497,-0.353318138520595,0,0,0,0,0,0,0,0,0,0,0,0,0,0,0
2,-0.124808292868955,-0.241686931459301,-0.004267444852767,0.341848387364064,0.33593327156155,-0.0046915183208855,-0.057966190465028,0.0271733206535286,-0.193774828760006,-0.235663644831827,-0.172421147971038,0.13725161229468,-0.410020104676196,0,0,0,0,0,0,0,0,0,0,0,0,0,1,0
2,-0.105275067040216,-0.45327777821086,-0.116719207910903,-0.335559100852215,-0.133632160001496,0.0430761583718801,0.136636806822952,-0.0121379532152731,-0.144614905275679,0.0453071725695145,0.133624242013287,0.148029194142121,0.179125335204358,0,0,0,0,0,1,0,0,0,0,0,0,0,0,0
7,-0.024608472076547,-0.139570043482633,-0.0793515949745235,0.165321315937829,0.394976714511253,0.205485889478273,-0.0064961830670146,-0.0070457778017369,-0.319912899871956,0.0162477745576164,0.152007829606524,-0.192069620634934,-0.0593200301917588,0,0,0,0,0,0,0,0,0,0,0,0,0,0,0
3,0.0917388302489337,0.0527343916035784,-0.0404909059402942,-0.177355735988568,-0.528279394620881,-0.0484300167690138,-0.0806779583776993,-0.0526282186647033,0.0182416905175798,-0.167040999599737,-0.151124262074924,-0.223074294584098,-0.645184231872556,0,0,0,0,0,0,0,0,0,0,0,0,0,0,0
0,-0.123207239815454,-0.149847044301629,-0.032343973933509,0.0138991540728964,0.66796175774087,-0.0293926278930466,0.0342554210389261,0.0355388412079239,-0.0163557087504252,0.181533573161825,0.127319328670369,-0.132723826185481,0.442176594601702,1,0,0,0,0,0,0,0,0,0,0,0,0,0,0
5,-0.21001942434584,-0.0415685930844585,0.0999199072879379,-0.233649247245291,-0.130905669870536,0.0673123233922023,-0.036563366620038,0.0662391942235981,-0.0923844108955235,-0.157433977590311,-0.213403731368415,0.0086106138923354,-0.687111939048221,0,0,0,0,0,0,0,0,0,0,0,0,1,0,0
7,-0.166738510883997,0.351226685524944,0.159319007987516,0.277235238910061,-0.166642393320342,0.031004317777955,-0.13073594489086,0.0637472697644207,0.300408809466776,0.140423512398323,-0.0016086763503979,-0.104248787358939,0.217301612083285,0,0,0,0,1,0,0,0,0,0,0,0,0,0,0
8,0.26453426400322,-0.640745122167275,-0.13286982186006,-0.103592633683003,0.0835653251959277,-0.291840241027866,0.0556547722709045,-0.0603828644939985,-0.491108748683816,-0.142490284555312,-0.175822441899945,-0.0407437080789912,-0.129188865994,0,0,0,0,0,0,0,0,0,0,0,1,0,0,0
1,0.198003423268561,-0.646859389675485,-0.0731758230375268,-0.0781597768629893,-0.397344483469157,-0.157457213481078,-0.0335035578802165,-0.0682505783780712,-0.462839014561251,-0.190033622892318,0.136755120749035,0.0135987635304295,-0.222048573331756,0,0,0,0,0,0,0,0,0,0,0,0,0,0,1
2,-0.0193906416493638,-0.3123517458531,-0.0983130799418933,-0.571123713100881,0.206705056724072,0.0637014865001686,0.14863750955385,0.014762303155146,-0.0107654556229256,0.0541369990215199,0.0850663618802142,-0.274291441627735,0.516872897612013,0,0,1,0,0,0,0,0,0,0,0,0,0,0,0
2,-0.0586767528725017,-0.318589603901487,0.0905535551345909,0.454825260956667,0.238676123346508,-0.0341648451000055,0.0316601422300771,0.0136398602972565,-0.15788416492426,-0.0308789602453848,-0.033851097124425,0.488529254284834,-0.160121982625418,0,0,0,0,0,0,0,0,0,0,0,0,0,0,1
2,-0.0505121068819142,-0.249339874091732,0.0268044712390068,0.522583707108697,0.909352108929466,0.007173376606909,0.112686602848919,0.0265164043327947,-0.175994778340132,0.199583223766771,0.120899634081402,0.163065819863746,0.766861534463569,1,0,0,0,0,0,0,0,0,0,0,0,0,0,0
9,0.0166861275576029,0.0854928067865811,-0.0251921795829097,0.208532563938926,-0.181743530603321,-0.0536714934720827,-0.150923526880463,0.0198346238044867,0.114339667926727,0.173767653726386,0.115522995158649,-0.131004832699313,0.078697825107886,0,0,0,0,0,0,0,0,0,0,0,0,0,0,0
5,0.0459696616170875,-0.0527746458291479,-0.0590703941407537,-0.593645538157533,-0.636436431321203,0.21654930012945,0.0120277378911085,-0.0377729656551326,-0.27131136710721,-0.0743233039196243,-0.0876489067989877,-0.16732083052375,-0.290509467215859,0,0,0,0,0,1,0,0,0,0,0,0,0,0,0
0,0.42370420440592,-0.949063094547761,-0.34389771814851,0.832243748206573,1.26137573282197,-0.0731804645295733,0.0973047233305427,-0.164937791235096,-0.5293069412117,-0.0773384872609692,-0.0495845941619162,-0.0153111877743906,0.248332121714786,0,0,0,0,0,0,0,1,0,0,0,0,0,0,0
3,0.090958142423512,0.224130251843002,0.0919168291807181,0.375414717792833,-0.183623123958219,-0.0678640323261978,-0.0248775471680635,0.0297832977987422,0.272369499473399,0.129525052373521,0.217660348695769,0.287813764450991,0.208678635549374,0,0,0,0,0,0,0,1,0,0,0,0,0,0,0
4,0.151098894608128,-0.384215662250317,-0.0394558769479889,0.107787911323671,0.370577535773533,-0.0910330748977654,-0.106276275653625,-0.0350354391315056,-0.0171956285819352,-0.108561682614395,-0.192133578471425,-0.0304611702927818,-0.0463740623249691,0,0,0,0,0,0,0,0,0,0,0,1,0,0,0
3,0.0253158485683505,-0.115279725648893,0.0713668777464451,0.674542076936865,0.315462667508513,-0.0950853344262374,0.0277634611419462,-0.0306765877843186,0.0887992247540658,-0.0418092873182433,-0.235335242268054,0.0492934695827482,-0.228265567804461,0,0,0,0,0,0,0,0,1,0,0,0,0,0,0
2,-0.0666359906214607,-0.430605503394112,-0.0336244530977052,0.575270191905704,0.17121581134424,0.0830065169980301,0.117355137895932,0.017948422406342,-0.354819684778966,-0.0142860665445594,0.0965792076478712,0.0893887744668402,0.27307320300617,0,0,0,0,0,0,0,0,0,0,0,0,0,0,0
0,-0.254559311519528,0.106322454540226,0.149661526498147,-0.394172851055012,-0.35089477528791,0.14446413448285,-0.0414459864788449,0.0962499370401362,-0.0731401402768936,0.155672563563934,0.0872686413676206,0.229480418144344,0.236739923713129,0,0,0,0,0,0,1,0,0,0,0,0,0,0,0
1,-0.203012099830077,-0.240762155867786,-0.117584223329182,0.0312071519875621,-0.0982759880825307,0.0344092687700142,-0.0698365140732156,0.0284329388126178,-0.365392959960911,-0.09076640586369,-0.0512743990246207,0.0171774645797397,-0.223467508233629,0,0,0,0,0,0,0,1,0,0,0,0,0,0,0
7,-0.280872068125323,-0.589034539234422,0.135338714522174,0.119821432349451,0.543531144509494,0.171094804068424,0.263335262120078,0.092145745222979,-0.346359812037294,0.190347843455953,0.176407455188975,0.317092234138226,0.973777799510545,0,0,0,0,1,0,0,0,0,0,0,0,0,0,0
4,0.156168413845644,0.169770700016092,-0.0841794313667013,0.188764842043811,0.0606013364634209,-0.113423405067373,0.0366553417890568,-0.0846326714143628,0.117982016808403,0.0424060957281467,0.0191682774406142,0.132173507841796,0.26136117242268,0,0,0,0,1,0,0,0,0,0,0,0,0,0,0
1,-0.16178359218057,0.0977107536459514,0.0064566750277115,-0.293197341432519,0.377201227531048,-0.0052365722282487,0.186774508199049,0.0040617935193703,0.05008898485169,0.0931365160678919,0.0749719168861341,0.0235241919405482,-0.0707816260685679,0,0,0,0,0,0,0,0,0,0,0,0,0,1,0
0,-0.141343482551998,-0.0099323381764434,0.131127868296838,0.0205707334922192,0.123165946844765,0.0223370697134865,0.211610308892189,0.0299425706159977,0.0822435758779832,-0.0177521358074146,0.0053673487216269,0.0961543801332507,-0.0749044836107947,0,0,0,0,0,0,0,0,0,0,0,0,0,0,1
8,0.24605431529384,-0.549045574083165,-0.0020097459752376,0.416573279132499,0.419036631055447,-0.06642858977244,0.166422970485053,-0.0541444885425952,0.181721117297981,-0.105885827188727,-0.0083571213854828,0.172910412032892,0.0897112855583268,0,0,0,0,0,0,0,0,0,0,0,0,1,0,0
7,0.179488987062536,0.643056993925852,-0.0161243655067428,0.561145422786408,-0.0597905079396486,0.003283706736558,0.056956732812291,-0.0216509224601249,0.558877932021507,0.109182016764864,0.131386770426434,0.282373747508128,0.223106915132055,0,0,0,0,0,0,0,0,0,0,0,1,0,0,0
9,0.149479380913716,0.389404896550677,0.0630611406336792,0.28866416178747,-0.174701906081292,0.0565663314216168,-0.150795089216218,0.0117756264523639,0.332195290893504,0.0042185644988127,-0.142808946489625,0.14665571646734,0.105112635606177,0,0,0,0,1,0,0,0,0,0,0,0,0,0,0
4,0.0940543239447938,0.377531558445535,0.0163970556569489,-0.337895201859909,-0.913167725232884,-0.0236013510357225,0.0047744429696157,-0.0144641277007579,0.514510229986786,-0.0561992206345089,-0.187088028109145,0.039045304419808,-0.68108559742262,0,0,0,0,0,0,0,0,0,0,0,0,0,0,1
4,0.0728365938015234,-0.125307462766216,0.0244736208991702,0.179778872756568,-0.145264565138747,-0.115650458052642,-0.0263498620081733,0.0149335374718109,0.20653777799231,0.0993617015261349,-0.15125077898574,0.199678016029485,-0.170157177114852,0,0,0,0,0,0,0,0,0,0,1,0,0,0,0
5,0.118063576639502,-0.334492339649154,-0.120295983561469,0.0095377898521081,0.0393308670720455,0.0612556110989269,-0.104123954775144,-0.0356786741543386,-0.257938005566538,0.122383934697498,0.220206136171914,-0.099489836375997,0.0190986685302715,0,0,0,0,0,0,0,0,0,0,0,0,0,0,0
2,0.104305357958634,-0.303993473533837,0.0073427627162207,0.173472694954359,0.164506482734153,0.01240537836039,-0.147702763001461,0.0004030563529155,-0.0899615825207413,0.0309536386916364,-0.0909986764797027,-0.069833655647443,-0.0331613756895405,0,0,0,0,1,0,0,0,0,0,0,0,0,0,0
6,-0.102694807126694,-0.444522037117877,-0.0184892730486603,-0.588511935686449,-0.178299877622248,0.182747777885341,0.215159690655925,0.0294571272809798,-0.431796608556871,0.132166396295274,0.147869054046199,-0.136562111607244,0.165750364702042,0,0,0,0,0,0,1,0,0,0,0,0,0,0,0
2,0.0826348831249015,0.554999940580979,0.0608780577271535,0.359987929794697,-0.0859330103860996,-0.0394104693692363,-0.026786894054865,0.0037021554865152,0.416314289245705,-0.123879022794874,0.0160851322112791,-0.0662454647082865,0.198488377803834,0,0,0,0,1,0,0,0,0,0,0,0,0,0,0
7,-0.145600633688699,0.129690509625129,0.0166758015132324,-0.128959690552287,-0.39174039405319,0.0512739932115644,-0.0427909754475183,0.0638320024812762,-0.0814515392382468,0.0713710166710907,-0.0007405957515208,0.0338007139564893,-0.0705971649010183,0,0,0,0,0,0,0,0,0,0,1,0,0,0,0
4,-0.0599463149270353,-0.835586956071248,-0.268162382769445,0.674436117913907,2.05638129002384,0.183904601428737,0.289960279712459,0.0095385754449201,-0.437064497956118,0.0689788738828634,0.205034222712853,0.239087255210084,0.486364974750735,0,0,0,0,0,0,0,1,0,0,0,0,0,0,0
8,-0.264054824294633,-0.246709490990812,0.0599765031065594,0.266239272761075,0.39459826623685,0.0819559813741302,0.0051313413756105,0.082540681598978,-0.245866208744652,0.194055190821449,0.102621499800603,0.109676128143712,0.184278462221915,0,0,0,0,0,1,0,0,0,0,0,0,0,0,0
5,0.09432849913656,0.912472086118997,0.109783323400005,-0.603128467812164,-0.898565095876295,-0.267977272687169,-0.408002370185665,-0.0316688724986834,0.841078551640955,-0.133991522621282,-0.22852113119725,-0.024962623450716,-0.807336903172255,0,0,0,0,0,0,0,0,1,0,0,0,0,0,0
9,-0.184367309183095,0.604945443626556,0.119285466223464,-0.307788916104823,-0.285577532502213,0.0180158603682586,-0.13636901414571,0.0337777040159428,0.443470372378912,-0.0674481343145741,-0.0587877928310882,-0.0437647778374752,-0.843000421431501,0,0,0,0,0,0,0,0,0,0,0,0,0,1,0
7,-0.0373603988450852,-0.622114091561991,-0.0464073880350727,0.661882809089389,0.642280125968922,-0.0949663702120642,0.0329561971555831,0.0408144657642485,-0.271621609105586,0.151713949041157,0.105617073781097,0.476395292714467,0.592382281527995,0,0,0,0,0,0,0,0,1,0,0,0,0,0,0
1,0.189429491759299,-0.303663888573257,-0.0044213939928813,-0.403322263595048,-0.595466308148637,-0.121846419277297,0.0788468414734084,-0.040959485034903,0.100280030236655,-0.228025969398061,-0.306620009434917,-0.162959564920084,-0.0687001127552432,0,0,0,0,0,0,0,0,0,0,0,0,0,1,0
8,0.292828107828012,0.415209063940948,0.0148762488550877,0.231024221471224,-0.283282341274686,0.177041829784962,0.0674415248168776,-0.0286447520106993,0.514303220009435,-0.0873719086270041,-0.0674335454784917,0.0152977108366661,-0.689501032050465,0,0,0,0,0,0,0,0,1,0,0,0,0,0,0
5,-0.0675783938716969,-0.458206749388329,-0.0438243751861172,-0.301921095998398,-0.211208763208378,-0.0425815856042063,0.256710274720452,0.0291707605290232,-0.406579852838908,0.0936800295188075,-0.120065128811107,0.126688467622819,0.678930719008695,0,0,0,0,0,0,0,0,0,0,0,0,0,0,1
7,-0.0932935039252968,-0.0354949396370695,0.0386336132786867,-0.354603838071239,0.388908125279906,-0.0591816619777714,-0.017234452628426,0.0056959211054093,0.0163123968552472,-0.0146050266409778,0.147530697557607,-0.134336912977663,0.276607506126155,1,0,0,0,0,0,0,0,0,0,0,0,0,0,0
9,0.0291729755868448,0.115432760123253,0.0229150079644607,-0.246718394044448,0.314925514560836,0.0803976616492133,0.134202986242696,0.0477770014027004,0.130391809068303,0.0680525951586466,0.295412684605135,-0.0391140789025838,0.537025907950192,0,1,0,0,0,0,0,0,0,0,0,0,0,0,0
8,0.0439583451241061,0.0255368652700818,-0.036160660789126,0.203657317011255,0.166651539130754,0.0064969642880466,-0.0752958463523022,0.0122892137084109,-0.119344161811476,0.0152762637905094,-0.0125100701724501,0.0762400954004541,-0.392078626039251,0,0,0,1,0,0,0,0,0,0,0,0,0,0,0
8,-0.157742978793694,-0.832777645981663,0.0856743008173657,-0.137247650813524,0.0511402727042246,0.0973796761393429,0.151658185080127,0.0392581882046196,-0.548027831057307,0.125621123421769,-0.0053306947064649,0.0060202683405136,0.270554211568443,0,0,0,0,0,0,1,0,0,0,0,0,0,0,0
8,0.144196553958907,0.399794245681246,0.0044673798755712,-0.15145499845755,-0.0552577706317532,0.0931368077412659,0.173150027751636,-0.0154888091071753,0.160454710769375,0.115573461157155,0.114864725781371,-0.0272080306905678,0.275412546754466,0,0,0,0,0,0,1,0,0,0,0,0,0,0,0
3,0.14524861054809,-0.265831008232768,0.0074495479926911,-0.383327211048356,-0.572787107146624,-0.0775436671225556,-0.224669375500805,-0.0224326302565195,-0.214446748245371,-0.0731328482352145,0.0017395787173638,-0.277170740494754,-0.0286731481062917,0,1,0,0,0,0,0,0,0,0,0,0,0,0,0
2,0.140334409688443,-0.257382658525626,0.0013309105399132,0.163947466245139,0.351694685113662,0.0246609126302352,-0.0791456328371579,-0.022500434001051,0.0756066498234667,0.0018142633166921,-0.058439548064098,-0.142078775387385,0.270891946404806,0,0,0,0,0,1,0,0,0,0,0,0,0,0,0
4,0.112356077660161,0.031526546151736,0.0546880591538774,0.0830642394151328,-0.165515683692272,0.0221931380089466,-0.15522829932186,-0.0189298161776181,0.358011006593161,0.0739701396874174,0.0535067174341559,0.0587060877299528,0.0335949319157688,0,0,1,0,0,0,0,0,0,0,0,0,0,0,0
2,-0.11721920324848,-0.45255508729596,-0.150310569180278,-0.245520544561441,0.689065958103682,0.131185328715657,0.163562385411001,0.0493161503548909,-0.0726654272447963,0.0931497062824558,0.19492953066965,-0.0247634313943156,0.270629403903315,0,0,0,0,0,1,0,0,0,0,0,0,0,0,0
3,-0.177810166951414,-0.149453964263521,0.0968371306006068,0.251184424982687,-0.40284362197436,-0.185593866349922,-0.256592606705264,0.0398828226613553,-0.211734876053974,-0.122206576694944,-0.17128530060273,0.05253449772125,-0.520604279303037,0,0,0,0,1,0,0,0,0,0,0,0,0,0,0
4,-0.088796928408619,-0.387606296392532,0.0089089924988211,0.604406352503145,0.858320017676995,-0.143794903768878,0.115954273816953,0.0190192124387838,-0.273244525911451,0.161913646192982,0.14245500477865,0.419406821385224,0.699336504851686,0,0,0,0,0,0,0,0,0,0,0,0,0,0,1
3,0.0192166167821849,-0.0322742533379077,-0.0197878002355353,-0.253720263649664,-0.344625898953556,0.0197942342570012,-0.176901132704056,-0.0239856996892225,-0.237576497765538,0.0116239277883393,0.0637228694951482,-0.100611064216854,-0.274977341252304,0,0,1,0,0,0,0,0,0,0,0,0,0,0,0
0,-0.0042370958322228,-0.0858979031599244,-0.0570850078205498,-0.622369905711559,-0.52652582865495,0.0261171479014782,0.0442205569280643,-0.0285668483341854,-0.0924939376930334,0.0170407544713083,0.0035035701647864,-0.0418716452317519,0.397402297940541,0,0,0,0,0,1,0,0,0,0,0,0,0,0,0
8,-0.3070786852871,-0.198423275413098,0.0701029787940808,-0.371246639398687,-0.584966116553471,-0.0075524997676451,-0.0951583262257463,0.069856352562335,-0.133771374145087,0.0447823897767361,-0.0186346478341993,0.208975088840909,0.130410230272021,0,0,0,0,0,0,0,0,0,0,1,0,0,0,0
1,-0.193028813150822,0.222821543593653,0.159425936436127,-0.795022075976063,-1.0505563303182,0.127195543041877,-0.0104100237210073,0.0384392399919625,0.0781512360347504,-0.0826166582295083,0.0854139392876756,-0.140131495966751,-0.173928641490526,0,0,0,0,0,0,1,0,0,0,0,0,0,0,0
2,0.398104133662881,0.358417108548742,0.121295827581017,-0.123192741370308,-1.0510847131528,-0.174135418587558,-0.267677473863939,-0.089005294793585,0.235882244745606,-0.286392276288942,-0.266152409203249,-0.270724519004445,-0.695765995963637,0,0,0,0,0,0,0,1,0,0,0,0,0,0,0
7,0.0673102941974421,-0.26465322328518,0.0289010821458648,0.581357783249309,0.528569321401979,0.0846460655830477,0.0573429135414204,0.015336501937283,0.0514240056617222,0.100867269426876,0.0615718229795006,0.29588220654611,-0.111979425478633,0,0,0,0,0,0,0,0,0,0,0,0,1,0,0
7,-0.104125226835343,-0.361787640865043,-0.12246106760617,-0.168998033572551,-0.169753827075762,0.0257718002772819,-0.0966341404761503,0.0126337923095864,-0.64110680238022,0.188569864686585,0.038412905454973,0.12068325077882,0.564524518605676,0,0,0,0,0,0,0,0,0,1,0,0,0,0,0
0,0.359376730240503,0.39034120219914,0.0979337172078533,-0.482293665343785,-1.34730421143064,-0.301965833156339,-0.0643722029018908,-0.0703114004732986,0.228019419852981,-0.117713162248113,-0.0930512249714759,-0.129463819888641,-0.736339544055726,0,0,0,0,0,0,1,0,0,0,0,0,0,0,0
8,-0.0637848788994662,-0.238190608586997,-0.0856277184353559,-0.374398655253634,-0.127085593775064,0.108701646005294,-0.102354221557527,0.0198682716053895,-0.0980954804199954,0.0732873494518896,0.155496791147041,-0.012396258476235,0.324654778985093,0,0,0,0,0,0,0,0,0,0,1,0,0,0,0
9,0.109648416807811,-0.592339334086788,-0.118913126773515,0.517365544675246,0.516910305772099,-0.0073960867834627,-0.0711205440610334,-0.022036668364231,-0.113225983910556,-0.0172219824654791,-0.0016352727183118,-0.0034482419892894,0.337148791161827,0,0,0,1,0,0,0,0,0,0,0,0,0,0,0
4,0.159742161815489,0.241489755693267,0.016000355934247,0.282075011961285,0.011465844206587,0.0115460853633789,-0.0741634870046599,-0.0079822558091652,0.136112429994835,0.141051823687081,0.176249506893536,0.159565073889105,0.55885485283788,0,0,0,0,0,0,0,0,0,0,0,1,0,0,0
7,0.214970342851434,-0.026505180810271,0.0249388183735786,0.472891183657065,-0.0322546362903773,0.0133950286671689,-0.017041759655555,-0.0031431150337462,0.0340736356544191,-0.0796545804464855,0.0121619161250729,0.0001792533707588,-0.113634041908123,0,0,0,1,0,0,0,0,0,0,0,0,0,0,0
2,0.153308442687257,0.0291497681113888,-0.0650900930989178,-0.170172327337633,0.292765034492974,-0.010375665037775,0.110629675011633,-0.0152618735934548,0.0262637475521293,0.0135069432907968,-0.0234355502205413,0.079372334621748,0.0452142032054961,0,0,0,0,0,0,0,0,0,1,0,0,0,0,0
0,0.0289565741456638,-0.504281618126311,-0.0454749480919528,0.11486548255351,0.716860852076157,-0.0147002989573878,-0.10817044112296,-0.0410325501197145,-0.241225612411256,-0.169486378624988,-0.0892436083286059,0.0056737383918055,0.127620792971363,0,0,0,0,0,0,0,0,0,0,0,0,1,0,0
1,-0.12385487886208,-0.421013601324545,0.0904454104258171,0.310494233758509,0.510363008892875,-0.0285703830488099,0.251750984293123,0.046054473662849,-0.210871390679249,0.0423482637442919,-0.0582459019307526,0.332477406036578,0.254023737425905,0,0,0,0,0,0,0,0,0,0,1,0,0,0,0
7,0.0275617574407436,0.378623703040162,-0.0377553992052735,0.0430573873694491,-0.16073112982662,0.0508698665405068,-0.105854046185644,-0.0094382707707901,0.406013253122024,0.004162874819707,0.071464965830705,-0.125804328105148,-0.269357812241419,0,0,0,1,0,0,0,0,0,0,0,0,0,0,0
8,-0.0605996291911954,-0.234377387905576,-0.0926841379472001,-0.014310264838306,0.609422654019488,0.115470404547312,0.049899859467324,-0.0059377377419145,-0.245940374629759,0.178198415742006,0.133624808307931,-0.203882606151568,0.285505410486157,0,0,0,0,0,0,0,0,0,0,0,0,0,0,0
7,0.0178341992557519,0.460916548583808,-0.0095859948141893,-0.516093470527419,-0.324352522846581,0.0481848195756644,0.0270061474752165,0.0027625343822383,0.253792826054675,0.201705585909107,0.228831494746367,-0.147586322632203,0.368565736319637,0,0,0,0,1,0,0,0,0,0,0,0,0,0,0
8,-0.269078038529396,-0.202341066920384,0.0358871311180944,-0.698928354756174,-0.405117692705179,0.169916072562523,0.2277642493097,0.0791771566549321,-0.0834904370179784,0.0822294604660748,0.167505874800416,-0.0884158851554456,0.391021088126975,0,0,1,0,0,0,0,0,0,0,0,0,0,0,0
2,0.152560018222617,0.122403668027687,0.0187581641384058,-0.498504424840672,-0.638281302915827,-0.152664699699504,-0.211080958456417,-0.0729161777771267,0.0656577031206288,-0.231827304340965,-0.167165982746805,-0.334782386271956,-0.0948225502060273,0,0,0,0,0,0,0,0,0,0,0,0,0,0,0
4,0.0884596763468246,0.213732535546664,-0.0032915729227883,0.2104025778341,-0.231375018382044,0.0820890204901886,-0.0192564395962597,0.0058661582845156,0.178321743685378,0.0296295202205097,0.168500331257099,0.355958676910981,-0.0602386830716153,0,0,0,0,0,0,0,0,0,0,0,0,0,0,1
6,-0.0355547549110777,-0.303771308061637,0.0827339466389707,0.0949990344053038,0.354993618247604,0.185613100362789,0.194303018149942,0.0484209758581708,-0.0017403572713138,-0.0331529984773748,0.0596483123959691,-0.0151102093055809,0.298887817268931,0,0,0,0,1,0,0,0,0,0,0,0,0,0,0
5,-0.140519502370621,-0.177920113910396,-0.0411804946924081,0.328672730399654,0.0350181127035364,-0.0863828259720726,-0.0190704314737759,0.0199647875991966,-0.0709929963909478,0.121586046983128,0.0116514261160121,0.295788700665046,-0.0558835550736126,0,0,0,0,0,0,0,0,0,0,0,0,0,1,0
6,-0.127668733947333,-0.39946004232879,-0.0739442412791046,-0.703108593196943,-0.379246469961108,0.0410494716682894,-0.0158698924623181,0.0122651784529938,-0.530092256909565,-0.0056584604737013,-0.0116290603296927,-0.424090799883416,-0.194919463723684,0,0,1,0,0,0,0,0,0,0,0,0,0,0,0
7,0.162344008621822,-0.353985436768071,-0.0021847337838022,0.275839118885739,0.494662919398747,0.0481488467418029,-0.0543006983447809,-0.0339771748627257,-0.408807878697363,-0.0257133612774501,0.0587214762117085,0.126441695074095,0.488948158305482,0,0,0,0,0,0,0,0,0,0,0,0,1,0,0
6,0.104004617375893,0.0574049828863388,0.0236227035539387,0.244156082941632,0.456301439693129,-0.0059440651968973,0.0540506076937499,-0.0139709213490211,0.203033154874661,0.0187240383407692,-0.100851387746886,0.0883700330287048,0.290154513094745,0,0,0,0,0,0,1,0,0,0,0,0,0,0,0
5,-0.0018327353580582,0.201370840064054,-0.0414618689766779,-0.0066778472342952,0.301729294656579,0.0778839066384962,-0.0441896807341917,-0.0291805036872293,-0.0124065454389081,-0.0324730955775353,-0.0191015031100656,-0.0411094375471157,-0.692552187875734,0,0,0,0,0,0,0,0,0,1,0,0,0,0,0
0,-0.0388821629936487,-0.339968933658583,0.0720237581923835,1.53161032359327,0.645164211700459,-0.0671903649941882,-0.125560183553998,0.0265426030305238,-0.0885150875072572,-0.127312795692606,-0.206222211240497,0.202215495171843,-0.598696268256528,0,0,0,0,0,0,0,0,0,0,0,0,1,0,0
1,-0.0611861085976685,-0.005237246278823,0.0275437760997254,0.0059958501685018,-0.045910486838717,0.0734234139329082,-0.0581957196269405,0.0167136852583762,-0.0605342645424722,0.125294613922748,0.183473406847572,0.171658869289709,0.467623977702234,0,0,0,0,0,0,0,0,0,0,0,0,0,1,0
7,-0.0531759528853223,0.286814776987296,0.0177967182758249,-0.28415659082512,-0.48444355798073,0.0589378711147784,-0.105835291697922,-0.0031273967236274,0.151636808178235,-0.0704279296723686,-0.0595402344522444,-0.0911128736057675,-0.513850321306732,0,0,0,0,0,0,0,0,0,1,0,0,0,0,0
5,-0.0606641790641406,0.108459289944475,0.220051682705493,-0.278710436378048,-0.779006929363996,-0.0051972574623642,0.0662779600229616,0.048242083786114,0.117242844493241,-0.098082336874391,-0.216089715425538,-0.101295640342032,-0.360408003158849,0,0,0,0,1,0,0,0,0,0,0,0,0,0,0
6,0.0178040307635969,0.064094687531241,-0.104947045077712,0.147138607131933,0.271656474191113,0.054434869738556,0.346753014828327,-0.0149651412538508,0.148475925797939,0.134962698238001,0.222971501806297,0.198527943403542,0.567678057980465,0,0,0,0,0,0,0,1,0,0,0,0,0,0,0
5,-0.0159525290206051,-0.426210994362253,0.113166300394327,0.362160263605577,0.251966556927896,-0.119112932775672,-0.201503601226505,0.0326042208260301,-0.32222741177593,-0.0178591594655788,-0.147110485944402,0.0991636781702878,-0.333235783075253,0,0,0,0,1,0,0,0,0,0,0,0,0,0,0
2,-0.0237816310229819,-0.243452898346492,-0.0477781337592594,0.0154718246486524,-0.0874080398755545,-0.0204823407250997,-0.0465559446865492,0.0257339728796835,-0.292898299396686,-0.0482137417468494,-0.0864879476141352,0.110006080988555,-0.119674777002306,0,0,0,0,0,0,0,0,0,1,0,0,0,0,0
0,-0.162265088599094,-0.318305032147945,-0.0381087340781629,0.735188334251485,1.43076391353136,0.220595296839499,0.299090566479427,0.0181323638494265,-0.257125532218937,0.288022450362502,0.30000312736098,0.502465990856882,0.74623100397678,0,0,0,0,0,0,0,0,0,0,0,1,0,0,0
2,0.15634867853556,-0.443040220469762,-0.0598032438617469,0.575891302202539,0.193185835215226,0.0264996894408096,0.0662636688480317,-0.0515255097254104,-0.566293417952756,-0.0384750541143069,-0.0420850266965754,-0.342152714687461,-0.277755977887231,0,0,0,1,0,0,0,0,0,0,0,0,0,0,0
7,-0.0951714592861002,0.289388125845181,0.0074903235480706,0.188341463394075,0.0350847862284687,0.0039284172715557,0.0663491971407529,0.034771636266644,0.0220209727954113,0.104034721330361,0.0033791076442185,-0.0005926827293882,0.115412830611861,0,0,0,0,0,0,0,0,0,0,0,0,0,0,0
1,0.0807185204535854,-0.613073453447034,-0.154107498242072,0.309045304298621,-0.0742117562458164,-0.208784924745415,0.0400863856996137,-0.0663512340155111,-0.365873729755912,-0.157410544548276,-0.17033058459574,-0.0366205667338111,-0.0711693064154753,0,0,0,0,0,0,0,0,0,1,0,0,0,0,0
4,-0.163778815378007,-0.843460292845627,-0.181271340257271,0.34047629988653,1.05357859774988,0.0829941592345623,0.310853295961279,0.0228420461741707,-0.592952087291537,0.0015707359812521,0.0950834157049489,-0.154282650205,0.565927538511983,0,0,0,0,0,1,0,0,0,0,0,0,0,0,0
6,0.0505945601844911,-0.160711945691908,0.0210701092006321,-0.616750983373635,-0.928471379239204,-0.0871593380174305,-0.105742310654374,0.0185721683228712,-0.0853472186366872,-0.122910618766492,-0.136505286309103,0.0069773774205225,-0.597923340484141,0,0,0,0,0,0,0,0,0,0,1,0,0,0,0
8,0.218161182752407,-0.175854893115724,0.011848580693984,0.411540185139204,0.0331620080212312,-0.126150786724382,-0.176498074391551,-0.0229019165775927,-0.0550571974747527,-0.0635199586452443,-0.0597621847264345,0.283810432724509,-0.133079593505964,0,0,0,0,0,0,0,0,0,0,0,1,0,0,0
1,0.163353169388676,-0.299971110525099,-0.0942182547363965,0.492329103296395,0.721946696313037,-0.0362656194305105,0.0053763348967514,-0.0465439918438091,-0.0169477715119174,0.0496444270500398,0.133614552928419,-0.152811277312215,0.482242450712911,0,0,0,0,0,0,0,0,0,0,0,0,0,0,0
8,0.154607877698387,0.284059279717467,-0.0247601014061582,0.251595230286812,0.243511941648583,0.0692680389412597,-0.0524049789577673,-0.0051316491991299,0.0283844482028495,0.107144567331674,-0.0328953026237218,-0.123845884332193,0.299488577242115,1,0,0,0,0,0,0,0,0,0,0,0,0,0,0
6,-0.141108943813165,-0.229155744756766,0.176668453443953,0.154499404698499,0.142118158500349,0.175691198928412,0.126586068859127,0.0753680681066295,-0.290937748674052,0.225307502695109,0.150671915901993,0.35907220850529,0.321699583698091,0,0,0,0,0,0,0,0,0,0,0,0,1,0,0
4,-0.0073495294001743,-0.0983005712666318,0.0582877841782177,0.355678023245185,0.670495908894619,0.237972894976652,0.134892063796994,0.017646971925619,-0.0362028506784622,0.000626816443122,0.0669833683188916,0.295811198950957,0.374327561649351,0,0,0,0,0,0,0,0,0,0,0,1,0,0,0
3,-0.127631071239471,0.643787543973588,0.157120148215138,0.346151404252937,-0.32354006241287,0.164606557948053,-0.0249786259467805,0.0303343926651419,0.181434839749555,-0.039772221780575,0.141771055811898,0.206032194880062,-0.0652548526573587,0,0,0,0,0,0,0,0,0,0,0,0,1,0,0
3,0.0043924805912787,-0.865373728337644,-0.13650261803841,0.240210925538074,0.930339441428943,0.026133808256581,-0.0134050325309909,-0.0219885110981877,-0.692841150471849,-0.0040244646478301,-0.0131251057425223,0.222463236015279,0.302328931218477,0,0,0,0,0,0,0,0,0,1,0,0,0,0,0
6,0.070328589868526,-0.0689599704583678,-0.0709638728411021,0.0566042769420804,0.314299516797389,-0.0520673962012242,0.288247362339426,-0.0312992459762094,0.203794279059521,0.0631827970167801,0.12337233571207,-0.269632924584605,0.317106942320168,0,1,0,0,0,0,0,0,0,0,0,0,0,0,0
5,0.181541065607752,-0.273332132389064,-0.0169674540052317,0.367760523944803,0.377578003061474,0.0688178046822654,-0.0904871678404908,-0.0311674113646501,-0.0142107748536502,-0.0573616878553265,-0.131168042570905,0.356095955079656,-0.461588868080888,0,0,0,0,0,0,0,0,0,0,0,0,0,1,0
4,-0.225762237745133,-0.430854175375494,0.0590986232851481,-0.148195107233672,0.154094953849111,0.172018556839619,0.0869817265924918,0.0715975251240727,0.0161350357774485,0.144540145903853,0.156921104352522,-0.0931050050086977,0.0791788743312784,0,0,0,0,1,0,0,0,0,0,0,0,0,0,0
2,-0.173611614790845,-0.346224064155194,0.114589594976945,0.447632759888206,0.218519860614585,0.126196763388972,-0.101103311346586,0.0333803719222628,-0.180648771997934,0.103889402821087,0.0879865985386376,-0.153283035819534,0.118703362916447,0,0,0,0,1,0,0,0,0,0,0,0,0,0,0
0,0.200590317504527,-0.19165296158212,-0.0845210964090705,0.671621811196519,1.21989649247815,0.0888983184251932,0.168601740528973,-0.0414512680612612,-0.0822781553296114,0.131511886918407,0.271785436373289,-0.185264744235677,1.00206982009539,1,0,0,0,0,0,0,0,0,0,0,0,0,0,0
7,-0.0454060748768877,0.46389183063411,-0.0105900961549691,0.233375204312643,0.328823948955637,0.0495342398894122,0.0369865958279342,0.021175293119673,0.449960537971399,0.119654450310874,0.0189787753272102,0.0143788580829907,0.229941680135091,0,0,0,0,0,0,0,0,0,0,0,0,0,0,0
5,0.159866034387793,-0.154864430263331,-0.166468999205916,-0.147251322209522,0.0078810222728846,0.018595447769407,-0.0317897992180425,-0.0456703997638456,-0.0693144267283598,-0.0098710238526092,-0.0039042400380776,-0.112562196587411,0.128078790061476,0,0,0,0,0,0,0,0,0,0,0,0,0,0,0
4,0.142280031870733,0.110377891537397,0.0999582861946291,-0.579433688660135,-0.848763779352206,-0.0950111425752572,-0.0587750805278996,-0.0436807451263227,0.127687545566624,0.0297522470708978,-0.0765003050734815,0.125833424309045,-0.573045665249893,0,0,0,0,0,0,0,0,0,0,1,0,0,0,0
8,0.584719012339584,-0.0919217309900089,-0.171356675930074,-0.850151915026025,-1.13400663511576,-0.0131537084500694,-0.156039463756983,-0.109179433567692,-0.0039147438557701,-0.210086736256353,-0.185897910850165,-0.271974977691362,-0.415819285453682,0,0,0,0,0,0,0,0,0,1,0,0,0,0,0
3,0.199533780240065,0.515892530364131,0.0305757374476965,-0.361379406668761,-0.889285973297465,-0.147150631551554,-0.0728999708331621,-0.0181869162834541,0.17762093743267,-0.138909068888767,-0.181189744723841,-0.016705667496542,-0.404259164906191,0,0,0,0,0,0,0,0,0,0,1,0,0,0,0
4,-0.103155428598246,-0.216367382485619,-0.0402823558148169,-0.018093631651898,0.312936281648263,-0.0942302019560287,-0.133847196022761,-0.0063257960733489,-0.328697576192172,0.130495059363288,-0.0190647289944294,-0.0326405119127366,0.0007300898081025,0,0,0,0,0,1,0,0,0,0,0,0,0,0,0
9,-0.0025613605987912,0.0712376544076586,0.0853429281731612,0.112250750523961,-0.125468817805446,-0.129850183298511,0.0719973216756484,0.0304721059953779,0.274018485443166,0.139269399165943,0.105344296542373,0.0776579811456111,0.744561507755136,0,0,0,0,1,0,0,0,0,0,0,0,0,0,0
8,-0.252436232991465,-0.273445416549783,-0.0282317105529097,0.175060199119898,0.372741833276695,-0.0853620609295969,-0.121348333802662,0.04265007554232,-0.331502861741266,0.147505118432881,0.0880076392762927,-0.0030032056401349,-0.0574618521946839,0,0,0,0,0,0,0,0,0,0,0,0,0,0,0
6,-0.252804072149543,-0.153605488255652,-0.0438852594581232,0.316057909235441,0.780681248061435,0.212802938867647,0.23654761651431,0.0827218594196498,0.107231925264389,0.22048244689937,0.375704412646145,0.267316113060546,0.732801331025129,1,0,0,0,0,0,0,0,0,0,0,0,0,0,0
4,-0.0296628081007277,-0.0943173717223153,-0.0139533660220113,-0.0933293769941339,-0.281492671926633,-0.0607372466232216,-0.0726181079944583,0.0055171767116294,-0.276643881429257,-0.0480718094563935,-0.128498890668628,-0.0169285889906506,0.255803513729548,0,0,0,0,0,1,0,0,0,0,0,0,0,0,0
3,0.142161658098618,-0.26637549326254,0.0976916260167797,-0.176413997593174,-0.489302101917501,-0.0372812889609161,0.20411289023925,-0.0193835912006029,-0.178790842554703,-0.0236887755926357,-0.0235735791197415,0.0497436627257408,-0.353885077463297,0,0,0,0,0,0,0,0,0,0,1,0,0,0,0
6,-0.13552082004246,0.406214490767232,-0.0124715790085678,0.679128628077034,1.31417925010643,0.126432788684747,0.008936468510361,0.0048523289308374,0.160716565280845,0.143318721095514,0.0978908634914437,-0.0950203287665522,0.209913344159771,1,0,0,0,0,0,0,0,0,0,0,0,0,0,0
0,0.0652485539936046,-0.174088365501717,0.0489406349327471,0.325539895318992,0.0527633327402445,-0.0831021979415614,0.143221037906758,-0.0143982950013182,-0.074470321680843,-0.0616785012880586,-0.0621242529154654,-0.198383963183246,-0.263976109522048,0,0,0,1,0,0,0,0,0,0,0,0,0,0,0
4,-0.0652607593167452,-0.0818462725498307,-0.0675870882361488,0.388475250298001,0.159616307176087,-0.0938818557175773,0.0132315150177909,-0.0274720513686295,-0.0173241570647312,-0.025078958711164,-0.064056855588493,0.0887323188749166,-0.067291972301761,0,0,0,0,0,0,0,0,0,0,0,0,1,0,0
9,-0.0741051492150013,-0.245122807535225,0.0547646014491099,0.119829821543127,-0.0878264223791753,0.0848743394160007,0.0094961061666174,0.0677793424598551,-0.333429922101296,0.150447452622518,0.151116914776001,-0.147103479558222,0.372067094041746,0,0,0,0,0,0,1,0,0,0,0,0,0,0,0
0,0.013492499932677,0.285027694895791,0.0293989125340154,-0.254130340479099,-0.188449137756467,-0.0943220026621487,-0.0378191322069177,-0.0310666887053317,-0.0398639844525078,-0.067239681013113,-0.116324818320277,-0.0740079488644479,-0.166826493651233,0,0,0,1,0,0,0,0,0,0,0,0,0,0,0
6,0.049672850113019,-1.04448929743123,-0.0781956173875494,0.143048172319468,0.802572186328666,0.178866346236397,0.304752665624554,-0.0164887147450681,-0.415500561117133,0.161121860708617,0.254482121194745,-0.0503805497319497,0.780118101772489,0,0,0,0,0,0,1,0,0,0,0,0,0,0,0
0,0.0381682599255911,-0.203175653019243,0.0710162461432768,0.107798442095507,-0.507360456834216,0.0361878005363206,0.0184225512515427,-0.0124741615471129,-0.0146334659373321,-0.034862916303604,0.130674369868315,0.274806559704495,0.0129587710008853,0,0,0,0,0,0,0,0,0,0,0,0,0,0,1
8,-0.322479636532005,-0.0980095178294938,-0.0605097936787008,-0.319168123144784,0.823639297853862,0.138499146112626,0.235452218585312,0.0136469374584944,-0.384947035275048,0.108525707996741,0.202093364733076,0.182568360152156,0.507795285608286,1,0,0,0,0,0,0,0,0,0,0,0,0,0,0
2,-0.124625755415455,-0.759500212896536,0.0458007712415294,0.912342538922852,1.09734089508598,0.0985794203146082,-0.116912262708278,0.0496038890500761,-0.252961527235773,0.155730223241919,0.167314025347113,0.220674972583009,0.354168139280702,0,0,1,0,0,0,0,0,0,0,0,0,0,0,0
2,-0.161157645839705,0.314534116500585,0.0933490147843381,-0.316239690439649,-0.0461365167353063,-0.0650688770285211,-0.0221698992657283,-0.0056424791471496,0.0809050591154478,-0.0044736908917398,0.0341286699457679,-0.0331915407091093,0.596458878891356,0,0,0,1,0,0,0,0,0,0,0,0,0,0,0
8,0.170827542223925,0.592513145503121,-0.0318242617147993,-0.481410218163951,-1.09666344346994,-0.18721709091581,-0.201859743545804,-0.043171474612944,0.0792193118995315,-0.193022709055711,-0.0565743634832752,-0.409833342665839,-0.796523154421043,0,0,0,0,0,0,0,0,0,0,0,0,0,0,0
6,0.027964998712186,-0.489456657490804,-0.0754067735322385,0.690538384788055,1.08617448968481,0.132168634323174,0.146941762834402,0.0291441590255665,-0.0300936988704785,0.102533093110947,-0.0246377405527758,0.376812509101316,0.0365422798665739,0,0,0,0,0,0,0,0,1,0,0,0,0,0,0
2,-0.162156333378763,0.131441184737637,0.0560167416488241,0.933612404635488,0.329062944121023,0.0236135227143177,0.026924292784629,0.0209792695082319,0.0805026322463522,0.148851418544137,0.139487251240572,0.381596822655451,0.395787714999967,0,0,0,0,0,0,0,0,0,0,0,1,0,0,0
