target,Acid,Anthoc,Brix,BunchN,GrapeW,NDVI08,pH,Polyph,Potass,SPAD06,SPAD08,SproutN,WoodW,Treatment_T1b,Treatment_T2a,Treatment_T2b,Treatment_T3a,Treatment_T3b,Treatment_T4a,Treatment_T4b,Treatment_T5a,Treatment_T5b,Treatment_T6a,Treatment_T6b,Treatment_T7a,Treatment_T7b,Treatment_T8a,Treatment_T8b
5,0.0737743167549135,0.630510588525299,0.0382392850413868,-0.252088625708486,-0.95842339527875,-0.0357184362747891,-0.007153341318919,0.247209206015748,0.165075104371326,-0.127815045300765,-0.0451721153038133,-0.199947186847913,-0.443950099107107,0,0,0,0,0,0,0,0,0,0,0,0,0,0,0
3,0.09836683501168,-0.394324855938386,-0.0650704932911328,0.128281536628153,0.496237454334506,0.122301436295809,-0.0503005389546095,0.0313463293339745,-0.247814722352319,0.0083283267772092,-0.087351378975458,-0.11524117679473,0.225253458138165,0,0,0,0,0,0,0,0,0,0,0,0,0,0,0
1,0.122360066208472,-0.0687481408727338,0.0889853984486289,-0.225230781659244,-0.607238206331131,-0.103375942873275,-0.014185447046168,0.0977441296330768,-0.0451938431206536,-0.124643699730969,-0.278175127867825,-0.2221644959037,-0.251373605102272,0,0,0,0,0,0,1,0,0,0,0,0,0,0,0
6,0.194109748093805,-0.0319290074612027,-0.103994607188401,-0.0899168255709978,0.0762807483668949,-0.180145365141817,-0.0849031437830905,-0.0648500003056169,-0.216890928194548,-0.175962922830091,-0.0738080843151909,-0.34431045018258,-0.575780805726819,0,0,0,0,0,0,0,0,0,0,0,0,0,0,0
5,-0.244887348725385,0.449437745851574,0.0798974584488844,-0.548501802063973,-0.0625283749349034,-0.0927264146341913,0.0580317636900106,-0.0599947890600261,0.145549716183247,0.0183318758137932,0.029905115448002,-0.26108147780726,-0.504073780982798,0,0,0,0,0,1,0,0,0,0,0,0,0,0,0
6,0.0514654517717443,-0.502592659946252,-0.0846418710471493,-0.13045711804674,0.87946949114056,-0.0114499886965234,0.0114150350256753,-0.269378510735743,0.11396692167401,0.0242899205400032,0.0842538969456203,-0.16458055558747,0.0811169694678222,0,1,0,0,0,0,0,0,0,0,0,0,0,0,0
1,-0.227344796392466,0.0353886714864686,0.200983435941013,-0.165725565426013,-0.825167114468503,-0.124340756881967,0.0748361809934896,0.197497720683145,-0.0105910384635235,-0.0318666139544155,-0.0648191349840407,-0.205443217350841,-0.194731193131813,0,0,0,0,1,0,0,0,0,0,0,0,0,0,0
1,-0.019323504598158,0.209828919702743,0.0700870846709112,0.211774884324739,0.0951777163850131,-0.0517245653760688,0.0231160294954696,-0.0232434425357381,-0.19660709762625,-0.0575699048074983,-0.124667298431838,0.0946832532664012,-0.0634272682385606,0,0,0,0,0,0,0,0,1,0,0,0,0,0,0
5,0.214033190118877,-0.377114002400312,-0.113876030205244,0.298585319242927,0.27917555831622,0.0263674983349655,-0.0930520275796068,-0.136761352938467,-0.440145193161211,-0.130548571834194,-0.0324323983158903,-0.130106030359841,0.269647208103946,0,0,0,0,0,0,0,1,0,0,0,0,0,0,0
2,-0.0842984359620158,0.269411576485315,0.143874359004089,0.258456115500367,0.229556515029865,0.0159812688301056,0.0137670417705698,0.252284081737455,-0.301316265735929,0.003040616242997,-0.0409265385278264,0.410209144522041,-0.353619628776812,0,0,0,0,0,0,0,0,0,0,0,0,0,0,1
1,0.165640773098163,0.295789180697219,0.126287285717663,0.335320022366769,0.019020166763331,0.04518975933314,0.0019118645994019,0.315875764812679,0.169584765334836,-0.028370776103572,0.0055646663522965,-0.0737387597486998,-0.0552344749446878,0,0,0,0,0,0,1,0,0,0,0,0,0,0,0
1,-0.118433123325879,0.508255354285312,-0.095518278525693,-0.41245749346143,-0.965349785051261,-0.246032829880756,-0.0128186527847636,0.414391586287663,0.08971810791302,-0.0322604161404231,-0.152020003723502,-0.34591223513183,-0.870995903385945,0,1,0,0,0,0,0,0,0,0,0,0,0,0,0
3,-0.0145438576883474,-0.417068970145882,-0.0450880099841251,0.222929979576106,0.712912916253937,-0.0868772435666359,0.0018838715348138,-0.259121136669017,0.315738630496246,-0.0209009217165908,-0.0086872563850205,-0.381816740785252,-0.106449030025619,1,0,0,0,0,0,0,0,0,0,0,0,0,0,0
2,0.0559213763313066,0.368867102342499,0.100141009221716,0.268700890798691,-0.0492508868329084,0.011733502362685,0.041066103015331,0.29008327675225,0.133770045505583,-0.0071529570285351,-0.0920909272581319,0.244172046469249,0.324649338557599,0,0,0,0,0,0,0,0,0,0,0,0,1,0,0
6,-0.320787328226115,0.100484033557578,-0.0331732243957786,-0.224371773463451,-0.11557292151812,0.0766698456155654,0.0249407329436266,-0.0577305276633095,-0.077256223235891,0.0632406585044699,0.0710195302131481,0.000798143332692,0.0194853550205188,0,0,0,0,0,0,0,0,0,0,0,1,0,0,0
5,0.135616484231733,-0.487106818318396,-0.129726123365526,-0.22700513908811,0.193026978595413,0.0880760770780107,-0.0745286552840422,-0.16909003888365,-0.132063786132018,-0.0820517465359112,0.081032351190467,-0.113214528269029,0.290324712313146,0,1,0,0,0,0,0,0,0,0,0,0,0,0,0
1,-0.0668859492887479,0.682606380362041,0.106784224331904,-0.275854628973962,-1.15855647094259,-0.157880859323536,0.048960420093847,0.330413493757402,-0.107089558598783,-0.250562268500979,-0.226767722793473,-0.194404751368578,-0.943335538658329,0,0,0,0,0,0,1,0,0,0,0,0,0,0,0
0,0.0829448093806362,-0.199167783960105,-0.0419356363332501,-0.345187857298659,-0.0690720874400542,-0.186607700269925,-0.040670817618198,-0.255890736605564,0.0498286542872732,-0.0831378614498098,-0.0481256641022869,-0.0203801956241474,-0.632566646488852,0,0,1,0,0,0,0,0,0,0,0,0,0,0,0
0,0.214949328101255,0.0265065195958714,0.0346909427778366,0.237960038747248,-0.57140328813989,-0.134229787321584,-0.0493882270056759,0.296039556502867,-0.0153416166264719,-0.20489489411449,-0.364495618563521,0.222682483039278,-0.52873918185379,0,0,0,0,0,0,0,0,0,0,0,0,0,0,1
6,0.0794186491716555,-0.0904799056551296,0.182028916604144,0.099315906598216,0.930510765358495,0.0683274324760026,0.0348500853674854,0.10038538950512,-0.0412784885011478,0.1755027274533,0.208270803501051,0.136471979550254,0.966982870725231,0,0,0,0,1,0,0,0,0,0,0,0,0,0,0
9,0.097044189977282,0.0029429159665409,-0.0166844098366074,0.388221889397305,0.266445282575684,0.0009979797883702,0.0074501621364667,0.0039858608038855,0.308038730895659,0.13980187002991,0.179077450133723,0.127011230213324,0.152198664044317,0,0,1,0,0,0,0,0,0,0,0,0,0,0,0
9,-0.0239591287778871,-0.053675461496324,0.0730965592826885,-0.81658253603936,-0.68140914351012,-0.0957622915108621,0.0317923004752031,0.0583765860865903,0.298708539750766,-0.0508325227825799,0.0101422214561213,-0.239143493460843,-0.184343457429725,0,0,0,0,0,0,1,0,0,0,0,0,0,0,0
2,-0.0343118495221783,0.434837854783114,0.048881072866427,-0.523739670531034,-0.577444256492317,-0.0557443058340232,0.0286330927821124,0.223110238503632,0.116390065684204,0.0893005573235251,-0.0151750515132404,0.224052277904643,-0.0632947302160346,0,0,0,0,0,0,0,0,0,0,0,0,1,0,0
0,0.384514935780441,0.088028967386695,0.163193094774551,0.125272792133104,-0.979121956663901,-0.147470128096769,-0.0520494796718646,0.0846795134884894,-0.116241140355631,-0.236481732481141,-0.260441507982553,-0.069622812818078,-0.284976452967493,0,0,0,0,0,0,0,0,1,0,0,0,0,0,0
7,-0.174827537016223,-0.36205537115117,-0.0213405647075187,-0.628857835069854,-0.166845524882471,0.325170050327732,0.0239945214737562,-0.0642732741926245,-0.164467093728616,0.0705645408165245,0.117040725352621,0.174178203370198,0.640346693452316,0,0,0,0,0,0,0,0,0,0,1,0,0,0,0
2,0.261212673651623,-0.415178759988924,-0.143322681491721,1.03685925845054,0.61022949472823,-0.143191381814494,-0.0533514394529095,-0.0247697539796605,0.0530027991783612,-0.090384575775073,-0.0827154505123765,0.0217770153704597,-0.118342777959808,0,0,0,0,0,0,0,0,0,0,0,1,0,0,0
7,-0.227459518335947,-0.748661552774423,0.111140132622161,-0.0762696017481603,-0.154342209870978,0.148938556762811,0.0927304251675368,-0.331026608458387,0.0689772595238707,0.2142150845629,0.235462132199463,0.0920695760412197,0.598024233399077,0,0,1,0,0,0,0,0,0,0,0,0,0,0,0
6,0.0498954348716335,-0.0487881596111695,0.0188070358991951,1.05474982108332,0.56662863732211,-0.0591614766986582,0.0200065750340956,0.0564132893314331,-0.0817134488687395,0.052708270721247,0.107967600374807,0.376458268520361,0.146425873651319,0,0,0,0,0,0,0,0,0,0,0,0,1,0,0
1,0.241595363643673,0.139468215967058,-0.002462598770344,0.0605009687034488,-0.554739669980881,-0.272428583434428,-0.0482304288547046,0.147685179681853,-0.181009231555474,-0.218530332436942,-0.233516924446858,-0.130101986023972,-0.759402763339173,0,0,0,0,0,0,0,0,0,0,1,0,0,0,0
9,-0.102036158117318,-0.489815860907004,0.0189905914520182,0.472737592492498,0.521324350875932,0.079165475902739,0.0201629953008797,-0.307731607886489,-0.262068259948493,0.238676886699689,0.155847504413182,0.484998270394119,0.662225668419506,0,0,0,0,0,0,0,0,1,0,0,0,0,0,0
6,-0.101276331777012,0.52884820081055,0.039798916715316,-0.227205391832644,-0.067361601134217,0.036493675099825,0.0445325118228553,0.309048953101761,0.168317767688924,0.165224896859567,0.0777852163009661,-0.118784760085518,0.181456112946177,1,0,0,0,0,0,0,0,0,0,0,0,0,0,0
0,0.0228918580659598,0.492401942106434,0.0583359566755143,0.22789195282328,-0.354235444234561,-0.21498116028067,-0.0214992692807254,0.201696572764967,-0.0726337770325089,-0.228244304967,-0.155865434427277,-0.0797122165297161,-0.545896347912781,0,0,0,0,0,0,0,0,1,0,0,0,0,0,0
5,0.0445277134999066,-0.406384581180094,-0.0199304915197932,-0.497868660644872,-0.142404951992391,-0.0357832416193318,-0.0204956415655958,-0.526545281339397,-0.144803063696399,-0.0427218534593111,-0.0341750338030955,-0.161602510765618,0.0809801010704533,0,0,0,0,0,0,0,0,0,0,1,0,0,0,0
2,-0.109753134371842,0.239157544621497,-0.0329344184898905,-0.108557977880223,0.349183790397955,-0.147012726535516,0.012845253025642,0.0961829069068817,-0.0051983245554944,-0.0437017183870219,-0.0525525336186258,-0.198112741952635,-0.146575699991973,0,1,0,0,0,0,0,0,0,0,0,0,0,0,0
9,-0.0325300153592632,0.0190474546465978,-0.0024581233189554,-0.281661739204437,-0.0224638700299717,-0.0261057647495389,0.0066940272512476,-0.191883676905796,-0.0657494133203858,0.130136270307238,0.175792210570151,-0.185820952410321,0.110143487396303,0,0,0,1,0,0,0,0,0,0,0,0,0,0,0
2,0.206091863094161,0.182492187845914,0.0520732207348735,0.0786322930221423,-0.0837859063133257,0.0183619530610983,-0.0198667643669499,0.372526707086643,-0.103889190303431,-0.190891304387959,-0.212602548012825,0.206928425239303,-0.530363701655719,0,0,0,0,0,0,0,0,0,0,0,0,1,0,0
1,0.0456826372492807,-0.0901301711931316,0.0416224934691319,-0.678790654882834,-1.09498008314823,-0.0375834116530413,0.0176362876070061,0.130016328461973,0.134093528965683,-0.216548484479065,-0.19439819262596,-0.0484431367724032,-0.580910183778868,0,0,0,0,0,0,0,0,0,0,0,0,0,1,0
5,-0.0199565376233546,-0.316367282334561,-0.0422676181977322,-0.02058537468485,-0.0279009849964562,0.141234617123616,0.0366652446167261,-0.0494366338342408,-0.190150741949549,0.0449718924859123,0.064331993162286,-0.0333483050620305,0.197174818825528,0,1,0,0,0,0,0,0,0,0,0,0,0,0,0
9,-0.139537024738761,-0.316564500286668,-0.0639802791119288,-0.390614482591798,-0.118169268330402,0.21091455537513,0.0152316627438631,-0.272297665261742,0.0341961766152544,0.137777978272234,0.0518760473962639,0.0716337853847021,0.139116102652124,0,0,0,1,0,0,0,0,0,0,0,0,0,0,0
0,0.233168594955331,-0.256198194010711,-0.0156004905749323,-0.134770522082624,-0.0280025031751659,-0.0567924018078791,-0.0919387825321562,-0.170255891928438,-0.191384697816626,-0.163960479976532,-0.100507212932096,-0.347072911198908,-0.410605590439616,0,1,0,0,0,0,0,0,0,0,0,0,0,0,0
7,0.0799277823500502,0.0711075169576115,-0.093297758679604,0.189324023391883,1.20436754734443,0.100395478697896,-0.0172159511436037,0.0640305793509593,-0.0133385193451885,0.0446370423785385,0.110693429056055,-0.129906956765005,0.501379008687632,0,1,0,0,0,0,0,0,0,0,0,0,0,0,0
8,-0.305427730413277,-0.399069773559698,-0.120788301648302,0.44377474115954,1.46234306385787,0.154661760685008,0.0544119832864028,-0.424942716217211,0.261145519683606,0.102348316895029,0.0083220908504121,-0.0068481879495017,0.290690758724299,0,0,0,0,0,0,0,0,0,0,0,0,0,0,0
1,-0.247407278491835,0.0995451475228244,0.148088550060082,-0.2347663021066,-0.423929903007208,0.050244404635505,0.101152641737738,-0.0933372478470171,0.0453932059558285,0.047708719907571,0.0470557780385305,-0.0301443409671804,-0.057402690090641,0,0,0,0,0,0,1,0,0,0,0,0,0,0,0
8,0.0174603189220461,0.169014356001794,-0.0321481061511927,-0.36925079233022,0.221412728935586,0.0952399099971697,-0.0192357329620932,-0.116921047332343,-0.0152284679499988,-0.0034419900613238,0.187970132338936,-0.103222201707605,0.0054283550103609,0,1,0,0,0,0,0,0,0,0,0,0,0,0,0
6,0.0097273876218268,0.288615038954478,0.0510065983561099,0.199104063550841,0.382723789983058,0.0711905289658938,0.0039202305165904,0.22979418128525,0.0877253456491741,0.0688129228590286,0.0283467436924505,0.120978965433066,-0.0859864812188769,0,0,0,0,0,0,0,0,0,0,1,0,0,0,0
8,-0.0838155588030992,-0.621817646369983,-0.131271697984326,0.822778859898703,1.50777054591224,0.104879907395602,0.0203501847958298,-0.35318899408174,0.0850922894149115,0.236693239962042,0.257066932849391,0.354806799740499,1.46972446313412,0,0,0,0,0,0,0,1,0,0,0,0,0,0,0
6,-0.152956554453644,0.0368465665554672,0.0743287895747148,0.126549289528769,0.527467795871737,-0.0117261893179285,0.027070078122065,-0.0025386679209743,-0.107710978001246,0.0492591011043732,-0.0010460411135745,0.0867427906087612,0.637253336794605,0,0,0,0,0,0,0,0,0,0,0,0,1,0,0
8,0.0157633780718498,-0.441851887005016,-0.0557499903667325,-0.02075461345399,0.507576604128167,0.0640232726563904,-0.0104226008589619,-0.218094694878653,-0.0206989574737937,0.0331029855611468,0.0820820523087047,0.208078910390319,0.44775571844111,0,0,0,0,0,0,0,0,0,0,0,0,0,1,0
5,0.0385001700605488,-0.0801921225478783,-0.0288578728117956,0.464399077851213,0.407097110776453,0.125073310406768,-0.0237074601354415,0.169796988824683,0.0808617292087454,0.0159581852800022,-0.0581608473724921,-0.133886651653842,-0.307383150170164,0,0,0,0,0,0,0,0,0,0,0,0,0,0,0
1,0.0335032201183579,0.523218834513202,-0.0163260367959226,0.002512249929279,-0.765690721616548,-0.136451330646175,-0.0282794223595676,0.161926759352619,-0.152719949136196,-0.0495500458871944,-0.197479271306986,0.0920960773098937,-0.743176396859407,0,0,0,0,0,0,0,0,1,0,0,0,0,0,0
4,0.0603770741184572,-0.549723036534319,-0.227249250369965,0.349224114642183,0.963299394748652,0.0942731368482597,-0.0387920387236735,-0.275433037584686,-0.153411324113869,0.118066687665063,0.0321777076411885,0.097901882330545,-0.0282194665540553,0,0,0,0,0,0,0,1,0,0,0,0,0,0,0
9,-0.316949604144239,-0.164410722530002,-0.0307269771314841,0.23159482399836,0.402921137612542,0.125149375442791,0.045225893523458,-0.36380916368622,0.167756922289773,0.064540446264552,0.167795610287638,0.315410586678005,0.503568880013079,0,0,0,0,0,0,0,0,0,0,0,1,0,0,0
3,0.0853997847723252,0.323523316956715,0.0610081340323492,-0.402582532862659,-0.567208726594472,0.053224690075733,-0.0306057666096193,0.368714013726455,0.0139814991220755,-0.0701929234143349,-0.0055424911221128,-0.025974723111421,-0.626549360076573,0,0,0,0,0,0,0,0,0,0,1,0,0,0,0
6,0.0041271894610636,0.250367801374115,-0.0226555687727123,-0.149414788149649,0.37229644285425,0.106435445146299,-0.0188203158666369,-0.121481642855597,0.0974848351666195,-0.0447712334449791,-0.0180381461209542,-0.0271079608112992,-0.074727834121035,0,0,0,0,0,0,0,0,0,0,0,0,1,0,0
3,0.25310894690284,-0.139860781075887,-0.0082657724919997,0.273377496635293,-0.208358489495533,0.0255859684635046,-0.0285385509854343,-0.208119767278797,0.0652880030408091,-0.0739331796939892,-0.201699810974357,-0.0096488530274174,-0.291426886731468,0,0,0,0,0,0,0,0,0,0,0,0,1,0,0
5,0.0216220385765852,1.12430488323174,0.177463966786567,-0.604110688481755,-1.0952181879047,-0.250865700720237,0.0061510465038276,0.350639680170857,0.113858889870718,-0.0751047228797689,-0.205121306201414,-0.469289802057855,-0.81836582148022,0,0,0,1,0,0,0,0,0,0,0,0,0,0,0
6,0.0053996754177805,-0.183762413529479,-0.0692276544795375,-0.729947764171042,0.0889059734280049,0.0639314991106599,0.0126838267413073,0.0994161756233995,0.128425643796885,-0.0435146554181395,0.0542645805499002,-0.17936578471147,0.259565528635418,0,1,0,0,0,0,0,0,0,0,0,0,0,0,0
9,0.0301401085080798,-0.806649591822134,-0.0033469840265517,0.10029883161863,0.709010165211272,0.0547350164600839,-0.0010852656937348,-0.473406363524491,-0.0183715905782937,0.0896549240661292,0.0933637413276493,0.0743491305191004,0.69127229093249,0,0,0,0,0,0,0,0,1,0,0,0,0,0,0
1,0.0142871248440113,0.044130640199653,0.087192547219725,0.400780281541995,0.478351435120339,-0.0265584980559212,0.047790207338787,0.257550129111457,0.0512917438741781,0.0517687632756457,-0.100440150382541,-0.271987010193841,0.29659614073862,0,0,0,0,0,0,0,0,0,0,0,0,1,0,0
5,-0.211364897233477,-0.0663699093579558,0.0260042045653032,-0.543353761488276,-0.0949275922346943,-0.0043661272100968,0.0357362001318508,-0.0379620753303574,-0.181875179000375,0.190768067825957,0.181355614382992,-0.168873955274003,0.475669836461626,0,0,1,0,0,0,0,0,0,0,0,0,0,0,0
4,0.233957934798738,0.119551298013775,0.0018092283097389,0.329642698650267,0.224146342581265,0.0696089311135002,-0.0310878579889909,0.214289915165575,-0.206905051631768,0.0878662362811787,0.0664462344732807,0.0935531221137017,0.349409339808117,0,0,0,0,0,0,0,0,0,1,0,0,0,0,0
5,-0.157861491781316,-0.145692800627606,-0.0611481414935869,-0.569564717841526,-0.0197522952660962,0.0117618204862242,0.0229407519792866,-0.114607452680846,-0.0616732194060094,0.0027311949894922,-9.99884109544637e-05,0.0439211383691587,0.365564389235396,0,0,0,0,0,0,0,0,0,0,0,0,0,1,0
7,0.0104049600586426,0.485420774427274,0.008262328208143,0.621542309035763,0.361621407583023,-0.177667798151771,-0.006038033456165,0.304326461460312,0.0959239460548254,0.0122396050786525,0.019677128363993,0.274418903738908,-0.0428148057271757,0,0,0,0,0,0,0,0,0,0,0,1,0,0,0
3,0.126200504230247,0.158875999059225,-0.0411563669240639,-0.597502772554709,-0.252194231939035,-0.0116646333628088,-0.0251202649403515,0.357573462987515,0.0552936034396345,0.135033399324044,-0.0534132741474118,0.0803685051747513,0.0992644357711098,0,0,0,0,0,0,0,0,0,0,0,0,0,0,1
4,-0.138628793555419,0.103469071527278,0.0748539909494101,0.115098668839396,0.255514823615988,0.183869359986608,0.0759721860308616,0.225621760488449,0.0532331225995901,0.130802377119497,0.0554509002540953,0.118292235499027,0.63582692702015,1,0,0,0,0,0,0,0,0,0,0,0,0,0,0
7,0.0049735590822221,0.329198855950397,0.0675647882786294,0.621577344822737,0.276902457657362,-0.102436811675115,-0.0040769568616907,0.109343409177029,0.054292796600442,0.0086551763335719,-0.052689334649138,0.200951438069244,0.0396945314303592,0,0,0,0,0,0,0,0,0,0,1,0,0,0,0
5,-0.104601025211654,0.0453852616099479,-0.0365650010462908,-0.489113680902232,-0.291328115472914,0.0458005951311786,0.0185394083511656,0.0899373272270667,0.151692031912597,0.0142147749730557,-0.115376354639869,-0.0834375819053819,-0.477073448595905,0,0,0,0,0,1,0,0,0,0,0,0,0,0,0
7,0.0482146100223146,0.175750374997007,0.0461700061783298,-0.309026572082655,-0.652423418047858,-0.0993793129412872,0.0388121472201777,-0.107649402130992,0.226630038610628,0.0361759703024653,0.0275221471552414,-0.158585547818687,-0.399503156259293,0,0,1,0,0,0,0,0,0,0,0,0,0,0,0
7,-0.0920609410598022,-0.314975858437786,0.0323353924801148,-0.068030922273205,0.276630996417356,0.0092207409106098,0.0422037765592604,-0.20029600155419,-0.0126611500436671,0.129723643402435,0.221666257682378,0.121773310872385,0.824463017395748,0,0,0,1,0,0,0,0,0,0,0,0,0,0,0
8,-0.101252663304263,-0.470042135104021,0.0062491222098753,0.0559001259701005,0.603441152915107,-0.0883930547769186,0.0413423957622879,-0.297376999680279,0.051967721775418,0.215646930936854,0.174759634544352,0.323163767945111,0.222146276457373,0,0,0,0,0,0,0,0,0,0,0,0,0,1,0
4,0.0646443717674059,-0.398882528344056,-0.158419357505277,-0.471039659263633,-0.145569114262556,-0.0750652848901083,-0.0584291529105259,-0.297401515824287,-0.212137325948714,-0.0388220437081419,-0.114169029570496,-0.240940897512105,-0.402850009777155,0,0,0,0,0,1,0,0,0,0,0,0,0,0,0
2,0.226170718078955,-0.491495136237283,-0.0102014136670063,0.0708739306752488,0.419009353120446,-0.0983998277509736,-0.0051016106348853,-0.299531762304983,-0.0195865378701073,0.119299316472103,0.167911036690351,-0.10902094344276,0.555807406297371,1,0,0,0,0,0,0,0,0,0,0,0,0,0,0
3,0.0136881866012735,-0.379538183823048,-0.0732250679981188,0.530983454297738,-0.012881994412911,-0.195736364836058,-0.0293238254098691,-0.233761195073066,-0.250693282918629,-0.101390493720728,-0.0902725167491372,0.0414338731919525,-0.553687965770239,0,0,0,0,0,0,0,0,1,0,0,0,0,0,0
5,0.0422095595264585,0.0903878689198694,-0.0374921057858227,0.0866895780197227,-0.0685166308392476,0.0794143119000105,-0.0068399207037664,0.133997199911512,-0.0073749336746497,-0.0378599785202129,0.0196336083971215,-0.023151572537879,-0.358384565941927,0,0,0,0,0,0,0,0,0,0,0,1,0,0,0
6,-0.176279568129031,-0.372025903591751,0.0700817978015099,-0.436215896211581,-0.142504834461759,-0.198224540499175,0.0207514926238559,-0.224518409211344,-0.11416517055616,-0.0778112955772993,0.0318492096489941,-0.368289726334099,-0.0291462424916927,0,0,1,0,0,0,0,0,0,0,0,0,0,0,0
0,0.0066738593019748,-0.284394847215572,-0.116761502378262,0.297322102614584,0.0133544501484509,0.248008629290181,-0.0461796439161486,0.11186944097591,-0.338130130925363,-0.0994622372313713,0.0274489402593682,-0.160069233283787,0.345383872245689,0,0,0,0,0,0,0,0,1,0,0,0,0,0,0
6,-0.233489533093413,0.759808417084203,0.0073882686378646,-0.919779329790579,-0.867370948043361,-0.115822142558578,0.0599417783634777,0.535778206857219,0.130147162312363,-0.0086444745988968,-0.0995668570794336,-0.115849725830877,-0.332793003692398,0,0,0,0,0,0,0,0,0,1,0,0,0,0,0
6,-0.125225015010059,0.424634255697602,-0.0031589538606704,0.373321458066774,0.385567432156285,-0.28635362531774,0.0377705712515317,0.336939154865734,-0.119193351887919,0.104539919795518,0.0437239745561003,0.313874203292447,0.0990245430175115,0,0,0,0,0,0,0,0,0,0,0,0,1,0,0
0,0.274223570248415,0.281197546502162,0.0321455706556009,0.0511771989787746,-0.665145702447071,-0.273614657191422,-0.0550875422362034,0.144051871192483,0.0115472198402116,-0.279543201659818,-0.289527624063605,0.0651271554981254,-0.769115071462323,0,0,0,0,0,0,0,0,0,0,0,0,0,1,0
5,0.112329474958241,0.13914483752017,0.0361822002379699,-0.41774069878401,-0.268998358867711,-0.169265098534321,-0.0341608110844818,0.0462128331697653,0.0137902193438675,-0.160221101698521,-0.092571100252993,-0.23989947676389,-0.315413476818591,0,0,0,0,0,0,0,0,0,0,0,0,1,0,0
8,-0.0808117477912204,-0.439007922426434,-0.17314836906701,0.11014930455223,0.559364706403088,0.135289994399207,0.0083717777012317,-0.295610412181078,0.150707038839875,0.229258523824944,0.253709100799408,-0.0052067543155758,0.612175462566153,0,0,0,0,0,0,0,0,0,0,0,0,0,0,0
0,-0.225645825001756,0.333654721219597,0.103926116210676,0.289276399650524,0.500266851971409,0.0165396510005275,0.0574926859295443,0.0663544898455763,-0.330795041590437,0.0354651411582547,-0.0623613662661676,-0.0790140424695948,-0.197732707538364,0,0,0,0,0,0,0,0,0,0,0,0,0,0,0
8,-0.317364859564843,0.547130056653374,0.0892492655010223,-0.58743478082575,-0.741945313153573,0.180818577197784,0.074461386119676,0.253801030034004,-0.0914540642222355,-0.0751277365652009,0.0414871826740359,-0.0521404260800679,-0.119158766700992,0,0,0,0,0,1,0,0,0,0,0,0,0,0,0
6,-0.0541460515029943,-0.109722801698095,-0.0229802338942256,0.569635263149699,0.829287916958895,0.202684998035214,0.004385759699611,-0.109754012250658,-0.115963694592392,0.0311521324194309,0.136887230496971,0.139997064620992,0.798621211403778,0,0,0,0,0,0,0,0,0,0,0,0,1,0,0
3,-0.126770198052406,-0.354624992611066,-0.0141629021982558,-0.321712639244214,-0.262703345947338,-0.132100449117957,0.0017390207521418,0.0408162600872711,-0.331481905438377,-0.0980222613287936,0.0439073380724543,-0.131720033294806,0.0770646110582641,0,0,1,0,0,0,0,0,0,0,0,0,0,0,0
3,-0.244584210211911,-0.0905476373045081,0.0419402629076587,-0.173241435353699,0.187179450985142,0.143931800972859,0.0379113421167736,-0.15555419655026,0.0838458585522382,0.0851264171108584,0.0947624667845699,0.180739347319047,0.424479403102471,0,0,0,0,0,0,1,0,0,0,0,0,0,0,0
9,-0.0241787894723899,-0.269830996599973,-0.0816157406260493,0.0341285925608274,0.445845228016467,0.042805779998289,-0.0170086051241433,-0.322561774621539,0.0258676255942208,-0.0518524460618941,0.171756100724861,-0.153480020192692,0.0817351750543504,0,0,0,1,0,0,0,0,0,0,0,0,0,0,0
5,0.0967286369208299,0.35031449706515,0.103679742720383,-0.0190016160514112,-0.217953067370464,-0.0191332879780197,0.0229890621546519,0.454326827804752,0.224948528669041,0.156015728510081,0.206350976053131,-0.0119287128158268,0.0525860229483526,0,0,0,0,0,0,1,0,0,0,0,0,0,0,0
1,-0.027028632592685,0.659890658806115,0.066616651100153,0.20855907991027,0.100694676634268,-0.221800354831653,-0.0188070469451407,0.35117474093511,-0.0485377477825933,-0.088956390443879,-0.184034554433911,-0.171619079973961,-0.649247699285404,0,1,0,0,0,0,0,0,0,0,0,0,0,0,0
8,-0.104145342878907,0.124189477756862,0.0999053672141245,0.0458093040004474,-0.0917021819386874,-0.0830809411886615,0.0610134341941944,0.096861406828399,0.153310420491902,0.069992963084545,-0.0929278642043835,0.241960290143858,-0.55372331082607,0,0,0,0,0,0,0,0,0,0,1,0,0,0,0
7,-0.0003993587996104,0.563281739484865,0.0518102845574872,-0.394334582750858,-0.482757974957852,0.162819322310626,0.0456901304067578,0.528154960057232,0.301105065128622,-0.0407711816122805,0.0397963734439491,0.0959009101010317,0.0110427964130347,0,0,0,0,0,0,0,0,0,0,0,0,0,1,0
2,0.11244135595027,0.0691861878645094,-0.0423134778317244,-0.0097450221623614,-0.495602688596745,-0.128763202373663,-0.0362086151210108,-0.146584472488153,-0.121220842518457,-0.0350949186035943,-0.0210636586312315,-0.0103997322863797,-0.599180426298863,0,0,0,0,0,0,0,1,0,0,0,0,0,0,0
4,0.231493361057489,-0.344558509908925,-0.144991264334522,0.199838801618767,0.491766575476768,0.182530549085002,-0.013709839906804,-0.0582724046837156,-0.0907494842346684,0.0459333950030978,0.0688962732859778,0.0506542203952525,0.365166795409885,1,0,0,0,0,0,0,0,0,0,0,0,0,0,0
0,0.0595400423481313,-0.0884992693012067,-0.0435160746720737,0.545584575765418,-0.15296245890881,-0.0632463270584916,-0.0014617695667037,-0.0530119115690443,0.0234290349406824,-0.0001045229244747,-0.0180676766674633,0.257794098997474,-0.0057076363512177,0,0,0,0,0,0,0,1,0,0,0,0,0,0,0
6,-0.145447611726254,0.463624083274963,-0.0040141009946448,0.0520674592381684,0.262860753018989,-0.0569359279435463,0.0307570650625718,0.0636058644521578,0.128651846479813,0.0737591536805732,-0.0794608466231606,-0.108884342210329,-0.543429109861607,1,0,0,0,0,0,0,0,0,0,0,0,0,0,0
6,0.0969575951355983,0.0645754298608831,-0.0207954294336533,0.506102985949676,0.289890145681433,-0.163678910990545,-0.0206831229864615,-0.0646804255236182,0.110805130183714,-0.0923910200255638,0.0416022949892275,0.13813971138259,0.382712698763964,0,0,0,0,0,0,0,1,0,0,0,0,0,0,0
7,0.0058292244167326,0.0629651266230131,-0.144396070619641,-0.460271697288776,0.0235470202600417,-0.109661510663604,-0.0222255451855563,-0.078711030842876,0.231260079879326,0.174493178165338,0.185039000089818,0.0092941871890986,0.34769264040835,0,0,0,0,0,1,0,0,0,0,0,0,0,0,0
7,-0.127422198610179,-0.777870197745335,-0.0308805024875413,0.0858123150814701,0.325715944353531,0.168644592500316,0.0472904522467583,-0.42417283127704,-0.0009053705664549,0.188733665762208,0.121260553089222,0.104793632088923,0.871575193670642,0,0,0,0,1,0,0,0,0,0,0,0,0,0,0
2,0.027427186033248,-0.26222899872157,0.0079834266007503,0.651663539781101,0.218760692283344,-0.103017636049456,-0.0047805594516334,0.165010739424014,0.0012141102401787,-0.0511875918866679,-0.0319714609815299,-0.219036788838695,-0.0882983876581683,0,0,0,1,0,0,0,0,0,0,0,0,0,0,0
9,-0.289645994957209,-0.0015878807155975,0.011934348476987,-0.511469517476876,-0.28364287861419,0.0537059654647605,0.0743494610172788,-0.0735862075035568,0.216699373561594,0.301816253606542,0.268381424039257,0.109066954862604,0.478457008066259,1,0,0,0,0,0,0,0,0,0,0,0,0,0,0
7,-0.15484435931028,-0.366508685572067,0.0102919336839022,0.755621011347657,1.11478282697719,0.221022760994209,0.0136528755089984,-0.234261353751766,-0.254305611559117,-0.0766327556212188,0.0349587757174083,0.230285983629463,0.384315383368095,0,0,0,0,0,0,0,0,1,0,0,0,0,0,0
6,-0.159933858316576,0.638580823483986,0.0154163966632052,-0.513704355559899,-0.254677167510628,-0.0466139940491901,0.0568178952994559,0.052036048656188,-0.0624177786131851,-0.162408292277525,-0.0225795690351583,-0.0960032100252193,-0.347713635933338,0,0,0,0,0,0,0,0,0,1,0,0,0,0,0
6,-0.065989869921734,-0.272273926068722,-0.0188626446997412,-0.158314152344113,0.300151612839334,0.0705686395002654,-0.01312854154387,0.0488968125346302,0.054309719992502,-0.0044792982647812,-0.0256805399971674,-0.0778180960532461,-0.347100092941226,0,0,0,0,0,0,1,0,0,0,0,0,0,0,0
3,0.0483799861980636,0.282681861693995,-0.102811730314132,0.145983479439747,-0.172294977846711,-0.0137433421699226,-0.0166087321628038,-0.0467226625263613,0.133780659784097,-0.180387164324445,-0.0985985914179815,-0.196922728792653,-0.820250620111395,0,0,1,0,0,0,0,0,0,0,0,0,0,0,0
2,0.17964231317724,-0.0036287382669418,-0.0938024164624214,0.0957199606398229,0.594224494644882,-0.0836487500559948,-0.0485484131497085,0.166824212767643,0.0726268679960212,0.0394773771526995,0.107667335043517,0.0446135062744243,0.0393285526394025,1,0,0,0,0,0,0,0,0,0,0,0,0,0,0
5,-0.0071038508083904,-0.190538814907942,0.108819840075047,0.445518396981743,0.228489951570844,-0.0229531995972588,0.0387712749074,-0.317281456631087,-0.182650293121135,0.0300413367318584,0.134047018998376,0.0012459546948393,0.0185868381691298,0,0,0,0,0,0,0,0,0,0,0,0,1,0,0
9,-0.2602806764787,0.0910751663037246,0.157277948300972,-0.0311026874658528,0.327513486612503,0.0466497778760228,0.0657453854009365,0.287037757523739,-0.0894851192441316,0.0211094844488408,0.055412778449292,-0.100221622148783,0.239387020028433,0,0,0,0,0,1,0,0,0,0,0,0,0,0,0
9,-0.114240813830248,-0.455791677624816,-0.0173142492037193,0.0823234650125869,0.433795172123178,0.31238316149072,0.0456681731196379,-0.230753144659377,0.206028206229254,0.20052598276862,0.379410908714084,0.173648435056498,0.703802264923647,0,0,0,0,0,0,0,0,0,0,0,1,0,0,0
6,-0.140986893292906,0.130557352334196,0.109369204562405,0.118067664324597,0.286307616765761,-0.040255594285753,0.0279246613542092,0.144162692682653,0.0258541250560749,0.104336875584196,0.192130797415193,0.323124747117219,0.33032187397753,0,0,0,0,0,0,0,0,0,0,0,0,0,1,0
2,-0.200763256567674,-0.80561362179955,-0.07678105065954,0.41383152956262,1.15405624723825,0.0388707598435492,0.0585498722015729,-0.582829687839123,-0.0373216165159376,0.102606315739327,0.18002535951201,0.362514457179958,1.08164596005926,0,0,0,0,0,0,0,0,0,0,0,0,1,0,0
1,0.0177400094247898,1.4377681420175,0.11518371976145,-0.65954331079627,-1.55545066967943,-0.233044086866436,-0.0349444194358984,0.885510523964282,0.125298293663031,-0.157503646372684,-0.196379488224084,-0.352171929747974,-1.09232902910928,0,0,1,0,0,0,0,0,0,0,0,0,0,0,0
6,0.179555983731986,-0.291927460364697,-0.0372552077461548,1.32588740609139,1.44953022494677,-0.0312032297608103,-0.0795160229847513,-0.180660776563402,-0.195155572558502,-0.154729250767537,-0.0263032529682671,0.0434212143622067,-0.0550674367820099,0,0,0,0,0,0,0,0,0,1,0,0,0,0,0
8,0.0095219669182051,-0.120332308342157,0.153538831908023,0.264428033231364,0.348222319709587,0.0534993425576806,0.0188412285485946,0.16563305114978,0.0872040368603425,0.0353161334826007,0.0235219638235212,0.0486657538469611,0.296676096461903,0,0,0,0,1,0,0,0,0,0,0,0,0,0,0
3,0.173032123798072,0.326823147463575,0.0738920931866233,0.334590647716754,-0.305767235676246,-0.196814080653337,0.0092737032091633,0.108863102973424,-0.0994386812796668,-0.0513533591259166,-0.0766481323388438,0.0542498196858118,0.0490531238669592,0,0,0,0,0,0,0,0,0,0,0,0,1,0,0
8,0.180685208550411,0.241597409861788,-0.082431652623853,0.311840559126664,0.374162154378125,-0.0257151332363292,-0.0481237115524355,0.195397390274995,-0.0226493763225439,-0.0982713345396622,-0.0095013099239715,0.184492021681738,0.2068985050305,0,0,0,0,0,0,0,0,0,0,0,0,1,0,0
6,0.102237302134987,0.148524211555558,0.0933409744413926,-0.16434695307716,-0.644040585544499,-0.0254877636255374,0.0039845466605726,0.301579857419654,0.142396249274354,-0.0151573444016307,0.0306418398380442,-0.10439869296504,0.10381284742276,0,0,0,0,0,0,0,0,0,0,1,0,0,0,0
0,-0.154771534187994,-0.10794335391968,0.159834062874362,-0.518795058635441,-0.0054010842830352,-0.0976302185595098,0.0451893861863941,0.306851483461508,-0.0568962419029695,0.0535844015476332,0.20677107363091,-0.0754988330066216,0.163605606230657,0,0,0,0,0,0,1,0,0,0,0,0,0,0,0
2,0.0266407990076441,0.398463196527076,0.0086352428634898,-0.105526573009635,-0.39846481287569,-0.0686660497874159,0.0120400548977297,0.582048445919423,0.0282513623062849,0.126230252881699,0.0930504111032821,-0.0272469597538446,-0.0476398378885177,0,0,0,0,1,0,0,0,0,0,0,0,0,0,0
5,-0.0908710148930929,0.30084007975195,0.0116699058864494,-0.330315925179713,0.105951903090115,-0.0114245107928949,0.0281226171027969,0.169934586741181,0.17451234824789,0.146412665592933,0.105001074902541,0.0359475668273892,0.262363840318707,0,0,0,0,0,0,1,0,0,0,0,0,0,0,0
7,-8.80545617465631e-05,0.0828944732756945,0.0273988366965951,-0.438330052139817,-0.40462426233058,-0.0156768288453894,0.006431726440746,0.125739722366287,0.173053566139306,0.0350388143097981,-0.02529496102062,0.0923443368602197,0.077972344901385,0,0,0,0,0,0,0,0,0,0,1,0,0,0,0
5,-0.0267029951615185,0.0733360443846904,-0.0857569800110528,-0.0541246655854863,-0.0616802875997719,0.0116222118221335,-0.0337216711822136,-0.37626235791512,-0.0878576925797689,-0.199773212790326,-0.126018564775115,0.0475047384190421,-0.644020629887647,0,0,0,0,0,0,0,0,0,0,0,1,0,0,0
0,0.178560851199562,0.361106606908304,-0.0959436281003137,-0.581331563602385,-0.176150223297965,-0.0836837491298533,-0.0309047772956952,0.0878065387520002,-0.0706255877869642,-0.0002992038574333,-0.0531773034295995,-0.166873586605322,-0.409109861982346,0,1,0,0,0,0,0,0,0,0,0,0,0,0,0
4,-0.184527977201597,0.319462614346572,-0.0246325777148047,0.624489010834737,0.263961758193475,-0.0476563480260966,0.0535963115934846,-0.0208007918429435,0.13912959305663,0.140351569009311,-0.0509361387732481,0.244162680810154,0.675645943641771,0,0,0,0,0,0,0,1,0,0,0,0,0,0,0
9,-0.0080390786958418,0.157955207143369,0.0251180569684054,0.527314213384339,0.340776611483588,0.168956744754026,0.0022757238210894,0.452228856316603,0.0099096758573651,-0.0171878548497119,0.198372022397386,0.0019708404088852,-0.103562329606808,0,0,0,0,0,0,0,1,0,0,0,0,0,0,0
1,0.0521495697949705,-0.465290012886682,0.0697228958745297,0.271390945548864,0.393122065326671,0.0054793441464335,0.0032183820454028,-0.249382095952182,-0.145919554217459,-0.0612544141962183,-0.0672759784779964,-0.191668312540449,-0.0396714008665144,0,0,0,0,1,0,0,0,0,0,0,0,0,0,0
5,-0.161491316594939,0.32379153158325,0.126123263786541,-0.174111644006135,-0.698739590082585,-0.152621669574287,0.0479101893449825,0.21802955526623,-0.294049322522447,0.0085881546094219,-0.0097544566375347,-0.118951028156692,-0.293130803395863,0,0,0,0,0,0,0,0,0,0,0,0,0,0,0
3,0.0409919508864237,0.0279049582229511,-0.0884012294834173,0.666814514240065,0.816042827120396,0.0295169285441105,-0.0171481616713529,0.198778247728183,0.246216551457814,0.0636213400729482,0.0621144594961677,0.369974209938507,0.0803923289352024,0,0,0,0,0,0,0,0,0,0,0,1,0,0,0
2,0.305805109401131,0.512112763042832,0.0259192574147336,-0.0632725138042693,-0.207237427893395,-0.0870352164440901,-0.0454617477230145,0.554829846678256,0.0934105165025266,-0.150414088625432,-0.164300473975227,-0.0297990813288711,-0.579245428102439,1,0,0,0,0,0,0,0,0,0,0,0,0,0,0
5,0.0890491641278724,1.21589791579659,0.06521859523012,-1.02928981247774,-1.04299710987034,-0.248837222830641,-0.043621204796307,0.492071660642925,0.0423221943032411,-0.364300957571846,-0.125430392139752,-0.24090352753546,-1.12663373061923,0,0,0,0,0,0,1,0,0,0,0,0,0,0,0
3,0.0511644521241115,-0.118766693255495,-0.0512534828751812,-0.118224441845262,0.173998600393333,0.111041807240391,0.028564533122096,-0.0349997028656993,0.22186167785447,0.131364129738941,0.0091803487007111,-0.174040262535765,0.466018288480658,0,1,0,0,0,0,0,0,0,0,0,0,0,0,0
0,0.296883530135669,-0.181977520663584,-0.087016180443072,0.117490598415666,-0.128783675864715,-0.145566528126772,-0.0537293409365313,-0.118402923007337,0.305824945499608,-0.210156316677233,-0.117562814987581,0.130899075363856,0.0829701331027487,0,0,0,0,0,0,0,0,0,0,0,1,0,0,0
2,-0.0693202887430649,0.0881793176034673,0.0848527015550689,-0.695469685642057,-0.928697278541297,-0.1303659036179,0.0282976283220818,-0.264853733962461,0.0624868618784846,0.0229210725940205,-0.0346091004946319,-0.450018630060521,-0.187389552078101,0,0,1,0,0,0,0,0,0,0,0,0,0,0,0
6,0.0356788560827322,0.229836636841713,-0.0379536650144296,0.135481692844992,0.317012222001545,0.150975565899436,0.0151944328759987,0.121796210176041,0.154097357191431,0.0733931953653321,0.0527595226112764,-0.0924243553751484,0.16831349619293,0,0,0,0,1,0,0,0,0,0,0,0,0,0,0
7,0.107927186783966,0.216102533067374,-0.0618912983674866,-0.299573982799764,-1.10298889693737,-0.166305071530029,-0.0319232272222541,-0.0655515088559878,-0.214145957873142,-0.218015823557634,0.0126970136777024,-0.142797647612948,-0.153445067995974,0,0,0,0,0,0,0,0,0,0,0,0,0,1,0
7,0.242507310108768,0.0874772336027793,-0.0073764130483147,-0.177344173579556,0.107648969107306,0.0452898154367516,-0.0570704723543576,0.117628559261213,0.0086842362300619,0.0777696475018989,0.035252449616373,-0.242810026984753,-0.282064758097635,0,1,0,0,0,0,0,0,0,0,0,0,0,0,0
8,-0.24866686239708,0.0848523873842961,0.0159919458313236,0.0212162783650422,0.519907494494907,-0.037424584995023,0.0736621382202214,0.0198900291919459,0.203276081964993,0.104046964072961,0.0367109683608578,0.165370243976068,-0.0311971387782105,0,0,0,0,0,1,0,0,0,0,0,0,0,0,0
2,0.150843498328662,0.0780713494444418,-0.0073507730859441,-0.389302320193272,-0.553508049209703,-0.127620798911489,-0.0609051092507002,0.140641352091795,-0.361376347105764,-0.0445287342644233,-0.0069025211901523,-0.0220086617516472,-0.473394702279475,0,1,0,0,0,0,0,0,0,0,0,0,0,0,0
0,0.0078228732777089,0.317543736252591,-0.0381528855833059,-0.357305333154391,-0.240715674621256,-0.192379685830762,-0.0277516852048527,0.104017200784424,-0.0678909207515376,-0.131252309508338,-0.216282160350078,-0.289348558717162,-0.541216251592191,0,1,0,0,0,0,0,0,0,0,0,0,0,0,0
9,-0.211611824487142,-0.0427164317484596,-0.0182176375864576,-0.0347900423088486,0.705851185968924,0.28799130700024,0.0673686846922477,0.0963171067165879,0.158569752317203,0.200814135474092,0.195552428116258,-0.136855982065407,0.992657389646362,1,0,0,0,0,0,0,0,0,0,0,0,0,0,0
3,-0.163730850602614,0.250396252134883,0.188613730306258,0.0045467281856962,-0.971565611095638,-0.0033685901648305,0.0714043697689179,0.423304576361842,-0.0549751531111205,0.0393002857609524,0.0002922549056924,0.107097106004902,-0.0671260684402957,0,0,0,0,0,0,0,0,0,0,0,0,1,0,0
6,0.0162296259911033,-0.503166987112028,0.0601846292661102,0.740373498805173,0.33665859010507,0.13695713566786,0.0281713924945741,-0.305939417625115,0.105360952539827,-0.0846150599658921,0.053406893930488,0.422842468260994,-0.0168654329769055,0,0,0,0,0,0,0,0,0,0,0,0,0,1,0
7,0.0665093201988737,-0.332961241477221,-0.0198519389155379,0.950978953797032,1.04744454791105,0.387312992197306,-0.0057116443604725,-0.355268535705696,-0.0997620719868424,0.0089411263343176,0.259983573036338,0.268863368535955,0.471328042038933,0,0,0,0,0,0,0,0,0,0,0,0,1,0,0
5,0.0228625974131131,-0.183734343016716,-0.0471418239038242,0.605404077759233,1.05306140479523,0.098427132857731,0.0059777255677757,-0.0279187323106888,0.237346354849103,0.0265069104098136,0.183167430169161,0.1944773147005,0.76601422768348,0,0,0,0,0,0,0,1,0,0,0,0,0,0,0
7,-0.0412798625346948,-0.151417666788647,0.02413482119628,-0.101411867971955,-0.0074097127793483,0.101500451150491,-0.0020104322095129,-0.281293208136175,0.020918513264155,0.0240193090712057,0.0656556738899606,-0.126894637825005,0.213701926408387,0,1,0,0,0,0,0,0,0,0,0,0,0,0,0
4,0.155320513789253,-0.235357926324989,-0.0980023760248734,0.0755268187424794,-0.0770159507090962,-0.128934577158267,-0.0674369450083877,-0.138933436988396,-0.037804125973088,-0.144464602869277,-0.176890312233294,0.0462825900258157,-0.662420304979761,0,0,0,0,0,0,0,0,1,0,0,0,0,0,0
2,0.177230422267942,-0.574595768719134,-0.0513288212572536,0.598358565701707,0.583085079261472,0.0343101009967419,-0.0408849494986229,-0.0967886618399226,-0.131721939424023,0.120457581508348,0.0209939785384897,0.174225398971639,-0.0600121196372689,0,0,0,0,0,0,0,0,0,1,0,0,0,0,0
0,0.413309461298109,0.601013869353558,0.0389567466693985,-0.64136205747651,-0.664840624645502,-0.117389377046052,-0.0304729574240697,1.0242485069916,0.0321688766576237,-0.0851170301255203,-0.0518656679743532,-0.151924314997826,-0.721747287366012,0,1,0,0,0,0,0,0,0,0,0,0,0,0,0
0,-0.0424688273603827,-0.321247138621972,0.0168547113139857,-0.584693281815005,-0.367485401443133,-0.0328467327928634,0.0116222040479138,0.172683219877755,0.0634063896540123,-0.0374498536514459,-0.138868147570407,-0.0109975779262897,-0.0317530923462799,0,0,1,0,0,0,0,0,0,0,0,0,0,0,0
8,-0.257551986232229,-0.0923538410569955,0.0054758309449542,-0.808043314743143,0.0628283947563513,0.0624056764184089,0.0928240107517568,-0.136247837904784,0.368503182597898,0.146695209887237,0.269228643538136,0.0843242424318572,0.521165506124204,0,0,0,0,0,1,0,0,0,0,0,0,0,0,0
5,-0.0291425947004177,0.150983017960487,0.0867042301217556,-0.0043338969077886,-0.182381489240628,-0.049856186848577,-0.0045963580567894,0.0363270686628963,-0.195357992637349,-0.105247139682883,-0.0465067836885085,-0.245178465388356,-0.373495859564651,0,0,0,0,1,0,0,0,0,0,0,0,0,0,0
3,0.0293855473697321,-0.488705614942044,-0.0875525415740757,-0.40342198596185,0.0580646731269317,0.121560465469743,-0.0369866951012098,-0.31847446987633,-0.0153098240159923,-0.0901557382634064,0.0510302365473147,-0.134542773720496,-0.290198842408185,0,0,0,0,0,0,0,0,0,0,1,0,0,0,0
6,0.0424456896586107,-0.470240347039504,-0.005527419453974,0.140517172088036,0.351768282651092,0.18466675814,0.0134215217014272,0.0146056645487468,0.226300409392883,0.0143314846976342,0.0715047557864316,0.0733693808632843,0.489934461439629,0,0,0,0,0,1,0,0,0,0,0,0,0,0,0
7,-0.0552570271419495,-0.719483768137883,0.0998321135048293,0.652534206261947,0.463001899833839,0.12435214921794,0.0173776644438164,-0.372161611257113,-0.0127091879392195,0.0054824274921883,0.0730354217812102,0.0451537891069096,0.405715200568874,0,0,0,0,1,0,0,0,0,0,0,0,0,0,0
2,-0.0335508504398687,0.0302906498640923,-0.0507475790886112,-0.0481883799281546,-0.417014386580272,0.037021804365896,-0.0052428857861076,-0.126634048218429,0.0332657028743739,-0.106545544879443,-0.0631235920891855,-0.19168296752691,-0.439970393059707,0,0,0,0,0,1,0,0,0,0,0,0,0,0,0
7,-0.0823972143139586,0.2626672217997,0.0331338815893526,-0.371212190070505,0.430591997683217,0.0586111682468755,0.0031635907472649,0.0143277496125993,-0.248288916557493,0.0333490557694356,-0.0229765643697099,0.0212284854865239,0.369291374940756,0,1,0,0,0,0,0,0,0,0,0,0,0,0,0
5,-0.0425473669282009,-0.031318388853191,-0.0611027822615102,0.144577937615531,0.60679617163963,0.0490441486648649,0.0332771927396034,0.357615350302351,0.0143383073789108,0.0460173913920024,0.124544659889095,0.236931151932964,0.316815557265364,0,0,0,0,0,0,0,0,0,0,0,1,0,0,0
6,0.335426225784099,0.501015914352552,0.0047181110749936,-0.515955446294279,-0.8343563234365,0.140200007330868,-0.0800187926318613,0.419540561933213,-0.0674689833101789,-0.0368577243881707,0.040717875891666,-0.291379960757216,-0.276511467025442,0,0,0,0,0,0,0,0,0,0,0,0,0,0,0
7,-0.0584262530008445,0.118185703432522,0.0292146293278856,0.263381700784846,0.550337724061103,-0.123919676186578,0.0088319022444428,0.245234078494401,-0.024714750941159,0.026575584985128,0.177971332005167,-0.166465285722072,0.719225416402077,1,0,0,0,0,0,0,0,0,0,0,0,0,0,0
9,-0.0181437966326496,-0.116703509572552,-0.0036923471167833,-0.34102483905611,-0.0215913992728492,0.0179322185514228,0.0006900067027772,-0.125124969189587,0.131728502861486,-0.0127633286126015,0.13312828288667,-0.20116902053152,-0.0562741655925135,0,0,1,0,0,0,0,0,0,0,0,0,0,0,0
0,-0.0583195748386661,0.269611210222302,0.0710559517551894,-0.88862739739949,-1.41528850111632,-0.164495783829477,0.0064394230261799,0.162855340384243,0.0918451810010986,-0.106135894926635,-0.170503604131005,-0.287297433307222,-0.636195463529208,0,0,1,0,0,0,0,0,0,0,0,0,0,0,0
8,-0.0140093543718324,0.0483060063584424,-0.0409970313950834,0.423989867575246,0.556857732727862,0.0580016922495078,0.0202903761078172,0.0896084074881518,-0.0749065937796984,0.160186052761222,0.252114547225032,0.162397227531309,1.15737925678997,0,0,0,0,0,0,0,0,0,0,0,1,0,0,0
3,0.0968586146651235,-0.527165021128584,-0.0661985803264112,0.494479800572253,0.549979892426026,-0.0820575428888625,0.0181011041312957,-0.315486350508887,-0.0354938984656455,-0.0628258284456434,-0.0078757621015684,0.215651161046326,0.514403373015369,0,0,0,0,0,0,0,0,0,0,0,0,1,0,0
4,-0.144983451350025,-0.203047144047039,-0.0777390516009538,0.0978504784582655,-0.287742895495534,-0.16538329947328,0.0165634967495013,-0.214143068077008,0.0758400219499906,-0.0380897825643196,-0.0671878156664803,-0.183967797568206,-0.302350412773813,0,0,0,0,0,0,0,0,0,0,0,0,0,0,0
1,0.0862110441291806,0.416655537994142,0.0880102347220195,-0.362144996081162,-0.783363911280719,-0.106387219309684,0.0018217406130476,0.264294610808834,-0.0450564383799833,-0.217323726398955,-0.214285406464791,-0.063024179518544,-0.495162489217132,0,0,0,0,0,0,0,0,0,0,0,0,0,0,1
9,-0.184701538946808,0.576105817951034,0.0873356884339661,0.131950377456546,-0.0518344315389738,0.0419286889909068,0.0773763990659092,0.53939019238049,0.0329431115093253,0.188372339144396,0.14305315280024,0.442405041921655,0.299427372873315,0,0,0,0,0,0,0,0,0,0,0,0,0,0,1
9,-0.108309510795089,0.160513202063335,-0.131003243698643,0.745073357378672,1.70038131871777,0.137786937839311,0.0115819096622149,0.0596529399133164,-0.0440050383227738,0.037218425962977,0.0225968192893668,0.0510660445998472,0.440583968973275,0,0,0,0,0,0,0,1,0,0,0,0,0,0,0
3,0.0007490577633691,-0.113052283247373,0.0421409302733917,-0.484746273135077,-0.447790425260169,0.227182621144103,0.0134456742583644,-0.0105286410152464,-0.191403409963024,0.0618628033909289,0.0427594301216196,0.0722263277633625,0.496141901132006,0,0,0,0,0,0,0,0,0,0,1,0,0,0,0
5,-0.114809643060209,0.444885999545548,0.0405048012296089,-0.366124095617677,-0.303512784261769,-0.0856997033221134,0.0476453121853925,0.172515614310263,-0.0461306362465653,0.18840263888577,0.212404456888758,0.0302374820814541,0.0601969686273841,0,1,0,0,0,0,0,0,0,0,0,0,0,0,0
0,0.215939912312085,0.519947715417128,0.186897729311402,-0.173658962446196,-1.26078460512372,-0.0128719247055834,-0.0645267856991436,0.509448133235572,-0.234286722857383,-0.296100707728737,-0.287877370155908,-0.37249662029257,-1.08360496110505,0,0,0,0,0,0,1,0,0,0,0,0,0,0,0
0,0.0546008073385878,0.710221142904822,-0.0252720371296001,-0.202796720281996,-0.402411281202281,0.0408651586539541,0.0118987551972987,0.434295082198968,0.144381273960901,-0.067965112501818,-0.0882041933618572,-0.257843202323236,-0.0033145215752351,0,0,0,0,0,0,0,0,0,0,0,0,0,0,0
7,-0.205195787920556,0.161893599056373,0.0314806895814028,0.731536607226746,1.30639063633968,0.0364659018131858,0.0658960543021744,0.152531931416956,-0.0745046044667643,0.148833307813341,0.0034835363696492,0.390668594555821,0.307276829172944,0,0,0,0,0,0,0,1,0,0,0,0,0,0,0
5,0.172185801954025,-0.07786664062038,-0.0785951599347808,0.189242236591307,0.349091799098755,0.0234765975783379,-0.0311739858660413,-0.0592796119941464,-0.321512942759152,-0.0339555104669922,-0.0349363901049244,0.215674722084368,0.226035117420974,0,0,0,0,0,0,0,1,0,0,0,0,0,0,0
5,-0.0049781354100588,0.363671759756087,0.0123880771191329,-0.083357510357978,-0.0973424174984559,-0.143848304380498,-0.0173105639915688,0.235398219571473,-0.0272039567575303,-0.0947336308342499,-0.0265393675316019,-0.0780199798022617,-0.576992869708144,0,0,0,0,0,0,0,1,0,0,0,0,0,0,0
6,0.135558447626302,-0.373361829992586,-0.194829811841138,0.593147582391287,0.892616663252744,-0.140781193462689,-0.0582585552717161,0.0077372178557837,-0.305632135038221,0.054487335631745,-0.119268529173918,0.148427052283501,0.309643324360011,0,0,0,0,0,0,0,0,1,0,0,0,0,0,0
3,-0.188468920764072,0.165976295604836,0.0884184237591879,-0.186175469219213,-0.171860887810154,-0.0081540071840457,0.0633079079417423,0.170321407403269,0.307205187053138,0.015402721279296,-0.0013817743534313,-0.0114267929948646,-0.490202513330984,0,0,0,0,0,0,0,0,0,0,0,0,0,1,0
2,0.0238934766406599,0.550354928528376,0.0298827272521479,-0.0367908543185343,-0.650455132301981,0.023668541714086,0.0169433812046373,0.348915851966028,0.0328650229524104,0.0292743339147929,-0.108980343300367,-0.191023359582234,-0.188728999108468,1,0,0,0,0,0,0,0,0,0,0,0,0,0,0
1,0.283223669977192,0.402533071898572,-0.0017715016686336,0.410370091944371,0.327629308377696,-0.17467961181388,-0.068565687894297,0.208640988386323,-0.16834219174035,0.0714283822338233,0.0073374159981188,0.0856466019790161,0.0141843834405143,0,0,0,0,1,0,0,0,0,0,0,0,0,0,0
6,0.0306772872530656,0.149339734593672,0.0091934789773907,-0.407933632119676,-0.54249341388059,0.0415402582410744,0.0122720288738482,0.0818038382024885,0.176764724672677,-0.158752080134323,-0.116354465421075,-0.291617030648319,-0.687239048255045,1,0,0,0,0,0,0,0,0,0,0,0,0,0,0
9,0.0015196703487749,0.14172605695638,-0.0226581626626412,-0.0075798727976477,-0.202064903392439,-0.232554193056781,0.0163416898000251,0.12713929112832,-0.14153422488148,0.115822469669714,0.0820121152389718,0.499882024487242,0.297386658336728,0,0,0,0,0,0,0,0,0,0,1,0,0,0,0
7,-0.0935250918877097,0.313992286813311,0.0802799192482197,0.349075378029633,0.383267856015017,-0.0890021821701172,0.0032966249070333,0.0988952510386774,-0.0584152598817461,-0.112321154065967,0.0889055792169569,0.147547208992311,-0.0422298071443318,0,0,0,0,0,0,0,0,0,0,0,1,0,0,0
9,-0.409757017921476,-0.175395949611567,0.0202097051487419,-0.619391709313483,-0.0900675343257425,-0.0808699214948466,0.0728175264499669,-0.421693002217106,0.0034212406595277,0.0748213494276353,-0.0450399571504613,0.110762515147508,0.186741377818295,0,0,0,0,0,0,0,0,0,0,1,0,0,0,0
7,-0.232061530504274,0.0624652771594721,0.0412490157907737,0.599052299050688,0.859100362431581,0.014125215929458,0.0254600027407167,-0.102026394402504,-0.0378647839588912,0.0982922734286063,-0.0203889521286262,-0.0127603853477435,-0.555059224286034,1,0,0,0,0,0,0,0,0,0,0,0,0,0,0
7,-0.0482228578652284,0.425763646357424,0.153048080840423,0.392283292997639,0.251715879172749,0.101166822045137,0.0329319114900336,0.497991683722336,-0.0942366268096315,-0.0479481969116314,0.105153982551672,0.102947301058695,0.513649682477953,0,0,0,0,0,0,0,0,0,0,0,1,0,0,0
4,0.0920482063928478,0.152173653901496,0.0377872850692264,0.302635075059324,-0.172645777990642,-0.118419603430493,-0.0191012620886052,-0.0773641153515723,0.12157514878408,-0.0828212965958705,-0.15605525273198,0.15767673457604,-0.242911912100282,0,0,0,0,0,0,0,0,0,0,0,0,0,1,0
6,0.167123257491591,0.258285764104592,0.0627304320735448,-0.52430405462551,-0.912236104650249,-0.0566421324938929,-0.0026717971489887,0.182816007591974,0.196361422807389,-0.113179543296527,-0.0268284306327983,-0.310916661010877,-0.127742453115295,0,0,0,1,0,0,0,0,0,0,0,0,0,0,0
9,-0.251900627468171,-0.189048797075901,0.0982751573104585,-0.215411152757806,0.49914348895554,0.25516179989449,0.0658974227516017,0.186850961412302,0.147670037502636,0.0923501645283499,0.0515022126914291,-0.148801893678858,0.563079272150395,0,0,0,0,0,0,1,0,0,0,0,0,0,0,0
6,0.0694377807455275,0.168514922153763,0.0544580938603839,-0.416999322866248,-0.0786911738525514,0.028460629142517,0.0042642301437543,-0.0666136952756603,0.13697691815693,0.0741151041589554,0.105731661907048,-0.228840217614714,-0.137897054414016,0,1,0,0,0,0,0,0,0,0,0,0,0,0,0
3,0.135519555710736,-0.417077577275853,-0.0911310242944739,0.478866374971553,0.172651674891482,0.0029728909410205,-0.037529901752326,-0.148991879504897,-0.201116528768126,-0.0117527776659172,-0.110219432836416,-0.136156225988319,-0.0085453841396438,0,0,0,0,0,0,0,1,0,0,0,0,0,0,0
3,-0.0460853181329007,0.042404589778154,0.0029895755938227,0.0283765471843524,0.35544908756436,0.18116517741685,0.0099365749820686,0.217549212946411,-0.180290897290639,0.026820557755395,0.146370927655881,-0.042522425180153,0.365471838174208,1,0,0,0,0,0,0,0,0,0,0,0,0,0,0
3,0.0451804756551623,0.172399337156642,-0.038628644267077,0.355431310603174,0.736324816336951,0.125924213843229,-0.0264001414466668,-0.0107703470865399,0.0415229776223656,0.145714629899549,0.289645396995689,0.128552609985822,0.576780364175969,0,0,0,0,0,0,0,0,0,0,0,1,0,0,0
3,0.0380626920265146,0.308542097976294,-0.023925926280563,-0.0273246071315771,-0.289847374659232,-0.0907026866147042,-0.0174984542595395,0.261088681620683,-0.0071453175169262,-0.127805296352796,-0.190369157657992,-0.135014289425051,-1.07166057057802,0,0,0,0,0,1,0,0,0,0,0,0,0,0,0
3,-0.222710004166448,0.123151956221931,0.0832657105461303,0.0077406524609906,-0.494678579346079,-0.244488794062127,0.0400625368011127,-0.237509829656996,0.0325466799931177,0.0585294380277512,-0.0799998965676579,-0.189415539352677,-0.0625729124679824,0,0,0,0,0,0,1,0,0,0,0,0,0,0,0
3,-0.008137034301108,-0.567711425771804,0.0223568102286013,0.418332821251908,0.548309427212213,-0.0409182011892204,-0.0042698043568687,-0.444986337614589,-0.0745003740258517,0.213755037688796,0.299109431750202,-0.0273230237094588,0.634558296298956,0,0,0,0,1,0,0,0,0,0,0,0,0,0,0
3,0.156289452067671,-0.222172821855987,-0.0621727197695338,0.326916618129847,0.497902917514211,-0.0272809941293703,-0.0182168420666002,0.0526564519196626,0.0257912142291116,0.178980176440943,0.111349905847781,0.282663218624966,0.201175238485199,0,0,0,0,0,0,0,0,0,0,0,1,0,0,0
6,-0.0859697139170569,0.0205917949504242,-0.0263110040687234,-0.0849774693877498,-0.231967718644677,0.0514941664645742,0.0189441851158436,-0.195876660755051,-0.150435827222537,0.0183298646383004,0.115441627989019,-0.0698123332346069,0.0431422890951883,0,0,0,0,1,0,0,0,0,0,0,0,0,0,0
9,-0.249623291019935,-0.634684449680509,0.101273739742431,-0.182494215109899,-0.24298631279766,0.149303208891164,0.0531893700306436,-0.413822265854429,-0.0590410796679013,-0.0880067735234869,0.0801280368921529,0.0979922433976246,-0.138270444611808,0,0,0,0,0,0,0,0,0,0,1,0,0,0,0
7,0.0521791635510975,-0.504573924594428,-0.175328855945799,0.0234347909406166,0.56465108205919,0.17695399110044,-0.0259516274775089,-0.206797963101023,-0.0466289594665047,-0.104815944180812,-0.0225738960109423,0.377138644601157,-0.132785626395428,0,0,0,0,0,0,0,0,0,0,0,0,1,0,0
9,-0.334055007261087,-0.561207408699423,-0.112591692736979,-0.221052685983783,1.29127715560819,0.290292030214098,0.0896625414432087,-0.432336765252839,0.229068226284702,0.271036235913775,0.271023271115449,0.250083341822846,0.686051356099906,0,0,0,0,0,0,0,0,0,1,0,0,0,0,0
1,-0.0597595835444819,0.336995105871113,0.0780375679935996,0.181288523190262,-0.295960749735649,-0.178427636997279,0.0342933863469854,0.44384736167176,0.277360586998261,0.0725503982232698,-0.0122931733735606,-0.0332366450374372,-0.0237719374277934,0,0,1,0,0,0,0,0,0,0,0,0,0,0,0
8,-0.147863207947265,-0.0997257399139592,-0.0551065868906901,0.5712881234416,0.653395376056233,0.0720970526163548,-0.0110641875425757,-0.0701726905155333,-0.0368193176136856,-0.135223081439688,-0.090655905210633,-0.0081306772089873,-0.399630343473,0,0,0,0,0,0,0,0,1,0,0,0,0,0,0
6,-0.127151472234931,-0.296279416006675,-0.0673882843954253,0.169677954907609,0.668137170934875,0.0038653102352615,-0.004673611658835,-0.292863964696615,0.0917750980922437,-0.122313399713996,0.149232093429469,0.0933677310453683,0.119430634050266,0,0,0,0,0,0,0,0,0,0,0,1,0,0,0
7,-0.108743563522577,-0.187615501819342,-0.0914435806035366,-0.216606504200007,0.0803188093687549,0.0665758286091248,0.012839103611427,-0.309548282997954,0.137185250493569,0.0821080335164901,0.0483275488900055,0.0775213096443411,0.500694639263231,0,0,0,0,0,0,0,0,0,1,0,0,0,0,0
0,0.265681627039444,0.265229288442146,-0.0985687735368332,-0.457980163999925,-0.601359268454423,-0.373319712101797,-0.0989024499647499,0.106100310321524,-0.138979041694074,-0.10974715583913,-0.173860944340502,-0.282474623559832,-1.17197919920401,0,0,0,0,0,0,0,0,0,0,0,0,0,0,0
2,0.226893906760144,-0.157823836767349,0.0478656417666838,0.491112453876988,0.0158264682008381,0.0770471557936868,-0.0809033063892205,0.0320997248215813,-0.472063463954836,-0.153018120160466,-0.210585370926357,0.0370964145112055,-0.66967804741903,0,0,0,0,1,0,0,0,0,0,0,0,0,0,0
7,-0.250325550648932,-0.0410313983628237,-0.0868745533331473,0.465912715245374,0.344773004415067,0.221900385694449,0.0261734941186707,0.136061978604069,-0.202217557064538,0.0809237998043461,0.199773905650107,0.232233076522195,0.597261668699283,0,0,0,0,0,0,0,0,1,0,0,0,0,0,0
9,-0.115005676040511,-0.702747094203134,-0.12948132171865,0.110084495612316,1.02659830220176,0.195682488415528,0.0459472159013621,-0.707478849117214,0.110975613535197,0.145396049671778,0.0668394071191824,0.353630944698989,0.510790694139022,0,0,0,0,0,0,0,0,0,1,0,0,0,0,0
7,0.132019940618588,0.181844424533241,0.0991518392309352,0.387852171779251,0.0775276406909307,0.0928333565566752,-0.0538582404500311,-0.0471757130744409,-0.270077544175101,-0.103445533223799,0.101518565200902,-0.461029765935197,-0.193982481287943,1,0,0,0,0,0,0,0,0,0,0,0,0,0,0
2,-0.0788115257946468,0.438040741103261,0.0267430307662355,-0.174086073146385,-0.450071822385691,-0.034543370367364,-0.0271640505938095,0.430407874211957,0.207214776582238,-0.173022756880158,-0.075423519822966,-0.148917341408035,-0.809619421211046,0,0,0,0,0,0,0,0,0,0,0,0,0,0,0
3,0.123816092620576,-0.323640698209362,-0.0653843915497812,0.330700850001335,0.206044525330334,0.0136922612203979,-0.0369774921064725,0.0092223291278509,-0.195172093146527,0.052193536984912,-0.020139952173671,0.230312531616369,-0.0270346181211601,0,0,0,0,0,0,0,0,0,1,0,0,0,0,0
7,0.0502765502607734,-0.281346434003561,-0.130524666597968,0.263777330987206,0.395149986883077,0.0041673316279827,-0.0153490783987224,-0.0235890464417536,-0.0046573584390122,-0.0208839926124784,0.034109592775159,0.0990546181417284,0.114890093452727,0,0,0,0,1,0,0,0,0,0,0,0,0,0,0
7,0.0342402511573798,-0.0014215198852295,0.0679854497972312,-0.262918678279693,0.150620322210252,0.0165129277274259,-0.0173966301691108,0.21026758142503,-0.0165824707010455,0.0640512056564696,0.158349038695484,-0.188743348444072,0.267748627751778,0,0,0,0,0,1,0,0,0,0,0,0,0,0,0
4,0.0505266013111584,-0.11965254816415,-0.122282626862139,0.0762181541830387,0.413652876519818,0.195123343960492,-0.0208754896448332,-0.0654057823335641,-0.0594061719619087,0.0418362127723964,-0.0311553606028252,0.158655162218732,-0.0409761614311931,0,0,0,0,0,0,0,1,0,0,0,0,0,0,0
9,0.0272104212615048,-0.0245084847195933,0.036892808662069,0.0823857379760315,0.0735137454092332,-0.266990375654064,-0.0151349058519187,-0.0957440453329449,-0.0616270216113891,0.0317242716059798,0.0893968349212197,0.10238119984333,0.253713996520415,0,0,0,0,0,0,0,0,0,0,0,0,0,0,1
4,0.0348222170942695,0.109033243089627,0.0424276283859106,-0.0457452775859937,-0.212795863975346,0.0121266385295497,-0.0296922023645044,0.0318082118785886,-0.240573172985992,-0.143214317137684,-0.126881532463455,-0.289403297138251,-0.434486272582056,0,0,0,0,0,0,0,0,1,0,0,0,0,0,0
1,-0.0450105396484136,-0.209714306675497,0.0204146019656329,-0.25997153864493,0.0467066799790932,0.335008070876212,0.0044625537403173,-0.265046633518897,-0.239810615711548,-0.0084792606908265,-0.0278992910483048,0.144169718293005,0.361976180069939,0,0,0,0,0,0,0,0,0,0,1,0,0,0,0
9,-0.151056332259081,-0.58365347769451,-0.0741915632407649,0.439447958636789,0.107951642073283,-0.0303259702475289,0.0256664114022211,-0.516254454145614,0.0905763612053943,0.121066376819038,0.150246621894255,0.325880610663802,0.06684540745356,0,0,0,0,0,0,0,0,0,0,0,1,0,0,0
1,0.0131319958241434,-0.19965192961409,0.0264502611461899,-0.435230672089313,-0.684578813588672,0.0351043170046461,-0.0046979209695594,0.106448889822912,0.0868031847820949,-0.0263063903243254,0.0223035751096443,-0.167937603348586,-0.119248942704404,1,0,0,0,0,0,0,0,0,0,0,0,0,0,0
2,-0.115481256730503,0.195819456249695,-0.0214104052550674,-0.492079829801092,-0.694286846431213,0.0104169290337936,0.0181383450043053,0.0558447506256238,-0.0777803027477304,0.0346943223501786,-0.0298291772732897,-0.135985846708415,0.0855747204730578,0,0,0,0,0,0,0,0,0,0,0,0,0,0,0
6,-0.0016857192495084,-0.0315586977720918,0.0306673061389657,0.0377305405005994,0.146972120300498,0.105491818496355,0.0214747708211126,0.0768131552934472,-0.0054288368427759,-0.113131751002933,-0.0255270770269527,-0.236920500508823,-0.216912717354604,0,0,0,1,0,0,0,0,0,0,0,0,0,0,0
0,0.194261482175553,-0.278025220916404,-0.0563248949466607,0.502790144093594,0.243469049028762,-0.112351694453539,-0.0357205912072812,-0.0640745512068772,-0.302349418546873,-0.148587112116497,-0.308958866971221,-0.0860604381485608,0.027347134425469,0,0,0,0,0,0,0,0,0,0,0,0,1,0,0
0,0.306765164952431,-0.0825690998157876,-0.12577164672811,0.148128753786833,0.131423910712493,-0.005167223326154,-0.107905364274426,-0.110126060375089,0.082163886282702,-0.106007908335397,-0.1073904981885,-0.28244397534672,-0.380565059273416,0,0,0,1,0,0,0,0,0,0,0,0,0,0,0
2,0.126347263275504,-0.0803577534872307,-0.0861730524907049,0.0774911790409027,-0.460057752004729,-0.101566114071992,-0.0628081356200126,-0.0007178000472097,-0.245106719531773,-0.163986619309042,-0.102424728818246,-0.129622182829192,-0.605554386406802,0,0,0,0,0,0,1,0,0,0,0,0,0,0,0
2,0.0781427681870051,-0.296771654279503,0.0072770629254088,0.186054155416983,-0.249199115859072,0.15699712431788,-0.0262562718590788,-0.0661832998611858,-0.140229489666811,-0.0648680966119566,0.0688664088444882,-0.236752709235276,0.0365543371854102,0,0,0,0,0,0,0,0,0,0,0,0,0,0,0
9,-0.363413391197802,-0.141194404300811,-0.0863875488800553,-0.104457949042451,0.577934757173055,0.33260369154744,0.033564809276137,-0.191948048847336,-0.137256415329483,0.190249047049376,0.344902365329776,-0.151325147115947,0.0289167695947179,0,1,0,0,0,0,0,0,0,0,0,0,0,0,0
5,0.141453729345049,0.196442695470507,-0.0161442964766499,-0.647809767267875,-0.365148178969839,-0.194897419776003,-0.0344209870572759,0.0311422594675284,0.125306963969391,0.0474830655631121,-0.0222050661325675,0.0848240002067756,-0.253149714169711,0,0,0,0,0,1,0,0,0,0,0,0,0,0,0
2,0.0326820729133906,-0.404439444349214,0.0240071110175466,0.643475313710131,0.185303315681653,-0.0061338811278464,-0.0181090256188416,-0.308088875054899,-0.1480540458076,-0.0014146130165144,0.0926998431615598,0.0748076271286296,0.248124788214613,0,0,0,0,0,0,0,0,1,0,0,0,0,0,0
6,-0.333514325455948,-0.315849185553233,0.0803780757051661,0.248912463542187,0.659201453703946,0.081462113914463,0.106125628397031,-0.210183864978488,0.167235560051762,0.237168584366694,0.0582304946016634,0.332356229927605,0.769981331852807,0,0,0,0,0,0,0,0,0,0,0,0,0,0,1
5,0.0405446177071147,-0.453285468458711,-0.050395440488633,-0.910997284066671,0.1378479455829,-0.0942590305033467,-0.0486168269919414,-0.277426834068744,-0.188911907551476,0.146198465125115,0.0834695297401687,-0.0666927050617099,-0.0559729235538265,0,0,0,0,0,0,1,0,0,0,0,0,0,0,0
0,-0.112245581255009,0.513351245244106,0.133835012465573,0.041960597347961,-0.631351531020647,-0.0547080800026198,0.0083375115357856,0.206682507571227,-0.0251686603557663,0.0895059430771151,0.119467404288911,0.0113015612522893,-0.320956659673609,0,0,0,0,1,0,0,0,0,0,0,0,0,0,0
8,-0.178737404436795,-0.447017981934968,-0.095305363307439,0.0895285362479176,0.85573584730499,0.219774201942413,0.0100669502132724,-0.587928082422441,-0.0751327932698821,0.0962615272041938,0.107982654204623,0.160082425142301,-0.261369557134244,0,0,0,1,0,0,0,0,0,0,0,0,0,0,0
7,-0.0466768345754708,-0.0489019934148079,-0.127354993267576,-0.111103329001589,0.0740826561783033,0.0480172413679858,-0.0155539574215053,-0.233235989966735,-0.0438124130212154,-0.0619385588918556,-0.0461300363333956,-0.199561771780099,-0.0611899966484075,0,0,0,1,0,0,0,0,0,0,0,0,0,0,0
5,-0.162434436748349,-0.0044979163823303,0.0689312075632901,0.0131103027765148,-0.0713554019215008,0.070998480219398,0.0769454675619902,0.0870491342478529,0.21478942839355,0.131273164473522,-0.0882080397858051,0.231580332492996,0.350527056337576,0,0,0,0,0,0,0,0,0,0,0,0,1,0,0
7,0.0357133715801253,0.280274767965903,-0.0662042478177328,-0.0734462302436069,0.0223412695482115,0.0221935993010523,-0.0466139486308583,0.0462540081870115,-0.266712582741051,-0.0600728665764464,-0.0283371211848772,-0.111508380755511,-0.366966308077406,0,0,0,0,0,0,0,0,0,1,0,0,0,0,0
1,0.257399764660645,0.0776458734705417,-0.122622148795198,0.0683059009829883,-0.756742154049573,-0.109975344506398,-0.0641782531707782,0.0145792947621589,-0.0956040940612308,0.100958971833631,0.166673354550611,0.166639031304888,0.0822480293843587,0,0,0,0,0,0,0,0,1,0,0,0,0,0,0
9,0.137969311021456,-0.21991334508202,-0.146428194117216,0.291003858816167,0.785009244180436,0.0684391647562965,-0.0464296227814378,-0.169663142069969,-0.0006381414577753,0.113860803112831,0.246065338981918,0.302393220766342,0.409578947920128,0,0,0,0,0,0,0,1,0,0,0,0,0,0,0
1,-0.167264295880473,-0.213267452676706,0.0778993799505175,-0.477563707970095,-0.355780074988466,0.0994171527879074,0.0679151571643866,0.138343103513959,-0.0126280289847235,-0.0837653570476517,-0.110611968141544,0.167093383156772,-0.0132109338011364,0,0,0,0,0,0,0,0,1,0,0,0,0,0,0
5,-0.147323400035053,0.752650756258266,0.238672721846126,0.152833198996856,-0.209237224857131,0.153892803468835,0.0788966092206443,0.496359549387779,-0.0001676240691301,-0.151737351078974,-0.107642090906062,-0.122671380923189,-0.134327745776481,0,0,0,0,0,0,0,0,0,0,0,0,1,0,0
1,-0.22205873413015,0.0608332951426644,0.0934852874987008,0.32071296172667,-0.0744607727893601,0.033114319312323,0.0350131889371148,0.113081892876785,-0.0881603471174872,-0.0393460702150462,-0.0625683154381041,0.320017472444514,-0.290766997692462,0,0,0,0,0,0,0,0,0,0,0,0,1,0,0
8,0.0582149316271602,0.695912000298359,0.114757015567671,-0.0738396082755801,-1.31899288097371,-0.0101266142305987,-0.0222208330374177,0.527954280052702,0.0753739914593954,-0.251919868152867,-0.091542899687599,-0.0762039511764567,-0.689006220704246,0,0,0,0,0,0,0,0,0,0,0,1,0,0,0
8,-0.0134412514870815,-0.480493194797054,-0.0352824728802625,0.638114948582978,0.715673372187203,0.0328094791336829,0.0174855074328512,-0.0862683044899194,-0.117398589659603,0.0035389052336587,0.240244177264921,0.121938583561789,0.583115270120954,0,0,0,0,0,0,0,0,0,0,0,1,0,0,0
8,0.133096792004309,-0.0693260035616757,-0.0587853933451865,-0.143403092030943,-0.248894485912007,0.0115202422310502,-0.0267938024688232,0.0129034690780542,-0.0756482305056701,0.0461735636933492,0.119115080116628,-0.0392637724143508,-0.14080636554043,0,0,0,0,0,1,0,0,0,0,0,0,0,0,0
5,0.143516363519767,-0.564611920752823,-0.092597267101297,0.344536596763259,0.365374183179815,0.0553946190463243,-0.0480798814882795,-0.353089684139809,-0.229540077879449,-0.0562482046252172,-0.240055841889026,0.191959579795356,-0.388384241662239,0,0,0,0,0,0,0,0,0,0,0,1,0,0,0
8,-0.129472295054202,0.300083717489753,-0.0383642432895154,-0.20470093165058,0.210964856582465,0.228649174036087,0.0260875486162163,0.182949576487373,0.0820777588163059,0.0391831079016847,0.183262443870728,0.334206731654542,0.0382556024020545,0,0,0,0,0,0,0,0,0,1,0,0,0,0,0
7,-0.272375894329967,-0.0625442557577387,0.197293771073802,0.170613291062311,0.310628961714988,-0.242600582906071,0.0709194599193911,-0.098118231312062,0.149621116529787,-0.0431966982179471,-0.0714227475886955,-0.226767240637882,-0.0904285462869478,0,0,0,0,1,0,0,0,0,0,0,0,0,0,0
9,-0.121687329395508,-0.686045601290106,-0.12545918968453,0.759378066455775,1.29702812070635,0.345803116561615,0.0539451958999739,-0.245818820480114,-0.136302372816808,0.172294634386361,0.220664476077582,0.252971105908766,0.782314260874958,0,0,0,0,0,0,0,1,0,0,0,0,0,0,0
1,-0.239215949151349,0.16298657525727,0.0807771053708765,-0.230093655863515,-0.128053454057249,-0.114265047629147,0.0880036526953864,-0.0410153165047679,0.28769777964077,0.180299290467362,0.127920807522258,-0.25830790514624,0.259394011802658,0,0,0,0,0,0,0,0,0,0,0,0,0,0,0
5,-0.0926218534023009,-0.196998861912757,0.0237282221489629,0.133855495495688,0.0415021113246192,-0.0150570929780245,-0.0049133900262453,-0.273207079695332,-0.253345476627628,0.11446298760099,0.0848703895931581,-0.217444076959537,-0.0532822885864339,0,0,0,0,1,0,0,0,0,0,0,0,0,0,0
9,0.0207798629238443,-0.523366985027187,-0.0962541223927141,-0.238377222211975,0.471915431982714,0.2211445524262,-0.0139972038364622,-0.577126556156097,-0.0836979856971333,0.0876532536457665,0.201169612180789,0.494923435955748,0.461194083717403,0,0,0,0,0,0,0,0,0,1,0,0,0,0,0
3,0.113753743853634,0.191523599119458,-0.0414901102363518,-0.157932810390692,-0.68295794786459,0.200325565963167,-0.0104789019221973,0.275486247465613,-0.146307642897732,0.100925795331309,0.101837217359238,-0.130253095880282,0.572504864652751,0,0,0,0,0,0,1,0,0,0,0,0,0,0,0
6,0.0991463671275307,-0.387474607483109,0.0178154120039227,0.34889947355895,0.46953801966251,0.0562258989626225,-0.0333476723570074,-0.211701546186388,-0.19257775709125,-0.0207760105996565,-0.0676764302764378,0.0959641997739354,-0.322563725291916,0,0,0,0,0,0,0,0,0,0,0,0,1,0,0
