target,Acid,Anthoc,Brix,BunchN,GrapeW,NDVI06,NDVI08,Polyph,Potass,SPAD06,SPAD08,SproutN,WoodW,Treatment_T1b,Treatment_T2a,Treatment_T2b,Treatment_T3a,Treatment_T3b,Treatment_T4a,Treatment_T4b,Treatment_T5a,Treatment_T5b,Treatment_T6a,Treatment_T6b,Treatment_T7a,Treatment_T7b,Treatment_T8a,Treatment_T8b
8,0.101896468323204,0.645800931537985,0.299110037818706,-0.559728502839318,-1.2364241368311,-0.0459989566502753,0.0174536759642848,0.556544120042886,0.234070553801201,0.0823722830986973,0.0067708732288505,0.040392627769603,-0.407323204138509,0,0,0,0,1,0,0,0,0,0,0,0,0,0,0
2,0.124320013724204,-0.72629590624144,-0.179173850025668,0.0601509114699704,0.519515206543672,0.124849375297165,0.0803013059271756,-0.234373552028815,0.111251855092877,0.155937050904376,0.047885941730777,-0.136632457198393,0.327138337716272,0,0,0,0,1,0,0,0,0,0,0,0,0,0,0
7,-0.104307235348154,0.107675311349861,0.0493909305159307,-0.328135011575883,0.14345912999643,-0.0471594491981648,0.0088774813866461,0.131482618247845,0.171191433521395,0.0377399855786425,-0.121162637393373,-0.180119095539266,0.126890710476589,0,1,0,0,0,0,0,0,0,0,0,0,0,0,0
9,-0.162419426340644,0.486070688520957,0.201539275013534,-0.103669973225729,-0.781549210594156,0.0993160534756514,0.0392595114736799,0.491719116678964,0.310850015359096,0.0068239791985876,0.0456320981032548,0.0570698768688288,0.0936040081353235,0,0,0,0,0,0,0,0,0,0,1,0,0,0,0
0,0.333082201880138,0.270521286113288,-0.0349970275643421,-0.259176624090802,-0.302710183590651,-0.0263264590161473,-0.216989528303052,0.176476976475909,0.100743312672139,-0.135065192985933,-0.229230914418476,-0.173324132713976,-0.159510425500217,0,0,0,0,0,0,0,0,0,0,0,0,1,0,0
7,-0.0842152080750019,0.379110054122999,0.0657055277410372,-0.207560613482628,-0.944128541192841,0.0159380529233165,-0.0226441439423598,0.0800043341285216,0.0321560864028206,-0.0491713533268809,-0.0258053256649936,-0.255580125734396,-0.771437954607778,0,0,0,0,0,0,1,0,0,0,0,0,0,0,0
5,-0.0983238406170474,0.194703321870882,0.0120942538205326,-0.0700803009490872,-0.391252584196921,0.0701060615085942,-0.149742872408087,-0.100598598532468,-0.160396582886789,-0.0600029973397698,-0.0699549787709646,0.0719828100933878,0.0250266143833625,0,0,0,0,0,0,0,0,1,0,0,0,0,0,0
2,0.0587922536982366,-0.263229995291498,0.0487000511486716,0.434652366603434,0.466256016276844,-0.144315527780505,0.11686354312439,0.283791406318062,0.0491169283190286,-0.0155769907719189,-0.0233444288029827,0.102189562581709,0.164852433957381,0,0,0,0,0,0,0,0,0,0,0,0,1,0,0
0,0.291922873387804,-0.0095326279812071,-0.0749796139969096,0.569286960300399,0.683407648164599,-0.0143001620195383,-0.136382177477435,0.0592200811399313,-0.250025572379755,0.0997450222318597,0.0694997707636798,-0.241477468833838,0.367919645583947,0,0,0,0,1,0,0,0,0,0,0,0,0,0,0
1,0.0664172926741688,-0.0436932007959569,0.0719113355655254,0.0826244799611781,-0.044947813146823,-0.02149608394843,-0.14180944819726,-0.137222297818434,-0.396458906990917,-0.139616997945052,-0.0558231517976728,-0.0922951698209735,-0.114917518076446,0,0,0,0,0,0,0,1,0,0,0,0,0,0,0
2,0.144631882516375,0.090816654624209,0.0083893499789443,0.394214158248523,0.696031908436488,0.17681183903941,-0.0715101911655357,-0.138564788256769,0.0654113745699093,0.0041208031524607,0.135694640026868,0.0154888127884776,0.2260086862818,0,0,0,0,0,0,0,1,0,0,0,0,0,0,0
9,-0.0958314851422138,-0.38691998271532,-0.0274190822621603,-0.671638434289796,0.134962926581101,0.140263556669197,0.111130930404308,-0.161809696569069,0.312897089802661,0.119037684425227,0.10100736678645,-0.0036032583250709,0.631375701715422,0,0,1,0,0,0,0,0,0,0,0,0,0,0,0
9,-0.0606596787069836,-0.172928456565806,0.12208510876072,0.478865780415037,0.437366413150747,0.105133235253718,0.0505863993466777,0.118967893255099,0.21216812725081,0.030657422592285,0.0663323138036799,0.0889115896366154,0.307470722741611,0,0,0,0,0,0,0,0,0,0,0,0,0,0,1
5,-0.160673547070306,-0.440902513857166,-0.0629538494251298,-0.508786054481664,-0.59241220507711,0.0329624899028395,0.0483850511884478,-0.310448251718675,-0.251083404746351,0.0750080167640665,0.0879153485539049,0.152485561073361,0.444557795812509,0,0,0,1,0,0,0,0,0,0,0,0,0,0,0
5,-0.0945853523331092,-0.372253037652313,-0.110129175260274,-0.237171783480014,0.856111368968241,0.0244204972235701,-0.154840063648876,-0.354419045617384,-0.182960768240097,0.285470057349405,0.0858306714057736,0.0505200666114792,0.638820882889257,0,1,0,0,0,0,0,0,0,0,0,0,0,0,0
7,-0.152698128857903,0.0661828499058856,0.186032439875178,-0.0038567292962217,-0.0413738907585251,0.247534795134743,0.0220003359277762,-0.21691258307064,0.155324548652272,0.0818194976672698,0.230172886362386,0.0117928718843715,0.363827081904885,0,0,0,0,1,0,0,0,0,0,0,0,0,0,0
6,0.113159652169297,0.276395471013284,0.078903670383073,0.15112633327636,0.0730008100124176,0.0780882835527123,0.035846715126843,0.187679038192658,0.190354799132692,0.0461031394631215,0.0424238893292795,0.168450989986552,0.609096508484306,0,0,0,0,0,0,0,0,0,0,0,0,0,0,1
1,0.223526609403858,-0.257784084518946,-0.0388001824104162,0.611122890345227,0.0079494053127276,-0.179479039997994,-0.10585564664258,0.136707469980409,-0.110366104984498,-0.149496732279228,-0.140148033673684,0.100550135282252,0.186679195950633,0,0,0,0,0,0,0,0,0,0,0,1,0,0,0
8,0.0092342205058431,0.497781187837471,0.0778499081876121,-0.543712514684594,-1.28102857184268,-0.0048632116256217,-0.190368766917002,0.290581115496617,0.362989668778509,-0.0288140720932642,-0.0148618698791682,-0.100895458728022,-0.0085375585639939,0,0,0,0,0,0,0,0,0,0,0,0,0,1,0
9,-0.285367406890535,-0.334640964199101,0.0568971832466818,0.250779780231233,0.750511641863281,0.0989826845799573,0.0740256471050883,-0.310429126836582,0.0974330799776693,0.232812354395078,0.255846603259651,0.265276372070711,0.713275195699599,0,0,0,0,0,0,0,0,0,0,0,0,1,0,0
7,-0.201240340813088,-0.0281650254300429,-0.0069904775271552,0.313686947265491,0.520325138436882,0.120464864897675,0.199298605752651,0.0106166531995638,0.0229116042307349,0.0118745865047549,-0.0809643454964508,0.208880226426484,-0.357419446179139,0,0,0,0,0,0,0,0,0,0,1,0,0,0,0
3,0.130483889021498,-0.378194364926026,0.0441625166886718,-0.0606406186274981,-0.437271054275273,0.0344050532264814,-0.153272268157333,-0.124784557319826,-0.206991854700739,-0.0905974004370607,-0.0349097767783748,-0.0682640760614875,-0.450815622160984,0,0,0,0,0,0,0,0,1,0,0,0,0,0,0
6,0.114469396568113,-0.334570374298429,-0.0693634996696788,-0.0883650103286737,-0.0402375708095031,0.0987490866803388,0.0648469129098684,-0.0575779700713196,0.0832232573114965,0.0997263013104352,0.187856919228195,0.209614787249869,0.505853369653271,0,0,0,0,0,0,0,0,0,0,0,0,0,1,0
4,-0.134367478528483,-0.538575962817804,-0.131919066421906,-0.833594196928685,0.441453120603714,0.0875597073142436,0.0589341196469419,-0.467700085256796,0.0349267230105464,-0.0523901241434754,0.117579722076034,-0.272175092488582,0.398605222251048,0,0,0,0,0,1,0,0,0,0,0,0,0,0,0
2,0.0931714845768847,-0.334834962335468,0.0383410864631333,0.825953262528722,0.370271613861383,0.0768089977324977,-0.182539780915204,-0.254968280694304,0.0207399099499977,-0.0297727041543084,-0.0843579953685111,0.0241748079533486,-0.605718982263816,0,0,0,0,0,0,0,1,0,0,0,0,0,0,0
3,0.13054114446666,0.334953723272079,0.142647221895166,0.222184583504812,-0.575859806518361,-0.0249992632589568,-0.232868857467057,0.327027318898957,0.114602911112359,-0.165888385503283,-0.14087525561775,-0.219219565986331,-0.414078047083249,0,0,0,0,0,0,0,0,0,0,0,0,1,0,0
1,0.177513262948641,-0.618469153263374,-0.0929326844056975,0.208657830628628,0.740654380723514,0.115971148113529,0.09715525653174,-0.479014172641773,-0.158867647090865,0.0040231197945488,0.264868668574969,0.0361021646997046,0.598389411820037,0,0,0,0,0,0,0,0,0,0,0,1,0,0,0
8,-0.208176528180301,0.436824594376686,0.0673416538731714,-0.104627796427644,-0.172263737865892,0.128796013734814,-0.002424283702575,-0.110887581875113,0.234251669900803,0.0971818037793448,0.081493558013841,0.0799851136464644,-0.0082537025709982,0,0,0,0,0,0,1,0,0,0,0,0,0,0,0
5,-0.180771244391217,0.0768670858928268,-0.0631087510950165,0.189962935842141,0.33980661979734,-0.0419140193451845,0.038369342879174,-0.236300473004345,-0.109104240513578,0.0621096025159326,0.109200674421171,-0.139491072378512,0.0790608273700038,0,0,1,0,0,0,0,0,0,0,0,0,0,0,0
6,-0.0669828638753326,-0.0779197215628618,-0.0007998199145399,0.366727489090284,-0.0928138274645763,0.182869615266037,0.0230393947929545,-0.230013863162558,0.353406208516208,-0.0588908365321534,-0.0684606931619702,-0.266695657077728,-0.39653299994189,0,0,0,1,0,0,0,0,0,0,0,0,0,0,0
8,-0.198735419557982,0.0984238486095269,-0.0057197501146032,-0.15612158838229,0.0783859736701919,0.185245591318138,-0.0387533877259302,-0.0613998834069106,0.0541373156407086,0.0778255430748346,0.123231668959689,0.0706766422626982,0.23162149406808,0,0,0,0,0,1,0,0,0,0,0,0,0,0,0
0,0.290349462588994,0.568308090357525,-0.0639027750418456,0.503501589627933,0.139025138587007,-0.220658429063169,-0.306461798326542,0.304381191720594,0.0419750543532513,-0.194836706538035,-0.221801424079106,-0.17193849878211,-0.782600452086794,0,0,0,0,0,1,0,0,0,0,0,0,0,0,0
2,0.0345796990031272,-0.717187107999296,-0.147891586384562,-0.298100241604544,0.749794438649455,0.0143365452823957,0.0456483974703142,-0.496959814188983,-0.020972402528292,-0.0665859659845245,0.0715170981916137,-0.0811770339417406,0.348769613375424,0,1,0,0,0,0,0,0,0,0,0,0,0,0,0
0,0.183860701444667,0.757234628361657,0.0641774547017793,-0.115492617177919,-0.166635358325745,-0.0886806895325934,-0.0680736027294887,0.723601865947196,0.0181178215923994,-0.0865714420882378,-0.0554970299916777,-0.0335411256707447,-0.269442104589189,0,0,0,0,0,0,0,0,0,0,0,1,0,0,0
5,0.0077678684003393,-0.487275568809234,-0.106907751333496,-0.261372601503455,-0.128824302082488,0.182176295024719,0.370005440241283,0.0044229702533779,0.0556266332541546,0.118486864786562,0.249036027718062,0.166022994049893,0.305069254964916,0,0,0,0,0,0,0,0,0,0,1,0,0,0,0
8,-0.0617228055883091,-0.125537884832917,-0.129029158761003,0.212988345151858,-0.051610598645678,0.0261262820009079,0.0540425675629306,0.0614584826110657,0.147584269263113,0.194076122603832,-0.0165958820543773,0.381631840586165,0.310851553456244,0,0,0,0,0,0,0,0,0,0,0,1,0,0,0
4,0.0649692494291124,-0.20910032055414,0.105023897266114,-0.401572157972201,-0.170643522973748,0.0607310661280821,0.175319013863622,0.103358722582198,-0.266487035420766,-0.0467772127661731,0.0844861019983763,-0.178092628150046,-0.191853771634955,0,0,0,0,0,0,0,0,0,0,0,0,0,0,1
8,-0.0742127278547937,0.0841008591283979,0.061278527027631,0.230476807195788,-0.759916944842788,-0.163403975180493,0.0357788215559147,0.470515666353597,-0.115768083205006,-0.051906758896025,-0.0540127636828291,0.0004746295495266,-0.512933163420261,0,0,0,0,0,0,0,0,0,0,0,0,1,0,0
5,-0.0023401578168564,-0.327036589112028,-0.0940931851768075,-0.571185689823499,-0.195022030938287,0.178690666624168,0.0562118969630084,-0.182302189774387,0.0259254647327656,0.0742955291316222,0.129109254910137,0.0493555996130723,0.0030647016112372,0,0,0,0,0,0,0,0,0,0,0,0,0,1,0
0,0.0994632513018944,0.189250873566255,-0.05291736604385,0.129942194910025,0.817609026683668,0.153361080467002,0.018055123183056,-0.229125742514001,-0.0869107847021802,0.0449870446621012,0.0076311396978526,0.257949551449777,0.270720127349245,0,0,0,0,0,0,0,0,1,0,0,0,0,0,0
2,0.0037709680928621,0.467272666911204,-0.002348476467127,-0.212085166926737,-0.302360400557052,-0.0349399614924903,-0.132763800012351,0.274876308405185,0.197845541301966,-0.0684357770152842,-0.0697533194877848,-0.358046498813413,-0.679086263424913,0,0,0,0,0,0,0,0,0,0,0,0,0,0,0
4,-0.192837468267331,-0.15011601143967,-0.0167548807008924,-0.599121717187648,-0.3532709641748,0.16105188919077,-0.0641485158493798,-0.176181443328869,-0.223757922741713,-0.024050042804629,0.129591536394216,-0.248860583955717,-0.433945759844043,0,0,1,0,0,0,0,0,0,0,0,0,0,0,0
7,-0.280935785972919,-0.529341561723008,0.0273361450640039,-0.417376167938228,-0.0895861503672352,-0.0063844128420049,0.0469628169947376,-0.507096340818913,-0.24690126315406,-0.077103758492874,-0.071858382559519,-0.237682214846176,-0.0195923282615286,0,0,0,0,0,0,0,0,0,0,1,0,0,0,0
9,-0.266036981835059,-0.190823153036599,0.0081581291378198,0.291233113260154,0.72990469881983,0.131405087183863,0.120127133740668,-0.376527138570654,0.0361162118023933,0.272708587331698,0.165094009602478,0.0146894626617382,0.695088150791817,1,0,0,0,0,0,0,0,0,0,0,0,0,0,0
0,-0.0216325150400249,0.505815698367103,-0.136043831319499,0.3531226045639,0.532998573765591,0.012037021845524,-0.315398898349718,-0.206285961372207,0.0601958294187689,0.133730401716298,0.0629745753624535,-0.266394822859475,-0.560987256207804,0,0,0,0,0,0,0,0,0,0,0,0,0,0,0
3,-0.0006475248437722,1.3674064284942,-0.048975957211869,-0.114418349868365,-0.353086013072779,-0.0239239364017046,-0.0761835157480975,0.728287722350123,0.0960612220594542,-0.136146607973412,-0.0923731940191953,-0.0356191815167177,-0.621396797304575,0,0,0,0,0,0,0,0,0,0,0,0,0,0,0
9,-0.200433899087562,-0.382222502732927,0.11957529885431,0.0328174234060047,-0.108303825048482,0.213182006295532,0.112015318446226,-0.385660286231826,0.339444075270916,0.141574431227455,0.112071048888909,0.209577914423598,0.203888736492325,0,0,0,0,0,0,0,0,0,0,0,0,0,0,1
7,-0.0709875053681285,-0.157155271194011,-0.0660277124614471,0.132890931387173,0.159779652150227,0.0751297119127767,-0.0203235647948335,-0.0683821319969325,-0.0026257019965045,0.0212526089965776,0.0569245412185753,-0.232787115373703,0.27962419303065,0,0,1,0,0,0,0,0,0,0,0,0,0,0,0
9,-0.154034624514107,-0.280476497879392,0.0172025692505489,-0.642116738447796,-0.38737608866949,0.0481416650545897,0.0746324029049813,-0.195856177474835,0.262124849688323,0.157036139441464,-0.0179662624125383,-0.335157828364985,-0.065064956393001,0,0,1,0,0,0,0,0,0,0,0,0,0,0,0
9,-0.391698095126297,0.330253588199913,0.0688828327782799,0.0063122895703076,0.397854544838954,0.109859530107676,0.0373472463421242,0.149772922590391,-0.163886539291876,0.125171644953459,0.179966974436906,0.211950383332189,0.467380903931012,0,0,0,0,0,0,0,0,0,0,0,0,0,1,0
5,0.0240184085986192,-0.0045164035685835,0.0815939935298469,-0.658491979277756,-0.931827510492111,-0.0715960019720148,0.0815275836625828,0.0983599137690939,0.153067247233935,-0.170609550580057,-0.0855329156616024,-0.207105213043979,-0.290006804970854,0,0,0,0,0,0,1,0,0,0,0,0,0,0,0
4,-0.096818276035379,-0.309658812266508,0.15611074382282,0.0036338668316716,-0.427837904081249,-0.166460262389902,-0.0207140774469393,-0.301996612480037,-0.105573126147351,-0.083484386466467,0.0562140187980536,-0.066618597624535,-0.18773883139603,0,0,0,0,0,0,0,0,0,0,0,0,0,0,1
7,-0.100241064811635,-0.566106338643975,0.0348976146549363,-0.522544097132209,0.29604264456872,0.0228851410088143,-0.0873254812497927,-0.400378846180683,0.117607228598913,0.0680839339041947,0.126687251582487,-0.191753865121574,0.131407928779869,0,0,0,0,0,0,0,0,0,0,0,0,0,0,1
5,-0.0428607285473299,-0.667634124019534,0.0454851685293466,-0.15423434628029,0.84799575405109,0.102144934897381,0.0601158672112235,-0.397799806762742,-0.301857813125324,0.0194704843607176,0.19242625127237,0.181012053932471,0.763599744330992,0,0,0,0,0,0,0,0,0,0,0,0,0,1,0
4,0.0617660879091844,-0.634659978786565,-0.0322428191681801,0.376800421055281,0.837040897004535,-0.144993567937388,0.119159471939765,-0.094075496203743,-0.0954424984862557,0.0971121015660066,0.105913803312073,0.167285451847795,0.786459013570607,0,0,0,0,0,0,1,0,0,0,0,0,0,0,0
8,-0.23826397491918,0.138996466412814,0.0135316880197155,0.313994340992574,1.28920979316638,0.0792594905376659,0.042045693095399,0.244522560361777,-0.0948294692301841,0.326027143281894,0.0512336437164447,0.29047593522624,0.311712481112714,0,0,0,0,0,0,0,0,0,1,0,0,0,0,0
5,0.097539457352206,0.0688684683444084,0.0566714419447571,-0.0591469709703205,-0.335398730070422,-0.0381982123454622,-0.053516910864859,-0.0182445555545199,0.0801289632225528,0.0069714873089015,0.092768104338254,0.10209423563101,0.377688860282219,0,0,0,0,0,0,0,0,0,0,0,0,0,1,0
9,-0.229429119030878,0.0291043215791148,0.05415705502121,-0.364631448585188,-0.483008653273802,0.0687907501382303,0.244213943105852,-0.0390519201296286,0.12946109879714,0.119917981453898,0.072076940025804,0.227461874316614,0.67140013564007,0,0,0,0,0,0,0,0,0,0,1,0,0,0,0
4,-0.0650463181786855,-0.145455197010197,-0.0146303301517608,0.618447571784177,0.458872547565054,0.011027404139524,-0.10557914412878,0.022731201010191,-0.200230808154753,-0.0151652047578222,0.0658098878620726,0.120026082809256,-0.0083353158072381,0,0,0,0,1,0,0,0,0,0,0,0,0,0,0
9,-0.21407705954114,0.170787800396215,0.156611132639503,-0.17711241101705,-0.118793776759857,-0.0534421747681895,0.0198719320508596,0.563673781468895,-0.101221859574385,-0.0982058638071387,-0.0929351704989036,0.0738664691524864,-0.205042340236877,0,0,0,0,0,0,0,0,0,0,0,0,0,1,0
2,0.0450385572192879,-0.0157632242106914,-0.065413289505982,-0.202428277719173,-0.309844057417729,-0.15015800150508,-0.0393143538917045,0.109750839110251,-0.0999771965684564,-0.137118611470575,-0.207449755889732,-0.0196932401412069,-0.0899311561308956,0,0,0,0,0,0,0,0,0,1,0,0,0,0,0
9,-0.151858333736725,0.336935881962583,0.0517803307675963,-0.225375234976094,-0.699735884808014,0.0491977814551011,-0.0935176250904275,0.215224683293408,0.0918340475237242,0.0481063310255149,0.152761460127585,0.0508641369705194,0.157381798156143,0,0,1,0,0,0,0,0,0,0,0,0,0,0,0
9,-0.0097183026187365,0.149700708849937,0.13873251528973,0.338037146065669,-0.412541557062595,-0.100223232344349,-0.0621279642448621,0.199338251416326,0.219680308343638,0.0375665431689935,-0.0361128235677492,0.0209225918626918,-0.276308470662213,0,0,0,0,1,0,0,0,0,0,0,0,0,0,0
6,0.0131508179126757,-0.161571510988304,-0.150301673744629,1.13638307162171,1.42044839252622,-0.0369623347046073,-0.0371750723855473,0.401769810285656,-0.132974546844522,0.192370578185431,0.0639541151146873,0.273402369077509,0.655686528431193,0,0,0,0,0,0,0,1,0,0,0,0,0,0,0
6,-0.176021504107349,0.668816437378107,0.127587973632474,-0.416622409970041,-0.598281256455943,0.0804453916710053,-0.108585261907977,0.559947548717039,-0.0850925723701094,-0.108558856082818,-0.0296292095236848,-0.0351784763220513,-0.245634796625339,0,0,0,0,0,1,0,0,0,0,0,0,0,0,0
2,-0.0470843941283084,-0.305638615583175,-0.0364818073907166,1.36311000232551,1.45137940758664,-0.115204828794737,-0.0241420073199481,-0.0641492577814521,-0.282392580735794,0.142694373045679,0.0756688067971708,0.131515013153995,0.263918119071457,0,0,0,0,0,0,0,0,0,0,0,0,0,0,0
5,-0.19451308744108,0.952570848799325,0.0370240249133626,-0.481459443515641,-0.409266870433772,-0.0172224357911957,-0.223713219840943,0.627304843626503,0.0022475061263582,-0.149747340824549,-0.20732209606559,-0.134252390596613,-0.611253235548707,0,0,0,0,0,1,0,0,0,0,0,0,0,0,0
9,-0.344760112649978,-0.640193541085454,-0.0783273761189938,-0.439570640335512,0.640779070954797,0.0420395469851665,0.370153683454496,-0.383383663856735,0.0190857443578762,0.153106341257626,0.299742663690341,0.24805687433618,0.506872554936734,0,0,0,0,0,0,0,0,0,1,0,0,0,0,0
7,-0.235386896458096,-0.0938638247901657,0.0348047318141684,0.738436510820605,0.696137285523406,-0.0350429328505907,0.02945989070225,0.104785210648686,-0.317122787437083,-0.0287905404000071,-0.0373759390372661,-0.100253307022298,0.145149829513879,0,0,0,0,0,0,0,0,0,0,1,0,0,0,0
7,-0.085560973953154,-0.763079297676024,-0.109013434192481,0.602563297736716,0.998740190714048,0.052947786277143,0.267517807239672,-0.571249480004273,0.0016876339864128,0.28199231234714,0.116282922512977,0.428512764722447,0.684640355866492,0,0,0,0,0,0,0,1,0,0,0,0,0,0,0
3,0.0909977180924123,0.843714989001998,0.0034914610924234,-0.0452032179970879,-0.503870434898703,-0.0581061070798313,-0.110186663983959,0.404823999178171,0.327674567463852,-0.0405528112863457,-0.0047888149329792,-0.0539288534789481,-0.328003109273204,0,0,0,0,0,0,0,1,0,0,0,0,0,0,0
1,0.172375903934546,-0.0247840773294509,-0.0880502837536363,-0.0665459788872855,-0.434318771774401,-0.116709177050616,-0.0675744725837188,-0.01467080653405,-0.10771131172242,-0.177423250831727,-0.181306884937767,-0.274043510045499,-0.547865537216312,0,0,0,0,0,0,0,0,0,0,0,0,0,0,0
7,-0.244315655285393,-0.745963114091814,-0.0484179037687922,-0.206898448779225,0.56837563241185,0.0778286821056727,0.243416843838789,-0.292571232524495,-0.245794783025341,0.0638410303190505,0.211689019925065,0.17201797437602,0.565100760351069,0,0,0,0,0,0,0,0,0,0,0,0,0,1,0
7,-0.0265496078173905,0.0954246407226406,0.0039149942000107,0.0762142973223267,-0.15023211408786,0.025034162450548,0.220562203202867,-0.0377043204623683,0.116872097523548,0.0689744033765119,-0.0151022919727856,-0.0675610795761472,0.32150963532783,0,0,0,0,1,0,0,0,0,0,0,0,0,0,0
2,0.0799409095956488,-0.701599357767878,-0.0622477105371793,0.19426865482492,0.357803599526951,0.0931611957507775,0.269196476353284,-0.237143067626796,-0.175088450266739,0.105823593991572,0.240876163411464,0.217066177378308,0.383487468149599,0,0,0,0,0,0,0,0,0,0,0,0,0,1,0
7,-0.0995188678046954,-0.0885295373300417,-0.0286827581446612,-0.274625320007758,0.239943763242406,0.0668774902243804,0.0639964403812845,-0.313161576206373,-0.0209601910610879,-0.0535795234706157,0.11388413271661,-0.0829306424977684,0.604423978953032,0,0,0,0,0,0,0,0,0,0,1,0,0,0,0
8,-0.0307139346998401,0.0186235618694783,0.0628562438965247,-0.216583243423433,-0.593001709845821,0.0704458546038581,0.0813242668440115,0.14277637497713,0.009217383995422,-0.198914902696814,-0.0161575565040872,-0.0980066433595778,-0.159044991748965,0,0,0,0,0,0,0,0,0,0,0,0,0,0,1
6,-0.173955173731136,-0.251452375879735,-0.108937031479956,0.157781557439807,1.20422875164131,0.0365094541715198,0.133727788824477,-0.324001905932395,-0.0981903104067346,0.0982030055624135,0.112019186484721,0.0824278881615529,0.852287363607133,0,0,0,0,0,0,0,0,0,1,0,0,0,0,0
1,0.110360028055514,-0.590148637271894,-0.0529383071114285,0.091354550080785,0.464851735434599,0.128236318609311,-0.16224227361477,-0.344033642953253,-0.34755036182219,-0.126145263953367,0.0636067510745979,-0.0427282376827068,-0.0991081654873806,0,0,0,0,0,0,0,0,0,0,1,0,0,0,0
6,-0.0212201633782519,-0.414486143132046,0.0610942717709409,-0.153757181551245,-0.0870982355675898,0.0419507789991861,-0.0631898161689704,-0.209234416604553,-0.0954493695355885,-0.0343729524810271,0.166801560462391,-0.0655331864533024,0.156527828021622,0,0,0,0,0,0,0,0,0,0,0,0,0,0,1
0,0.276556057936822,0.559629846792109,-0.0723075039502991,-0.270530191976809,-0.623474952625916,-0.142757710803765,-0.204192796130252,0.0730216715098352,-0.109466909800218,-0.156565680139,-0.178232987475956,-0.0396505243978504,-1.10985905196591,0,0,0,0,0,0,0,0,0,0,0,0,0,1,0
9,-0.191623282969781,0.138744212560192,0.161262969378886,0.0299340000655288,-0.694146268016985,0.0222895304050467,0.0230626590470282,0.122275031209642,-0.186099426338739,-0.146971640435588,-0.0199237419954721,0.0467943978316425,-0.519374273305179,0,0,0,0,0,0,1,0,0,0,0,0,0,0,0
3,-0.0367786410576135,-0.141496816727733,-0.0005910740046435,0.558205455635966,0.578245194471329,0.0103913582022219,0.151431647419687,0.0807025340302303,-0.162916048273275,0.0342618452935978,-0.211745635864267,0.178148449497692,-0.391262709658638,0,0,0,0,0,0,0,0,0,0,0,0,1,0,0
5,0.0600414339840692,0.051892233232819,0.0279874829730462,-0.309670938842454,-0.218395319804125,-0.177033786874244,0.0596936746240602,0.0790065955757013,0.153915115124742,-0.0624691780251975,-0.0734680067876375,-0.13542204705171,0.425295947523822,0,0,0,0,0,0,1,0,0,0,0,0,0,0,0
7,-0.0989763803252958,-0.24938540339578,0.0270833308079392,0.401530062953094,0.192595421182453,-0.0366269883707199,-0.146250775649432,0.0095759737228591,-0.239748977657668,-0.012233803491034,0.0430896558950555,0.010660547632975,-0.224887795641862,0,0,0,0,0,0,0,0,0,1,0,0,0,0,0
1,0.0600067965508527,-0.430068155692574,-0.0787731467945461,1.33160600827472,1.8339429569684,0.303574189814742,0.109520342928875,-0.342107515310229,-0.349151848754595,0.0960511620990224,0.264955853977208,0.29750075758439,0.775234170693523,0,0,0,0,0,0,0,0,1,0,0,0,0,0,0
3,-0.040612302775607,-0.641713277256829,-0.217763141683554,0.319459348501411,1.10823377453233,0.219686964068665,0.0731409899498418,-0.440453974082797,0.156038484226429,0.112870107040711,0.268382622772818,-0.040536440899516,0.59665916104163,0,0,0,0,1,0,0,0,0,0,0,0,0,0,0
5,0.0764645917752601,0.46546481050592,0.0159366567227971,-0.0335529462748319,-0.274501484539594,-0.0036023585580092,0.0616674917862538,0.571891468504047,0.0771163798610232,-0.098945561276177,0.0225254386456172,-0.118532940485356,-0.365283349461891,0,0,0,0,0,0,0,0,1,0,0,0,0,0,0
8,-0.256357476683093,0.188697210299388,0.0176757423535441,-0.261017968352053,-0.100939812977763,0.138362313290859,0.196156524087939,-0.0688686240631149,0.0964972462425608,0.148761402662091,0.240620992510084,-0.0358004647278456,0.116843307265622,0,0,1,0,0,0,0,0,0,0,0,0,0,0,0
0,0.126496916452906,0.656842016356978,0.0158073048563404,-0.0426347628903525,-0.394104991246234,-0.0870400440083425,-0.246043635487128,0.259707544083389,0.028688505684013,-0.153348871286961,-0.11640712122337,-0.0859768133861287,-0.501891581913834,0,0,0,0,0,0,0,0,1,0,0,0,0,0,0
2,0.0535114678041718,0.590633869245102,0.0463571002250828,-0.685428136965037,-0.827344172699103,0.104904368576303,-0.117518644943661,0.368367883414851,0.0860141325510893,-0.0088735347409138,-0.0748564355221371,-0.0153495439421878,-0.10534040217264,0,0,1,0,0,0,0,0,0,0,0,0,0,0,0
2,0.0908177519788228,-0.49009352760048,0.0509254736040857,0.122507939119312,0.248268087888612,0.0229775459444969,-0.13636085059417,-0.384309047369881,-0.402505877477367,0.0219861544711804,0.0797110448814038,-0.140307768458687,0.141636169027434,0,0,1,0,0,0,0,0,0,0,0,0,0,0,0
2,0.177314441550343,-0.0588527293890035,-0.0424681354210318,0.234905129167469,0.612956652366098,-0.0003854642523136,-0.136695906169849,0.138062317374553,0.117672774330408,-0.0227376226878405,0.0685681849695716,-0.0138166401018173,0.0528546891970568,0,0,0,0,0,0,0,0,0,0,0,0,1,0,0
8,-0.14010333304498,-0.0977283812126847,-0.0541122378308799,-0.534355048551582,-0.14811765490945,-0.0111329587027165,-0.0411498380780082,-0.112059819597368,0.0642716864936034,0.0871809580038168,0.159142902364872,-0.115538290563789,-0.0493473169127295,0,1,0,0,0,0,0,0,0,0,0,0,0,0,0
3,-0.00801941049889,0.0487309609895974,0.0875263733255755,0.299556416360431,0.498107626120886,0.135047949344142,-0.0948771141954893,0.120003813679775,-0.240080786684602,-0.0197063911033831,0.0720390369069108,-0.336984190525879,0.0475762021641224,0,0,0,0,0,0,0,0,0,0,0,0,0,0,0
2,-0.047926335525727,0.238915210026424,0.0723692841070851,0.0868109616606978,-0.650109641355056,-0.0012291202867893,-0.0830540252738471,0.24873660031545,-0.116506982723087,-0.114695738139731,-0.156012674138179,-0.19867222083355,-0.657765804071849,0,0,1,0,0,0,0,0,0,0,0,0,0,0,0
7,-0.160137213497022,-0.0458961966238253,0.0395267480177146,-0.140945482927136,-0.28237329548737,-0.0011414354428517,-0.139128817296836,-0.042369908166993,-0.106678309077845,-0.026589827411954,-0.091170149934548,0.0436924538165946,-0.560909399108983,0,0,0,0,0,0,0,0,0,0,1,0,0,0,0
0,0.249036014221821,0.182017269097462,-0.0824604973435352,-0.870060801586745,-0.455135301398877,-0.128300156208491,0.0416880037297248,0.202595055592735,-0.128891272795031,-0.255953622465093,-0.252306515465075,-0.191710573857135,-0.554915438864482,0,0,0,0,0,0,0,0,0,0,0,0,0,1,0
7,-0.285421229210872,-0.506917380091269,-0.033873736974011,-0.900415699829952,-0.261348701233972,0.0498849028852576,0.316048322964543,-0.421785102178947,-0.0977163891847275,0.103036725406054,0.264732596009484,0.14941862126279,0.327501027874124,0,0,0,0,0,0,0,0,0,1,0,0,0,0,0
0,0.35102981267109,0.190264706615642,-0.0866026576457537,-0.138039012093846,-0.690428040365355,-0.23733832954655,-0.105955874446371,0.302251005100255,0.0901054404623959,-0.236656742990997,-0.278360053678008,-0.0835005477557986,-0.59949882640768,0,0,0,0,0,0,0,0,0,0,0,1,0,0,0
4,-0.161545790537707,-0.015524400634336,-0.0511087336005744,0.0226307933931627,0.0891974092343792,-0.0962173153432976,-0.0466963100058072,0.0195588653861355,-0.0557848891035851,-0.0107529231278005,-0.103796821926026,0.137782688871817,0.0154387233359882,0,0,0,1,0,0,0,0,0,0,0,0,0,0,0
6,-0.137606353935486,-0.424026949428017,-0.0803376002577636,-0.690264557211551,-0.142833589194035,0.108714875266393,0.110648329798374,-0.254955655225032,-0.0911311912439633,0.0243308771664337,-0.0278708141473959,0.0096443569641515,0.170353803756354,0,0,0,0,0,1,0,0,0,0,0,0,0,0,0
5,-0.126679963148284,0.051725131916754,-0.0760354417523165,-0.131075470073461,0.854923685002921,0.202671170273098,0.278680961018641,0.138588753301026,-0.10374109084812,0.135103568830216,0.101393946813264,0.445077235540559,0.534703663287709,0,0,0,0,0,0,0,0,0,0,0,0,0,0,1
9,-0.536705276572589,-0.365127176121822,0.108612364921863,-0.730636663496602,-0.50221748195487,0.121166641215782,0.008894166143364,-0.218544316868339,-0.0888379852093067,0.159837587189089,0.139469579524927,-0.0125248364655049,0.615480380089594,0,0,1,0,0,0,0,0,0,0,0,0,0,0,0
7,-0.123169299411744,0.512210668645489,0.145779063955979,0.605561824632898,0.448459991371145,0.0723134737415161,-0.111072982012032,0.359752900774891,-0.0674260663271452,-0.027348008891111,0.0582678744065935,0.139541803779629,0.125336831251501,0,0,0,0,0,0,0,1,0,0,0,0,0,0,0
6,-0.109310547627425,-0.219025861206484,-0.0617513992129472,0.454607191972627,1.02077274410954,0.0439892659704305,0.231586457370623,-0.230572147072195,-0.161794670289193,0.0714569693816594,0.0062974358602404,-0.189349906340062,0.0380274199431133,0,0,0,1,0,0,0,0,0,0,0,0,0,0,0
5,-0.0361529885191752,0.405797451136942,0.0585549676222957,-0.301588557856598,-0.432229231823956,0.173418320140624,0.0681835568664762,-0.0865641552083685,0.269341064143983,0.0290461548282487,0.19848410456775,-0.117212717331423,0.208235745980736,0,0,0,0,0,0,1,0,0,0,0,0,0,0,0
9,-0.195367465846595,-0.54863265356355,0.0116497551030862,0.339869705449418,1.05840130875808,-0.0103945181746255,0.158548284393162,-0.554218749859835,-0.0583756984560532,0.154081430217463,0.0184059346254619,0.460612420682997,0.600906259690769,0,0,0,0,0,0,0,0,0,0,1,0,0,0,0
5,0.0639880278989097,0.198516316912514,0.0802034926930644,0.19057779653485,-0.239693270377637,-0.134113001889852,-0.0281778131055149,0.305256394881373,0.0972736756152443,-0.0778384420482795,-0.235302291134906,0.046081261352315,-0.711698743081493,0,0,0,0,0,0,0,0,0,0,0,1,0,0,0
6,-0.199589623097861,-0.235163511351284,-0.11627118309387,0.158430113782354,1.18588013995687,0.263536173830967,0.105697224264802,-0.0115993690261079,-0.0201640829104311,0.110649319411822,0.28051323646538,0.33113381169959,1.00552993821327,0,0,0,0,0,0,0,1,0,0,0,0,0,0,0
6,0.0757168096843744,0.170741487789641,-0.0855871332339651,0.35070029281688,-0.0569049244262812,0.101516130288331,-0.106378470477832,-0.15306458391524,0.148722363641039,-0.0930822366943992,0.0025598163820114,0.0098485708424475,-0.305991741399478,0,0,0,0,0,0,0,0,0,0,0,0,1,0,0
4,0.145317068540495,0.0531961929543863,-0.0443515580414353,1.16248849776676,0.973961170785756,0.182899331263028,0.0647019599883245,0.155775861387642,-0.144201437735,0.242424751787825,0.262574576254143,0.471325300781511,0.511359583357471,0,0,0,0,0,0,0,0,0,0,0,0,1,0,0
5,0.0787022743807521,0.634613223336215,0.106637472878402,-0.695954218468094,-1.29742205080589,-0.121034820792327,-0.130365531774069,0.398038716571845,-0.0741405647011555,-0.0778614021695264,-0.0858651444177631,0.0647274964443613,-0.645505839095707,0,0,0,0,0,0,0,0,0,0,0,0,0,0,1
6,0.0260433385515772,0.296014293827524,0.0655944802919386,-0.199011667200089,-0.411588521096547,0.0126374692154053,0.0968599302992801,0.164736700815791,0.098084050858684,0.0397655196638107,0.0268444388275404,0.0526724311692379,0.253533779423466,0,0,0,0,0,0,0,0,0,0,1,0,0,0,0
7,0.0092820852092987,0.223763331276846,0.0678577297126849,0.537324776580058,-0.17495742287129,-0.0029666910143061,0.0026592681864302,0.020100976674044,-0.0640702080173573,0.0701183461724684,0.0152718953432164,0.0260743349144681,-0.418080998514155,0,0,0,0,0,0,0,0,0,0,0,0,1,0,0
9,-0.135892401797287,0.572065384377557,0.134529382544864,-0.565452802688844,-1.00029286429819,-0.0111256673066525,-0.0448279636137205,0.573467576300841,-0.106220335261952,-0.0215316531802466,-0.0885173905684066,0.123576556960208,0.275186567009453,0,0,0,0,0,0,0,0,0,0,0,0,0,0,1
9,0.0245889704898765,-0.121588011695316,0.0682144800223397,0.0070175622171563,-0.0171558110462736,-0.143728949537884,0.0850749614247779,0.130101773881094,-0.055169364948521,-0.108524269910903,-0.111522049036923,-0.175178946835853,0.334879778039903,0,0,0,0,0,0,0,0,0,0,0,0,0,0,1
9,-0.292236014860895,-0.338462343650757,0.0882427573398681,0.277181063728362,0.199791034903286,0.0542335870471296,0.112636953994477,-0.0765143634426031,0.0621235383592109,0.19387616764659,0.229344126808322,0.256746037755446,0.660087217311284,0,0,0,0,0,0,0,0,0,0,0,0,0,0,1
0,0.15385084668712,0.42501405867749,-0.0158702021703016,0.0653674189742475,-0.644877017749777,-0.122864629460821,-0.0858082319998184,0.216609327482359,-0.278415876593852,-0.291828051564853,-0.138836187384743,-0.237403258104261,-0.72821934143906,0,0,0,0,0,0,0,0,0,1,0,0,0,0,0
3,0.0653695736572491,-0.50699366964597,0.015203118847488,0.253478778492416,0.344819903217983,-0.0223512663475765,0.0099083577681032,-0.446796568659198,-0.144289996579808,0.0518143241594462,-0.0403753186065585,0.149738341407815,0.002818949984597,0,0,0,0,0,0,0,0,0,0,0,0,0,0,1
1,0.0852876762492468,0.230007143777221,-0.0950044447066271,0.125213750835557,0.777222033769705,-0.0136767123270339,0.0963796433425607,-0.15104915946781,-0.0084109873730703,-0.0096830674665426,0.12134521258687,-0.0025600528407608,0.47871851116746,1,0,0,0,0,0,0,0,0,0,0,0,0,0,0
2,0.0860710330927065,-0.0742706795792319,-0.0111877219407587,-0.213872248456217,-0.829626504635845,-0.297670895825843,-0.0696933392282789,0.19156558330184,-0.33263312709675,-0.156257875452482,-0.152660784363377,-0.0099754830575173,-0.587469034068438,0,0,0,0,0,0,0,0,0,0,1,0,0,0,0
1,0.0958913043961029,0.218889835826448,-0.0911804396807098,0.344560977921728,0.511915475389968,-0.0220436132216858,-0.107061897217094,0.109939084377265,-0.0672309200367319,0.0543469390007643,-0.0349108064965621,-0.164247759822632,0.353451525219955,0,0,0,1,0,0,0,0,0,0,0,0,0,0,0
6,-0.0386077671860159,-0.189312605299621,-0.103507075277003,0.0808645050434611,0.156589766440897,0.0731428054085233,-0.0507763025462711,0.0779083374463816,0.0944211693255346,0.138454980138129,-0.0176340464161844,-0.0351264140014148,0.139537508087918,0,0,0,0,0,0,0,0,0,0,0,0,0,0,0
1,0.268404157638796,-0.544682427229969,-0.280098394419187,0.590107605766468,1.29622561049811,0.0834993576533061,0.28540624150161,0.131054981847397,0.0152957442250211,0.178902806560676,0.180310623584513,0.371194698921311,1.03713915781215,0,0,0,0,0,0,0,1,0,0,0,0,0,0,0
5,-0.202445227586515,-0.730236285135076,-0.209630724295391,0.359645598169591,1.22431068385185,0.0154623163997879,0.29674770394567,-0.62696107773958,-0.0591275534236551,0.0473793515221126,0.093421154130371,0.185462831856976,0.852762453250655,0,0,0,0,0,0,0,1,0,0,0,0,0,0,0
2,0.320220819033102,0.7130563889716,0.0888199539141168,-0.480250372752101,-0.68656182778651,-0.0032487535058901,-0.168123554199246,0.487639670913383,-0.106014260000274,-0.217741896883597,-0.0427263765838556,-0.263605273856618,-0.450665922139318,0,0,0,0,0,0,0,0,0,0,0,1,0,0,0
6,-0.0455639183865166,-0.0655576343854825,-0.0474345791610541,0.332035829413672,0.235233679684529,-0.0376583190738642,0.105673289400348,0.0357729982233689,0.185334998279315,0.124949380044327,0.0190249785542198,0.175187917069023,0.440735106871796,0,0,0,0,0,0,0,0,0,1,0,0,0,0,0
2,0.0839328919903619,0.498969157266365,0.170308686765946,0.257134522564293,-0.0165531826406312,-0.269816857043545,-0.112683211513244,0.256283565671826,-0.026895419311269,-0.173060131832411,-0.276621067567182,-0.470453593172195,-0.476830490475584,0,0,0,0,1,0,0,0,0,0,0,0,0,0,0
9,-0.273026812306305,0.304855038916722,0.0529153691865479,0.340187386012398,0.0610563565331467,0.0977278538551074,0.0562998255004285,0.042525584775604,0.158863768511768,0.159093775114791,0.222873313632773,0.0521456024850569,0.935659360251438,0,0,0,0,1,0,0,0,0,0,0,0,0,0,0
8,-0.315629027323413,-0.269893900131275,0.023281015530561,-1.20963401522965,-0.428569363709928,0.0946688286750114,-0.0907346003041645,-0.265737586287275,0.0437068181118223,0.128482225370259,0.100343270363418,-0.0318794502706262,0.520996357923737,0,0,1,0,0,0,0,0,0,0,0,0,0,0,0
5,0.0068533788658316,-0.83303472571588,-0.0192120193907799,0.0386363603835104,-0.122487012700338,-0.0073979198711182,-0.0553615190056579,-0.665852392534334,-0.149438961069717,0.122047640759309,0.0949656543622439,0.23066251023178,0.59833169927142,0,0,0,0,0,0,0,0,1,0,0,0,0,0,0
4,-0.0567376445990172,-0.0894247051409855,-0.0173130943661127,-0.209165150368831,0.0508857223062194,-0.156864250214498,0.002857648631466,0.0355222925221427,-0.145627287610865,-0.182303911265393,-0.189979528777034,-0.0933438501106308,-0.415179479950022,1,0,0,0,0,0,0,0,0,0,0,0,0,0,0
3,0.0699537193996658,0.547286962178661,0.102089445050058,-0.303144027050953,-0.92051129425023,-0.178248280466579,-0.154913365853386,0.584427851160396,0.0152608807021577,-0.164221286337947,-0.155581657408387,-0.286844293735612,-0.947254289063096,0,0,0,0,0,0,0,0,0,0,0,0,1,0,0
5,-0.112425106107665,0.303486804374337,-0.0236930710984114,0.104175870424138,0.148532294346504,0.0664392851324854,-0.0093767634037235,0.160142048859214,0.0028005126827908,0.0304557681231253,0.180005525563178,-0.290214071488307,-0.162979292983058,0,0,0,1,0,0,0,0,0,0,0,0,0,0,0
2,0.19538751275433,-0.0024842518356183,0.11673367119378,0.03551855507892,-0.275566937997848,-0.199107161149341,-0.175694817425881,0.0928023018239433,-0.0599220098638954,-0.229621886506023,-0.256380492433795,-0.0325855087940724,-0.0969692995071469,0,0,0,0,1,0,0,0,0,0,0,0,0,0,0
4,0.244445512604027,-0.0517125299436267,0.0601624518730089,0.154833667161694,-0.213730189142073,-0.158516708756489,0.140221420700019,0.22053920944232,0.110933791693508,-0.0225480751765793,0.0525317342181943,-0.271814467285197,0.260885384403642,0,0,0,0,1,0,0,0,0,0,0,0,0,0,0
2,0.0190967028885649,-0.318497598795054,-0.172183666952123,0.451623847057799,0.507768856085648,0.111572519487735,-0.144967565756119,-0.286128621385589,-0.113149719279933,0.140472277341974,-0.0266107488659633,0.226898871569455,0.562804405485762,0,0,0,0,0,0,0,0,1,0,0,0,0,0,0
6,-0.10827739986036,0.184246489720773,0.0621586343881912,0.032987547523269,-0.429137436868917,0.011960502910584,0.0400346565534229,0.260793483652076,-0.206539311451316,-0.0968485249555232,-0.135119755769552,-0.0426657565798965,-0.569430408045617,0,0,0,0,0,0,0,0,0,0,1,0,0,0,0
9,-0.134627853822359,-0.283017187131383,-0.0180976420197718,0.0530977590470527,0.833082587277874,0.108585315672797,0.317001121480009,-0.340900961980947,0.554965079144818,0.14460754495327,0.231076679411501,-0.051196486805135,0.822379453827195,0,0,0,0,0,0,0,0,0,0,0,0,0,0,0
8,-0.12978560706533,0.0435481926430262,0.0680369100410785,-0.236895246615403,-0.0042190860271968,0.116613492246021,-0.0234809168754834,-0.0063611303043439,0.118064348051554,0.272812343577277,0.0769333182963251,0.262975805169464,0.67607154972292,1,0,0,0,0,0,0,0,0,0,0,0,0,0,0
7,-0.100463853496865,0.508842314613357,0.0107782945274658,0.559821855491086,0.103814654525197,-0.129756568559049,-0.0449639891405521,0.439409877703818,-0.0464503591404618,0.0976731410873376,-0.141060134972974,-0.120302604340403,-0.449553176547728,0,0,0,0,0,0,0,0,0,0,0,0,0,0,0
0,0.121728520388721,0.254213303883491,-0.0519472114514636,-0.767834781303533,-1.0202099907808,0.0012606541741718,-0.0014008485546846,-0.065563382730097,0.0599791822985164,-0.137899587023736,-0.0498417812240581,-0.171345255410537,-0.558062356725832,0,0,0,1,0,0,0,0,0,0,0,0,0,0,0
0,0.165132612301154,-0.025925934549758,-0.0891123533922489,0.0249076129448431,-0.408336260832616,-0.174326713100995,-0.154190734940257,-0.0732505078816906,0.0211901934168817,-0.149794774789156,-0.0310940326042745,-0.0976350054804748,-0.502442528201537,0,0,0,0,0,0,0,1,0,0,0,0,0,0,0
5,-0.082429434717101,-0.972670555452501,0.0147081181893425,0.14398068041153,0.919790337340496,-0.0569548574011921,0.0321921384480857,-0.539559257673627,-0.431759625386736,0.0865533441448752,-0.08694960172609,0.194360942925265,0.351529723447315,0,0,0,0,0,0,0,0,0,0,0,0,1,0,0
3,0.168843522851892,-1.00265194759686,-0.132465099332401,0.471631311843732,0.897843042136848,0.0077966615185386,-0.0075401425022998,-0.484007336331704,-0.0526546826814703,0.190403488201334,0.174528730291788,-0.0717124343912044,0.263870079113399,0,1,0,0,0,0,0,0,0,0,0,0,0,0,0
3,0.0588979593651496,0.461284253323247,0.127575786780546,-0.130433491490297,-0.254694896158842,0.0295976070574241,-0.107347356814254,0.130566366907745,-0.134232714880181,-0.170165448233085,-0.17196786395464,-0.242535388841328,-0.730973542995771,0,0,0,1,0,0,0,0,0,0,0,0,0,0,0
4,-0.0414009859246271,0.0371854813524974,0.0206206831629733,0.150161568872175,-0.130217954681772,-0.0163339447361841,-0.0331446807568656,0.0538346128656252,-0.0497033739283166,-0.13998608687725,-0.24887504125093,0.165309688637654,-0.466327608977181,0,0,0,0,0,0,0,0,0,0,0,0,1,0,0
6,-0.0204341177484766,0.229677166200417,0.196113914804736,0.35705068131668,-0.420301078289703,-0.153003834549098,-0.214554669373878,-0.0504758298995613,-0.1080981869256,-0.0454171164677177,-0.105822719591483,-0.129657497021776,-0.537476765886384,1,0,0,0,0,0,0,0,0,0,0,0,0,0,0
3,0.0430087610381108,0.218211802209928,-0.0010281283884035,-0.741644898752844,-1.1195846060136,-0.211794907579121,-0.0247273653242435,0.139166808088465,0.0430071629326832,-0.178472530257473,-0.0116112377612936,-0.334028059231604,0.0488171810582271,0,0,0,0,0,0,1,0,0,0,0,0,0,0,0
8,0.0922227998790014,-0.205595942497201,0.094508026249896,0.9395377740243,0.572666116930826,0.111487839592937,0.233393953376318,0.238247518103353,-0.0567007508186317,0.0986083814133259,0.157608461355534,0.15979385237686,0.265617945421641,0,0,0,0,0,0,0,0,1,0,0,0,0,0,0
2,0.0514995836158852,-0.113956614472394,-0.108896788562291,0.139129859991711,0.770800145059819,0.0079194449783336,0.241980115504461,-0.163888091000146,-0.0506180739740902,-0.0050246137435177,0.106458487445147,0.0925513381557333,0.578731745334979,0,0,0,0,0,0,0,0,0,0,0,1,0,0,0
4,0.0300291398254281,0.352234787125629,0.0615536148752198,-0.0386725128934312,-0.420743648473835,-0.0631974331169975,-0.0697838326323285,0.0289902366491542,0.154236239781096,-0.207577108290698,-0.183018961702538,-0.0185970291696186,-0.823112861901044,0,0,0,0,0,0,0,0,1,0,0,0,0,0,0
2,0.0800422426499168,-0.49161161898404,-0.0989898313904362,-0.0061361745462377,0.42736088387768,-0.0267153110094428,0.146487802028033,-0.25586292572482,-0.156070683398566,0.100709098737583,0.0252548186790215,-0.190446424289527,0.0361643158077846,0,0,0,0,0,0,0,0,0,0,0,0,0,0,0
0,0.0223724905497622,0.207935444363834,-0.0473158821408672,-0.0522155069610643,-0.0079112969960762,-0.149122993691277,-0.096390832047507,-0.0782139110488941,-0.230941751602173,-0.0424345548870256,-0.105798830197188,0.0447142017734027,-0.640458025496669,0,0,0,0,0,1,0,0,0,0,0,0,0,0,0
0,0.294830868020616,0.305882893606556,0.0755367939472707,-0.217468774795661,-0.938397883439038,-0.143273970234776,-0.0440207549070117,0.200098695199434,-0.254286699321244,-0.219128976552474,-0.16894615116994,-0.129134346025009,-0.80618947914233,0,0,0,0,0,0,1,0,0,0,0,0,0,0,0
6,-0.0381002366380593,-0.216525362904011,-0.0050650034921643,0.140836856824765,0.287924983349967,0.132862776229454,0.0528889584503218,0.057098965733043,0.20949536497575,0.159709325400572,0.058548277264495,-0.0025779623171172,0.227833141921722,0,0,0,0,0,0,0,0,0,0,0,0,0,0,0
6,-0.0641829935906793,-0.129803822604383,0.0112708646936175,0.315641793059336,0.143270943842367,0.154987411859083,-0.0059176167171205,-0.313744421841365,0.113927013454932,0.124434126241322,-0.0199338665442578,-0.0118686980699579,0.272980737934083,0,0,0,0,0,0,0,0,0,0,0,0,0,0,0
0,0.215575162280792,0.904663125304454,0.0635702047679756,0.692271976763667,0.133315560968968,-0.0266554257507605,-0.144942025851434,0.494468237958453,-0.116520677471016,-0.227570482559911,0.0594966501065044,-0.344094328173921,-0.721764495564113,1,0,0,0,0,0,0,0,0,0,0,0,0,0,0
5,-0.0837091555100615,-0.000781438840258,-0.107417660719597,0.322335025508644,0.343053902991713,-0.0006682976246573,-0.158632901445997,-0.0122671603629333,0.0740621612897934,0.0265484533984055,0.017556541315284,-0.307114290684898,-0.04530850908771,0,0,0,0,0,0,0,0,0,0,0,0,0,0,0
7,-0.123082603078597,-0.584295622440949,-0.0926808843283229,-0.164963855981332,0.799305891321186,0.185796534669569,-0.0279925056765354,-0.710372318868959,0.166744187629011,0.331993678435201,0.341014965278778,0.303739530168658,1.16399374722046,0,0,0,0,0,0,0,0,0,1,0,0,0,0,0
6,-0.0715820925835259,0.388703443435083,0.0363314310663856,-0.512920617135664,-0.554616787677031,-0.0402153320463769,0.001636779524555,0.287030981663603,-0.0875366682600685,-0.0277551608664868,-0.115331448872206,0.329357930051336,-0.117600072818388,0,0,0,0,0,0,0,0,0,0,0,0,0,0,1
5,0.0038848924605358,-0.211930957834256,-0.128733770722746,-0.347619148851342,-0.239397498237508,0.0726240575400518,-0.125312469674119,-0.307258117059101,0.0163960946282985,0.0985167239869877,0.155518638369325,-0.07742665793739,0.201100193220838,0,0,0,0,0,0,0,0,0,0,0,0,0,0,0
0,0.299658052593324,0.48802558946206,0.0231992112182101,-0.484484839544983,-1.04084719064178,-0.24637644728148,-0.34371552541724,-0.0292082677904779,-0.188719531802548,-0.292010701371012,-0.397210791051457,-0.448807004178692,-1.304765085987,0,0,0,0,0,1,0,0,0,0,0,0,0,0,0
4,0.1413708395833,-0.16744232196319,-0.0598503852916195,0.355355983663778,0.0787193038860346,0.0562420706562487,0.0511429006324186,0.018970006445099,-0.111358953901062,0.0391083213197408,0.073550518099912,0.398226350432141,0.219880142197456,0,0,0,0,0,0,0,0,0,0,1,0,0,0,0
5,0.0588135717335401,-0.571140746437629,-0.0240011565947545,0.883696504464649,0.944728569657217,0.0190824738214625,0.178067897401076,0.168920361943614,-0.0705466358651806,0.0624121445529654,0.0046634404887433,0.16011855650856,0.24686125795938,0,0,0,0,1,0,0,0,0,0,0,0,0,0,0
3,0.0355406385818286,0.124302694301496,-0.107679982994811,-0.18282919401564,0.0375442449349633,0.0584690544426298,0.0852048953028585,0.108605659330447,0.197245975368152,0.199554072013856,0.104655982438539,0.206179885042626,-0.136775577959389,0,0,0,0,0,0,0,0,0,0,0,0,0,0,1
0,0.393012277201093,-0.353691491804831,-0.119581039104623,-0.621238256427642,-0.950986066147906,-0.0906354478481124,0.0071896841224643,-0.312156224676102,-0.209063155472639,-0.19859636949719,-0.273355051134842,-0.229098871288839,-0.495516066579363,0,0,0,0,0,1,0,0,0,0,0,0,0,0,0
8,-0.293648518882443,0.007325070379877,0.0410527922262299,0.406311913719499,0.636802211491811,0.164966509430555,-0.0652803537471327,-0.108680304884036,0.079266690323241,0.0758148720842615,-0.148831396396077,-0.185578071088005,-0.252937628645572,0,0,0,0,0,0,0,0,0,0,0,0,0,0,0
7,0.0976105663862439,-0.0257256342575402,0.180364885798092,0.214005022930752,-0.617933105483028,0.0178278668161288,-0.0077656099642175,0.100709054960979,0.129776056988444,-0.0122753484357194,0.0718255517508158,-0.3449942141599,-0.110230697649803,0,0,0,0,1,0,0,0,0,0,0,0,0,0,0
9,-0.191826565881071,0.275907957302786,0.0002353907870757,-0.101054523207719,-0.247986702105209,-0.0104465926968463,0.162488513988211,0.32706279363437,0.14605869232061,-0.11448414962173,-0.0641643453496527,-0.111761461752725,-0.480963161213166,0,0,0,0,0,0,0,0,0,0,1,0,0,0,0
2,0.100647290932128,0.129960585173902,-0.0275523906657735,-0.675620118379176,-0.948461070804347,-0.144113298988201,-0.240065298199323,0.11025024132231,0.0679222612511871,-0.112272569541502,-0.178772867219167,-0.277346183132847,-0.690349191667032,0,1,0,0,0,0,0,0,0,0,0,0,0,0,0
5,0.0366946294940493,-0.0976423115728726,0.0683607308738581,0.293262136573957,-0.0980031603075416,-0.205680063502271,-0.127269401451881,0.053300055116324,-0.132179185238598,-0.0648749861899999,-0.0686529288096275,0.135581587051719,0.129215501804311,0,0,0,0,0,0,0,0,1,0,0,0,0,0,0
4,-0.0543057984822098,0.303794963704869,0.0002331137750378,0.111140105063661,0.595482944533698,0.0449228524229055,-0.0715190840623494,0.399018423199558,-0.137811748864906,0.038299161691699,-0.0080353019388397,0.0299407675266445,0.0336304648630654,0,0,0,1,0,0,0,0,0,0,0,0,0,0,0
0,0.270856581597698,0.423470454869286,-0.0255853745504707,0.0571713673892504,-0.341864173964188,-0.138504502281128,-0.184122776157482,0.226030020904954,-0.0979569332150001,-0.164853935794488,-0.239323263319844,-0.0446389017745452,-0.750658824960089,0,0,0,0,0,0,0,0,1,0,0,0,0,0,0
9,-0.0266896317302344,-0.651983797729344,0.135514065624554,0.133495939363627,0.755237784724033,0.0358084525982579,0.127045299607884,0.130179065687976,-0.165812668478898,0.0830422481702265,0.108164532647064,0.150039850795037,0.57605731107599,0,0,0,0,0,0,0,0,0,0,0,0,0,0,1
0,0.268362931878669,0.200965763496547,-0.0681139380835505,0.310060812697198,-0.783265697821149,-0.151395093068878,-0.249696352056405,0.157975242742463,-0.113339047058903,-0.181880404849733,-0.214620610039284,0.10579966273037,-0.668304446661623,0,0,0,0,0,0,0,0,0,0,0,1,0,0,0
7,-0.0235514985943232,0.218916388014302,0.0740926911361236,-0.0162427199760848,-0.595579932230704,-0.0407248816027374,-0.108347093698221,-0.114181339260624,0.289712548497501,-0.240751648716952,-0.122229067771287,-0.116350841500927,-0.791385295148578,1,0,0,0,0,0,0,0,0,0,0,0,0,0,0
4,0.036796684001707,-0.208784211614232,-0.0161703352431506,-0.434130589823071,0.235175689113056,0.127989960129274,0.0952086516974542,-0.0577780168981815,0.167924216719596,-0.0073779596246232,-0.0545812562434932,0.147733565397136,0.282539288652363,0,0,0,0,0,0,0,0,0,0,1,0,0,0,0
6,-0.150938854041089,-0.359934110859477,-0.0343239602511099,0.205683323617582,0.917622797124604,0.126579408426661,0.253337378937133,-0.141251849540231,-0.113670037994121,0.0525761887515609,0.0508334603573422,-0.113387438576689,0.76841852219366,1,0,0,0,0,0,0,0,0,0,0,0,0,0,0
5,-0.010188400645271,0.0524211094372883,-0.0093600491978388,0.235521291864893,-0.0583344471071176,-0.126327415175419,-0.223558460819425,-0.252472684231785,0.111827647677511,-0.0004766528640755,-0.0950526361211766,0.117929141342093,-0.560577982893293,0,0,0,0,0,0,0,1,0,0,0,0,0,0,0
9,-0.323839355708244,-0.248390081687417,0.188399210733775,0.244805246288889,-0.21617903688317,0.141975035535318,0.0951856649148993,0.216925248421334,0.0407303429552614,0.180953270821117,0.187907198086271,0.179813899295971,0.892168260785681,0,0,0,0,1,0,0,0,0,0,0,0,0,0,0
1,0.199665433199778,0.525696058103792,0.110592611969248,0.0278612062603724,-0.178342271724688,0.0312733399810203,-0.129516205527456,0.0937177385547627,-0.0040252597311049,-0.056078834140283,-0.0972391631854996,0.0699088376223848,-0.335006248819956,0,0,0,0,0,0,0,0,1,0,0,0,0,0,0
1,-0.047554523930481,-0.763892698344576,-0.137272641709335,0.321220199558053,0.58388536636138,0.0901270898001964,0.113007250999286,-0.712016526592654,-0.370236275778351,0.0473020747566866,-0.0294818653576657,0.223764199595887,0.340545061970411,0,0,0,0,0,0,0,1,0,0,0,0,0,0,0
6,-0.167650407508971,0.577536158211308,-0.0045700525116469,-0.493790000257369,-0.0075804486629219,-0.0700856034229341,0.205876989840207,0.286195227009485,0.0672353421657802,-0.0245591970440188,0.107092811575908,0.198141135712686,-0.0010684463740981,0,0,0,0,0,0,0,0,0,0,1,0,0,0,0
9,-0.201274789908491,0.462448883601379,0.146587220942345,-0.246586950925184,-0.431969272551591,0.0604484653122432,-0.129926057662693,0.0779701897541319,0.234940126585219,0.0890910015470798,-0.0005857271839072,-0.0781974069198143,0.403490112610016,0,0,0,0,0,0,1,0,0,0,0,0,0,0,0
1,-0.0289023653755857,0.914380135069096,-0.0403106891870524,-0.349219234206033,-0.389332171964005,0.0613537088728854,-0.0816664100729946,0.253704754215727,-0.1432933563289,-0.0784051920274895,-0.0223103946696447,-0.231360083904433,-0.770040052740445,0,0,0,0,0,0,0,0,0,0,0,0,0,0,0
6,0.0445422226424236,-0.574457117289961,0.023283028803064,-0.178673124156257,-0.62287818875278,-0.0629637598208684,0.10037266718265,-0.493976219620361,0.0873241995532635,0.036404540805219,0.0213745705189861,0.235166466204619,0.082525723333898,0,0,0,0,0,0,0,0,0,0,0,0,0,0,1
9,-0.221259729940114,-0.698446378816048,0.0322187445423226,0.282184072609831,0.781778706001545,0.0085284049005975,0.147707672626296,-0.493750963006189,0.246493170572376,0.272681795681388,0.0813485033899855,0.310939890254016,0.292537231420324,1,0,0,0,0,0,0,0,0,0,0,0,0,0,0
9,-0.100638812792791,-0.0934117072862652,0.0027000449293762,-0.240887846150004,0.249584374884959,0.0887962928124549,0.107197343328241,0.0460065230826206,-0.099028699820473,0.129152418853528,0.0434107332879186,0.0330383211977527,0.0023335046970873,0,0,0,1,0,0,0,0,0,0,0,0,0,0,0
5,-0.0606426798942452,0.0686785440445421,0.0293828143797175,-0.619302629922558,-0.785796178816813,-0.0137817572782524,-0.0865292292949589,0.15758448420171,0.03206083837077,-0.06347789159788,-0.0567340163278281,-0.0673006365183321,-0.732013107431802,0,0,0,0,0,0,0,0,0,1,0,0,0,0,0
1,0.0395317051891792,0.473430497706414,0.150203561665325,0.25706797158503,-0.210432252194013,-0.148085252835394,-0.061252798011718,0.142173208594493,-0.208731548962834,-0.08894780671244,-0.0860600527410129,-0.151744101524503,-0.372820960465721,0,0,0,0,0,0,0,1,0,0,0,0,0,0,0
4,0.0065647836014364,-0.212270660472752,-0.210795211837314,-1.37673274498435,-0.0482744336426694,0.121193356379837,0.041853282475112,-0.0759854360177757,0.0416612740316643,0.0848231640164161,0.295228349531935,-0.0575135727624417,0.377802734115139,0,0,0,0,0,1,0,0,0,0,0,0,0,0,0
0,0.144869410038219,-0.0215831359344225,0.0020682567032127,0.314561156166143,-0.161030918038897,-0.154434182019757,-0.210197134533721,0.343769180062433,-0.124094749814986,-0.0714162098939362,-0.248861806217134,-0.055801127295727,-0.313515956575327,0,0,0,0,0,0,0,0,0,0,0,0,0,0,0
5,-0.104200866195597,-0.0061122307615361,0.0295209544349204,-0.353670303862583,-0.119549069512271,0.0685309285139574,0.101350925464744,0.0066448138020875,0.200130537317103,-0.0470427657619492,-0.0710189827252293,-0.0503284725232226,-0.299491178163698,0,0,0,0,0,0,0,0,0,0,1,0,0,0,0
9,-0.169585964970038,-1.01953721430627,-0.141729461873022,0.511683344414191,1.15035172659788,0.0099634241669554,0.0920791855530428,-0.596820223719033,0.144728019380274,0.279511377864997,0.253758424900851,-0.0533164529459812,1.10790787354446,0,0,0,0,0,0,0,0,0,0,0,0,0,0,0
6,-0.220929974687874,0.444078041153418,0.0692269459737252,-0.0101549911692273,0.0755673543144436,0.0423768364491285,-0.209740250167387,-0.141769928485923,-0.06233354741875,-0.0557032959328299,-0.200382894685601,-0.0535663157347654,-0.559409781049952,0,0,0,0,0,1,0,0,0,0,0,0,0,0,0
7,-0.140529555960385,0.0063145484631606,-0.0865009516146566,-0.121389515445644,0.672263425951985,0.139620189557245,0.177367021251186,-0.265855530657491,-0.0364470781733796,0.101377914653572,0.176074358273594,0.308188420362031,0.817477188931381,0,0,0,0,0,0,0,0,1,0,0,0,0,0,0
0,0.228262125607371,0.154710294330771,-0.040619481608958,0.233982936407253,0.230421896030359,0.0270712642128536,0.032858202147148,0.291295444072411,-0.127332497635622,-0.146848882012625,-0.0546574189315151,0.0064589473427479,-0.0815307052248244,0,0,0,0,0,0,0,1,0,0,0,0,0,0,0
0,0.338963095481729,0.604996799103318,-0.0219191193670808,-0.136705065162296,-0.873373251669109,-0.20521038186755,-0.172275570849126,0.3682028570628,-0.258151378402036,-0.358574110727438,-0.311231543586789,-0.211408615837397,-0.930830001760683,0,0,0,0,0,0,0,0,0,0,0,1,0,0,0
9,-0.249379874664642,-0.0924074091728019,0.159478636980361,-0.373868660215659,-0.638091051730115,0.100358148408904,0.155072734572502,-0.0105065325754256,-0.0761759150863226,0.162954309083552,0.3107376222172,0.108151801228587,0.914668837403118,0,0,0,0,0,0,1,0,0,0,0,0,0,0,0
6,-0.132036272740982,-0.0891030396684942,0.0164193240944854,-0.40895047547433,-0.008962635011471,-0.0694711040997736,-0.102366464642792,-0.153016168687463,0.0207123499504035,-0.0794696371769162,-0.0576161116462921,-0.227290477725601,0.28305966718055,0,0,1,0,0,0,0,0,0,0,0,0,0,0,0
4,0.01297822346738,-0.185692774832001,-0.0596947519547584,-0.343549995235722,-0.148001142175893,-0.117271086973231,0.0425134319368552,-0.072963591397433,0.0386062639620354,0.191881967203538,0.141760751172197,-0.0284053120408971,0.146284950368038,0,1,0,0,0,0,0,0,0,0,0,0,0,0,0
9,-0.153624320742275,0.306773260157528,-0.0127909886727934,0.190982878654876,0.256666304060029,-0.0598467524655314,0.11107258233099,0.139442424554212,-0.0809736002091869,0.0121295486429458,-0.0698389281645706,0.0988503096038707,0.184906645638453,0,0,0,1,0,0,0,0,0,0,0,0,0,0,0
7,-0.106932938621187,-0.343601777763969,-0.0311816092362709,0.398111464269912,0.842204552754301,-0.000874180420142,0.154587151719381,-0.29462024234189,0.0020609468174485,0.0830686435748031,-0.0245564948387151,0.31191244787147,0.197781062945959,0,0,0,0,0,0,0,0,0,0,0,0,0,0,1
5,-0.0785868490626287,-0.247282742439821,-0.185175394608932,0.0619897623635047,0.100048283343997,0.0734545435847139,0.0842587057105241,-0.462900686044529,-0.0267886316929792,0.0356695583930089,0.148847477823732,0.299722633461012,0.173385086115676,0,0,0,0,0,0,0,1,0,0,0,0,0,0,0
8,-0.28986745936975,-0.0931668327999628,-0.0874320796083809,-0.433060122172346,0.410699804077417,0.114366935447054,-0.10714791753032,-0.107131226220942,0.158651808331062,0.0488454615743683,-0.0284433893677837,-0.0570716808694119,0.438539438383631,0,0,0,0,0,0,0,0,0,0,0,0,0,0,0
2,0.158976381574289,0.698740272344284,0.0276897391424366,-0.480950271377662,-0.781536570282494,-0.0584691389367623,-0.172326456922499,0.521962330257061,-0.0760875509352203,-0.0930678575529696,0.0394184035856693,-0.0613321703622185,-0.309977908200976,0,0,0,0,0,0,1,0,0,0,0,0,0,0,0
4,-0.121198774838662,-0.315908431554271,-0.0036754828286919,0.921776979224058,1.46284291499638,-0.0172973449626429,0.238974732614474,-0.144247879357062,-0.356326160152179,-0.0152010736742809,0.21008726147207,0.195899081069964,0.532752936644342,0,0,0,0,0,0,0,0,1,0,0,0,0,0,0
2,0.139822423347726,-0.0887537276061566,0.0173542220153147,0.105954786657072,-0.18412097985328,0.0082904965552322,-0.156234334137552,-0.0739562588847456,-0.107569604715542,0.0382866927048904,-0.160569061065861,-0.147742828325422,-0.288543813436417,0,0,0,0,1,0,0,0,0,0,0,0,0,0,0
7,-0.13781608998894,-0.431018680062866,-0.0709679792495309,0.0701943368177606,0.550198745027135,0.195319388117336,-0.0161207524230357,-0.509908321168293,0.0217395526864418,0.176725563584564,0.233606461423741,-0.080058700341464,0.762774571880134,0,1,0,0,0,0,0,0,0,0,0,0,0,0,0
8,-0.106205958017314,-0.114856265155468,0.105485008436484,0.0666083555336165,-0.200668889472242,-0.126943632433262,0.0416724142942529,-0.239562338044697,-0.169916804142582,-0.11859878069147,-0.110888382202348,0.188326018817809,-0.351176950256073,0,0,0,0,0,0,0,0,0,0,0,0,0,0,1
6,0.0144275431297136,0.130021794807674,0.0551034051381082,0.0878649805944846,0.0434298157241632,-0.06223308992665,-0.136355661421865,0.139111473053496,0.0496508189775305,0.0360086597710064,0.0200585817491938,-0.213316558266003,-0.0531201150371402,1,0,0,0,0,0,0,0,0,0,0,0,0,0,0
0,0.360915355313824,-0.37558434386293,-0.143009775154385,0.402246407111169,0.480151545379672,-0.140786929835394,-0.012190700668941,-0.220257245495727,-0.0818194881201058,-0.133151418560332,-0.119270920310852,-0.0623643380488539,-0.178686069674255,0,0,0,0,0,0,0,1,0,0,0,0,0,0,0
0,0.424990232279647,0.847095345011334,0.0096611820234544,-0.786534909011564,-0.77003070781173,-0.0763637992259512,-0.0539380441738379,0.612376159896474,-0.079576376608071,-0.231775739050791,-0.0648932486402521,-0.471777023595645,-0.401998212433442,0,1,0,0,0,0,0,0,0,0,0,0,0,0,0
6,-0.133150318934707,0.495976328352067,-0.0087563904869212,-0.373891410115879,-0.72557961858254,-0.0346417391569307,-0.288173247683925,0.124460297030377,0.261888916483077,0.0173448842952993,0.0018014147484448,-0.222342063578207,-0.577807243375642,0,0,1,0,0,0,0,0,0,0,0,0,0,0,0
9,-0.256542910189532,0.579743977803918,-0.0064543005822543,-0.396099527903163,-0.743574365482238,0.0068945760071569,-0.167619737775627,-0.142786171793901,0.15486627473154,0.0049995973590437,-0.0823948428088989,-0.016131165134368,-0.282208683049351,1,0,0,0,0,0,0,0,0,0,0,0,0,0,0
8,-0.240901371795693,-0.804180178091261,-0.0257855640501439,0.0369865986850239,0.860400164814941,0.204923194415968,0.241410821006998,-0.431951709900564,0.128393053308216,0.220801383750957,0.196575078267331,0.332009600000912,0.908164242260387,0,0,0,0,0,0,1,0,0,0,0,0,0,0,0
9,-0.0532981351520558,-0.225750895764696,-0.0902148940999103,0.0114411552430498,0.123933311850596,0.166695496968509,-0.0250522442628876,-0.20560767639525,0.454441970528309,0.17025006192781,0.077627616743787,0.0096226347455932,0.215161606181761,0,0,0,0,0,1,0,0,0,0,0,0,0,0,0
4,-0.014462744006041,-0.0650267685168826,-0.0349122532510712,-0.348811259772616,-0.633470915215251,-0.0343216735340184,-0.113269138139797,-0.389412928123069,-0.20610926286991,-0.0402102756502628,0.0837373738414542,-0.141289656264236,0.0510664509063585,0,0,0,0,0,0,0,0,0,0,0,1,0,0,0
9,-0.180757277719553,-0.175195138150719,0.0226632368008467,0.415728865627337,0.507609399919055,0.111829198230433,0.237798706635269,0.201759720073119,0.0130489389742876,0.195695231626146,0.192196072375346,0.318288710161196,0.678829115717457,0,0,0,0,0,0,0,0,0,0,0,1,0,0,0
8,-0.112931281673159,0.0158843720813203,0.206099211080402,-0.307068829264068,-0.430039337259293,0.0097320644132815,-0.0423728125965058,-2.88950380139263e-05,-0.113448540258308,0.0759328219942174,0.0552016519560716,-0.130330884871094,-0.0434089096896035,0,0,0,0,0,0,1,0,0,0,0,0,0,0,0
7,-0.091706162436995,-0.165680923062923,0.0285482868982621,-0.473943930387975,-0.293456594611132,-0.0452862274369844,-0.0330911537338639,-0.0603989888969822,0.170544661235535,-0.0255535910298426,0.160332373981792,-0.125719647790661,0.297823119389917,0,0,0,0,0,0,1,0,0,0,0,0,0,0,0
4,0.0208102133495416,-0.364600570300078,0.0392825833039093,-0.891872028711635,-0.544511598223855,-0.0566683852877585,-0.0367749149090655,-0.580665239311265,-0.0684905360430421,0.0303427568060525,0.0119268676668918,-0.0009026170507053,0.276491301645323,0,0,0,0,0,0,0,0,0,0,0,0,0,0,1
4,-0.0951712891218021,-0.0487312864256376,-0.117268529499605,0.132361543846046,0.520128404148622,0.169929091709213,0.200871086978044,0.232606474571261,-0.0221870244771534,-0.029817430659231,0.126972057490378,0.0335621412710891,0.0158384856901714,0,0,0,0,0,0,0,1,0,0,0,0,0,0,0
7,-0.124427303325494,-0.152549562393194,0.0209318246327753,0.0094609472014854,-0.172512783983858,0.107710716790389,0.199774952857834,0.121352254446322,0.0570893803405579,0.0086438700544076,0.138848799309571,0.0588962325442028,0.235071408461228,0,0,0,0,0,0,1,0,0,0,0,0,0,0,0
6,-0.0868317442290707,-0.89069732176697,-0.091503793615196,-0.210391631795502,0.0450167028271747,0.0808696071594613,0.0227777411697319,-0.509185773445927,-0.0013067099769953,0.101414356109178,0.109367654843603,0.208703465886379,0.603364733965162,0,0,0,0,0,0,0,0,0,0,0,0,1,0,0
3,0.0094495048593789,0.532909966760577,0.141801942734669,-0.0473014865637818,-1.03499608960796,-0.0906405319481475,-0.0013236539088903,0.154500603169204,-0.217266532846836,-0.247768155649629,-0.213038161954348,0.161484857449891,-0.733535155298335,0,0,0,0,0,0,0,0,0,0,0,0,0,0,1
3,0.0003278326081782,0.344649155012679,0.10102685300661,-0.229158029592066,-0.899517114209882,0.0295307980669532,-0.256224562261867,-0.106327905661977,-0.0824808354376065,-0.0518219295177039,-0.111773759068968,-0.0663470698293578,-0.964707562350063,1,0,0,0,0,0,0,0,0,0,0,0,0,0,0
9,-0.441238178316966,-0.268171849158172,0.111370339892185,0.770379889578831,0.698167205832761,0.117195114762828,0.222233214610899,-0.218740978523327,0.10943914196945,0.184291655080481,0.0951000740044701,0.508732911365494,0.689041813767235,0,0,0,0,0,0,0,0,0,0,0,0,1,0,0
6,-0.0634829040230124,0.330789395505316,0.0262052447978061,0.306991623774619,0.0775743568230406,0.0239058099250629,0.0612892133775008,0.526681316625545,0.0527985626213899,0.0243990566044153,0.0253352737445611,0.0577348435453659,-0.161322641581595,0,0,1,0,0,0,0,0,0,0,0,0,0,0,0
4,-0.0261681027116193,0.472439192492033,-0.103246745689536,-0.658781934933844,0.182397338240247,0.0368560125869149,0.048483221406414,0.118482168151289,0.194865983838117,-0.0305635446383853,0.0017338343226023,-0.14703981545467,0.313227502412569,0,0,0,0,0,0,0,0,0,0,0,0,0,0,0
6,0.0127197415627462,-0.147992423482109,-0.0250383725630166,-0.0141870319826602,-1.02031506211678,-0.0859972800909759,-0.0016352712679283,-0.0580834823071258,-0.0104277145979802,-0.0484117414621132,-0.088990858034148,-0.0720989690673399,-0.956574847604912,0,1,0,0,0,0,0,0,0,0,0,0,0,0,0
2,0.0779803692155656,-0.208083042040224,0.0856396768150711,0.43073676872279,0.0478982457030319,-0.029261045475582,0.019549775245468,-0.249992983850984,-0.265831004979862,-0.0922863615470322,-0.0318111222423952,0.444668073546265,-0.151139472316703,0,0,0,0,0,0,0,0,0,0,0,0,1,0,0
3,0.194124031215018,-0.668306666750137,-0.0084504245097067,0.497263905744345,0.576560904067386,-0.0257569234843565,0.125918001378326,-0.125043783403633,-0.0172698869535631,0.0162781275882622,0.0219304725806281,0.0539999821111353,0.189818256464713,0,0,0,0,0,0,0,0,0,0,0,0,1,0,0
5,-0.0328542596053565,0.0280089021713932,-0.0133728081944028,-0.2740029983776,-0.0579387873594823,-0.117339828611529,0.0745923487265702,-0.21060768610119,-0.005191575731837,-0.162135761659482,-0.0215280614783722,-0.115014250092021,0.218311163367529,0,0,1,0,0,0,0,0,0,0,0,0,0,0,0
0,0.0956729821980534,0.210141466868579,0.0143250624848631,0.165391181903437,-0.0704903180034762,-0.114291392176957,-0.123659844452526,0.0833669738401519,-0.0693175867917172,-0.186774419066362,-0.164759306915628,-0.119205213465092,-0.642961140213855,0,0,0,0,0,0,0,1,0,0,0,0,0,0,0
6,-7.84718606694646e-05,-0.270716525632534,-0.06714253289313,-0.382597562840312,-0.200823608563254,0.230252633597849,-0.0709416272527986,-0.0433127182769894,0.12283604123695,0.123725674239852,0.066299626517195,-0.0272075633058313,0.190668145341914,0,0,0,0,0,0,0,0,0,0,0,0,0,0,0
9,-0.214163099378672,-0.36507765094674,-0.0436419133539091,0.555222477538319,0.477650330549969,0.196376477969076,0.166981664472834,-0.167156789443643,0.0119876246476565,0.240615353720874,0.150085600479578,0.406410347835325,0.46221792530318,0,0,0,0,0,0,0,0,0,0,0,0,0,1,0
7,0.0572151291832338,-0.410732809380283,-0.0387318641249578,0.366542262348575,0.756936856492966,0.0866259631988654,0.295406527648582,-0.131051745997094,0.0288179976867707,0.245366835006395,0.108228302377215,0.395304252700742,0.552212133032148,0,0,0,0,0,0,0,0,0,0,0,0,1,0,0
8,0.117534387745562,-0.294919661627036,0.0366670088829237,0.121758905595782,-0.0784813393065251,-0.0837251022410692,-0.0861326895985107,0.233677903772996,0.207329933112339,0.0508711526270125,-0.0006686552646974,0.296685306198745,0.0420692284307667,0,0,0,0,0,0,0,0,0,0,1,0,0,0,0
0,0.27643094753973,-0.235896098513274,-0.0803555721526625,-0.0325382265672592,0.0297260012391845,0.10373986037191,0.200659439494015,-0.0188511195136121,0.0758953273892407,-0.120213166972214,0.102706154467407,0.121916041961611,0.329933669177405,0,0,0,0,0,0,0,0,0,0,0,0,0,1,0
4,-0.0678464344254109,-0.25420261523397,-0.0780685288223886,-0.0540487432990865,0.102166977563478,0.151304506645088,-0.0069372615622602,-0.166947934136819,-0.171498219271089,0.0519573759263672,0.153573505340488,0.280733949589532,0.171820709543959,0,0,0,0,0,0,0,0,0,1,0,0,0,0,0
2,-0.0191350498631389,-0.188399966277348,0.0495719839131799,0.277629466960922,-0.275911243539863,-0.111712242751509,-0.123046363346385,-0.417234190927429,-0.149867050671463,-0.108829495443085,-0.221435479517897,0.14216290837895,-0.0493170888800229,0,0,0,0,0,0,0,0,0,0,0,1,0,0,0
1,0.232004558848338,0.315286538267886,0.0404418162212236,0.206818413474863,0.311479668745927,-0.162106062159946,-0.148273036303584,0.197130529256302,0.0524380818953842,-0.128366289742741,-0.242743249906665,-0.19309660210639,-0.804022794703147,1,0,0,0,0,0,0,0,0,0,0,0,0,0,0
0,0.340035257671748,0.437017194800257,-0.10079516896964,-0.65951482213043,-1.2302548362841,-0.16352090520948,-0.101336825916787,0.573470866964381,-0.0212800244224164,-0.105239819843515,-0.188115700892765,-0.263307269282918,-0.985435594966005,0,0,0,0,0,0,0,0,0,0,0,0,0,0,0
5,-0.0698731308888328,0.0235677990052278,-0.0185674554806907,-0.17129191660636,0.384910756426632,0.0971096977876221,-0.0534153256209778,-0.106187762227392,0.118273631806791,0.0244990045673685,-0.0744761895170953,0.111862638315083,0.0103334914838275,0,0,0,0,0,0,0,0,0,0,0,0,0,1,0
6,-0.101824293538994,-0.224796830031268,-0.0047924850204601,-0.671235140388414,-0.387639736011412,-0.0784724933335821,-0.184784934831557,-0.0502974603708175,-0.13655170576422,-0.0558719635141256,-0.19831019848594,-0.28359260811393,-0.377409214243849,1,0,0,0,0,0,0,0,0,0,0,0,0,0,0
8,-0.130047854167121,0.925969733813288,0.153644202106124,-0.28618429537739,-0.85928330631078,-0.0460660251934231,-0.198500204161444,0.466147854570174,-0.0072812285102858,-0.0424405372828199,-0.229087285606955,-0.139625407887955,-0.452304337153133,0,0,0,0,0,0,0,0,0,0,0,0,1,0,0
2,0.221018759736859,0.169804884198821,0.0033477287405214,-0.359606414240301,0.0785606490073241,0.0226799880510994,-0.199227961167504,0.149793542563493,0.0271093351812204,-0.201406181227155,-0.160511536116961,-0.411050625138499,-0.309396497908038,0,0,0,0,0,1,0,0,0,0,0,0,0,0,0
