target,Anthoc,Brix,BunchN,GrapeW,NDVI06,NDVI08,pH,Polyph,Potass,SPAD06,SPAD08,SproutN,WoodW,Treatment_T1b,Treatment_T2a,Treatment_T2b,Treatment_T3a,Treatment_T3b,Treatment_T4a,Treatment_T4b,Treatment_T5a,Treatment_T5b,Treatment_T6a,Treatment_T6b,Treatment_T7a,Treatment_T7b,Treatment_T8a,Treatment_T8b
8,-0.188468141974163,0.0691429569370917,-0.532901721674755,-1.05451017065381,-0.0525889444313691,-0.146532573160809,0.0143429523141312,-0.0489659348700475,0.0166514027588297,-0.054262594272216,0.0458273078948472,0.06880454369397,-0.134426539110101,0,0,0,0,0,0,0,0,0,0,0,0,0,0,1
9,0.28996369324718,-0.0402039183759031,0.131399110347777,-0.0200407911383238,0.0233098198498905,-0.247770793825239,-0.0685413881521316,0.161609212177652,0.049460742499893,-0.0498730213732296,0.115519061993102,-0.0962037479544408,0.188410252142046,0,0,0,0,0,0,0,1,0,0,0,0,0,0,0
9,0.859909218092043,0.19702134025358,-0.25737177306663,-1.25128469861128,-0.169141644584236,-0.231990311517323,-0.0463353170302175,0.802488541039073,-0.0602610826762092,-0.112029292924084,-0.120524810827514,-0.0601458897520138,-0.40875601181055,0,0,0,0,1,0,0,0,0,0,0,0,0,0,0
0,0.2012991342792,-0.0570051311424628,-0.840825947864982,-0.459498102940694,0.0198123720643227,0.230039377637129,0.037079393269452,0.155864800565858,0.219783604225186,-0.075078046261843,0.0883118616915407,-0.039179222926358,0.11375406789924,0,0,0,0,0,1,0,0,0,0,0,0,0,0,0
1,-0.195064940134132,0.145250086929875,-0.0224808831808165,-0.13082665379678,-0.0217242071316902,-0.110427797916901,0.0438796223731388,-0.257457240715362,-0.058235923251055,0.0269620412758758,-0.0382976131364638,0.119970233149007,0.0620992339236255,0,0,0,0,0,0,0,0,1,0,0,0,0,0,0
9,-0.0994078737207024,-0.0437199558693021,0.415323603702674,0.777908925698098,-0.0323331249674522,0.0176845430588202,-0.0690169300089008,0.165304934498945,-0.0439259161242919,-0.114775556025532,-0.0705684664691874,0.194903016162547,-0.629314147362944,0,0,0,0,0,0,0,0,0,0,0,1,0,0,0
7,0.2649813550407,-0.0321321890397188,-0.654087425365901,-0.875556610504614,0.0009655984458022,0.0734036428057773,-0.0220935158986924,0.420732231566807,-0.155589989864667,0.0042589369743264,0.0348264311139466,-0.017086939136887,0.105964858920213,0,0,0,0,0,1,0,0,0,0,0,0,0,0,0
1,-0.393553588547287,0.0068518839112715,0.107898028446585,0.171408589298773,0.209475470696241,0.164834150174343,0.0803304359603504,-0.358826860331604,0.0729038495183923,0.162662605129267,0.205224236141152,0.455821983510567,0.614389064834881,0,0,0,0,0,0,0,0,0,0,0,0,0,0,1
3,-0.0753238401800371,-0.109716023287677,-0.346301512364565,0.387901243543087,0.233240159682782,0.0242923697066763,-0.0089513082659676,-0.309800560582602,-0.0688666066398067,-0.0008699859363679,0.0020383913399245,-0.001791843174992,0.466369191522921,0,0,0,0,0,0,1,0,0,0,0,0,0,0,0
1,-0.0547255129708502,-0.0960886135298673,0.031946059875791,0.304675680488106,-0.0525993506810072,0.13309812332809,-0.0163009314864135,0.0640626028886316,-0.0694345128661178,-0.0100972510060856,-0.0500229876420911,-0.0851579736975363,0.0881961288381168,0,0,0,1,0,0,0,0,0,0,0,0,0,0,0
8,0.266652671707337,0.0284701231576086,0.485242724337446,0.186300932922864,-0.0873011058518194,-0.237699777917792,-0.0344646203425646,0.164957277385594,-0.0139195732868827,-0.0724101971835501,0.0053360295630128,0.192636393783022,-0.0704554765100435,0,0,0,0,0,0,0,0,0,0,0,0,1,0,0
4,0.128834255785355,-0.0480712598547571,-0.0149545258910584,0.362345157520496,0.201329290644113,-0.004527994415156,0.0272216753585057,-0.0331193296434852,0.0867514301914783,0.0859179122126535,0.103033868691444,0.0653583546528255,0.108971763509928,0,0,0,0,0,0,1,0,0,0,0,0,0,0,0
0,-0.0080459644126792,-0.0144865593833286,0.023112553076221,0.630448311174876,0.202850245190324,0.167878382621806,0.0807054648449808,-0.0463124087809483,0.162527290405375,0.315067330582928,0.277046559147781,0.232338178101963,0.54171269086434,0,0,0,0,0,1,0,0,0,0,0,0,0,0,0
9,0.497847579789347,0.102158114490536,0.129974192546683,-0.181873656922511,-0.127141763895974,-0.0376931367929136,0.0006060846773924,0.366673170410524,0.005687190771732,-0.0409481681160642,0.0684020152437592,-0.234781951368696,0.0890989181398782,1,0,0,0,0,0,0,0,0,0,0,0,0,0,0
0,0.166472545135266,0.217054419720027,-0.250253836376259,0.0905995517254528,0.120383427325485,0.226952329070869,0.11015340171414,0.0393920701274576,0.0448070352010266,0.0987035137123321,0.0971772223902092,0.354426809960452,0.693022784052114,0,0,0,0,0,0,0,0,0,0,0,0,0,0,1
6,0.280766510478724,-0.0431348036715322,0.169134746204416,0.217264351364784,-0.0019969154015429,-0.149994282197695,-0.0005733959329319,0.328761841166516,-0.0710797112385559,0.0059767385060876,-0.136479509298561,-0.0205719773138639,0.397788215136396,0,0,0,0,0,1,0,0,0,0,0,0,0,0,0
5,0.693361704378758,0.052283233491124,0.0120448608177787,-0.890463887902793,-0.154243660428693,-0.132307016139628,-0.0433558212904825,0.251564910352401,-0.142994057470449,-0.11776664776208,-0.16365850076308,-0.454008293134454,-0.439657160657374,1,0,0,0,0,0,0,0,0,0,0,0,0,0,0
4,0.124270811400578,0.077648811231709,-0.372815047388138,-0.486732156215508,-0.176694447520056,-0.185428417459571,0.0169822888712796,0.134497218276823,0.174085265624871,0.026984544805772,-0.153991407335297,-0.29685545386768,-0.653642230691514,1,0,0,0,0,0,0,0,0,0,0,0,0,0,0
8,-0.435153197519876,-0.0249959381934298,0.22250019260523,-0.196606558728524,-0.0782389779533748,0.0125884888939732,-0.0328488969895165,-0.214049168819803,-0.129102941207934,0.0148060776653562,-0.0890614720632024,0.11990361450321,0.197252977700673,0,0,0,0,1,0,0,0,0,0,0,0,0,0,0
6,0.241630832405988,0.0917638864911007,0.160489221522363,-0.502500648672799,-0.258800273053609,0.0737175693816554,-0.0136687736808051,0.22467928773444,0.0122239300597954,-0.0872486536388184,-0.0173264261517749,0.058279297010872,0.179796240301254,0,0,0,0,0,0,0,0,0,0,1,0,0,0,0
4,0.130859007511425,-0.0490784835454965,0.170477796501743,-0.437498765389916,0.0196822156558284,-0.205210131565886,0.0165699904812263,0.0572086517962014,0.13097665595731,0.0867965148225143,0.0459611174268245,0.0364104550559699,-0.36624639767003,0,1,0,0,0,0,0,0,0,0,0,0,0,0,0
2,-0.756065159013624,-0.0819713795841498,0.378745908260223,0.826535907666302,-0.0147145341683053,-0.0134174234316318,-0.0364499861315969,-0.554603579957432,-0.416324639756967,-0.0185241973319395,-0.0117815609735823,-0.288957625843,-0.0214424481493712,0,0,0,1,0,0,0,0,0,0,0,0,0,0,0
1,-0.243427837813539,0.0194908200884005,-0.578180894835998,-0.130480393542614,-0.096354312320324,-0.0709159538814611,0.0243476859895619,-0.201619162775513,-0.021012158278194,0.0242297502925247,0.0284686995038498,-0.228118818088476,0.507088855743592,0,0,0,0,0,0,1,0,0,0,0,0,0,0,0
8,0.123582793047989,0.0684406680759581,0.168614958254802,-0.105921566922863,-0.118950731958462,-0.184379030917828,-0.0389475876774459,0.167411978668294,-0.0178959385294108,-0.164897390528334,-0.210376267248783,-0.10818676165377,-0.52919842984983,0,0,0,0,1,0,0,0,0,0,0,0,0,0,0
6,-0.260494988251851,0.182662537219685,0.467750526762089,-0.209970166118942,-0.073897516606126,-0.143946988118528,-0.0295238066366572,-0.228193171612939,-0.0438589255859733,-0.187098684803284,-0.169875938957455,-0.0385323777085444,-0.766752705357315,0,0,0,0,0,0,0,0,0,0,0,0,1,0,0
4,-0.704704352099777,-0.0203443331000088,-0.0592016368651566,0.364080476012775,0.0741249429711317,0.131034628589092,0.0201106362424313,-0.246486023555384,-0.155106828795838,0.15354420599961,0.131590166271541,0.0188134231165726,0.580835773341968,0,0,0,0,0,0,1,0,0,0,0,0,0,0,0
7,-0.626584817951662,-0.190307042941403,0.649066014942434,1.4119956769906,-0.0993574805363004,0.0837975312296614,-0.0725169319334749,-0.258827052803766,-0.375869841288187,0.0098182007054815,-0.0616264932349418,-0.0238926347675668,0.114688843192667,0,0,0,1,0,0,0,0,0,0,0,0,0,0,0
6,0.104991795576119,-0.0188206700595175,0.660306391554361,0.074021854157286,-0.102589266432983,-0.353997836532585,-0.0671550973784276,-0.0751790259533474,-0.144977062392897,-0.197866612353932,-0.239178702309764,0.0087434241670466,-0.691830461958579,0,0,0,0,0,0,0,0,0,0,0,1,0,0,0
8,-0.838118225415982,-0.192176651441179,0.289269148382983,0.924973815889112,0.231514091633922,0.0652827521639378,-0.0184509647710107,-0.405016006458149,-0.0580920975413312,0.236724427549744,0.156329789969061,0.331961869302237,0.959315348563672,0,0,0,0,0,0,0,0,0,0,0,0,0,1,0
0,0.585912909142126,0.086312332846871,-0.504036106995203,-0.80658975193683,-0.0310748846576599,0.0340544778567508,0.0601916957389306,0.266468803455156,-0.0650598546144112,-0.125827140182626,-0.168280582484562,-0.388885418255541,-0.499567284257288,0,0,1,0,0,0,0,0,0,0,0,0,0,0,0
7,-0.13967787483937,-0.0192266923174897,-0.0009783609487206,0.15500259190363,0.157098919408825,-0.14506015684035,-0.0015679324779057,-0.24011248724515,-0.121635959586175,0.0491156098312467,0.169990017871635,-0.18090360120677,0.265777675658861,0,1,0,0,0,0,0,0,0,0,0,0,0,0,0
4,-0.0760018476233761,0.102100437961197,-0.230505486379985,-0.211581229418316,0.0448389467442286,0.100529287831488,0.0259943641681943,-0.099627651262792,0.123253415510066,-0.0101557935634204,0.0629384623349704,0.0264281796500016,0.0261135215311998,0,0,0,0,0,0,1,0,0,0,0,0,0,0,0
6,-0.509044497246029,-0.165334589445638,0.407143147906921,0.859844078658127,0.0312243322051859,0.0645158513006292,-0.0431292971677532,-0.58714267909279,-0.173993199369357,0.169169529503438,0.0905262473232773,0.142370076832019,0.496701030256494,0,0,0,0,0,0,0,1,0,0,0,0,0,0,0
5,-0.0174373432786194,0.105561012996999,0.0869684731900222,-0.632954239078302,-0.0150322633206589,-0.212189654226469,0.020112426927847,-0.039273278506066,-0.0576590337272663,-0.0356765062282977,-0.0257077603552574,0.0996140018245029,-0.03599794151614,0,0,0,0,1,0,0,0,0,0,0,0,0,0,0
1,0.144057518968459,0.0982857074162163,0.0949547564801873,0.157564356756488,-0.0259053364477351,0.0015106125421739,0.0880451079135037,0.0743903358956522,-0.139437225277294,-0.0304306960549463,0.0541858472850748,0.054726064028899,0.0166423197486999,0,0,0,0,1,0,0,0,0,0,0,0,0,0,0
6,0.421971910874197,0.0238814181675306,-0.216961729044073,-0.403249306150853,0.0251900998877785,-0.128922611842309,-0.0056022740931605,0.170593663432703,0.0441321861646494,-0.214107061270814,-0.25085058645921,-0.238384500234965,-0.598031370692287,0,0,0,0,0,1,0,0,0,0,0,0,0,0,0
7,0.265560561033506,0.0047527465853446,0.81235944827358,0.231823257733911,-0.0291189237237601,-0.097823445333332,-0.003419598406059,0.257272217739979,0.134049555677613,-0.0516131364199955,-0.0909898704394747,0.240363196064501,0.244574304097662,0,0,0,0,0,0,0,0,0,0,0,1,0,0,0
6,-0.207217121958211,0.0099453119769093,0.125608612745307,0.370491369336778,0.0971520375204664,-0.09256693930516,-0.0152569073470451,0.0033610895647965,0.0830782291203079,0.0387985122137414,-0.0335816334783561,-0.267704813656335,-0.149149120282057,0,0,1,0,0,0,0,0,0,0,0,0,0,0,0
6,0.212888597375083,0.0412716349603826,0.435136646678302,0.283168543486092,0.0203570444182733,0.0170744475992959,0.0136590318552709,0.0202170981626274,-0.122395403478209,-0.0262856805381771,-0.0160241838811949,-0.110719510742846,0.154568401724196,1,0,0,0,0,0,0,0,0,0,0,0,0,0,0
7,0.576551035661074,0.0695990044096303,-0.115467143912405,0.132329933339456,-0.0289263223394581,0.115922162614503,-0.03584604807877,0.280856339731391,0.153202757806755,-0.0957314621959085,0.0050622249946229,-0.268920469391797,0.0957211018277531,1,0,0,0,0,0,0,0,0,0,0,0,0,0,0
5,-0.524162610245815,0.0522566799346862,0.0562071034859114,0.198450546619662,0.0609220220742925,0.0282216166206793,0.0497202626428184,-0.246395636897452,0.163650267461112,0.163887697112863,0.1387694439626,-0.0065357761502141,-0.110919749770462,0,0,1,0,0,0,0,0,0,0,0,0,0,0,0
2,-0.381223815963915,-0.0186823885932035,0.49332894464297,0.814301379632308,0.106347504565528,0.0420733371243434,0.014171701162332,-0.122164266634179,-0.162351315514248,0.0727762272274555,0.251888260083458,0.139493719698091,0.359600880537197,0,1,0,0,0,0,0,0,0,0,0,0,0,0,0
8,-0.426632958513444,-0.144886413516683,0.109174729996085,0.348768676904803,-0.0520820638507075,0.0103434370735994,-0.0797165365623843,-0.072794336871655,-0.127532021218976,0.0285139371906876,0.11762010587742,-0.213944116447759,0.206373632204943,0,0,0,0,0,0,0,0,0,0,0,0,0,0,0
2,-0.196236773424334,-0.0345363822730846,-0.55926247147191,-0.509231093392129,-0.0754808097898516,-0.0660713040852878,0.0045297579408936,-0.0874487496438471,0.140137363551415,-0.0876003788896483,0.0297692546501449,-0.109068941401918,-0.166721830049507,0,0,0,0,0,0,0,0,0,0,1,0,0,0,0
1,0.482135965955537,0.0338685707169943,-0.158966232593273,-0.620751265506483,0.0166354671372506,-0.152397620959711,0.0146878857709599,0.223391249690368,0.15619532922579,-0.092309158603567,-0.0866418605049804,-0.0786908912027537,-0.550650383029371,0,0,0,0,0,0,0,0,0,0,0,0,1,0,0
6,0.0480752534523915,0.135025478332964,-0.427959043898593,-1.03832323602574,-0.177939080533849,-0.0436128128092504,-0.010919020245222,0.263131173682979,0.0749020065157433,-0.0423829634028698,-0.142943508583796,0.124362125000238,-0.397860401924986,0,0,0,0,0,0,0,0,0,0,1,0,0,0,0
3,0.330733804828218,0.108902790282441,-0.294255796004487,-0.89528024050872,0.114885365741274,0.0544411127008459,0.0347478094787549,0.112822962425011,0.163221014431295,0.153681298488107,0.198645103937808,0.313041748028518,0.337409734306381,0,0,0,0,0,0,0,0,0,0,0,0,0,0,1
0,-0.59350768925178,0.0375269049282338,0.321697885166185,0.749832462275378,0.047785892951728,0.113219618769293,0.0599464799119812,-0.395242391855834,-0.127249813298651,-0.0082279291331674,-0.0278747241410604,-0.0165967974304446,0.201013114277295,0,0,0,0,1,0,0,0,0,0,0,0,0,0,0
3,0.549848868077626,0.0644523033195787,-0.555432366282669,-0.461341827487688,-0.0058708345656092,0.0222709686776318,0.0131665334976761,0.0957451998912227,0.107116410624367,0.0450185339284871,0.110593200630896,-0.0691438471784258,0.0247014722375941,0,0,0,0,0,0,0,0,0,0,0,0,0,1,0
9,0.0591505480108216,0.0202123238477341,0.0414137567309271,-0.49177859859847,-0.0409685970414909,-0.0325512022572248,-0.0597325767844553,0.350945747154802,-0.147565497898236,-0.211636811530574,-0.19867202324371,-0.218979757943728,-1.03161497179511,0,0,0,0,0,0,0,0,0,0,1,0,0,0,0
2,-0.0111115673791547,-0.0730272739400759,0.605726296608607,0.411952274943203,0.0062432345929279,-0.0960095844506581,0.0010237361118551,0.0072003208437027,-0.131686587936689,-0.0799582940437923,-0.08248561136225,0.525278714914256,0.0662177360489546,0,0,0,0,0,0,0,0,0,0,0,0,1,0,0
3,0.360160709019693,0.13641064617041,-0.17850352872775,-0.529666850753613,-0.0163264456153379,0.100275142831005,0.0180227898146936,0.145108475126699,-0.240782138815911,0.0289524918677521,0.0976717501797102,0.302153406272138,0.235175968293578,0,0,0,0,0,0,0,0,0,0,0,0,0,1,0
8,0.608603668459519,0.0587695862743873,-0.187348336834862,-0.538934442637661,0.0829307058008156,-0.285173873085391,-0.0482937263767961,0.212314432585112,-0.0075331064970057,-0.158320289723747,-0.070950748186005,-0.0059639653025077,-0.67005571254467,0,0,0,0,0,0,0,0,0,0,1,0,0,0,0
4,-0.325404261501348,-0.0298667926083806,0.0759150234328612,0.862325665791212,0.12796310740231,0.102727253389608,-0.0253817596468631,-0.112807752222643,-0.0919673533096843,0.0455457589554374,0.0855166397497838,-0.295353107771882,0.112364711094812,0,0,0,1,0,0,0,0,0,0,0,0,0,0,0
4,0.20810157334123,-0.0181308317217317,-0.115632124467024,-0.137282802115712,-0.14462238192731,0.0523513619455167,-0.0566776047051179,0.131258741302634,-0.272215830450786,-0.135132360274579,-0.207937673685677,0.161442332894376,-0.610780780078933,0,0,0,0,0,0,0,0,0,0,0,0,0,0,1
4,0.634328618174257,0.0991975180856183,0.18042552215748,0.170289272458286,-0.0712947428354949,-0.058793655105473,0.0248228557562113,0.549643849245869,-0.0569625677359541,0.0069271659995862,-0.0591439020502037,-0.0227692584031147,-0.179333606943936,0,0,0,0,0,0,0,0,0,0,0,0,1,0,0
8,0.548792799510249,0.0420142061363647,0.38063039492261,-0.0321621808524639,-0.0374164673513483,-0.0568801379724692,-0.0643024610857511,0.155321458278684,-0.0567978498887926,-0.104041324366775,-0.128889197665764,-0.150495805902489,-0.549073736218253,1,0,0,0,0,0,0,0,0,0,0,0,0,0,0
8,-0.296465850100041,-0.135987935869223,0.358652943842792,0.669740208112438,0.027725954863618,0.117678578564905,-0.0601935573500157,-0.13020676104323,-0.0774585303667477,-0.145956993673449,0.130211757874663,-0.0724708822271714,0.353726815768107,0,0,0,0,0,0,0,0,0,0,0,1,0,0,0
3,0.162907239810532,0.134623413733471,-0.046633126511045,-0.650955059497096,-0.0702370076686454,0.0922500103424949,0.0312412132152327,0.0234039446124741,-0.0224474279391727,0.0194402593126464,0.054547036164077,-0.0974828026945375,-0.23955893668909,1,0,0,0,0,0,0,0,0,0,0,0,0,0,0
1,0.23205441239034,-0.0972217406166723,-0.887215441909559,0.11421530082129,0.0962483735228401,0.069504651448644,-0.0158501853799341,0.0288141081757947,0.0852487841485882,0.103252992763125,0.0951972701016261,0.0179850393304541,0.244711148517418,0,0,0,0,0,1,0,0,0,0,0,0,0,0,0
9,-0.105300370928627,-0.0481413384452087,-0.0135375874608261,-0.513061647463719,0.0321511133919906,-0.0858864939242707,-0.120535877361595,0.0046193973719884,-0.0062038632452333,-0.0045068327047802,-0.0136397305868689,-0.19773486725505,-0.0320856604460669,0,1,0,0,0,0,0,0,0,0,0,0,0,0,0
1,-0.737857482204584,-0.0613493754598907,0.461276156757518,0.635215074260274,0.114694803062299,-0.0140455063192749,0.0139790563497657,-0.592361677514805,-0.23307915019642,-0.0566511992896946,-0.0117464524092588,0.114472141404673,0.0655364841380747,0,0,0,0,0,0,0,0,0,0,0,1,0,0,0
2,-0.153656736391396,-0.0500736063151128,-0.551420088672805,0.329776969811056,0.0985403013347869,0.143891440583306,-0.0103695589036184,-0.425075523613694,-0.0845472860188532,-0.009682216854282,-0.0348949030641264,-0.217863627657909,-0.0167826085834631,0,0,0,0,0,1,0,0,0,0,0,0,0,0,0
9,-0.391646820028376,-0.102788099550052,0.274892951511054,0.062162664632067,-0.112596522859714,0.0532549954204624,-0.097804514227384,-0.0469241987178872,-0.130543604492552,-0.233447037323267,-0.256088027877397,0.030526253379808,-0.880366457534167,0,0,0,0,0,0,0,0,0,0,0,1,0,0,0
3,0.358783445877179,-0.0210378296896248,-0.525844430598975,-0.0622672144938518,0.178266916023493,0.283329786594086,-0.0312810734171424,0.195879687926291,0.0781598063230891,-0.0468682908361377,0.0824913277749387,-0.099177318029886,-0.501044093414079,0,0,1,0,0,0,0,0,0,0,0,0,0,0,0
6,-0.449316802435391,-0.0900768044087632,0.164055284442465,0.97633588108968,0.0271613358500369,0.0143972258455861,-0.0149787783956066,-0.148231469662316,0.0924451312801998,-0.0297448358521496,0.055661844498659,0.0779097346077863,0.777330158366795,0,0,0,0,0,0,0,0,0,0,0,0,1,0,0
8,-0.240115186623787,-0.145698879158766,-0.0916753201090568,0.0587169371105274,-0.0836778735110398,0.0457342380560084,-0.0549778802298787,-0.227071084314946,0.0162496549697251,-0.117459781207944,-0.0291275165183762,-0.068707934876458,0.0131694846838316,0,1,0,0,0,0,0,0,0,0,0,0,0,0,0
8,-0.192424111586503,0.0163253603617764,-0.0005224870060113,-0.171913385838982,-0.08555708645242,0.0121894699444175,-0.0479011547136315,-0.020872009439428,-0.196513526722134,-0.111415369167291,-0.238199491985023,-0.205742662627756,-1.15545506855713,0,0,0,0,0,1,0,0,0,0,0,0,0,0,0
6,-0.194322012115837,0.0282849858152705,0.322278138311034,0.383611305078816,0.0760113542233689,0.233214667249881,-0.0098844174376654,-0.217930656284352,0.0856337173039118,0.137130978686837,0.0263553096155538,0.304170831275832,0.750101413212829,0,0,0,0,0,0,0,0,0,0,1,0,0,0,0
1,-0.795753955928146,-0.0857181352059966,0.212790551019434,0.786890834689977,0.18884355493656,0.210098950437525,0.0118907804636875,-0.66848699614906,-0.234967874036777,0.153570912657397,0.154084921190283,0.377226738176782,0.806847553050916,0,0,0,0,0,0,0,0,0,1,0,0,0,0,0
9,0.22214785924183,-0.0276100244421592,-0.11514775113086,0.172146837878608,0.028954455238273,-0.0715580850673744,-0.0455617936228044,0.195466790596684,0.101594954535656,-0.070653803860393,-0.0131024670871759,0.0199690130743966,-0.0962688227354679,0,0,0,0,0,0,0,0,0,0,0,0,0,0,1
9,-0.378823591669598,-0.0449753180002558,0.561218532311719,0.949500865197414,0.0861003224866808,0.155258580185689,-0.029483220874483,0.110854281942818,-0.0870776084897101,0.0834417080854221,0.0863248768138833,0.111533636781802,0.662906929401814,0,0,0,0,0,0,0,0,0,1,0,0,0,0,0
3,0.0159176898007898,0.0349908309474452,-0.168656389406372,-0.433411242661043,0.0907566645769615,-0.0242742718286996,-0.0074530842665248,0.0093883647870115,-0.057835720404582,-0.0435525084035309,-0.0800217267920626,-0.186226552369557,-0.610656042376392,0,0,0,1,0,0,0,0,0,0,0,0,0,0,0
8,-0.311496871641984,-0.0135769133161722,1.05813711324952,0.459346883117827,-0.0215170674616069,-0.0131443759651972,-0.0515663130440012,0.0607468715323984,-0.167772330773813,-0.0455262751357963,-0.155435019184743,0.0802452054578493,-0.784506458387826,0,0,0,0,0,0,0,1,0,0,0,0,0,0,0
7,-0.198937023210724,-0.0882623739352636,0.427181988818838,0.251725120840768,0.043088883491996,0.0673415139955043,-0.0313241638960492,-0.0129012539586181,-0.0514687574046812,-0.0110717972776972,-0.108852132966919,0.0527565721011273,-0.455369390165459,0,0,0,0,0,0,0,1,0,0,0,0,0,0,0
0,-0.55046705773391,0.100861816111845,-0.33518643720917,0.130472983735668,-0.0862245536503302,0.140921618573973,0.0951093943223354,-0.184823923751102,0.103355793194176,0.15649633837015,0.13853408128879,-0.278244469567588,0.194159044138324,0,0,0,0,1,0,0,0,0,0,0,0,0,0,0
7,-0.0182646031843795,-0.10868395403862,0.404445614232517,0.54029084317894,-0.0470627367138911,0.0571083597958458,-0.0564894418258226,0.13387906395999,-0.227846700653006,0.0123329642732179,-0.0477916727981923,-0.0937280062034188,0.294998065612585,0,0,0,0,0,0,0,0,0,0,0,0,0,0,0
8,0.0565799724270008,-0.0292763008283956,0.131999351959858,-0.117744546189645,-0.0241038925894883,-0.374016315561422,-0.0761485555480143,-0.0106850829443805,0.0261868363154951,-0.119037375104663,-0.0439010218791852,-0.18919224929496,-0.425840210803072,0,0,0,0,0,0,0,0,0,0,1,0,0,0,0
8,-0.627628459139565,-0.101264224814669,0.518285520918642,0.782779889952557,0.0513776666988218,0.157844147378143,-0.0350609141575474,-0.230328885795192,-0.0216867915541031,0.131459973568875,0.157890053275037,0.568963552180202,0.407602502474124,0,0,0,0,0,0,0,0,0,1,0,0,0,0,0
8,0.291441800740993,0.101925237217827,1.26979197689818,-0.523996279528302,-0.10929097137063,-0.0362037321201895,-0.0257601259885049,0.247603077453202,-0.219086099773329,-0.215815038650923,-0.174811970540793,-0.0871550815590867,-0.579430137144188,0,0,0,0,0,0,0,0,1,0,0,0,0,0,0
9,0.348990762862315,0.0576425881041587,-0.266881017521073,-0.916089934341945,-0.021024761828221,-0.0646375724544924,-0.0160587679465583,0.387762829412528,0.217865401878566,-0.0991601795824093,-0.132550308015095,-0.271185384464524,-0.140402156310542,0,1,0,0,0,0,0,0,0,0,0,0,0,0,0
9,-0.0675808001215046,-0.0468314426280963,0.475991843494724,0.151892339597246,-0.165268215656541,-0.167004891735396,-0.0695091304314698,-0.0740901347026203,0.209487964070564,-0.0015962247233976,-0.129439083677054,0.206574344715134,-0.746234373777354,0,0,0,0,0,0,0,1,0,0,0,0,0,0,0
5,-0.346295813236286,0.0368728579393419,0.502010353393064,0.50601944876183,0.0289916009409221,0.249497309175131,0.0249282953191031,-0.0347780606539566,0.160628579893569,0.120340934632523,-0.0708270226551623,0.364827577655184,0.539795029271527,0,0,0,0,0,0,0,0,0,0,0,0,1,0,0
6,0.685875914364904,0.0410499612136645,-0.283504311397083,-1.16041710204773,-0.108582985194598,-0.302185688967112,-0.0034375697340119,0.124645998967116,-0.0439713759989075,-0.124459499118677,-0.298124979106506,-0.205784561577377,-0.846328580782013,0,0,0,0,0,1,0,0,0,0,0,0,0,0,0
8,0.0765798102399175,-0.006507439827081,0.670029856152667,0.717279325557779,-0.0464076071728602,0.0709764201114166,-0.051297013338591,0.1984843943312,-0.0141180489546881,0.050921317725932,0.0709432799724883,0.0537624744476474,0.638501651445742,0,0,0,0,0,0,1,0,0,0,0,0,0,0,0
6,-0.248826320143586,0.03212530729659,0.363091900888466,0.33132834349916,0.104376565295186,0.0486303157297384,-0.0113128851812976,0.234503124441379,-0.0868115940118054,0.012747954721701,-0.0044901122320634,0.0982261647944215,-0.228856807340096,0,0,0,0,0,0,1,0,0,0,0,0,0,0,0
6,-0.0613705654624558,-0.0437589028099228,0.768762561798883,1.31139066378344,0.0776527115449346,0.181460710955077,-0.0222768363230266,0.175059848380086,-0.0306448818798423,0.148560248613999,0.241537175080861,0.381384252303077,0.61594334629187,0,0,0,0,0,0,0,0,0,0,0,0,0,1,0
7,0.0811535949397059,-0.0140590006878372,0.42065766451624,0.614758902994464,0.252221997044342,-0.0865969616709215,0.0110736999349068,0.0555054631245477,0.191131505658192,0.0961666928414048,0.158825263754327,0.132278302799815,0.280076878229821,1,0,0,0,0,0,0,0,0,0,0,0,0,0,0
0,-0.182637380901551,0.0413675367423358,0.0187379252126636,-0.0112348421876026,-0.0737128684822755,-0.078330883739616,0.054504531860841,-0.22643682027782,-0.114817470127073,0.0415505628052087,0.178773270017625,-0.275180760715087,0.154928756460923,1,0,0,0,0,0,0,0,0,0,0,0,0,0,0
0,-0.353232432824947,0.0323677175229658,-0.0901844680787248,0.466683456857139,0.108432525366914,0.02052101488815,0.0531094051197921,-0.274822671521832,0.0913149753890874,0.0166747794888523,0.0216431313028368,-0.497817747135056,-0.257292462512032,1,0,0,0,0,0,0,0,0,0,0,0,0,0,0
6,0.301968030210876,0.0053232494233866,-0.154491944771904,-0.129990214230444,-0.0737312295389206,-0.041540685960627,-0.0289913953259366,0.324736713067699,0.178536420517576,-0.0812468342939041,-0.196704289562203,-0.304363044124289,-0.589724965600707,0,0,0,0,0,1,0,0,0,0,0,0,0,0,0
6,0.206547564981431,-0.0294377168218779,-0.766048213386038,-0.454171556709171,-0.24021586459293,0.0203440058419239,-0.0290990518698485,0.301010577058828,-0.0261682575951255,-0.175532509940752,-0.182139034407439,-0.256617697792896,-0.53048589932706,0,0,0,0,0,0,0,0,0,1,0,0,0,0,0
2,0.151420658471056,-0.0225963569707487,-0.238801844042343,-0.387559876572207,0.0268657857882243,0.106646550755445,0.0444260453556883,-0.0843120739068317,-0.0853652730448293,0.0070983452714042,0.115574182586759,-0.0551801038130937,-0.0980001532435963,0,0,0,0,0,1,0,0,0,0,0,0,0,0,0
8,0.556850393815203,0.118580239199037,0.0122685105499548,-0.436523583383475,-0.166806855747447,-0.220643763182763,-0.0514348448931296,0.496572058033066,-0.0532108784983831,-0.211272676484175,-0.203117765799919,-0.483891747470776,-0.646225114305638,0,0,0,0,0,0,0,0,0,0,0,0,1,0,0
4,-0.389565575238047,-0.0305727183485251,0.185610033149691,0.467706423439003,0.0512902970919411,0.0814924668570399,0.0043827087711325,-0.247517947714357,0.0327198573797202,0.0382195125866254,-0.0079052162283502,-0.380016814787331,0.0735461034339758,0,0,1,0,0,0,0,0,0,0,0,0,0,0,0
5,-0.260724662985805,-0.0166255550763697,0.175233460489688,0.960817295651386,0.0037999764817075,0.207913143568313,0.004789598292514,0.0899387207668237,0.0409681188765265,0.142179990306989,0.180034709529931,-0.0460210318892281,0.76292755175733,0,0,0,0,1,0,0,0,0,0,0,0,0,0,0
9,-0.189010928455359,-0.088734607503431,0.276513614971383,-0.320098064798717,-0.145778809352059,0.0263392877378449,-0.04804273300832,-0.007629175980817,0.0980252099772694,-0.0529610384316678,0.0350191218508155,0.304110353698314,-0.0797715360553876,0,0,0,0,0,0,0,0,1,0,0,0,0,0,0
5,-0.355932192179454,-0.139604001376432,-0.382553332049401,-0.17704519405796,-0.0189544282465857,0.20431979184545,0.0028369372383448,-0.0659586382508477,-0.347632958587646,0.0408132478263343,0.128557082155537,0.161183614222668,0.546442915926124,0,0,0,0,0,0,0,0,0,0,1,0,0,0,0
3,0.172746177752445,-0.0263894346605445,0.345855407917389,0.421380816990717,0.219186307254379,0.035867132014267,0.0189613705744794,-0.0208699869033584,-0.0679830575087948,0.0004976966407001,0.097984420253434,0.392356016881628,-0.0562762333923794,0,0,0,0,0,0,0,0,0,0,0,0,0,0,1
6,0.202134215357257,0.0838520994926466,-0.359058020448008,-0.696622497999616,0.0431359391037772,0.107997422948077,0.003427237167645,0.170746418861957,0.055872406436269,-0.0902700341642036,0.112677673375544,-0.0605506526496064,-0.255546119454446,0,0,0,0,0,0,1,0,0,0,0,0,0,0,0
3,-0.0976571494494398,-0.0039813131600128,-0.681363585490817,-0.969677427881982,-0.0211142496034887,-0.160450429052767,0.0251275335063412,-0.129556443710978,0.128767302730511,-0.0151753111083485,-0.0590250042228469,0.153581502417188,-0.440231241145101,0,0,0,0,0,0,0,0,0,1,0,0,0,0,0
6,0.837217159061294,0.0962455354395307,-0.498352511673147,-1.18229958391868,-0.0416838399334451,-0.114359292938735,-0.0143448629037871,0.488298024056797,0.0538406225758344,-0.0841826267462528,-0.288307104994462,-0.0619162000569007,-0.926703372185011,0,0,0,0,0,0,0,0,0,1,0,0,0,0,0
1,0.201498484160751,0.0300055855739343,-0.590111112620885,-0.757403492464653,-0.0388411396013481,-0.186048456865602,0.0250890281759962,0.274010746344287,-0.150516288970338,-0.0429803612888932,0.088576873856007,-0.236972718073518,-0.707252894273254,0,0,0,0,0,1,0,0,0,0,0,0,0,0,0
9,0.53758043060368,0.0415541094659574,-0.0909648583442393,-0.618321734351522,-0.0566059862772712,-0.203840483361438,-0.0361317474136682,0.51049004650134,-0.0721525953727949,-0.056678177357679,-0.0723314571482887,-0.068310710558436,-0.270642468197135,0,0,0,0,0,0,0,0,0,0,0,1,0,0,0
4,-0.0910828867403192,0.051904510708878,-0.494074462577948,-0.678759675175116,0.0706308290840251,0.0008131883037904,0.0061100026891883,-0.0098159521375153,0.102015175706549,-0.0765506230501059,-0.0658704025465356,-0.054004611225113,-0.525288202518011,0,0,1,0,0,0,0,0,0,0,0,0,0,0,0
3,0.423996392714469,0.0643721487630854,-0.27780970597641,0.233851019040479,0.0398140041293479,0.156113629167317,0.0270567879672814,0.251843868606562,0.0343017518063202,0.02633928737258,-0.030406477162678,0.0269050614967838,-0.110944820458475,0,0,0,0,0,0,1,0,0,0,0,0,0,0,0
4,-0.313653763240045,-0.0322679487218936,-0.696307683232424,-0.204757631749195,0.0497298587076688,-0.02401033636391,0.0127564684899872,-0.187784009963852,0.023937769935823,0.0750223254643235,-0.0070716706962758,-0.0653536255975306,0.176932487155297,0,0,0,0,0,0,0,0,0,1,0,0,0,0,0
3,0.106058808379593,-0.0336863652546361,0.117764223038803,0.361024347821234,-0.0723882748821954,0.093466415930543,0.0110134611104767,0.127566205900035,-0.214018579676034,0.0111621864043771,0.134523881851212,0.108439376579907,0.392484382101593,0,0,0,0,0,0,0,1,0,0,0,0,0,0,0
8,-0.321786502827449,0.0330800188868463,-0.494447133545731,-0.839018859819095,-0.0759850055839967,-0.0658881939839152,-0.0166728752068951,-0.0324794607645884,0.0170744542820334,-0.103680581850553,0.0577257141522402,-0.121699111913892,-0.439359253358335,0,0,0,0,0,0,0,0,0,0,1,0,0,0,0
3,-0.177584841669945,0.0961184394370868,0.50504309902918,0.479973845165092,0.0700764693816318,0.251474074317641,0.0388695627956971,-0.202048115196474,-0.0374378377728783,0.100440640768975,0.168380162200143,0.429495283636444,0.464184393917837,0,0,0,0,0,0,0,0,0,0,0,0,0,0,1
2,-0.320833254233531,0.0528379476575679,0.095170771400055,0.59367137281646,-0.0966989095339468,-0.0680721548244152,0.0641356711794806,-0.0244198183910318,0.0811812975601778,0.018079684092538,-0.0885142065596624,0.0169347175368939,0.0960690002463086,0,0,0,0,1,0,0,0,0,0,0,0,0,0,0
0,0.379991156934026,0.258364933947875,-0.852461634766005,-1.22661043589406,0.018698849660251,-0.0102592432062336,0.106816645404686,0.0089512526393329,0.173584426845456,-0.143358788494232,-0.118489223976274,-0.190787758934135,-0.250861132382203,0,0,0,0,0,0,0,0,0,0,0,0,0,0,1
4,-0.478945629856536,0.104656051482807,0.715874713956243,0.869988162652807,-0.101363684596119,0.0625542365639053,0.0012038227839715,-0.126150388670075,-0.337871012037083,-0.0624728067781432,-0.129598308330372,0.154360931606256,0.091020021575248,0,0,0,0,0,0,0,0,1,0,0,0,0,0,0
2,0.248517608793633,-0.0611592104865124,-1.05462956842606,-0.752964240232248,0.0509246979445446,0.201171075242332,0.001335339608703,-0.0247430634593533,-0.177214559022726,0.0592922799294698,0.141110449410617,-0.333247873141686,0.264926548692425,0,0,1,0,0,0,0,0,0,0,0,0,0,0,0
1,-0.801541818651648,-0.0300630905068104,-0.411021819844291,0.335448256814405,0.0976356774347068,0.144622888725887,0.0346661761558515,-0.662785480193924,-0.155047961551444,0.209009299238277,0.159555642064729,0.121530103268688,1.05394445934198,0,0,0,0,0,0,0,0,0,0,0,0,0,0,1
4,-0.706796427503127,-0.104025301040221,-0.709503204376173,0.104776201014889,0.136099666115632,-0.128996230772695,-0.0016531891968614,-0.717237780683413,0.0180241287662478,0.044466480281595,0.0186705564281063,-0.071087414802033,0.306797571665408,0,1,0,0,0,0,0,0,0,0,0,0,0,0,0
0,0.0946643676890955,0.0883337066312,0.11998626243276,0.249209859722337,0.0750348889836619,0.117408407979803,0.0738953862576234,-0.004955072082962,0.0469052386042303,0.187159098637348,0.172300881537176,0.0013114777203128,0.734275054769302,0,0,0,0,0,0,1,0,0,0,0,0,0,0,0
7,-0.172162407592035,-0.0129761594875205,-0.23980743699301,-0.353655263316822,-0.0722646559097036,-0.0628806149244509,0.0085331747943661,0.215992861165929,0.0271296048318682,0.0320138845254253,0.0696954589301287,0.0331856685379089,-0.0307828728398285,0,0,0,0,0,0,0,0,0,1,0,0,0,0,0
2,0.314287006418976,-0.0298948671425758,-0.324437093457908,-0.0082553630672013,-0.0086521742753505,-0.0368582999241327,0.0167142993421966,0.215153997548314,-0.0086808410258235,-0.0745483454795066,0.0678070411748006,0.104679558009971,-0.0912822643499509,0,0,0,1,0,0,0,0,0,0,0,0,0,0,0
8,0.266764688330018,0.0145746213517862,0.181575647357752,-0.221057386007406,-0.137427370312695,0.073622001790598,0.0142997060906604,0.350061118364598,0.072277756030062,0.0482202153077378,0.0357438922475923,-0.0026596071783226,-0.397548201554736,0,0,0,0,0,0,0,0,0,0,0,0,1,0,0
4,0.343849546360433,0.0355975171323236,-0.727582619810134,-0.900896728387978,0.062942071637231,-0.0206425753616591,-0.0109311495805953,0.102063760511181,0.0807565446934476,0.0200582845718798,-0.0232717325068783,-0.214512427858241,-0.141218553678243,0,0,1,0,0,0,0,0,0,0,0,0,0,0,0
1,-0.564657595705994,0.0205719365502883,0.266018644806321,0.564113249121535,-0.0263808129912643,0.126465278231342,0.0365794380277041,-0.0837477230260233,-0.1341482463184,-0.0175469956369334,0.148017116120619,0.146235432683238,0.174996437009524,0,0,0,0,0,0,0,0,0,0,1,0,0,0,0
9,0.474126605299016,0.0709635967913786,0.143155221826522,-0.295031444903238,-0.0374584409522479,-0.0360578327967113,-0.0287578774332319,0.325272659927186,-0.181386008148054,0.0130798059749753,0.0352680759475952,0.006290757835249,-0.119062407787704,0,0,0,0,0,0,0,0,0,0,0,0,0,0,1
9,0.272168836579946,0.0070897871703238,-0.469822510091648,-0.464562703630792,-0.080842267327421,0.037647897487276,-0.0067015647551766,0.44071309682215,0.185199223805273,-0.138786535580539,-0.058224212062954,-0.113955994251994,-0.257888261920155,0,0,0,0,0,0,0,0,0,0,1,0,0,0,0
2,-0.111819060452258,-0.0572201815953273,-0.559965545839956,-0.456309502767238,0.0629308794775904,0.0074031863391131,-0.0030347782104074,-0.072030496376595,-0.0942540456179386,0.0197783275150162,-0.0113736128530668,0.150291169263687,-0.0721587688387123,0,0,0,0,0,0,0,0,0,0,0,0,0,0,1
7,0.0967408044954419,-0.0471389575915529,0.116396696740666,0.114913605105271,0.0359158552750607,-0.046697191422281,-0.0415679461163675,0.0438051503148485,0.0393279953735083,0.0692990352630021,0.0243350441429404,-0.0404004309001475,-0.294325488193508,0,1,0,0,0,0,0,0,0,0,0,0,0,0,0
5,0.265987799154479,0.115275123099545,-0.506800870857086,-0.582412183450889,-0.0533772484748588,-0.0458402519036806,-0.0066815279380949,0.207586343825699,-0.219454873428328,0.0594328431126382,0.183524281612041,0.176732204414745,0.150771741242524,0,0,0,0,0,0,0,0,0,0,0,0,0,1,0
3,-0.481336054131169,0.0828394759738507,0.411748435097654,-0.0718915942748138,0.0052757724525468,-0.0530487556502261,0.0003267989018724,-0.555618517838805,-0.074970182925216,0.0994501885511726,0.0927351333605699,0.292037776834319,0.334196801804184,0,0,0,0,0,0,0,0,0,0,0,0,1,0,0
6,0.48487368269187,0.0282879072049516,0.0452550886707856,-0.503391771321542,-0.0362428845528172,-0.097405591049493,0.0041515179193215,0.242666352130692,0.194349808569443,0.0020884526106903,-0.094578907392823,-0.350113365761733,0.0199615000321346,0,0,0,0,0,0,0,0,0,0,0,0,0,0,0
2,0.0976426203215564,0.206442440525256,-0.429794760527237,-1.92422747076155,-0.144912536986471,-0.186456796756469,0.031695636150938,0.163877474086834,-0.163527780576996,-0.0277037114625841,-0.228563041808119,-0.155398414361469,-1.10619651883758,0,0,0,0,1,0,0,0,0,0,0,0,0,0,0
9,0.0736735903745288,-0.0290818068127631,0.625903659807969,0.0815567921200031,0.158493758943335,-0.0247961592519124,-0.0828861754895257,0.0471454591649082,-0.0265065623656391,0.0664138578057258,0.153120033739037,0.307012437532549,0.203161226645742,0,0,0,0,0,0,0,0,0,0,1,0,0,0,0
1,-0.266354512814072,0.0068919622036074,0.12662145534681,0.342765665619797,0.163138032404997,0.0252678718120164,0.0337667512568455,-0.317951499530631,0.130852285680259,0.037064260331584,-0.0493081175207106,0.0791952969541803,0.20593741533982,1,0,0,0,0,0,0,0,0,0,0,0,0,0,0
6,0.22615318057942,-0.0771171700160579,-0.372320169452968,-0.533426567329169,-0.0864718822745828,-0.160721786293596,-0.0531368164984577,-0.141516506098135,0.0438789663356008,-0.193111519434546,-0.134302249713534,-0.255407519071315,-0.39652308103803,0,0,0,0,0,0,0,0,0,0,1,0,0,0,0
5,0.197686343368534,-0.0580087930680229,0.189168564734384,-0.362249848612339,0.0269786369778462,0.180576128046117,-0.0069544532138147,-0.0243316370329199,0.060664523432939,-0.0139779732348551,0.0218295510135035,-0.0494835336947216,0.183476110875449,0,0,0,0,0,0,0,0,1,0,0,0,0,0,0
3,-0.0135317622214198,0.0128771297463422,0.188696268597397,0.0917610524408135,-0.110921231584606,0.0500821457963595,0.0005264177718271,-0.0518453555607115,0.0106520862399497,-0.0122672287597351,0.0541724347212549,-0.0966673815990771,0.725995443738136,0,0,0,0,0,0,0,0,0,0,0,1,0,0,0
9,-0.42075245098342,-0.0196615297426253,0.112652141247882,-0.319421730229153,0.0009095836831931,0.151481850404623,-0.0299847750988248,-0.0908749781602481,-0.0296063866632567,-0.0799562521972362,0.100367680018852,0.416735223477774,-0.215532200483628,0,0,0,0,0,0,0,0,0,0,0,0,1,0,0
7,-0.0903525356327308,0.025168849671408,-0.59629863390754,-0.455655832386404,-0.0004645183860746,-0.0731576248910605,-0.0220977376724927,0.101594416541485,0.124340402826175,-0.0037644634991154,-0.0694901473131629,-0.0116336489937337,-0.432415720894948,0,0,0,0,0,0,1,0,0,0,0,0,0,0,0
4,-0.0779702518197991,-0.0702166429046637,0.734997292940389,0.759684949363156,0.0131479883746055,0.307636458369236,-0.0083383216493288,-0.0414187745986606,-0.121166314806879,-0.105933079320243,-0.0162759967058817,-0.110928169629557,0.144395610077127,0,0,0,0,0,1,0,0,0,0,0,0,0,0,0
8,0.36033331290037,-0.0394345654313575,0.405518359289027,-0.115276566561168,-0.0614233394554293,-0.40199047992559,-0.102692386388005,0.205581163166903,-0.209541308870574,-0.164632736103981,-0.117750745604477,0.0179978991410966,-0.927937073367029,0,0,0,0,0,0,0,0,0,0,0,0,0,1,0
3,0.0287673147070938,0.0500461493561108,0.18005823434101,0.50356159598441,0.0302002135348925,-0.129472897623986,0.0019278611970121,0.0106891245993924,-0.0806527540355146,0.0193042178677498,-0.0369715271203784,-0.308733872421536,0.145574902038469,0,0,0,0,1,0,0,0,0,0,0,0,0,0,0
3,0.0265764861007265,-0.0289196248745507,-0.142293346350583,-0.378378302513167,0.164222725432158,0.0861067912532512,0.0513916372505783,-0.269987667376253,0.204740735580095,0.0963011839541544,0.0639693727128219,-0.0691674874583675,0.24448303959874,0,0,0,0,0,0,0,0,0,0,0,0,0,0,0
3,-0.108441509493421,-0.0221318403159459,0.910790303218646,1.4119487922147,0.0120992695052675,0.107208427390443,0.0047476448891988,-0.0526784060219307,-0.0337682305896353,0.222460559216916,0.0622687679387344,0.484975176551684,0.59508926728479,0,0,0,0,0,0,0,0,1,0,0,0,0,0,0
1,-0.117438772015594,-0.0304702956028388,0.132019436602146,1.21386206398321,0.114855268930783,0.424693353972919,0.0350960607115429,0.151600906787868,0.0005795908831782,0.167818979379569,0.186333090061545,0.405258283137127,0.940920775574522,0,0,0,0,0,0,0,0,0,0,0,0,0,1,0
9,-0.475431492867954,-0.166435126248889,0.674690478672693,1.00701865722117,-0.0116665823786335,0.184409979497388,-0.0636089510174893,-0.0524594453153913,-0.132209285580498,0.0557043011169858,0.149320041097091,0.147484754132349,0.455820450479292,0,0,0,0,0,0,0,0,0,0,0,0,0,0,0
6,-0.251418620181901,-0.123117129989335,0.395285444478717,0.901754474761621,0.0868044425019037,0.123808026316333,-0.0653619548852199,-0.309845414087113,-0.158299407819573,0.0448777037096062,-0.0486508429098908,0.0521975224940636,0.248979608007814,0,0,0,0,0,0,0,0,0,1,0,0,0,0,0
3,-0.472078802484932,-0.0694228019077185,-0.152881414098386,0.608554120551158,0.0359906522271835,0.157310354554849,-0.0364764367530718,-0.458241106849017,-0.215330475654202,0.0343530108699882,0.131914638913088,-0.0968330239667724,0.600829576782326,0,0,0,0,0,0,0,0,0,0,0,0,0,0,0
5,0.0999690598697917,0.0327474635022453,0.739227193572622,-0.121078052038878,-0.0203004249439624,-0.145413297506743,-0.0271306763857564,-0.0099400658571094,-0.0167963339720952,-0.0216669819195772,0.0452248291070258,0.560645548822888,0.223403369608538,0,0,0,0,0,0,0,0,0,0,0,0,1,0,0
2,-0.288187966857831,-0.0251879901923935,-0.348995188507919,0.0049598031320121,-0.152282037310193,-0.0035547424613355,0.034431501575048,-0.281760715168419,0.0396846503186555,0.128301273390163,0.144668039523141,-0.113848148703153,0.544386723089284,0,0,0,1,0,0,0,0,0,0,0,0,0,0,0
8,0.451148083340739,-3.28466236082653e-05,-0.241948131585445,0.0076064732727204,0.0541999608287481,-0.0927223855158837,-0.0554135355919265,0.436284908377877,-0.0862553998177002,-0.228200649890624,-0.061292142204545,0.014035012748468,-0.366080178308363,0,0,0,0,0,0,0,0,0,0,0,1,0,0,0
5,-0.213140659840782,-0.0993684500714109,0.132851157719515,1.04475224194405,0.105771314587583,0.0014800433863029,-0.0113414560987075,0.170810253979178,0.232692715190688,0.19149127783043,0.2416533901837,-0.103225954555661,0.376814610026806,0,1,0,0,0,0,0,0,0,0,0,0,0,0,0
3,0.340534086960369,-0.0249729151561467,0.0082060529580677,-0.609045935201339,-0.0455579014304846,-0.0463980826558728,0.007977012365179,0.142836755693797,-0.0255150478680855,0.0385487611109182,-0.0051833143173497,-0.142213517552498,-0.376435326024339,0,1,0,0,0,0,0,0,0,0,0,0,0,0,0
4,0.365755025672389,0.044461175189321,-0.509934463972911,-0.222605570055944,-0.141529581592591,-0.158082332489165,-0.0173479249399623,-0.110859269616793,0.0455109040345411,-0.147999415681289,-0.0902422161593938,-0.0716733313101758,-0.383309571170798,0,1,0,0,0,0,0,0,0,0,0,0,0,0,0
6,0.292905708873472,0.111040774375498,0.925803526918825,0.351050404027209,-0.0781902818665526,0.0532201586438795,0.0141363408249355,0.369823967905187,-0.0854343404505311,0.128733309627678,-0.064759898606586,0.173104469445418,0.110524884158901,0,0,0,0,0,0,0,0,0,0,0,1,0,0,0
6,-0.0128363611237849,-0.0841288175229357,0.173157896178439,0.273387718635546,0.0139324564519877,0.093722181461267,-0.0330348293471661,-0.0849404963469725,-0.0291782206530658,-0.0990802392037874,-0.133666931580936,0.0437517705174503,-0.26762325751808,0,0,0,0,0,0,0,1,0,0,0,0,0,0,0
5,0.204942518595914,0.0175727275159982,-0.0712066659380901,0.032671212464987,-0.053937466241769,0.153022633606333,0.0028016033468321,0.216522208553424,0.115967974665012,0.0212420895587652,0.194019666541471,0.163022554639906,0.174575014289647,0,0,0,0,0,0,0,0,0,0,1,0,0,0,0
2,-0.246393074499334,-0.082353001545419,-0.438269924795284,0.278900302749496,-0.0472122803626425,-0.037138557371522,0.0073004518110119,-0.316886537524164,-0.178026847676086,0.105190002733525,0.122210846504081,-0.0386071204967144,0.472659003697424,0,1,0,0,0,0,0,0,0,0,0,0,0,0,0
4,0.150480901207158,-0.0350444404132837,0.706443432009009,0.592123536971833,-0.0221657771448007,-0.0774941242069872,-0.0085426381907218,0.0056539714684788,0.155687939161441,-0.0355421033461676,0.0455630138092181,0.205043446658273,-0.158326985772117,0,0,0,0,0,0,0,0,0,0,0,1,0,0,0
1,0.259407166798377,-0.0806151286527108,-0.092519331067288,0.530413370089616,0.0081101412567673,-0.111565578777669,0.0345759155648707,0.0585933727523909,-0.0355410361791585,-0.0131631590656876,0.0112316005423923,-0.17220605032644,-0.592634991405152,0,0,1,0,0,0,0,0,0,0,0,0,0,0,0
7,0.549874123980796,-0.0453548690038014,-0.749039356622344,-0.674191523480879,-0.123486822667896,-0.178983682628749,-0.0385188837824595,0.325092850321896,0.147388184226581,-0.141596863699132,-0.0488413885839837,-0.407139248651472,-0.816845819340495,0,0,0,0,0,0,0,0,0,0,0,0,0,0,0
1,0.444451772259307,0.108283481628454,-0.263684776304535,-0.80825475715029,0.0429806715477626,0.0229757683383017,0.0324484758968128,0.290894245658793,0.171826507667793,-0.0756517174008752,0.0910827220119223,-0.056035221274131,-0.350240357729839,1,0,0,0,0,0,0,0,0,0,0,0,0,0,0
1,0.0540570004892981,0.042062867312095,-0.0238643870827331,0.18658724784976,0.0020794839118281,0.106900962259794,0.0298445372384823,-0.122401476151239,0.175680621394728,0.141030204576571,0.0045500977255644,0.363974217783453,0.164558741925402,0,0,0,0,0,0,0,0,0,0,0,0,0,0,1
6,-0.229913424101307,-0.0765136725730242,-0.461442422852867,-0.538573784039002,-0.0734049830794374,-0.0930707071341266,-0.0408455248769048,-0.228072784152215,0.0273015512247002,-0.0589953411941136,-0.246761698901288,-0.313201323623991,-0.922086540487351,0,0,0,0,0,0,0,0,0,0,0,0,0,0,0
4,-0.0581489737586094,-0.013373244759077,-0.231823352617233,-0.024967221562863,0.0309008147449187,0.125099847286845,0.0151931072336718,0.482621678253254,0.110705468277913,0.115725741620934,0.006105637147194,-0.148370562345496,-0.31856515438895,1,0,0,0,0,0,0,0,0,0,0,0,0,0,0
5,-0.481488653711095,-0.124433995648897,-0.084345352421707,0.323291852798449,0.0386909253068835,-0.111919197899158,0.0042050047399725,-0.606155255227896,-0.0137078955178304,0.0344059889898827,0.0342524056627236,-0.202400888366151,0.0265550850276324,0,0,0,0,1,0,0,0,0,0,0,0,0,0,0
3,0.772325252724289,0.0992491381826102,-0.917133521164186,-0.971581918709435,-0.0237473587010515,-0.0809950412769354,-0.0012944907312827,0.0453338601825143,-0.17164249176221,-0.0360001308776615,-0.0894138295547611,-0.11938004842861,-0.379012965127692,0,0,0,0,0,0,0,0,0,0,1,0,0,0,0
8,0.532450026751894,0.0300601301793079,-0.521884226477746,-0.524944827161677,-0.104525338891906,0.0236780335756034,-0.0470203012213927,0.246979996681192,0.177279466950495,-0.0777463027304768,-0.0480310386433736,-0.0898377714053375,-0.167087803046924,0,1,0,0,0,0,0,0,0,0,0,0,0,0,0
2,0.23173338230409,0.0684086867911976,-0.31560907665419,-0.440026761205336,-0.110600899738249,-0.169501094625078,0.0191630575203138,0.12415886343572,-0.0500133985864186,-0.152654967376661,-0.118828410968826,-0.150959532686054,-0.677076893819875,0,0,0,0,1,0,0,0,0,0,0,0,0,0,0
1,-0.476963514168621,-0.0386013622899302,0.0360952737935394,0.517107631331777,-0.0081730354785122,-0.0608798630064243,0.0229730061122351,-0.142992027575524,-0.175632260236773,0.0828456074632829,0.118347295099791,-0.250909317856391,0.41963025351726,0,0,0,0,0,0,0,0,0,0,0,0,0,0,0
5,-0.0890498770766057,-0.0437882869576499,0.016497131401014,0.451175202283386,0.0283389633381063,-0.0487002694626871,0.0158404038078799,-0.156924145215637,-0.130673221853627,0.15540812418456,-0.0018844058941625,-0.0122778038636858,-0.2342860882305,0,0,0,0,0,0,0,0,0,0,0,0,0,0,0
4,-0.594383444352214,0.0011609427266333,-0.171345676218805,0.198121487244861,0.0078211251537817,0.0060332534201277,0.0261784033235335,-0.405650855087244,-0.0657433472172757,0.0883244510514707,0.0996368566558569,0.0921722913106377,-0.0174911067712409,0,0,1,0,0,0,0,0,0,0,0,0,0,0,0
3,0.912744067898395,0.175570285066995,0.274965460860585,-0.312310748636422,-0.0772121729617204,-0.0423761982211554,0.0319789599956844,0.433115991312823,0.180573554881336,-0.0568911472959929,-0.171640171467744,-0.220402041566872,-0.554765651097993,0,0,0,1,0,0,0,0,0,0,0,0,0,0,0
6,0.631075035263858,0.0506172097873433,-1.06116246808368,-1.73111361273185,-0.234396935006851,-0.237623737622021,-0.0396318742836945,0.416339204787985,0.126653832682498,-0.131356046708718,-0.229729387183383,-0.491965868206205,-1.3282230251446,0,0,0,1,0,0,0,0,0,0,0,0,0,0,0
8,0.0478006144669483,-0.0802259581846755,-0.0522205239438544,0.318525734310531,0.0674835393998615,0.157240749954191,-0.0268984188189125,-0.0757421012200897,-0.05631210935727,0.145481564947495,0.045192272035829,-0.0201298518375584,0.586026506265216,0,1,0,0,0,0,0,0,0,0,0,0,0,0,0
3,0.246197781267105,0.0140983410352852,-0.337741707903258,-0.459767695802886,-0.0624856817854814,0.07482163339712,0.0064127160476288,0.216780827295996,-0.009073307294776,0.0484567969912593,0.17261160702515,-0.0220809431806563,-0.12891484288279,0,0,0,0,0,1,0,0,0,0,0,0,0,0,0
4,-0.2114720268734,0.0192325060337525,-0.0033942009295463,0.135422387123322,-0.0650756625478941,0.105129127291803,0.0376405864948686,-0.0724177538008933,0.144203547025279,0.224916891969355,-0.0116817049910495,0.306080067677443,-0.006598004249113,0,0,0,0,0,0,0,0,0,0,0,0,0,1,0
2,0.401170803089865,0.062389864340689,-0.37859822976122,0.0149300278582229,0.025884811676654,-0.0812391087904052,0.0119259192488653,0.192391057661361,0.116997480711195,0.0274734277672852,-0.0861730703401309,-0.205419382864668,-0.291897817002935,0,0,0,0,0,0,0,1,0,0,0,0,0,0,0
1,-0.0941595553373528,0.112797416300092,0.135451352287622,0.708452336257052,0.0339471840549096,0.0582981885101892,0.0449242000148527,0.03141821997876,-0.207685393826572,0.0673002249264545,0.139061890920091,-0.0593900474082983,0.425439226530242,0,0,0,0,1,0,0,0,0,0,0,0,0,0,0
7,-0.0359943207982956,-0.104465821531921,0.513700179687683,0.339649493945665,0.179383446604197,0.0068753253117024,-0.0011899620108115,-0.0214022717157097,-0.0925666004285152,-0.0264198361634146,-0.168903646994835,0.262038573508557,0.37320868031261,0,0,0,0,0,0,0,0,1,0,0,0,0,0,0
2,0.0433658793892836,0.0624109496793087,0.145574656201801,0.175081801085941,-0.114665717078004,0.0218175469613275,0.0487293382984039,0.0419906643574821,0.106197492994319,0.0141456958087397,-0.112690757341163,-0.148307894362605,0.132606338980133,1,0,0,0,0,0,0,0,0,0,0,0,0,0,0
2,-0.945034183551323,-0.0295841910153977,0.154173531517556,1.11331223663402,-0.0069130013738522,0.179618156988411,0.0040728505708518,-0.296355113378332,-0.397905636862166,-0.0956926257684788,-0.079266393461682,0.201897924924223,0.0411295189063619,0,0,0,0,0,0,0,0,0,0,0,0,0,0,1
0,-0.0228837206493505,-0.124152367583353,-0.829850575747613,-0.591724953856082,-0.0738526651227125,0.167813020753658,0.0611807790251827,-0.339090009019973,0.0823118108310638,-0.0545835249831401,0.0263646517117648,0.114225546895336,0.102637977334952,0,0,0,0,0,0,0,1,0,0,0,0,0,0,0
8,0.144040544079298,0.0215016601282427,-0.0317723134424442,-0.657853786398853,-0.260346972289482,-0.0116480875652302,-0.0131355190417924,0.0232392170533985,-0.231968277080109,-0.114528576994877,-0.16917353846247,-0.50413183851004,-0.678868884370286,0,0,0,0,0,0,0,0,0,0,0,0,1,0,0
2,0.0363244313816183,-0.0646161554109867,-0.208555847514027,0.340600482930876,0.188857040580015,0.215962464333957,0.0231633311069294,0.0425996569125347,0.27433166600748,0.112539044375675,0.276901528803517,-0.160421762685731,0.580153176535355,0,1,0,0,0,0,0,0,0,0,0,0,0,0,0
1,-0.0379654560986527,-0.0392893863726517,-0.189195784240158,0.0885741279114647,0.0347066498593244,0.0985844513564384,0.059112136194677,0.070088111251822,-0.0228190759072844,0.12608131119741,0.0754748749639701,-0.0729423572119286,0.422488126721275,0,1,0,0,0,0,0,0,0,0,0,0,0,0,0
9,0.370731880330353,-0.002458619226647,-0.049502185385151,-0.526684536935907,-0.0017027473921112,-0.0936721259382264,-0.0391393094337674,0.181783672952771,0.142932498715301,-0.232920624364499,-0.220380630424384,-0.0407401858325996,-0.89217433054652,0,0,0,0,0,0,0,0,0,0,0,1,0,0,0
6,-0.727718904756931,0.029508598005148,0.28247411534138,0.731085822044397,0.0367170450804459,0.0260247366971423,0.0179198744543922,-0.392141498542929,-0.0106549754080245,0.0618945011764543,0.003895706460886,0.0689081333450541,0.486163839789088,0,0,0,0,1,0,0,0,0,0,0,0,0,0,0
9,0.234815570916292,-0.0158555903093606,-0.0665174452898976,-0.310916243700837,-0.146859360789954,-0.176897411113646,-0.0555030776146345,0.287927378474328,-0.0203093424757565,-0.000826260209122,-0.140311209883344,-0.121380662210543,-0.691335681569799,0,0,0,0,0,1,0,0,0,0,0,0,0,0,0
1,-0.506526170534534,-0.120903936145654,-0.127776424299935,0.485681826304972,0.0634476054733554,0.382784749913768,0.0050369929791136,-0.515988992280782,-0.225064417139427,0.0462684229149175,0.171988960404897,-0.0370227522635758,0.423572606902755,0,0,0,0,0,0,0,0,1,0,0,0,0,0,0
6,0.23147409236438,0.151076942645408,0.170577748887978,-0.323098520045271,-0.144692598538489,-0.102366526720484,0.0267093806191314,0.231896568286603,-0.122215532584776,-0.0185887791069864,-0.0709371225245219,-0.128848331922426,0.103942071364566,1,0,0,0,0,0,0,0,0,0,0,0,0,0,0
5,0.778846133346378,0.0767629032868105,-0.650642327087486,-0.65018281297261,-0.154225106822268,-0.156146647317305,-0.0023000091872506,0.627741674228535,0.440227420480707,-0.169904008204503,-0.277275818669131,-0.16769304264512,-0.462246208355469,0,0,0,0,0,1,0,0,0,0,0,0,0,0,0
0,-0.785313187390381,0.004802654506222,0.486851962013145,0.527688046342702,0.342344474552465,0.213619219254111,0.0844382752505056,-0.604098145020139,0.0829459520901735,0.206054482371794,0.23805958755062,0.335123552610602,0.387997046146132,0,0,0,0,0,0,0,0,0,0,0,0,1,0,0
0,0.346222343916926,0.0830798998532478,-0.0114608568674202,0.0336561684183664,0.073013418781232,0.0355595083016022,0.097838638588812,0.262234009061885,0.108271809608292,0.0725520838387324,0.0937480515331607,-0.153562702209715,-0.111950765587629,1,0,0,0,0,0,0,0,0,0,0,0,0,0,0
7,-0.432432777625655,-0.037175742090968,1.12624205942132,1.50904409894909,0.0956305304761273,-0.069961696728757,-0.0249387181985544,0.0072482411222602,-0.0079960624557962,0.0712812467815418,0.139095082903449,0.130742845881663,0.641145859242015,0,0,0,0,0,0,0,0,0,0,0,0,1,0,0
5,-0.0500426918592099,-0.0631027486866932,-0.488429044748934,-0.123304217078542,-0.0908749862670078,-0.0799542604147981,-0.0798501070853784,-0.246804075928994,-0.247433651972312,-0.115324844692755,-0.0292726334933266,-0.396243794192239,-0.817080321969003,0,0,0,0,0,0,0,0,0,0,0,0,0,0,0
8,0.844078879188346,0.0105291673176152,-0.656241306896881,-0.73642679334481,-0.06580033441237,-0.183019933349289,-0.0561067536019481,0.38420714085352,0.172957814603094,-0.259710794870994,-0.35420509580924,-0.41857085519086,-0.689327717597402,0,1,0,0,0,0,0,0,0,0,0,0,0,0,0
7,-0.278237692444995,-0.0205152962714963,-0.455639393631278,-0.971854361358218,0.0283294871230421,-0.0706863800192974,0.0052132748649963,0.153169946814774,0.0076323728742924,-0.106010497821365,-0.0678724614797224,0.168161938098935,-0.354577038824617,0,0,0,0,0,0,0,0,0,0,0,0,0,1,0
4,0.310294583738139,0.135776594916542,0.101271116090721,-0.119911829564896,0.154650794046011,-0.0146639976045845,0.0222896815291672,0.22964844167256,-0.0142274423411264,0.0640764549845035,0.048483443301096,0.147146375543193,-0.0175045675556828,0,0,0,0,0,0,0,0,0,0,0,0,0,0,1
4,0.0405553510068821,-0.0040057786095195,0.322623226446348,0.259789373034001,0.126862169115474,-0.038708736954735,-0.0071300699627061,-0.07023584377705,0.04316817472312,0.0740760221287402,0.0639045497835398,0.194294720292563,-0.184039009659914,0,0,0,0,0,0,0,0,0,0,0,1,0,0,0
1,-0.1095617690301,-0.0751486792937973,-0.853560667564985,-0.160740979818274,-0.092148753199615,-0.227584086133177,0.0253645824744267,-0.122985368524828,-0.0734309282344071,-0.0959423207719426,-0.113250240867059,-0.23888105728416,-0.639010063215376,0,1,0,0,0,0,0,0,0,0,0,0,0,0,0
2,-0.443282569840824,0.0187758121780852,0.131804665968126,0.259625062686448,0.0408240589004957,0.234264168103822,0.0258807072715504,-0.154378075238274,-0.28056488380276,0.202218917813718,0.161744089155139,0.35957251443424,1.00885046684093,0,0,0,0,0,0,0,0,0,0,1,0,0,0,0
2,0.775103039986413,0.140803718274542,-0.326275321356009,-0.639305377297396,-0.0986889321992468,-0.0376025262556626,0.0619062222925033,0.583972806808835,0.177587991546998,0.154181477545639,0.0548122840669157,-0.037421895759337,-0.345409508101794,0,0,0,0,0,0,1,0,0,0,0,0,0,0,0
5,-0.20509598321968,-0.0175306155255771,0.0292091145243819,-0.0384359911881259,0.0767620254027894,0.0868547081050253,-0.0026924052602269,-0.168683340229369,0.0875656938841543,-0.0254314616939747,0.0162225951878078,0.106876270415676,0.34833836040676,0,0,0,0,0,0,0,0,0,0,0,1,0,0,0
5,-0.590409020711983,-0.0117007893575833,-0.0153179381780109,0.0773554736078707,-0.0247659909748039,0.175205774168175,0.0122906741450672,-0.372699004760109,-0.114074298887516,0.065046586648684,0.0856244809126581,0.374589925723558,0.541541299122353,0,0,0,0,0,0,0,0,0,0,0,0,0,0,1
6,-0.538775019410572,-0.162283911190262,0.779118338138615,1.5776989451521,-0.0599264250794868,-0.0208293297981303,-0.041427724015401,-0.244607449165123,-0.228890068453047,-0.0670218556006497,-0.172287520730007,0.262640972138629,0.26621609306831,0,0,0,0,0,0,0,0,0,0,0,1,0,0,0
8,0.591940824339514,0.119609659401506,-0.167907590873902,-0.800701551804806,-0.087458605075065,-0.162811046379076,-0.0258184476323729,0.389251004921655,-0.0755345693992306,-0.041335597422081,0.0047523439684905,0.146227292558936,-0.146134642471027,0,0,0,0,1,0,0,0,0,0,0,0,0,0,0
4,0.0423373916862631,-0.0785738716937432,-0.249395899108263,0.139981831867873,0.128994389210765,0.0941693649773966,-0.0068239710720107,-0.0557645112706332,-0.205254027373766,-0.0152909763335992,0.168560019242591,-0.101092313484403,0.455306933060363,0,0,0,0,0,0,0,0,0,1,0,0,0,0,0
5,-0.432629708144996,0.0440431596161204,-0.505866047087635,-0.010206418536454,0.199355921156614,0.0200636792193317,0.0097364225926173,-0.434459416466745,0.0451003015942418,0.105464121029607,0.307792388063868,-0.126475802930667,0.484293250551773,0,0,0,0,0,0,0,0,0,0,0,0,0,0,0
9,-0.274093189775422,-0.135772657477461,1.21819572250113,0.655045691553188,-0.050343845876206,-0.0316987274067349,-0.0695559155426329,-0.115678154837321,-0.0410504135897664,-0.0183732987031572,-0.0869080042992912,0.175929459781237,0.32907218189835,0,0,0,0,0,0,0,0,1,0,0,0,0,0,0
6,-0.527027728981152,-0.137792397349534,0.3968330445361,0.813338852858545,0.154925717938039,-0.0868316902440511,-0.0412309940919267,-0.620065970376336,-0.0802347446141539,0.135425176535461,0.231711110879265,0.227544251314815,0.746778187774522,0,0,0,0,0,0,0,1,0,0,0,0,0,0,0
6,0.336195304391822,-0.0162448937077594,-0.317935152975633,-0.808225771929751,-0.110485821042464,-0.0339157339985517,-0.0399283677497251,0.155237014483403,-0.116077820014951,-0.084383953644044,-0.066940342123427,-0.220871934065095,-0.472853855938741,0,0,0,0,1,0,0,0,0,0,0,0,0,0,0
1,-1.18080951895199,-0.108615198077368,0.389335724573573,1.02100616330947,0.136008318238679,0.350206270753269,0.0901855076901689,-0.491540629213544,0.0946916481928737,0.344869303252635,0.319011874531164,0.069441576825479,1.99168363952451,0,0,0,0,0,0,0,0,0,0,0,0,0,0,0
1,0.639655786608014,-0.0165063802735223,0.0786581655753413,-0.132618243407037,0.0177303223718295,-0.0742140183171711,-0.0013316039320982,0.25590759413868,0.0709283287689648,-0.059363975990997,-0.091830578693234,-0.277143217268495,-0.260452963482184,0,0,0,0,0,1,0,0,0,0,0,0,0,0,0
7,0.32343530610962,-0.0337224111432295,-0.356471512857959,-0.198079335454579,0.0556754690030314,0.146024515650788,0.0009740665652297,0.218609740295187,0.344226486992392,-0.0179433135893504,0.0355623034832704,0.268641859970901,-0.189703064080874,0,0,0,0,0,0,0,0,0,1,0,0,0,0,0
6,-0.387594236136058,-0.0600326913675646,-0.380816095985652,0.205959131112253,0.0467139428938927,0.0563675309083064,-0.0480492663803624,-0.268407459424203,-0.163756659768809,-0.0844580676474546,0.0077596572946619,0.168427086543164,0.406566434667407,0,0,0,0,0,0,0,0,0,0,0,0,0,0,1
0,-0.0306353012944165,0.131974597340404,0.362713612945217,0.0448877665443482,0.0417137358156586,0.0054417922627515,0.0943961490455707,0.332850762100423,0.17779984743892,0.133846611707312,0.0842536930760901,0.570692597250364,0.567351350734306,0,0,0,0,0,0,0,0,0,0,0,0,0,0,1
4,-0.393215845447998,-0.095896667736022,0.210457381704606,0.537018929342129,0.102717869733464,0.243404228218673,-0.0332705775739279,-0.284305539602563,-0.189964113238536,-0.0253161450104038,0.0810594468522508,0.0965771596174605,0.226809349372218,0,0,0,1,0,0,0,0,0,0,0,0,0,0,0
3,0.0936534210496635,0.0758194273276829,0.20224318100034,-0.137331192405033,-0.04396020430155,-0.0586470538516311,0.024352544505298,0.253762130803472,0.111759983821653,0.0704678985998399,0.109011462598479,-0.0894708069178995,0.11408012675568,0,0,1,0,0,0,0,0,0,0,0,0,0,0,0
9,-0.148342250306704,-0.143761844386288,0.858092427287291,0.873926743728126,-0.140882287950979,-0.133775255514357,-0.071509894784781,0.219474016630819,-0.189499182032384,-0.0508156904205103,-0.262399647068932,-0.048746821317863,-0.353687352159686,0,0,0,0,0,0,0,1,0,0,0,0,0,0,0
6,-0.747859793893233,-0.099725551385075,-0.147762826285055,0.308094265781896,0.145185942790914,0.170035377690551,-0.0358695551557104,-0.250286554785517,-0.0434369271401082,-0.157548918769745,0.0251433282028474,-0.0636922487803945,-0.0340673465236973,0,0,0,0,0,0,0,0,0,0,0,0,0,1,0
3,0.29143066883195,0.0164093978321335,0.15602159701827,-0.384568896546457,-0.0732452031642803,-0.0192118289485091,0.0313848497916724,-0.0999697173250857,0.347948711183607,0.0028536369267382,-0.0020480054517265,-0.0714968101202098,-0.159050218002571,0,0,0,0,0,0,0,1,0,0,0,0,0,0,0
9,0.457051374421733,0.035168345522769,-0.0146696069987009,-0.379696920273024,-0.0742089457323998,0.208710882207193,-0.0420309800671305,0.356868333211157,0.120599562946523,-0.0204058727308745,0.0521801435606959,-0.0666651399929059,-0.0847914036219899,0,0,0,1,0,0,0,0,0,0,0,0,0,0,0
6,0.0126999155056373,-0.0349569561665355,0.331162502583284,-0.16600130683621,0.0347810173538797,0.0668575807096311,-0.0049653056890308,0.309744317277613,0.184073987877704,-0.0572712582803014,-0.0100110937908778,0.246028219984019,-0.11603572209745,0,0,0,0,0,0,0,1,0,0,0,0,0,0,0
7,0.220900540858221,0.0509452256625234,-0.510389100261631,-0.483047336376699,-0.073029850817149,-0.0368656019646601,0.0235284938357112,0.061866051732287,0.307383101122267,-0.0591862808861715,-0.117778052274265,-0.0970803015405218,-0.284314832155345,0,0,0,0,0,0,1,0,0,0,0,0,0,0,0
7,0.324398649236785,-0.0202170434393049,0.260965634603072,0.323444568092293,0.0565082109164061,0.130535478408679,-0.0084754952919734,0.291061369135882,0.220594601702449,0.0652082297438582,0.0029357632244551,-0.104880651698443,0.197504920401476,0,0,0,0,0,0,0,0,0,0,0,0,0,0,0
6,-0.597523258918931,-0.189806192456881,0.0907282014930322,0.768010148927436,0.114872197585835,0.306252646743662,-0.0153641664824164,-0.229818973299694,0.0574681033919045,0.118759144608966,0.132866706357518,0.180527459550268,0.706500067122335,0,0,0,0,0,0,0,0,0,0,0,1,0,0,0
0,-1.03136005079821,0.0771128520191223,0.33631003592531,0.690270941993337,-0.0711441556051506,0.180390963496736,0.0716080492955137,-0.410121338519868,-0.0076700199436678,0.0796178444515212,0.142731386361441,0.0791474141900346,0.655743445951282,0,0,0,0,0,0,1,0,0,0,0,0,0,0,0
5,-0.100877157472314,-0.112352416011337,0.660780119788934,0.623854672646383,0.043866433683879,0.0535518674920998,-0.0478601596501166,0.0171879207298546,-0.206569364505439,0.0148975480125522,0.0524289009013426,-0.214157918527763,0.0295975474842531,0,0,0,1,0,0,0,0,0,0,0,0,0,0,0
1,0.0528308219406716,-0.0391379449331065,-0.169503139643449,-0.514127517115111,-0.021790452207776,0.0320640345333387,0.0309584579674917,0.223622230171842,-0.029549411112103,0.0014410981550084,-0.134921500016438,-0.0539437933825416,-0.371338497752556,1,0,0,0,0,0,0,0,0,0,0,0,0,0,0
6,0.0852049288006296,-0.14378153942263,-0.90051606302714,-0.589694989526649,-0.112535530920319,0.0216124106503907,-0.0786184878286066,-0.201405470642823,-0.101768625082235,-0.0807786064429733,0.0372059289883653,-0.242826891935119,-0.287504152681094,0,1,0,0,0,0,0,0,0,0,0,0,0,0,0
2,0.297571289928217,-0.0806499912455004,-0.403709426942663,-0.115640423396286,0.0091456336854662,-0.155169264023157,-0.0180431329123921,-0.120767936687948,0.0897572524605304,-0.0555730027228755,-0.168274941479027,0.0099214889049233,-0.726563474827381,0,0,0,0,0,0,0,0,0,0,0,0,1,0,0
3,-0.107474787498937,-0.0052864309667482,0.106514571906729,0.543691596877257,0.0552649041327309,0.0373720040917737,-0.010895186965531,0.0589464336982098,-0.141913497618739,0.0405820291697041,0.0678436253204115,0.0545728693219492,0.486629098290097,0,0,0,0,0,0,0,0,0,1,0,0,0,0,0
7,0.606190515656739,-0.0142484675718085,-0.383540858355335,-1.43339590887207,-0.109010822575761,-0.168134219250353,-0.0465029515402258,0.188012893171255,-0.181686064374049,-0.19637478257071,-0.242147583055059,-0.126964774973685,-1.37984283693607,0,0,0,0,0,0,0,0,0,0,0,0,1,0,0
2,0.29117599576598,0.0511991733145195,-0.377531254207274,-0.0428564134737675,0.0817610938715664,-0.0519095156647666,-0.0058516377474879,0.0879942016749856,-0.0523085743430771,-0.0300035732995894,-0.102752129098054,-0.344389410627268,-0.24710006123214,1,0,0,0,0,0,0,0,0,0,0,0,0,0,0
4,0.167337914265935,0.0947533007772619,-0.128534277837204,-0.416463123800133,-0.0937288938477232,0.14417868697218,-0.0141156370096834,0.178904438285934,-0.14353116880877,0.0562598547653575,0.0091570644020354,-0.309461793024985,-0.0705340658726614,0,0,1,0,0,0,0,0,0,0,0,0,0,0,0
5,0.846327715430921,0.193167415980385,-0.653165642194387,-1.59198221897654,-0.0927094426833587,-0.30496711620513,-0.0164739181611578,0.494879807360014,-0.190292076647487,-0.191355104033781,-0.111548808234765,-0.351025316005655,-0.919356175701488,0,1,0,0,0,0,0,0,0,0,0,0,0,0,0
5,0.269225168496276,0.0604751237326103,-0.361437411022986,-0.934409817859616,-0.154851737323658,-0.166487501673271,0.0093315164719118,0.0542273795415773,-0.239759227940352,-0.150113851372036,-0.197933450125783,-0.147257204767938,-0.602374598827232,0,0,0,0,0,0,0,0,0,0,0,0,0,1,0
8,-0.0840085595236456,0.132372509246685,0.359588572163504,-0.507701165001716,-0.0207735686577924,-0.109279961939678,-0.0120211731534335,0.201290275093752,-0.0005912088541017,-0.0095829586500876,0.048412512319094,0.0096746425157902,-0.324538894243031,0,0,0,0,1,0,0,0,0,0,0,0,0,0,0
3,0.257471872165854,-0.0414665993358726,0.427320739932275,0.648663515939752,-0.0330940437044396,-0.0712878322598783,0.00164966524681,0.30130033379661,0.0024905889869376,-0.0335170928161095,-0.0550695828339412,-0.149369431522276,0.154300936953024,0,0,0,1,0,0,0,0,0,0,0,0,0,0,0
4,-0.149448577254443,0.114972534869717,-0.0500403406351265,-0.195199430995677,0.0195783617572055,0.0539936149279318,0.0030043828618865,0.0979515438630462,0.0819547820709772,0.138567668381886,0.121144993869221,-0.251800442210456,-0.129510678507522,1,0,0,0,0,0,0,0,0,0,0,0,0,0,0
9,0.0814855149783592,-0.0087645329716258,0.451791264247734,-0.123852385936735,-0.0829702104600808,-0.188762677634524,-0.0218153184201553,0.114984165095574,-0.239245177286175,-0.0071637372629524,0.181687073386261,-0.405301886587491,0.535920220323507,0,0,0,1,0,0,0,0,0,0,0,0,0,0,0
4,0.315253595413641,0.0923389849336815,-0.0054487540312055,0.196697353020722,-0.0453842459132408,0.146107449876793,0.0061190623009952,0.41865547723614,-0.148665965001378,0.0148211074722094,-0.0051624955814413,-0.0024371084586554,0.186689423280901,0,0,0,0,0,0,0,0,1,0,0,0,0,0,0
2,0.651018103750641,-0.0257792682733155,0.106750135384299,-0.0016829647187078,0.0659712186125196,0.0369579211895538,0.0250030444214149,0.127701597746196,0.226363276048805,0.220035520540768,0.0773880475832697,0.206696226486093,0.0967942604462126,0,1,0,0,0,0,0,0,0,0,0,0,0,0,0
8,0.0583213963676798,0.0008021782187965,0.180692388356619,0.173843320923286,-0.209420083190792,-0.0684322863649904,-0.0567864896479695,-0.20462018123549,0.0794016454816563,-0.218266994108755,-0.0364991497240548,-0.228651078786959,-0.118235504576228,1,0,0,0,0,0,0,0,0,0,0,0,0,0,0
4,0.706588146556422,0.0618072555256395,-0.337632284072579,-0.878417985438188,-0.192484911867443,0.0718258276207364,0.0383974857574565,0.511424520299507,0.179437858170608,0.0076921911986712,-0.11211575275436,0.100178432281101,0.069357143966319,0,0,0,0,0,0,0,0,0,0,1,0,0,0,0
1,0.349750857820845,0.0531165206817628,-0.405909892423934,-0.638579433180666,-0.0524293501555835,-0.0291080487986939,0.0738638178615985,0.228958873172491,0.197570234235736,0.12498320990261,0.210820063431444,0.0963349951589793,0.199176493448847,0,0,0,0,0,0,0,0,0,0,0,0,0,0,1
0,-0.34020861827668,0.0177137485735947,-0.129322885353904,0.526699413015938,0.0213857368056046,0.0367410790575711,0.0653824949059149,-0.320730223953764,0.176683955803224,0.182095787328105,0.0613979814064083,-0.108386901245752,0.569756305675402,1,0,0,0,0,0,0,0,0,0,0,0,0,0,0
4,0.323158031067374,0.0653514398469803,-0.139037958274734,-0.365598912890379,-0.0824707996757556,-0.219977646379491,-0.0064436655500053,0.199791135649166,0.142507485584185,-0.0909802013030361,-0.223801732525735,-0.207108691182925,-0.70042232319999,0,0,0,1,0,0,0,0,0,0,0,0,0,0,0
5,-0.293625759123631,0.0358053708373395,0.264625890092277,0.0073968483910805,0.0818943557909597,0.0865629591914793,0.0091664971438482,-0.0772365079937217,-0.0734033539787915,0.0237994956245655,0.0832424927799779,0.11275492390318,0.0065647902712045,0,0,0,0,0,0,0,0,0,0,1,0,0,0,0
6,-0.309442680115169,-0.119748368203462,0.268203921912846,0.127011400315563,0.0134375172165596,-0.154521512574373,-0.0091244316894944,-0.221792971458098,-0.0612253338259442,0.126795841563585,-0.0491173132993619,0.350343704719556,-0.14025703472446,0,0,0,0,0,0,0,0,0,0,0,0,0,1,0
4,0.210909229660251,0.0986808075789645,0.0981744283387576,-0.36944597557101,-0.0760104281306129,-0.15495040628116,-0.007933263522542,0.203180731101112,-0.0021053732202302,0.0717501186113321,-0.0920000995207402,0.159055928745306,-0.554024756127739,0,0,0,0,0,0,0,0,0,0,1,0,0,0,0
