target,Acid,Anthoc,Brix,BunchN,GrapeW,NDVI06,NDVI08,pH,Polyph,Potass,SPAD08,SproutN,WoodW,Treatment_T1b,Treatment_T2a,Treatment_T2b,Treatment_T3a,Treatment_T3b,Treatment_T4a,Treatment_T4b,Treatment_T5a,Treatment_T5b,Treatment_T6a,Treatment_T6b,Treatment_T7a,Treatment_T7b,Treatment_T8a,Treatment_T8b
6,-0.0390404944923634,-0.220136663742518,0.0881371338369926,-0.44621753431086,-0.0888940047174142,0.0757327203751647,0.110097466230908,0.0302224789840262,-0.0561917951601699,-0.0035798767705475,0.0390640081275948,-0.0723449339628565,-0.141735388978142,0,0,0,0,0,0,1,0,0,0,0,0,0,0,0
4,0.0530887926155538,0.441167802945299,0.115091095557748,0.135522619481696,-0.179346454215394,0.106643391054026,-0.141010738691576,-0.0087454508021452,0.26999850596403,-0.182405453713417,0.115104301602627,0.0406824442181788,0.156628562854281,0,0,0,0,0,0,0,0,0,0,0,0,0,0,1
4,-0.116879896443433,-0.163702510253194,0.0524954957826048,0.281788854324005,-0.280402227349447,0.0237529041919573,-0.0046948929832997,0.0611816630659441,0.0170252625819754,0.241781695811962,-0.100384312807078,-0.0974538833539629,0.0991722692913089,1,0,0,0,0,0,0,0,0,0,0,0,0,0,0
4,-0.0704883381369905,-0.155378031143366,-0.0660044399969658,0.204101610318981,0.505176929911372,0.199763227730735,-0.0479636493909554,-0.0089900621552197,-0.272752643271544,-0.0533397556408033,-0.0388681616722796,-0.0435604089833681,0.007533736772367,1,0,0,0,0,0,0,0,0,0,0,0,0,0,0
3,0.05387499300867,-0.0886880200315884,-0.0790161270117831,-0.219478866026831,-0.259081641663443,-0.16005471612777,-0.22885534542296,-0.0251167751990723,-0.106687461229949,-0.194928184877158,-0.13477362010419,-0.154797277324143,-0.259221890582381,0,0,0,0,0,1,0,0,0,0,0,0,0,0,0
0,0.327333679041371,0.49178472626814,0.0301053671687459,-0.04553928867727,-1.10612627737613,-0.150847615193772,-0.419074690580338,-0.0871257025489369,0.172674097142208,-0.113750880885934,-0.267436975724348,-0.232351926574725,-1.47550497972495,0,0,0,0,0,0,0,0,1,0,0,0,0,0,0
7,-0.424447849018334,-0.113398512760158,0.031017211916617,-0.403408585714956,-0.175687671343777,0.157778572937128,0.170308686025549,0.0949432200420309,-0.137109289715544,0.223193647153178,0.121323928062891,-0.0380085191987826,0.36671347866464,0,1,0,0,0,0,0,0,0,0,0,0,0,0,0
4,0.0088523272896853,-0.0810672410773494,-0.124393360400187,-0.103180900772969,0.143425551321986,0.145825817457455,0.134618980930951,-0.0364026533335177,-0.0732836786265543,-0.119655690789768,0.241425053406533,-0.226120937786636,-0.0394883113905452,0,0,0,0,0,0,0,0,0,0,0,0,0,0,0
5,0.270648545436104,-0.616826509805192,-0.130173173444132,0.866163737603396,0.523066327196705,-0.0455100563454602,-0.0026976922357439,-0.0629864394028415,-0.368061535416638,0.158353802782872,-0.221297987149677,0.162855651435463,0.112233179629874,0,0,0,1,0,0,0,0,0,0,0,0,0,0,0
8,-0.153405616563853,-0.123945487200887,0.0179092990152351,0.0147604910332395,0.226983634653514,0.12998707769704,0.140998768006149,0.0496199695239639,0.0786419768588009,0.242621460728595,0.0884310968437992,0.269404197732391,0.308119306941937,0,0,0,0,0,0,0,0,0,0,0,0,0,1,0
9,-0.155252517461066,-0.230967861251286,0.0475870215246509,0.201552364112709,0.237398927069301,0.0398388401504035,0.0641221743080189,0.0580233313738015,0.0544195745886946,0.108733598586104,0.0437736862514117,0.566320461587845,0.795242360652234,0,0,0,0,0,0,0,0,0,0,0,0,1,0,0
9,0.0894317747221451,-0.215174607275148,-0.0552353147497101,0.0489645345987812,0.349198110292268,0.0486480207127602,0.140069674268971,0.0263123827129583,-0.295454372691373,0.161805568285844,0.125175456562418,-0.0339448735634703,0.723455368979832,0,0,0,1,0,0,0,0,0,0,0,0,0,0,0
5,-0.163692724156568,0.385927454827355,-0.0608652286487017,-0.824030538558598,-0.0048455803378212,0.112757095543567,0.118422001076352,0.0178056868705627,0.0764038394467913,0.17143033303286,-0.0873300358743449,0.0763703837016628,0.0421248577732084,0,0,0,0,0,0,0,0,0,0,1,0,0,0,0
8,-0.297936426894507,-0.201732081250625,-0.0592183003189712,-0.358038461967742,0.423303388239863,-0.0298793819233585,0.0052482853445291,0.0438399850084723,-0.0770245161425709,-0.0977781498033833,-0.0589123387601629,-0.0019094613592023,0.351642233039289,0,0,0,0,0,0,0,0,0,0,0,1,0,0,0
8,0.105401769835466,-0.626489486111029,0.094652494823697,0.180146870012154,0.410111914199608,-0.0887999438818543,-0.100554709017478,-0.0102323428036367,-0.192714376326038,-0.0369849722007393,0.0624915652759257,-0.209149300954641,0.89444973769163,0,0,0,0,1,0,0,0,0,0,0,0,0,0,0
8,0.0687133689592732,-0.170329217137997,-0.0398022160048593,0.284346001389836,0.295056235087155,0.0459194943011057,0.0799025789227983,-0.0271687271092694,-0.106915005547119,-0.274885480553462,-0.105524979994055,0.0521667718943229,0.448501668942303,0,0,0,0,0,1,0,0,0,0,0,0,0,0,0
0,-0.0610136921512675,0.493973265745867,0.0302660688295806,-0.933030310821211,-1.10075433815769,-0.0981474419148116,0.15234493449696,0.015087538132692,0.375881403192879,0.186959459622899,-0.111095155802887,-0.108619433700408,-0.341291748945899,0,0,0,0,0,0,0,0,0,0,0,0,0,0,1
2,0.0712850780184391,0.533675163372538,0.156825010546513,0.301450589537624,-0.691723976959448,-0.0600419537041037,0.0153349911924669,-0.0166321762470041,0.358953522963725,0.0512642721440106,-0.104819044804596,0.142517834112665,0.106501002489808,0,0,0,0,0,0,0,0,0,0,0,0,0,0,1
7,-0.351448039359412,-0.102838257418939,0.0119064097431941,0.140882620750562,0.444677842606928,0.124807874521383,0.113133269028624,0.0313949295052696,-0.348800497426614,-0.27880678173232,0.131332907904814,0.0029597591583971,0.249482523703474,0,0,0,0,0,0,0,0,1,0,0,0,0,0,0
1,0.0144297821907414,-0.0711621115488183,-0.089253224111284,-0.648740904366325,-0.480117093171514,-0.0344764763922496,-0.129789263077347,-0.0423605551611869,0.0915120931825147,-0.287474365339627,-0.100457398600857,-0.206460849978446,-0.526602167602373,0,0,0,1,0,0,0,0,0,0,0,0,0,0,0
4,-0.156179848893929,0.310579356839072,0.0737102855433955,-0.0910032593778865,-0.295584982494366,0.0527852796570696,-0.0638292333730557,0.0215513727399029,0.0513526582803401,0.0474541820803822,0.0132898762164631,-0.146191762711458,-0.300276237572926,0,0,0,1,0,0,0,0,0,0,0,0,0,0,0
5,-0.136750923774698,0.250647048171192,0.0111112500987653,-0.433031822280413,-0.149069241064062,0.0684329643953963,-0.0064910429047394,0.0042187507515555,-0.0244224382912991,-0.168187788324654,0.0567376912640039,-0.0771921991772783,0.217343579173158,0,0,0,0,0,0,0,0,0,0,0,1,0,0,0
6,-0.0063402462058574,0.103648366454366,0.0853244028320892,-0.113981736574141,-0.597434307100161,-0.020445857551804,-0.014913025203409,0.0092229894139807,0.19201778454249,-0.102751799334215,-0.0570443259119931,-0.0662056186956822,-0.584494583696764,0,0,0,0,0,0,1,0,0,0,0,0,0,0,0
6,-0.0193471726328429,-0.786651852202597,0.0129858501909545,-0.0599469659487006,1.05455246334095,-0.103606077029137,0.167396896510471,0.0216199301741658,-0.232762643644504,-0.0333359392669843,-0.0564895165341559,-0.130342673518375,0.707799384305874,1,0,0,0,0,0,0,0,0,0,0,0,0,0,0
9,-0.241888872323966,-0.232900558129825,0.0778887032608021,-0.550736357743716,0.79481752154291,0.218673972965738,0.0930408399602655,0.0381258302105829,-0.0976421189216531,0.0124249191203434,0.273272833221429,-0.236053728378849,0.79484599320645,0,0,1,0,0,0,0,0,0,0,0,0,0,0,0
4,-0.0031364067736169,0.204565778812007,-0.101641389899723,0.300663482704099,0.0685877420523573,-0.0652762998181242,-0.37457627430002,0.0007681858812774,0.146583689141512,0.175443188585353,-0.173636909116396,0.170094673735203,-0.130148621534947,0,0,0,0,0,0,0,0,0,0,0,1,0,0,0
5,0.304685010267831,-0.198905541213983,-0.102701220963285,0.0176115722994467,-0.103588194028121,-0.159853421608396,-0.0853151291972438,-0.0613842044807918,0.0234594370058924,0.236815405110316,-0.132727877661757,-0.443919114086201,-0.202869593317876,1,0,0,0,0,0,0,0,0,0,0,0,0,0,0
8,-0.0524351345086204,0.242055259874454,0.0458603842252427,0.840618191660768,0.0879249691372687,0.049784312530285,-0.123935230136302,0.032676838252347,-0.108224499593377,0.204544354190372,0.11540769852741,0.351335836311134,0.125456103329641,0,0,0,0,0,0,0,0,1,0,0,0,0,0,0
5,0.115320932757069,0.186309952751381,-0.0621862247001203,-0.0462214516318568,-0.0498746141466032,-0.0445416799793233,0.0611489749120588,0.0092365494427173,0.349358475016105,0.324972897531001,0.0722702764357514,-0.0788356663354385,-0.280930214701105,0,1,0,0,0,0,0,0,0,0,0,0,0,0,0
9,0.218900622199389,-0.134351429384459,-0.113819525375222,0.229896359173807,0.444070365805467,-0.0376708335740479,-0.0590982793361432,-0.0508480258513384,-0.167905812320893,-0.0002139514988316,0.113510152337623,0.0119945415059054,1.01482677453086,0,0,0,0,0,1,0,0,0,0,0,0,0,0,0
0,0.241590258162073,0.216622758330474,0.0842130337645819,0.135283044223341,-0.189098939038384,-0.0464201724303609,-0.0800580907591015,-0.0319346447884813,0.474722224484696,-0.123921932436581,-0.198537830360882,-0.110980281476576,-0.262871259345483,1,0,0,0,0,0,0,0,0,0,0,0,0,0,0
8,-0.0163963833721698,-0.619622452797937,-0.0004203044020123,0.0855377491506781,0.0348486322226656,0.117175537456289,0.0372230342983603,-0.0107534071435843,-0.587338348906728,-0.119420862379692,0.153699634826338,0.0154754472236821,0.282345919032741,0,0,1,0,0,0,0,0,0,0,0,0,0,0,0
4,0.0266048911006803,-0.697983810642249,0.0737988736451852,0.563164948870393,0.626204449229765,-0.0779834149480474,0.182143902767645,0.0570425451617152,-0.0781724098956043,0.0561235553311974,0.0474670611767396,0.0796093583613885,0.526567149088109,0,0,0,0,0,0,0,0,0,0,1,0,0,0,0
6,0.0593340676087695,-0.75778298744068,-0.115791446834563,0.330039780788633,0.73107397740337,0.0493792555668317,0.0655148453807892,-0.0172221075466435,-0.534292979395869,-0.183006941440139,-0.0534670660404229,-0.0593377285160201,0.0822651562848461,0,0,0,0,1,0,0,0,0,0,0,0,0,0,0
6,-0.106080716943459,-0.0802993523462518,-0.0566834095838052,0.294804879064173,0.739321833150109,-0.12551630939932,0.103325840379797,-0.0044867097363838,0.0422387138585728,-0.183629089661313,0.0558305758341003,0.216397422801556,0.500895431353866,0,0,0,0,0,0,0,0,0,1,0,0,0,0,0
5,0.0301437264193503,-0.139513091897936,-0.0262325693951372,-0.363548898872186,0.106021297965545,0.170057501677721,-0.0164576630683187,0.036071142057376,-0.0473440706438702,0.283658676897494,0.0162164559034729,0.247101914510368,0.21004065620769,0,0,0,0,0,0,0,0,0,1,0,0,0,0,0
3,-0.0526450414911782,0.944207142013714,0.0601852821158716,-0.146777626139615,-0.569182358013975,-0.0286383460484467,-0.141163229962027,0.0203663529624182,0.729409097114136,0.20316187697819,-0.0665767945281834,-0.377135529345727,-0.520698745590695,0,1,0,0,0,0,0,0,0,0,0,0,0,0,0
9,-0.127398485913772,-0.0903092603739423,0.0313447588046866,0.359736383137731,0.629186860748727,0.144862043930184,0.0797753898853318,0.0444339011966382,-0.214619019968861,0.134267491701208,0.224810573274106,0.416876091711425,0.566431972930469,0,0,0,0,0,0,0,0,0,0,1,0,0,0,0
0,-0.109108032255713,0.786363964833747,0.0074269166466633,-1.12681991236534,-1.1317381827496,-0.281422348443484,-0.242646715324329,-0.0451772233648765,0.606564948012554,0.0661973695072932,-0.180046462004885,-0.266948607472009,-0.655731992911989,0,0,0,0,0,1,0,0,0,0,0,0,0,0,0
9,-0.140600412361349,-0.10321203153787,0.0488136480848309,-0.257865550433937,0.940713995260328,0.156260164268686,0.138250589998649,0.0525455315321601,0.0113670925832914,0.155722323865531,0.250674853609919,-0.233154549380745,0.836744684776926,0,0,0,0,1,0,0,0,0,0,0,0,0,0,0
7,-0.024092127121415,-0.269753116706949,-0.0806989520169993,0.805236312085541,1.21429943252747,-0.0113951558790601,0.133666374761188,-0.018914349438443,-0.161009437046579,-0.326023811220884,0.0925395228836123,0.252077801821629,0.346199615174249,0,0,0,0,0,0,0,0,1,0,0,0,0,0,0
2,0.194117593088502,0.0366510653302546,-0.0212725679145936,-0.0618468783772791,-0.303606143124553,-0.0324022427161347,-0.195850086624408,-0.0517227681752635,0.120795942894949,-0.0855377550731213,0.0094544483087752,-0.160170502404765,-0.327901180381127,0,0,0,0,0,0,0,0,0,1,0,0,0,0,0
4,-0.251390758643076,-0.573918807273087,0.131279754882048,-0.0244101090644751,0.593618546480436,0.0044156407007159,0.260646817795981,0.0805958132133676,-0.391601700231783,-0.0901948367047192,0.224972168417307,0.0709962526361149,0.832645857771698,0,0,0,0,0,0,0,0,0,0,0,0,0,0,1
7,-0.0592337031297516,-0.164607540758711,-0.0798855364991431,0.639848879578149,0.425787878959723,0.114764826511623,0.115891484150548,-0.0066070525747288,-0.0773053964612563,-0.337784814611643,0.166022222555053,0.254725220188372,0.142896854600951,0,0,0,0,0,0,0,0,0,0,0,1,0,0,0
8,-0.233628563899814,-1.23858698440501,-0.0693880972946132,0.273001510078151,1.0230424401205,0.182560353762049,0.229245209909915,0.0560656766780354,-0.726432442684865,-0.189195919283914,0.324182018521106,0.249303892583246,0.835140381548144,0,0,0,0,0,0,0,0,1,0,0,0,0,0,0
4,0.0578058427712904,-0.427887526626028,-0.0855409243561741,-0.366142354588505,-0.0561373341693717,0.219420795184065,0.229397226463792,0.0033439141309176,-0.179184677927706,-0.0908849277344702,0.100397342731602,0.103734540440421,0.587958617589265,0,0,0,1,0,0,0,0,0,0,0,0,0,0,0
4,0.0952368287602168,-0.766596008570337,-0.156266938571585,-0.186593109023271,0.195712813420864,0.0047939335483276,-0.207044471653822,-0.039553161376089,-0.544904147107217,-0.0110925882492328,0.0995152873493078,0.265376865843214,0.163854670909175,0,0,0,0,0,0,0,0,0,0,0,0,0,1,0
2,0.180849043096631,0.286648097102981,0.0683268951970928,-0.162742879167382,-0.109510594981056,-0.0805173996532162,-0.209391784728203,-0.0441521409537746,0.185658585981143,-0.0104444208858979,-0.113956131996987,0.139893678345367,-0.122730385552995,0,0,0,0,0,0,0,0,0,0,0,0,0,0,1
5,-0.0997824110139398,-0.715002231114798,-0.0087232470741398,0.410638958771866,0.32812864750483,0.0300926467166491,-0.024253260531935,0.0359046634150713,-0.614963614431414,0.102478157991382,0.178978534639581,0.0678234669983787,0.604366713627039,0,0,0,0,1,0,0,0,0,0,0,0,0,0,0
6,0.14974546691256,-0.329091880666674,-0.098410285931487,0.0384402362585988,0.310765701827428,0.0689357744183454,-0.074673434427823,-0.0561257213277537,-0.404733628782555,0.0563583468424825,0.126119942199467,0.139743591269474,0.102891742413053,0,0,0,0,0,0,0,0,0,0,1,0,0,0,0
1,-0.0772045034493516,0.26639245447829,-0.123007087797054,-0.415708281536828,0.184912151377449,0.0359066839248472,0.0443473021484835,-0.0520558735058636,0.0042805001096859,-0.175605987884529,0.0931651920553231,-0.0812290270649462,-0.120178761715638,0,0,0,0,0,0,0,0,1,0,0,0,0,0,0
1,0.114189365532335,0.423841376118914,0.0127499099011021,-0.29615455218582,-1.28444489392905,-0.0972573304321302,-0.0677058948777791,-0.0217214732481037,0.227644387340971,0.170288357655134,0.0685032297336831,-0.0775837490116669,-0.931386307554102,0,0,0,0,0,0,0,0,0,1,0,0,0,0,0
1,0.200817608069746,0.253354808146513,-0.0048868943038214,0.0982819992631085,0.250782944024028,-0.130099955681149,-0.0828248405489476,-0.0671619478530657,0.0947670766238735,-0.135704692070068,-0.151994667181668,-0.396350878447374,-0.392650247490183,1,0,0,0,0,0,0,0,0,0,0,0,0,0,0
6,-0.221106112851822,-0.291379764426552,-0.0106953650806158,-0.556575300267562,-0.32970773197339,0.193585804195197,-0.0280519821025649,0.0610806687818308,-0.187346525076015,0.169339860357428,-0.0226786180334718,-0.163692401190398,0.0024804240378304,0,0,0,0,0,0,1,0,0,0,0,0,0,0,0
8,-0.0302767919420874,0.307904023462013,0.0764151241789023,0.022952459079151,0.110745048137552,0.0314926188691826,0.0837253683472784,0.0320103528735699,0.447551328906211,0.059130575896782,0.235173367591461,0.0192917701854109,0.514772793058266,0,0,0,0,0,1,0,0,0,0,0,0,0,0,0
1,0.0278717541123752,0.224517968966052,-0.091148487614049,-0.162621347510297,0.467172455634271,0.010193284918994,0.119124910799254,-0.0078106382593517,0.0823859283065921,0.0208112612325899,0.0296160324087892,-0.385466789195379,0.118736291305163,0,1,0,0,0,0,0,0,0,0,0,0,0,0,0
4,0.21734508861508,0.390738272658622,0.0943430886070556,-0.247664338874289,-0.943052365195665,-0.107230304993734,-0.211324766524661,-0.0188690266000696,0.494751165839359,0.222595155884746,-0.0776782992143738,0.202187108113401,-0.481205024410798,0,0,0,0,0,0,0,0,0,0,1,0,0,0,0
7,-0.130554303104931,0.115003678499907,-0.0308666297354399,-0.391053586739798,-0.431311549164615,0.0371996442845639,0.0614279373437462,0.0382025991662326,0.24739118428368,0.0189637395073332,0.186938178546312,-0.0613434461994671,0.227965986036087,0,0,0,0,0,1,0,0,0,0,0,0,0,0,0
6,0.0155915884504996,-0.328259962946284,-0.0809122850887831,0.310231773194792,1.01245549444305,0.0707222376011402,0.069509408005093,0.0153544675132702,-0.119544090521639,-0.101396051052149,0.0563328414955673,0.101251984031965,0.672193789631232,0,0,0,0,0,0,0,1,0,0,0,0,0,0,0
3,0.0628127621558717,0.641118426431159,-0.0084760111309174,-0.22470947399665,-0.445182615849744,-0.0206747686120826,0.123412126504499,0.0097762339614434,0.492128038720345,0.222555117800731,0.128848188871502,-0.172970654944571,0.024603362883028,0,1,0,0,0,0,0,0,0,0,0,0,0,0,0
1,0.0952949390454851,0.383416404104578,0.163969751663789,-0.133367956574615,-0.255974309260195,-0.0973970843077992,-0.0896150078752558,0.0259626246150486,0.465686257569292,0.0998429174389485,0.0918807566666322,-0.0441636902657961,-0.141124787800849,0,0,0,0,0,0,0,0,0,0,0,0,0,0,1
2,0.0929990204782463,0.202495416332052,0.0439108233099027,0.0397418290416091,-0.909786258807099,-0.169557868359885,-0.091855160227975,-0.030111753309224,0.224713966772394,-0.227493611233855,-0.186424098244793,-0.063146606903529,-0.0392925791696094,0,0,0,0,0,0,0,0,0,0,0,0,1,0,0
1,0.111473501860607,0.673920565371505,0.0542217356610467,0.140677854442018,-0.364011698625795,-0.21755911468488,-0.133339083032334,0.0058814999613074,0.455876283402492,0.160906576518957,-0.149585955447362,-0.196396200570423,-0.60776164264652,0,0,0,0,0,0,0,0,0,0,0,0,0,0,0
9,-0.114249155669643,-0.309926103788445,-0.0698087675841937,0.695877511133874,1.04943089963221,0.0560305170976096,-0.16969218509869,0.037321069217981,-0.162693850954589,0.166774814161426,0.0577458913325986,0.398529049695554,0.620926422825157,0,0,0,0,0,0,0,1,0,0,0,0,0,0,0
2,0.288760500283131,0.0642321483555425,0.0844788949612348,-0.347263410074113,-0.489139897922208,-0.184022021997562,0.0085198174856192,-0.0619868728700979,0.291859961086293,-0.0254942874563775,-0.12554412916447,-0.0746513981107759,-0.512525457936691,0,0,0,0,0,0,0,0,0,0,0,0,1,0,0
2,0.168196379874138,-0.120898543352468,0.0251192424730718,0.34018811979881,-0.581935006625875,-0.143237490048335,-0.0635978945778002,-0.0288470388978499,-0.0944535894270299,-0.185331865151327,-0.167898865278527,0.0174637426275702,-0.558199997547278,0,0,0,0,0,0,0,0,0,0,1,0,0,0,0
1,-0.0727461947377072,0.210277011342427,0.0148519140976545,-0.849221307259396,-1.09834795942968,-0.133203181714812,0.145946183573582,0.0174726301790514,0.189869091692587,0.100463312855392,-0.134636586231156,-0.028898807240747,-0.432808358651718,0,0,0,0,0,0,0,0,0,0,1,0,0,0,0
9,-0.17792120047049,-0.31064128590538,-0.073615519378489,-0.0564810293795388,-0.0140653515519849,0.217456847839702,0.0139764005201096,0.0783397700205211,0.0342361772459673,0.187516242480378,0.0015025612839027,-0.0041388534926992,0.161792835220235,0,0,1,0,0,0,0,0,0,0,0,0,0,0,0
7,0.157390016525973,0.163826822734513,0.0662780842401327,0.410961593111509,0.478054069308063,-0.0649725131588729,0.0963276965754188,0.005974730056362,0.276522796675995,0.0768715110831389,0.0875962733954254,-0.0290189562803615,0.218940947407928,0,0,1,0,0,0,0,0,0,0,0,0,0,0,0
9,0.0372372969062766,-0.143033875975607,-0.117125148132026,0.133013409250428,-0.0148021851152324,-0.0145376868597623,0.101819052114784,0.0249083549902364,-0.209328984445509,0.473909083621814,0.094392217554368,0.0235997138243271,0.347289101470972,0,0,0,0,0,0,0,0,0,0,0,0,0,0,0
9,-0.0796892485499123,-0.157336826098383,-0.012246238312753,0.086549337489756,0.615620662589615,0.0007838508078739,-0.0661434996903172,0.0278578985047347,-0.11061612270469,0.0979511314102845,0.177235806748092,0.312287101069863,0.716597938841677,0,0,0,0,0,0,0,0,0,0,0,0,0,1,0
5,-0.1551397079808,-0.0379940543486287,-0.0261292320177223,0.499993030234196,0.509495753328832,-0.0166822060685444,0.143216547535897,0.0107053170482458,-0.0741140383403186,-0.0255772084920259,-0.10065847928054,-0.078075163866849,-0.272177240640648,0,0,0,1,0,0,0,0,0,0,0,0,0,0,0
8,-0.020950081291363,0.0591496629625367,0.0126174259987317,-0.369536063878156,0.0288992628168458,0.0158238645303488,-0.0023356060225604,0.006958188929602,-0.0084865558179846,0.160145959709059,0.0839075485474781,-0.003398188957768,0.740339072865993,1,0,0,0,0,0,0,0,0,0,0,0,0,0,0
1,0.115984753672644,0.0229401752734619,-0.0333963236805058,0.490299990544042,-0.409452655069648,-0.169067143492596,-0.233523138430043,-0.0564592468533824,-0.136105635012421,-0.305406648657394,-0.22602078319473,-0.190205723462277,-0.363606406620417,0,0,0,1,0,0,0,0,0,0,0,0,0,0,0
8,-0.0542472697051431,0.0426368117769377,-0.0674524520159648,0.079038846792498,-0.144022465856329,0.0824295874804305,0.0136796997274277,-0.0114892989857527,-0.0547828467818365,-0.0692067132946649,0.114550143171184,0.118230527140652,0.220636521419291,0,0,0,0,0,1,0,0,0,0,0,0,0,0,0
0,0.0524437738552167,1.01059626572563,0.129023032734165,-0.683320583375625,-1.03972620885323,-0.117721872064389,-0.217414006259913,-0.0676921416769949,0.433762441324833,-0.123914577563903,-0.339558599613955,-0.317936200337732,-0.965375343681649,0,0,0,0,0,1,0,0,0,0,0,0,0,0,0
5,-0.0006130255362121,-0.324080310547984,0.0243154202680429,-0.662180646082291,0.365501539714469,0.142121068235431,0.0515948649455521,0.0141931085578118,-0.460327310709875,0.294825068002558,0.079233476485969,-0.0180943816786934,0.148697740570411,0,0,0,0,0,0,0,0,0,0,0,0,0,0,1
5,0.0028337732379732,0.364225723347008,0.0297958906134113,0.222858419424415,-0.121430981294034,0.227309227927715,-0.0556921398357479,-0.0205089154235341,-0.155479646268729,0.0723512031891511,0.0481460410099729,0.0200415113971755,0.324838624169181,0,0,0,0,1,0,0,0,0,0,0,0,0,0,0
3,-0.238737022484806,0.533794676056275,-0.0225391453612839,0.413993236253235,0.815980342722072,0.0895839933396945,-0.12781307502157,0.0667280066043024,0.257234881108084,0.128806097631132,-0.0375204550915463,0.183004908555497,-0.0831847190188982,0,0,0,0,0,0,0,1,0,0,0,0,0,0,0
6,0.0788495739952893,0.179113424920873,-0.0824722006363461,-0.180121315168726,-0.0778534149848812,-0.0305225056590369,-0.0231035644898849,-0.0432941867816748,-0.171134540045373,-0.246281637396252,-0.0183196805589127,0.0634594591120003,0.1155375609981,0,0,0,0,0,1,0,0,0,0,0,0,0,0,0
1,0.355898395979101,1.01388950212524,0.137940608223842,0.268851207688173,-0.756208567565841,-0.205526304090263,-0.284433742347587,-0.051708997558836,1.10917178056723,0.0017103745711721,-0.201865040583745,-0.314109096865898,-0.508323921685093,0,1,0,0,0,0,0,0,0,0,0,0,0,0,0
9,0.0748547494788199,-0.895409652078674,-0.0185627179786011,-0.0461275860411999,0.0211721213676808,0.143237940555473,0.0974554295979525,0.0040687527531612,-0.588456597311752,-0.230854601769686,0.192838154187316,0.128864278132901,0.704195866815783,0,1,0,0,0,0,0,0,0,0,0,0,0,0,0
1,0.27201025468423,0.915726242392533,0.117280676851287,-0.239932996234553,-0.792041891746268,-0.0290170979339643,-0.302475924469503,-0.0455610285740038,0.426447682645622,0.0511411742375018,-0.12144376281855,-0.0519368831764704,-0.763720342636586,0,0,0,0,0,0,0,0,0,0,0,0,0,0,1
6,-0.157319110296246,0.0422884775903198,-0.0161017462207782,-0.337583099016435,-0.206061830219101,0.0404844054234529,0.180513030176281,0.0280578159842669,-0.233971826371277,0.1964623962359,-0.0714757332674056,0.0348742776229962,-0.241573182112069,0,1,0,0,0,0,0,0,0,0,0,0,0,0,0
0,0.127433762525902,0.367067851208911,0.0179322151382357,-0.415436094057854,-0.63235499210231,-0.22655895774964,-0.0723031834803293,-0.0510328529608909,0.199440645543266,0.126326920845769,-0.205887397891185,-0.139683686037606,-0.649588678483538,0,0,0,0,0,0,0,0,0,0,0,0,0,1,0
6,0.0132748554170468,0.103366271590479,0.104634109412567,-0.0069209235377947,-0.421415608359862,-0.0480526133485213,-0.0045736469345506,0.0265313885253495,0.0573763985022668,0.0680799513992838,0.0183236776756754,-0.0426975069074837,-0.0080456211900371,0,0,0,0,0,0,1,0,0,0,0,0,0,0,0
6,-0.116575587404404,-0.23352636547982,-0.0452056272857078,0.368578542968575,-0.564376340129662,-0.0292602397342308,0.0780651759772508,0.0315661274202291,-0.149541305640305,-0.204522413287291,0.0094236995975949,0.331905113196617,0.180740217864129,0,0,0,0,0,0,0,0,0,0,0,1,0,0,0
3,-0.0520770523984871,0.0617293276347097,0.0291947943166545,0.166931054676518,0.246105959083178,-0.007068196186406,-0.142769888078038,-0.002450532686708,0.0612228356110579,-0.112887668909387,-0.0365887375393521,-0.24218374856579,-0.352200785645047,1,0,0,0,0,0,0,0,0,0,0,0,0,0,0
2,0.0058855429552959,-0.0601534108426115,-0.0601561739809236,-0.366178518756857,0.289545101876178,-0.116004694075728,0.155697667698102,-0.0162921857553448,-0.298842294778977,0.0231362088335525,0.0491214610440142,-0.209371277714607,0.23004505729987,0,1,0,0,0,0,0,0,0,0,0,0,0,0,0
1,-0.0445599176084952,0.154641537144854,0.0864300941217853,-0.379676143956731,-0.311567049868918,-0.0059027087864958,-0.110864960654267,0.0302381686713868,0.0602830966837106,-0.0397889971537108,-0.0218360988132702,-0.0401824061550259,0.340109560143355,0,0,0,0,0,0,0,0,0,0,1,0,0,0,0
2,-0.0649531311197713,0.777072089204065,0.154525376564568,-0.409015786070891,-1.13963204050268,-0.153357993445087,-0.237989666246866,-0.0049932267459774,0.135972743532494,-0.0734621019190861,-0.179874425285638,-0.368433900258819,-0.670586174494098,0,0,0,1,0,0,0,0,0,0,0,0,0,0,0
6,-0.141980646090593,0.202232880212988,0.0672180726687332,-0.431921716474144,-0.600281490436752,-0.0238610372160631,0.128493174917185,0.0864345760418138,0.259685660363412,0.189606541642761,0.155715641549304,0.0650188561637265,0.333158934578226,0,0,0,0,0,0,1,0,0,0,0,0,0,0,0
1,0.174688432315206,-0.0122836796825075,-0.0138486926972464,-0.323134648858247,-0.635854960294073,-0.0854694789674,0.0264221560697624,-0.042467717109456,0.494547166147319,0.118306183597804,-0.19363087095793,-0.259007639575968,-0.408304187795212,0,1,0,0,0,0,0,0,0,0,0,0,0,0,0
5,-0.353370622286295,-0.097766715659427,0.0137124518260269,-0.888513869769359,-0.581550687429208,0.185289226177629,0.138734171026439,0.0579372534263852,-0.362828817592878,-0.0071739771539434,0.130192520804418,-0.0066258802395807,0.0823695265329011,0,0,0,0,0,0,1,0,0,0,0,0,0,0,0
0,-0.158770957882569,-0.858020851301267,0.0870271691328632,-0.751279422354274,-0.213252145103089,0.0925104031253376,-0.0905149763317679,0.045595912823171,-0.430405292247047,-0.0435040832330094,-0.0834815405889289,-0.276056266087882,-0.277288053361381,0,0,0,0,0,0,1,0,0,0,0,0,0,0,0
4,-0.208571479617642,0.0346753813997736,-0.131039012707298,-0.114974746525934,0.423953389255762,0.0385725754497939,0.186662050720057,0.0198138811377244,-0.0766163648506234,-0.0417977503671259,0.06373973163899,-0.184213444420154,0.177339207714535,0,0,0,0,0,0,0,0,0,0,0,0,0,0,0
5,0.159379241397967,-0.298766686798009,-0.0890716838097115,-0.462096113295646,0.173374786792816,0.0192418593628365,0.0864280880875768,-0.0547811911499366,-0.19693042557236,0.0478637015250845,-0.0430126594017591,-0.0538492817909933,0.0706771522026246,0,1,0,0,0,0,0,0,0,0,0,0,0,0,0
5,-0.0643883127975916,0.260366212228224,0.0171995136047197,0.106047520720871,0.524721047811485,0.0769211266438222,0.0370792562053793,-0.0090992489742084,0.0089855720898637,-0.106145586222025,0.0721752383074948,-0.0545289443205929,0.0742530036999202,0,0,0,0,0,0,0,1,0,0,0,0,0,0,0
8,-0.0619444394787045,-0.454265499780164,-0.143535465887996,0.12128001708173,0.425638083909188,-0.126256914868251,0.122605093961084,-0.037845284989259,-0.225493551725495,-0.150850636302367,0.0631304859332761,0.214470236899458,0.625896041567538,0,0,0,0,0,0,0,0,0,1,0,0,0,0,0
6,-0.0258824986960475,0.513360549812712,0.0472446543620904,-0.704661712261801,-0.897690143484686,-0.0116659695245426,0.0360666418475082,0.0210868620978331,0.441157384666311,0.149711047535329,0.0569079124273671,-0.399183083115727,-0.433843800313847,0,0,1,0,0,0,0,0,0,0,0,0,0,0,0
9,-0.103760826927295,-0.271930079207485,-0.0155061879977811,-0.0841533207181991,0.261627202351634,0.119531338428084,0.152452705578639,0.0519363735113581,-0.266364028693854,0.152161942329262,0.198189731327264,0.0871203258701632,0.314597764633907,0,0,1,0,0,0,0,0,0,0,0,0,0,0,0
9,-0.214461919418847,-0.37471233634253,0.0585508363762319,-0.0669790191056095,0.273137748493194,0.0042761596757581,0.163987837123274,0.0605557434081031,-0.438073529050868,-0.199004053105567,0.240889057801234,-0.0345980410098342,0.325577660229631,0,0,1,0,0,0,0,0,0,0,0,0,0,0,0
2,0.181345356769542,-0.247314439174444,-0.105276588941082,-0.569336715878778,-0.407336150939727,-0.126769237068089,-0.0855447583196572,-0.0291450273862707,-0.167839061879097,0.0182554627128548,0.0432804395263465,-0.334386075490316,-0.314573318901833,0,0,0,1,0,0,0,0,0,0,0,0,0,0,0
6,-0.0126971283672371,-0.0123057543478282,-0.040439719781771,-0.414885818029578,-0.462398217341111,-0.0862021979505664,-0.15294850692152,-0.0043086324717515,-0.286524134333297,0.184677798894756,-0.0672490956471331,-0.0345484863029251,-0.0802422262061146,0,0,0,0,0,0,0,0,0,0,1,0,0,0,0
9,-0.031648832049732,-0.564772885776589,0.0296851585087763,0.0202120561576662,0.194704330990921,-0.0036534078820999,-0.0333254600639965,0.0178783717304235,0.0916275823783781,-0.176604037355893,0.0933778086141899,0.296319259989669,0.600556407445865,0,0,0,0,0,0,0,0,0,0,0,0,0,1,0
7,-0.184672872763262,-0.340583077017265,0.0596008097888078,-0.204237672880308,0.28059559466183,0.164974785121559,0.19570773480727,0.0708733922240443,-0.212962863831199,0.178811539981743,0.287958996902561,-0.0871746621921463,0.653145320716199,0,0,0,0,0,0,1,0,0,0,0,0,0,0,0
2,-0.113159115894455,-0.0469760299411582,0.0009331533190742,0.188938166145856,0.19967979529787,0.059041711625943,0.0924773988624106,0.045550425328153,0.2168624387177,-0.0534180421242257,0.0433041937781917,-0.235252326281441,0.472875235796755,0,0,0,1,0,0,0,0,0,0,0,0,0,0,0
2,0.160395748176443,-0.296470627439914,0.0175902927391169,0.0145440097517023,-0.798644622666873,0.0382994879012222,0.0707170975906502,-0.0211166337447081,-0.217790430877596,-0.014816783383481,0.0835496765213174,-0.264963444803484,-0.0981457825324725,0,0,0,0,1,0,0,0,0,0,0,0,0,0,0
4,0.128576684805833,-0.50070060852498,-0.219216949468812,0.304515193852916,0.692025943152159,0.103980111633499,-0.0107687745346335,-0.0460119616441551,-0.0987778315947113,-0.314429957483294,-0.174748224227939,0.0366429734524903,0.368660212350463,0,0,0,1,0,0,0,0,0,0,0,0,0,0,0
0,0.0907658793884356,0.217225080654097,-0.0362189235233433,-0.258054959846898,-0.976310063909986,-0.2751693291791,-0.0809175426128982,-0.0329551602745529,0.406056978036524,0.100644027520214,-0.255523395257336,-0.102173977115429,-1.1337927064829,0,0,0,0,0,0,0,0,1,0,0,0,0,0,0
7,-0.139715462524208,-0.231222690314103,-0.0279631241202824,0.111183758565708,0.761379230581851,0.0210345770568322,0.383001634314375,0.0415689536293236,-0.279951226475844,-0.145344954735381,0.169047424910098,0.153019710104329,0.231991590912827,0,0,0,0,0,0,0,0,0,0,0,1,0,0,0
7,-0.0278403050148112,0.179827013951921,-0.0051779809715571,-0.56933227491344,-0.201125648191555,0.149297927946385,0.138042738319936,-0.022689168452025,0.0022812804083772,0.0833219176131918,0.150427123639281,-0.0946366181680724,0.513239393587244,0,0,1,0,0,0,0,0,0,0,0,0,0,0,0
0,0.143991576500669,0.226151479001381,0.0087561320779224,-0.031289501179189,-0.657572508767046,0.0763470097965569,-0.0798640274544969,-0.0569850368760785,0.183743575310929,0.0102871330259031,-0.110627953329878,-0.246810080120963,-0.477070980654288,0,0,0,0,1,0,0,0,0,0,0,0,0,0,0
3,0.103242652501972,0.350608701960066,-0.0291139669089673,0.74300718671167,0.614451381244629,-0.0193276546786264,0.0665653468385689,-0.0301929396921943,0.217841974524891,-0.105947074890206,-0.111605042467319,0.0938294229253304,0.241209502512943,0,0,0,0,0,0,0,0,0,0,0,1,0,0,0
0,0.0003864803145724,0.891018020362461,0.139613118823323,-0.158859276106853,-1.04076757018641,0.0455128695884557,-0.0185953695097734,-0.0012040539092695,0.652439566999927,0.15563934347912,-0.101435566779869,-0.219363682689123,-0.805386885319814,0,0,0,0,0,0,0,0,0,1,0,0,0,0,0
9,0.123740971432782,-0.316536927271754,-0.0190064370936047,0.419116130875465,0.720664489134321,0.225313356447787,0.0371758193639193,0.0109652664219863,0.115549092182323,-0.0006410205321531,0.188599768808104,0.0820760589370479,0.642934437126209,0,1,0,0,0,0,0,0,0,0,0,0,0,0,0
4,0.0281254920515853,-0.13969143226175,-0.015738085882338,-0.596352104157561,-0.559147755252401,-0.0517540057472064,-0.0410038807541254,-0.0221670611368755,0.0593594613532242,-0.198281838575514,-0.0165289333376124,-0.236298288147975,-0.19364339453788,0,0,0,0,0,0,1,0,0,0,0,0,0,0,0
9,-0.272346313212421,-0.0719273913414446,0.0224301382206096,0.245108254822917,0.416059457020355,0.222745057651085,0.230212513320132,0.0650552743051536,-0.0680586302228847,-0.006983377528204,0.19247095847638,0.0964941213828477,0.585461793038814,0,0,0,0,1,0,0,0,0,0,0,0,0,0,0
1,-0.0198108461220177,-0.0625731011772127,0.0153380440946423,0.435402160812044,0.0697971493451677,0.0685285349863258,0.0390374833612191,0.0314100981008012,0.133070602979976,-0.238203882876934,-0.0451064110825056,0.0317999400639441,-0.204163883067896,0,0,0,0,0,0,0,0,1,0,0,0,0,0,0
9,-0.102368762715422,-0.133370718210315,-0.0088361224121475,0.0276076090050786,0.767021294745509,0.252999790929638,0.107642198025151,0.0110486783086563,-0.241989064477827,-0.108392760221301,0.275978820565224,0.0801258200217504,0.58451273321715,0,0,0,0,0,0,0,0,0,0,0,0,1,0,0
5,0.0723965278760011,-0.394960594220102,-0.0090455106038707,0.355438138326273,0.413522689822291,-0.0080637466324134,0.0783726425918025,-0.0071110971011688,-0.117090629608433,-0.0049145555042505,-0.0590298996341933,0.249574551836483,0.647334682649721,0,0,0,0,0,0,0,0,0,0,0,0,1,0,0
5,-0.0635831209230305,-0.388382512124058,0.0417419679900093,-0.472011533466696,0.160466326270814,-0.0102103916579968,0.209496227114977,-0.0200637602964086,-0.0522357504507681,-0.006261566588476,-0.0112992608347624,-0.0214179907549472,0.372325903295423,0,0,1,0,0,0,0,0,0,0,0,0,0,0,0
1,0.269488479863489,-0.11151905529005,-0.0383715372289409,0.69417231730131,0.531810927121013,-0.142400832896055,-0.0442174276672583,-0.0506734896102709,-0.117986433154149,-0.0010821647892743,-0.0807832333910156,-0.240311341754213,0.107868983255048,0,0,0,0,1,0,0,0,0,0,0,0,0,0,0
0,0.163880234987065,0.0035556704911424,-0.0539982167444612,-0.213632739565744,-0.975062093059628,-0.239507378924641,-0.124966124564433,-0.039704574283954,0.208833140768082,-0.0606695561272556,-0.24135184993676,-0.132847660203651,-1.16981483660697,0,0,0,0,0,0,0,0,0,0,0,1,0,0,0
5,-0.0525898296742132,0.543172497345797,-0.0391967151985669,-0.504225016203917,-0.697058942054819,-0.0855767632392077,-0.22614859478433,-0.0157778209678259,0.294146634387446,0.116157693467246,-0.149823147767619,-0.277627718544434,-0.774934591982101,0,0,0,1,0,0,0,0,0,0,0,0,0,0,0
1,0.089629886246567,0.329530847604879,-0.10170515815696,-0.170511512932042,-0.18213985562747,-0.057572180036415,-0.055391449933517,-0.0680281808185059,0.105868824250356,-0.100181579922457,0.0109604491101726,-0.0308920597647352,-0.585788974789797,0,0,0,0,0,0,0,0,0,0,0,0,0,1,0
6,-0.196972651540105,-0.114428164964829,0.0151768338883598,0.21220638884926,0.91190460840405,0.123163400182497,-0.0031677138647579,0.0618472800122801,-0.312728293514481,-0.152560482473742,0.126337066495812,0.228899272840659,0.0255204744282218,0,0,0,0,0,0,0,0,0,0,1,0,0,0,0
6,-0.0806688015083292,0.100653046618855,0.0998287734855563,-0.557689677278941,-0.69586183681913,-0.0305021070303993,-0.0695256531001229,0.0178039604514376,0.0607279036580738,-0.12598615306593,0.0229377111500986,-0.170234446958299,-0.107063298123916,0,0,1,0,0,0,0,0,0,0,0,0,0,0,0
6,-0.0008125583715789,-0.115912915538793,-0.0296363831466335,-0.456001314412315,-0.320932353873276,0.0883792247626505,0.0986268413191115,-0.0141845885958875,-0.109601660121654,-0.133920556734765,-0.0066268715436726,-0.0714930052391622,0.0705355940584267,0,0,0,0,0,0,0,0,0,0,0,0,0,1,0
7,-0.0281581006905462,-0.45368244360649,-0.0320097397414919,0.615803033668845,0.40906364598426,-0.0605618414960051,0.119138515982631,0.0009889264306859,-0.0929869868349869,-0.375820605563136,-0.0037292820040465,0.123621261669306,0.703896891243562,0,0,0,1,0,0,0,0,0,0,0,0,0,0,0
7,-0.0350266934543583,0.551812622220892,0.0164697795957845,-0.0213441494560902,-0.494226473999454,0.0291383636884301,0.0206925458877758,0.0241293457252509,0.264494530590027,0.0928632657479183,0.0786690412562756,0.0799044919719345,-0.0067606151103947,0,0,0,0,0,0,0,0,0,0,0,0,0,1,0
8,-0.127944981281941,-0.265153480315229,0.0535844995240857,0.395826222813128,0.51953407035057,0.0608326031316415,-0.0106644959495525,0.053242697309696,-0.025505047370722,0.0646006043725816,0.152702984861278,-0.0781223671347784,0.546403356685474,0,0,0,0,1,0,0,0,0,0,0,0,0,0,0
8,-0.144578064463978,-0.486785208987334,0.0806801752150175,0.442034829184324,0.151676969274671,-0.12191798769958,0.0737444046001132,0.0698013033219234,-0.167490622782844,0.0135220264459342,0.059032894187946,0.285000360080182,0.0967398666779441,0,0,0,0,0,0,0,0,0,0,0,0,1,0,0
8,-0.0032631067166571,0.195759199939104,0.0274425430224633,0.855106543011788,1.25778355757586,0.274115388855081,0.0759743343756352,0.0192811667493101,0.271135562595946,-0.124156307363611,0.2342854815687,-0.0280311762992265,0.24516052098872,0,0,0,0,0,0,0,1,0,0,0,0,0,0,0
6,-0.0730519486680668,0.9026388029713,0.166217445524096,0.35625212566437,-0.0392505633368441,0.055935934642311,-0.050770807366506,0.038911381809955,0.24339278144473,0.245682839039613,-0.0386283577386348,0.0795035132518453,-0.161363979372174,0,0,0,0,0,0,1,0,0,0,0,0,0,0,0
7,0.0929195907548589,0.0900051822934876,0.0588093167765489,-0.0478265030038528,-0.066927441635357,0.0101252131297798,-0.0860026685560333,-0.0269161471348578,0.182538946966452,-0.0602121883443948,0.0204613853937743,-0.0663375682973476,0.627744724420698,0,0,0,1,0,0,0,0,0,0,0,0,0,0,0
9,-0.149976390339151,-0.244220223021203,-0.131153618580109,0.778211343286445,0.862747189743937,0.20850267704779,0.0300408418462828,0.0247458210491856,-0.370406781293957,0.0359428412421783,0.151719501737797,0.234893862601986,0.462702709872808,0,0,0,0,0,0,0,0,0,1,0,0,0,0,0
4,-0.103102480146695,-0.529152734885177,-0.0145247432995124,0.217405085967081,1.07349385836299,0.219957803557057,0.352263514556916,0.0088393687735512,-0.252590600407857,0.0309689246362481,0.138954173845614,0.169759883426434,0.577636377920299,0,0,0,0,0,0,0,0,0,0,0,1,0,0,0
6,-0.117494738452239,0.147552535626041,0.109174482256805,-0.265458897151895,-0.285778886349349,0.0313329143484606,-0.26025048986674,0.0604893598226599,-0.110232521546948,0.112179608223734,0.0373698102728837,-0.126540998708197,-0.254349036421811,0,0,0,0,1,0,0,0,0,0,0,0,0,0,0
6,-0.0309623218746672,-0.42164191892263,-0.0827738194907422,0.0342825051811309,0.791374262947148,-0.0054145417968978,0.317428958063943,0.0011719785466799,-0.133217146972504,0.0754004569669313,0.111088970288541,-0.285982405225144,0.167811929349992,0,1,0,0,0,0,0,0,0,0,0,0,0,0,0
6,-0.247624015675305,-0.106960803852488,0.130920302667099,1.35538797257427,0.891858808860624,0.159544899234304,0.0321208678556407,0.0588189571916813,-0.104898279422735,-0.0393129962770388,0.119484758979852,0.196112229925514,0.378478773971133,0,0,0,0,0,0,0,0,0,0,0,0,1,0,0
2,0.167586777786748,0.163966534799298,0.0118406910876187,0.389725350274678,0.247271881092252,-0.0230769951697026,-0.0089246073747683,-0.0010489482674878,0.0265820721067699,0.147916338919774,-0.0608457653663454,0.155893826609574,0.0967621513985519,0,0,0,0,0,0,0,0,0,0,0,1,0,0,0
0,-0.0792339271672242,0.419501168815393,0.019043206069153,-0.565823092869471,-0.637376486132152,-0.132716970333706,-0.0261681512320104,0.0225661244059811,0.425461274442665,0.21127129843536,-0.204578455810075,-0.16892869145193,-0.579992350900558,0,0,0,0,0,1,0,0,0,0,0,0,0,0,0
2,-0.167476605175518,-0.02749985659372,-0.0040530753250983,0.0556658093162857,0.110210704042511,-0.0292332346497156,0.0438043121509181,0.0200841744934313,0.0065360487629918,0.0803988406496375,-0.142894571796507,-0.217156342978902,-0.669947484980961,0,0,1,0,0,0,0,0,0,0,0,0,0,0,0
3,0.0532262368841545,-0.019904418454657,-0.036557720122017,-0.296850931561459,-0.715532009213812,-0.0171285310092659,-0.204699982791731,-0.0022773818393548,-0.223764929290237,-0.228631394030407,-0.120514873841142,0.0786654831761716,-0.424925371801625,0,0,0,0,0,0,0,0,0,0,0,0,0,0,1
8,-0.0916912840885656,-0.392001901991836,-0.098400360452427,-0.0115264973157121,0.602038922201449,0.0646863884088342,0.0312769369993529,0.0370498263231426,-0.253745093961917,0.07560582417183,0.167092233046193,0.280392212172031,0.258573303889523,0,0,0,0,0,0,0,0,0,0,0,0,0,1,0
2,-0.0902144854901783,0.190529155061497,-0.0157910175720351,0.223325825788383,0.588800704555208,-0.082024878119584,-0.118435585044317,0.019709037059855,0.195199786196954,0.0484876379715666,-0.178410025535373,-0.211073419124823,-0.0521016690011411,0,0,0,1,0,0,0,0,0,0,0,0,0,0,0
6,0.176125505633191,0.442885820622579,0.063019121526914,0.557013931455522,0.0894901696733305,-0.152727486475362,-0.118316808244464,-0.0560728448477462,0.406735437521091,-0.247096187124711,-0.0389124546667281,0.144807048006262,0.159680282793829,0,0,0,0,0,0,0,0,0,0,1,0,0,0,0
4,0.174899551318605,-0.0886968366373308,0.023132873738164,-0.632834754252977,-0.64870421872605,-0.0914366652739774,0.0090696944789369,-0.0434269283007562,-0.0462509030629222,0.0874527750586286,0.040184802996853,-0.269515119175427,-0.353388501624528,0,0,1,0,0,0,0,0,0,0,0,0,0,0,0
3,-0.0660498997157383,0.0492191264415296,-0.0602266527974877,0.402376424133747,0.315247486802911,-0.0017239969824069,-0.0627902416076432,0.0066242915346911,0.0207494627485991,0.0932499887437846,-0.0396160683448285,0.212907890804579,-0.329789494455552,0,0,0,0,0,0,0,0,0,0,0,1,0,0,0
4,0.175648070569574,0.0765554507783203,-0.0308988598186508,-0.117459211535728,0.22754087295156,0.204305502988235,-0.0919103253284401,-0.0099706777194552,0.111168068630388,0.0510136555921719,-0.0026223362368706,-0.0530056495807077,-0.274813463681273,0,0,0,0,0,0,0,0,0,1,0,0,0,0,0
2,0.279808783226515,0.339501803370875,0.0675799892878207,0.489477371988977,-0.514057742872619,-0.142338662195157,-0.26437804185315,-0.0151790280793708,0.0084386877817958,0.0976178715781046,-0.180950657749383,0.101893641564682,-0.130906655279693,0,0,0,0,0,0,0,0,0,0,0,1,0,0,0
6,-0.0819084342971007,0.104972047760543,0.146146853695934,0.0635501692015692,-0.12045541689624,0.128372236496215,-0.0681314804700453,0.0572201303798609,0.378990402979695,-0.0222880617793386,0.197401558576295,0.061967844509547,0.359098877957075,0,0,1,0,0,0,0,0,0,0,0,0,0,0,0
3,0.0317633333419436,-0.207111859750975,0.0065266149406497,-0.159839768240652,-0.246708948742164,0.0428957029183827,0.0144516577706043,-0.0086276200123148,-0.16133044072702,-0.0698798396206163,0.0342834718909158,0.0720520286582226,0.0289368980581865,0,0,0,0,0,0,0,0,0,0,1,0,0,0,0
2,-0.202987283565181,-0.877737296541549,0.0631324035962258,-0.207080857023933,-0.149240948739922,0.0005808322316867,0.0926633477209155,0.0488364008531361,-0.651577475242659,0.0755707797056178,-0.12519709991699,0.0810883529163314,-0.0129731366732998,0,0,0,0,0,0,0,0,0,0,1,0,0,0,0
4,-0.314814496185536,-0.169915602660223,-0.0264159651773797,0.0605684379576832,0.617962641679585,0.0091383896552892,0.040945617527403,0.0540107846483292,-0.343099356117758,-0.102578891675482,0.136178120264762,-0.0228365368147021,0.0231322930490079,0,0,0,0,0,0,0,0,0,0,0,0,0,0,0
0,0.10006637403877,0.162417204592556,-0.0330780850854854,-0.409252189199699,-0.565540919093869,-0.237874398995673,-0.0503957186832841,-0.035172640893994,0.262268591088335,-0.085260924836105,-0.3414041332029,-0.229547562916852,-0.515898771480291,0,0,1,0,0,0,0,0,0,0,0,0,0,0,0
6,-0.352391521247623,-0.330186620722435,0.0554136433945477,0.0159562337687236,0.408301342231281,-0.0397652293968035,-0.0153734367719521,0.0855869989312959,-0.234402807205578,-0.244980047965219,-0.120946805063181,0.139793593954186,-0.0942796022634744,1,0,0,0,0,0,0,0,0,0,0,0,0,0,0
2,0.159270217108825,-0.159544740884722,-0.0057385006259006,-0.195237794921811,0.161510356059018,-0.10406131797066,-0.0897611022394613,-0.0727963048516722,-0.0910943719450917,-0.364593691552505,0.00493812155316,-0.152054796516086,0.142306989343791,0,0,0,1,0,0,0,0,0,0,0,0,0,0,0
1,-0.136181035214983,0.209177194184362,0.120993638842133,-0.192696396062771,0.501423563477356,0.0718002238678516,0.0790307183422971,0.0214712475449197,0.370687009025686,-0.0435471156966829,0.0498397641879209,-0.0385065085918311,-0.283030037018617,0,0,0,0,0,0,0,0,0,0,0,0,0,1,0
8,-0.175050351968012,-0.313193473387643,-0.112900183212521,0.826636115177509,1.374880672237,0.103746184661644,0.127709316271725,0.0249477353067473,0.0360024455249031,0.0871497450143935,0.189077746937697,0.353308778400565,0.510947586885511,0,0,0,0,0,0,0,1,0,0,0,0,0,0,0
5,0.166272326362944,-0.327500069522561,-0.0565891044749942,-0.509595822437341,-0.0612353225066679,0.016795671891547,-0.0644435501865542,-0.0509000678109295,-0.219740693200269,0.0532057198147683,-0.0056890478195366,-0.174156479994455,0.414195096156577,0,0,0,0,0,1,0,0,0,0,0,0,0,0,0
4,0.0534421368892557,0.0399727480385365,-0.0819939995501444,-0.13717315324428,-0.265253610199776,-0.183270286873116,0.019977679257397,-0.0263615828851338,0.120080005880422,0.0969191537359864,0.0281999118502796,-0.286635024207548,-0.369537092125674,0,0,0,1,0,0,0,0,0,0,0,0,0,0,0
1,0.0752769848212477,-0.144996841386767,-0.0113301070052488,0.0394331222692824,0.0320355035891895,-0.026781903813354,0.0578858964638765,-0.0333311356294439,0.206660088839022,-0.0904284822211552,-0.126951189863792,0.0796824566700004,-0.591510731379817,0,0,0,0,0,0,0,0,0,0,0,0,0,1,0
8,-0.0841787026003896,-0.483727859073292,-0.106823478835909,0.0154402221311919,0.437228284006021,0.0914676281805398,0.176225932572157,0.0184608939894653,-0.137523639912445,0.183264505289264,0.0156977176743925,0.0552420084139998,0.592637782123397,0,0,0,0,0,0,0,0,0,0,0,0,0,0,0
9,-0.159825784207798,-0.100991604406394,-0.196765859547518,0.74250637172673,1.00302067350487,0.158268878678174,-0.0357900940561089,0.0133660129325012,-0.472317257597278,0.281930661885137,0.206434038478998,0.35244718420012,0.84654363915245,0,0,0,0,0,0,0,1,0,0,0,0,0,0,0
9,-0.147175523055619,-0.763446398923306,-0.116426254566874,0.282643687453055,1.21007636593067,-0.0335585424743313,0.106379857673881,0.0100236426251066,-0.501781636568331,0.108177417517123,0.0677227538145129,0.300719999908417,0.90351022188081,0,0,0,0,0,0,0,0,0,1,0,0,0,0,0
4,-0.0216373755700082,-0.0735759735279579,0.110778850836793,0.100483392450258,-0.180521256608647,-0.0249202499257663,-0.0836496101102685,0.0145942262872583,0.189098590776363,0.0099512295027945,-0.0685491589057104,-0.0692052592397502,-0.526734686186169,0,0,0,0,1,0,0,0,0,0,0,0,0,0,0
0,0.178679088742532,0.309492705518908,0.106524918422883,-0.270551451300479,-0.880344849508143,-0.193439076880816,-0.256311262664634,-0.0259735921076567,0.437781435397817,-0.151588624556179,-0.0164974833574956,-0.109426817787117,-0.709490506050036,0,0,0,0,0,0,0,0,1,0,0,0,0,0,0
7,-0.101775548353145,-0.415581387285763,0.0586327503506559,-0.272242936443976,-0.471807515001893,-0.121338173006384,-0.0503689655137198,0.0216897296020703,-0.250109943176266,-0.168689003201358,0.0431863951259252,-0.0231084706755093,0.329527726476898,0,0,0,0,0,0,1,0,0,0,0,0,0,0,0
3,0.204796808660563,0.578637682479198,-0.0281496426680664,0.307387758025086,0.40990524477123,-0.0971103341312163,-0.0117361161766613,-0.0437153387338635,0.0348492192941454,0.0114953496842269,0.0817887062240976,-0.0038104051810749,-0.117140631795024,0,0,0,0,0,0,0,0,0,0,0,0,0,0,0
1,0.0598567206525253,0.0306494204015426,0.106806021838882,-0.320979284353708,-0.811260734251113,-0.128847293241211,-0.106509507262796,0.0244802361884407,0.0840757610383537,0.0802725607303218,-0.186416085908222,-0.0358348491180881,-0.653041309596034,0,0,0,0,0,0,1,0,0,0,0,0,0,0,0
0,0.213771595836746,-0.297367993252658,0.0026415186660423,-0.0616200842459421,-0.534825959307333,0.0785368704894557,-0.0153297445739028,-0.0492498740462766,-0.41598469506634,-0.19385236678817,-0.06669146902551,-0.122823852633246,0.190908179392581,0,0,1,0,0,0,0,0,0,0,0,0,0,0,0
0,0.345381717026732,0.693113841298679,-0.0963572509462772,-0.434597310264036,-0.669530179979167,-0.10859399645142,-0.322279034515671,-0.104957686179768,0.391720064566475,0.200687716815645,-0.325100858481026,-0.288133238831007,-0.96435832812439,0,0,0,0,1,0,0,0,0,0,0,0,0,0,0
6,-0.0200251684380792,0.232180412617683,0.108035038887458,-0.682637084714485,-0.769355613255551,-0.0210704830040558,-0.069723596011496,0.032822488834412,0.413959133620852,0.159780515139069,0.0452698954459601,-0.0276568441350984,-0.106308189268052,0,0,0,0,0,0,0,0,0,0,0,0,0,0,1
7,-0.0102146813232126,0.0686342960534884,0.0219147053172674,0.113338201364641,0.372391046580025,-0.0435776763610456,0.0654680398275007,0.005402926854453,-0.110201818352759,-0.0740623770047113,0.151773972779824,-0.182718238170874,0.415592466308215,1,0,0,0,0,0,0,0,0,0,0,0,0,0,0
0,0.268496639556426,0.218760888492678,-0.0490557261103661,0.0552003474492594,0.0911250948855604,-0.144759171050438,0.0764669286126547,-0.0407863892367925,0.0454973663937908,-0.177924334306179,0.0179948539197794,-0.276837986701941,0.16359774760991,0,0,0,0,0,0,0,1,0,0,0,0,0,0,0
4,0.0320644447780995,-0.709510495807638,-0.0189057941141606,-0.113573260168905,-0.177371401152253,0.0208178148365746,-0.0009759765393962,0.0354565278988353,-0.402807781440684,0.136884953515714,-0.0016580019988675,0.0163508925606698,0.0414819841954086,0,0,0,0,0,0,0,0,1,0,0,0,0,0,0
1,0.0657402814875177,-0.54393742002033,0.0785563974380125,-0.0649476232105435,-0.329180914344115,-0.011812894439749,0.113211164146075,0.0030520232500748,-0.346946421644327,0.036005697729626,0.0480478236554406,-0.303078873642859,-0.166421839074279,0,0,1,0,0,0,0,0,0,0,0,0,0,0,0
6,0.286263418886215,-0.525711186877603,-0.0735515505359017,0.527726041244553,0.154167745904083,0.0747696637399385,0.0698102692996248,-0.0360725254792908,-0.240829968098437,0.0087176163340298,0.0869413982679326,0.0328191723235157,0.36664121221441,0,0,0,0,0,0,0,1,0,0,0,0,0,0,0
8,-0.0296022456968258,-0.152295461650371,-0.0370281297212321,0.0207968483224434,-0.0117835276041046,0.0230488560355862,-0.0803702193425864,-0.016072805062289,-0.500460201464793,0.069122000268754,0.0404308918814604,-0.0310120518493726,0.346283705332142,0,0,0,0,0,0,0,0,0,0,0,0,0,1,0
1,0.1711114198653,-0.565369622985967,0.0268452786995228,0.238848649222032,-0.0994009562553156,-0.0688743540274474,-0.0263246171489704,-0.0136773523490241,-0.0956150628646248,-0.391780210457317,-0.137929042999222,-0.0129481946023,0.0174820192732371,0,0,0,0,0,0,0,0,1,0,0,0,0,0,0
3,0.0716389208224293,0.129817053539846,-0.0386070317678823,0.10668005913391,0.493543125092803,0.0806977058396039,-0.041665456740248,-0.0248306276618878,-0.0717805096769909,0.0567526959021239,-0.0214492611234975,0.0396025556188139,0.102880551006313,0,0,0,0,0,0,0,0,1,0,0,0,0,0,0
0,-0.0633006321269076,0.0301684420360741,-0.0157847327421598,-0.25654529336182,-0.064336674333209,0.123674598458202,0.187414819037779,-0.0376034342908997,-0.0580266235638413,-0.158519179143792,-0.0930593878043434,-0.115410714251346,-0.220944185781302,0,0,0,0,0,0,1,0,0,0,0,0,0,0,0
1,0.0148835754173625,0.299639282336849,0.0017279537838815,-0.105590467755965,0.370714509859451,-0.0335184451756245,-0.0883989104598882,-0.0288360241948073,0.0358403407424377,0.107682465889484,-0.122326597227261,-0.268351342101508,-0.518661458217864,0,0,0,0,0,0,0,0,0,1,0,0,0,0,0
8,-0.12085856704356,-0.282595450587468,-0.02226036368717,-0.511842849688235,0.195540356200763,0.0232211719537777,0.100148226059215,0.0070598170565608,-0.139411554276555,-0.0645963796046765,0.12388289818961,-0.147903212133786,0.0746245955901371,0,0,1,0,0,0,0,0,0,0,0,0,0,0,0
7,0.0451790671344914,0.396169352980656,0.0861702563920672,-0.131047110877663,0.0052152515590763,-0.0066903856949651,0.0895754683205579,-0.0003456630691334,0.335170974606689,-0.0223149712448034,0.0957787270323939,-0.186745767021433,0.39871927490271,1,0,0,0,0,0,0,0,0,0,0,0,0,0,0
2,-0.233367925780458,0.228500923095302,0.013811648278382,-0.587642357552217,-0.314307654339897,-0.0076566488750463,0.0667368264192947,0.0701503680082831,0.325537503922009,0.283192231280271,-0.0715581999245019,-0.0104850078265684,0.142920247592108,0,0,0,0,0,0,0,0,0,0,1,0,0,0,0
7,-0.0940251699288949,-0.117545376140088,0.0945051861582204,-0.329433928032107,-0.0686548521274563,0.0121385155765371,0.155681948595457,0.0155995024914681,0.041507616908342,-0.0363484622720511,0.173202317615164,0.133967325634415,0.297042089260819,0,0,0,0,0,0,0,0,1,0,0,0,0,0,0
7,-0.0971667887325204,0.260151054174199,0.0476484404883201,-0.177005067162356,-0.566491845336444,-0.0019590840562326,0.246942170679225,0.0628194097867752,0.108291571976095,0.0984513178483742,0.0266672583388824,0.170453606624167,-0.0005118445629024,0,0,0,0,0,0,0,0,0,0,0,0,0,1,0
7,-0.390914001073585,0.155451401810494,0.0208350337659444,0.313708741160442,0.143832659291971,0.0366198838104991,0.0781908670320658,0.102474220313476,-0.0310832346888385,-0.0931440346834641,0.0623587602209741,0.165656795733737,0.0713378226227224,0,0,0,0,0,0,0,0,1,0,0,0,0,0,0
3,0.143382418155429,-0.183346659267615,0.0272094141640251,-0.268592061523549,-0.254905257071679,-0.111821549700342,0.0443908450899883,-0.0254042163209683,-0.117961289728318,-0.0244267212508434,0.132092490528026,-0.0877329737846547,0.0903555787208885,0,0,0,0,0,0,1,0,0,0,0,0,0,0,0
6,-0.069452484336071,0.215547778994388,-0.0921639147782037,-0.660768577593839,-0.364872020436838,-0.12135323228177,-0.156895700301112,0.0182321343210766,0.0889247767303971,0.218272710752281,0.0184278244367364,0.0303434124141302,-0.156765606212158,0,0,1,0,0,0,0,0,0,0,0,0,0,0,0
4,-0.0962509063501452,0.3396218064997,0.126449124678549,0.236715249559615,0.046046365356852,0.114678093375075,-0.187036040357602,0.006393626178056,0.0783535573184469,0.0627687746981251,-0.0017527859630784,-0.17327210911751,-0.0149830212220431,0,0,0,1,0,0,0,0,0,0,0,0,0,0,0
8,0.0271815784613112,-0.632050680919843,-0.0756467048586932,0.515915182349808,0.75621525811535,0.148228753273759,0.084886851761237,-0.0172214262793478,-0.301712602173177,0.0209722810407041,0.128428530938487,0.162011721228413,-0.0842298236842719,0,0,0,1,0,0,0,0,0,0,0,0,0,0,0
8,-0.0470139182589165,0.464919861286046,0.111013820733023,0.311683665947075,0.183584992297241,-0.0031867688116272,0.14382027731335,0.0143264172651591,0.0287863924252545,-0.0751473016798252,0.0748554199622786,0.162699715613426,0.15176740195779,1,0,0,0,0,0,0,0,0,0,0,0,0,0,0
6,0.0615666615394145,0.0688718405252968,0.0493831594239206,-0.248514788221936,0.0026329649603102,0.173388749961578,0.028334084941265,0.0058532747578821,-0.197469319495249,-0.269733701710069,0.146490992190918,0.0729517727135583,0.568624522195419,0,0,0,0,0,0,1,0,0,0,0,0,0,0,0
2,0.0028409803970752,-0.0897187628174898,0.0696801502545273,-0.417584624025438,-0.520070741767682,-0.189860021613271,-0.186152141854624,0.0054411714040161,-0.0881144547901986,0.12021968030655,-0.304038897081459,-0.0183923310993035,-0.47646454629442,1,0,0,0,0,0,0,0,0,0,0,0,0,0,0
7,-0.230528216778861,-0.103225979181512,-0.0171763305318053,-0.0088713537252673,-0.114032034847468,0.0866220075707767,0.060960788358597,0.0525433794510436,-0.108672418468087,0.0822933723009377,0.0470323792270017,-0.0513753069964382,-0.253962325800962,0,0,0,1,0,0,0,0,0,0,0,0,0,0,0
9,-0.076569932179976,-0.114631961179995,0.0728596810880027,0.219627353347463,0.247901982743758,0.104344558464809,-0.134701065454803,0.0471892436619822,0.040677569769192,0.0534989587978804,0.124606999200769,0.234148883651485,0.837410186650268,0,0,0,0,0,0,0,0,0,0,0,0,0,1,0
5,-0.117198153059562,0.451832680721796,0.0591023409468292,-0.478102695686343,0.0871510910664319,0.111240230679542,0.217275726499198,0.0094965473080016,0.19854954104028,-0.225390081846555,0.0664088903698538,-0.242951238032966,-0.0124781198604778,0,0,1,0,0,0,0,0,0,0,0,0,0,0,0
3,0.135668360471005,0.232044529104061,-0.0348578310606673,0.636152042913912,1.26583543606082,0.120873028703761,0.0384709797872947,-0.0071241469653405,-0.147083955318767,0.181307467287716,0.0008317435995094,0.300938671596364,0.0536991871721982,0,0,0,0,0,0,0,0,0,0,0,1,0,0,0
4,0.156676212348585,0.255719745581254,0.0436506451214935,0.472043011729934,-0.278169677106457,0.0547236420850108,-0.111010237269281,-0.0103619409280489,0.0592354505869374,-0.0035098614134012,-0.0605717241160091,-0.0681936130087152,-0.249831844108981,0,0,0,1,0,0,0,0,0,0,0,0,0,0,0
9,-0.298065536140011,-0.696259714159211,0.063179911400479,0.50969345745687,0.547566594212488,0.0537072023887063,0.0969903218604624,0.107348655292074,-0.612177235536255,-0.032165340761317,0.169824715456873,0.429830572240029,0.506307325235281,0,0,0,0,0,0,0,0,0,0,0,0,0,0,1
5,0.108021325486671,-0.653035295729925,-0.0888224599913784,0.504950470098036,0.35144923279048,0.012931102834091,0.0926986026113651,-0.0239783571879759,-0.325398598066409,-0.10170584152134,-0.11256737010499,0.107569455385432,0.318007608386946,1,0,0,0,0,0,0,0,0,0,0,0,0,0,0
7,-0.0582026533277629,0.167075348294552,0.0520107696018119,0.494092284833488,0.636856018834658,0.0642840041513388,0.112687348117368,0.016752350562962,0.222082156345232,-0.0481999765013851,-0.0092699920742086,-0.062182519086201,0.0746272118852765,1,0,0,0,0,0,0,0,0,0,0,0,0,0,0
5,-0.110843005030492,0.268094562310383,0.107027600915014,0.0830764864384944,0.529711415417888,0.0844834203358014,-0.126118658359275,-0.0037898024933623,0.180452530565331,-0.0762152935815622,0.0159009512847971,-0.0211249071758343,0.513145937097606,0,0,0,0,0,0,0,0,0,0,0,0,0,1,0
3,-0.0678660051275316,0.0127637758584548,0.0234456538654646,-0.513322792543559,-0.616001456370656,-0.0215953281667468,0.0977662117007262,0.0357176116198516,0.337925928936277,0.172438012784541,0.0667194698839964,-0.14500977109632,0.0821742589662072,0,0,0,1,0,0,0,0,0,0,0,0,0,0,0
7,0.157860418748525,0.111163877278624,0.0506862743076315,-0.508433665511067,-0.793808719783963,0.0302422571266934,-0.231928583293538,0.0187250325725384,0.0197641076517024,0.350966169085433,0.0719107935029966,0.0880215598853635,-0.0745961411730428,0,0,0,0,0,1,0,0,0,0,0,0,0,0,0
8,-0.42382750558832,-0.0519145484322099,0.113441339443826,0.0893530423250016,0.405283119263353,0.0142696606587564,-0.174966037954712,0.101148554749664,-0.388962790458644,0.0790557233287935,-0.0544134357112181,0.195384856296218,0.0497068950357516,0,0,0,0,0,0,0,0,0,0,0,0,0,1,0
0,0.170131519370954,0.107407448531379,-0.135825772761755,-0.193023342275912,-0.901054628187902,-0.34149415374154,-0.244048760232049,-0.0789156678553813,0.0260471131228467,-0.139609330590505,-0.231763916585618,-0.298631178218264,-1.02361204232696,0,0,0,0,0,0,0,1,0,0,0,0,0,0,0
3,0.0711579802278829,0.0923400690287136,0.0028649221018582,0.367756176631067,0.67902648632141,0.0852894558125422,-0.0437404863000614,-0.0050894186299043,-0.205386359580601,0.199991659623429,0.0582366057098278,0.108059959970338,0.142694674449418,0,0,0,0,0,0,0,0,0,0,0,0,1,0,0
7,-0.0026016720832182,0.252979626678757,-0.1004903535673,0.254004560352104,0.645988227327737,0.0016920567539685,-0.0192212639239487,-0.0064819525894506,-0.11319925549811,0.0555479170882562,0.114716923072078,-0.058552871392176,0.334032937330893,0,0,0,0,0,0,0,0,0,0,0,0,0,0,0
2,0.0776341100737563,-0.0061501107649547,-0.0554739513968958,-0.670503738805889,-0.774303939610376,-0.0271912654517436,-0.017102164285013,-0.0505818518520625,-0.156098861940563,-0.0047124475215402,-0.175742648789461,-0.206468631738339,-0.38856254022276,0,0,0,0,0,1,0,0,0,0,0,0,0,0,0
2,0.195743609077926,0.662097270279024,-0.093628112091214,-0.293934156869478,-0.747266896289587,-0.0158932707608081,-0.207947961967744,-0.0740429896904275,0.378611146246407,0.04619749382486,-0.126739775460417,-0.222721141888567,-1.03657544990898,0,0,0,0,0,0,0,0,0,0,0,0,0,0,0
6,-0.065155924173066,-0.427296570867621,0.0313707346974578,-0.44630361980246,-0.65011635811746,0.0901855059381263,0.0709826128948634,0.0326242240670605,-0.171256212156457,0.105756665594735,0.134964790198553,-0.295018006330386,0.232831529622406,0,0,1,0,0,0,0,0,0,0,0,0,0,0,0
6,0.0742986241513034,-0.313702637374681,-0.11452380169287,0.242471416982065,0.626826935658124,0.147623579189053,0.114222270065188,-0.0023536892382285,-0.150682447425153,0.187555630595864,0.0652430311903191,0.0220499570668676,0.416599185605502,0,0,0,0,0,1,0,0,0,0,0,0,0,0,0
4,0.215829611671973,-0.3778363300628,-0.0038862286018116,0.412005086424934,-0.0511541871750524,0.120386361676429,-0.0281003594595057,-0.054509002441542,-0.292197095013973,-0.355819070549928,0.112154206721524,0.003456039342371,0.329811134215237,0,0,1,0,0,0,0,0,0,0,0,0,0,0,0
7,0.116646045622502,-0.377106083209964,0.171029360271482,0.479604815117526,-0.0060699643302688,-0.113087488372405,-0.0680522078891171,-0.0184320011289725,0.244739277959036,-0.0362295523888363,0.113053676958992,-0.311730765988446,0.218955975174569,0,0,0,0,1,0,0,0,0,0,0,0,0,0,0
6,-0.16725821874269,-0.363589618989871,-0.112293301340391,-0.723376586044458,-0.277499571163694,0.062586308210292,0.117607695558843,0.0197477665983734,-0.19246916961938,0.132261192423141,0.079381974985612,-0.108280590231886,0.257106963527942,0,0,0,0,0,1,0,0,0,0,0,0,0,0,0
4,0.209698046556006,0.196709297426324,0.0615090892746853,0.588148870069865,-0.287347774789196,-0.0637301777385277,0.202746170052021,-0.0430633166907752,0.302075790589736,0.372662738457322,-0.0125832927666987,0.109410700610764,-0.0137648743992551,0,0,0,0,0,0,0,0,1,0,0,0,0,0,0
2,0.140990316409023,-0.347751375219657,0.0382598534608583,-0.31351102915507,-1.0052805761684,-0.122320801297711,-0.0384048084154802,-0.0095842874170351,-0.275144471641445,-0.0555312890735264,-0.374196580124856,0.0708855590858449,-0.823887861764359,0,0,0,0,0,0,0,0,0,0,0,0,0,0,1
6,0.108550841738493,0.472182716947238,-0.0534412337068093,-0.408383007488792,-1.09038450770578,0.0057581544344452,0.0315588835469858,-0.0481536068562991,0.453694004717455,-0.0528035758013358,-0.0668073725841775,-0.18301907431097,-1.04587333649942,0,0,0,0,0,0,0,0,0,0,0,0,0,0,0
0,0.115660367071694,0.0191074579906029,-0.0743767073548351,0.585888739877238,0.965450785825731,-0.0365206146998025,-0.0450622480064599,-0.0440390124670717,0.143806793262423,-0.0204411590379626,-0.0110263951928918,0.0054594650773079,0.0862319256181383,0,0,0,0,0,0,0,1,0,0,0,0,0,0,0
0,-0.097908076326295,0.281862993948245,0.0529527258327083,-0.35952737317107,-0.580703187889224,-0.0621817897788804,-0.205808644063351,-0.0034933891079011,-0.299144016913822,0.0119077772547831,-0.387512876297899,-0.397606152120027,-0.833534688664105,0,0,0,0,0,1,0,0,0,0,0,0,0,0,0
1,0.210233733790664,-0.0768517629900205,-0.0230548061799117,0.555595883809701,0.412067362263778,-0.0358215420584182,-0.127583699006685,-0.0601139480970103,0.031615486146252,-0.0956978353124466,-0.0963653382664246,0.0148717091262242,0.247273367721015,0,0,0,0,1,0,0,0,0,0,0,0,0,0,0
0,0.276259440614043,0.171108891120137,-0.117798758631497,0.401601804130509,-0.217023139223694,-0.277003199945705,-0.383519002611306,-0.0674801355218614,0.276350388167076,-0.0875290150193355,-0.245852825173647,-0.176440843720608,-0.629079350801364,0,0,0,0,0,1,0,0,0,0,0,0,0,0,0
0,0.163839794606801,0.0358496169810033,0.0419103433850097,0.489949663347564,-0.246475494864804,-0.0698823230718909,-0.0923755219031377,-0.0350384095425034,0.147427367341457,-0.0800687838985388,-0.0214351610379504,0.0640359516207669,-0.127609679605012,0,0,0,0,0,0,0,0,0,0,0,1,0,0,0
0,0.298376159427126,0.132472578377129,-0.132701587991123,0.376034038028674,0.378661766983501,-0.16797311860842,0.0868471706048382,-0.112837990618119,0.151802053047651,-0.171721116397501,0.0053497072701289,-0.283830558413169,-0.455465930205502,0,0,0,0,1,0,0,0,0,0,0,0,0,0,0
0,0.107104987835816,0.469945791740398,0.0371030226108492,-0.651479295378176,-1.29758122869022,-0.137453009809231,-0.339565174249375,-0.0289385890510739,0.0258932976577279,-0.0807268819132526,-0.200534633077334,-0.063340761107456,-0.775613931116469,0,0,0,0,0,0,0,0,0,0,1,0,0,0,0
9,-0.147102316625674,0.0338446073197082,-0.0456010293895758,0.680291032167304,0.602871901989227,0.0748785074055434,0.0963759355234144,0.0346998144263713,0.0874330971635121,0.247781500451723,0.0188191398915869,0.350636200346496,0.403492717005275,0,0,0,0,0,0,0,0,0,1,0,0,0,0,0
9,-0.0599250736516898,-0.599369426034239,-0.135836711891024,0.310257372374673,0.939798599189879,0.300262383007295,0.166118486377796,0.0380470668459262,-0.616133715298037,0.195987417758498,0.301906534935031,0.354347328446944,1.13130347307486,0,0,0,0,0,0,0,1,0,0,0,0,0,0,0
2,0.0739520338290115,0.349051479082498,0.0151255189492525,-0.444011556531175,-0.401593040361527,-0.0969071444028603,-0.168908230657248,-0.0322714840903916,-0.0574826665070533,-0.25545183568376,-0.037895307365192,-0.0663201172637261,-0.359128353272796,0,0,0,0,0,0,1,0,0,0,0,0,0,0,0
7,0.0267834437075195,-0.243490436250555,-0.0340623692327754,-0.834659541047817,-0.129888580290297,0.0657913469342985,0.0340846812388682,-0.0136281687900653,-0.0673277894924099,0.176664515183903,0.0995551567458235,-0.126528625704935,0.522031508453318,0,0,0,0,0,1,0,0,0,0,0,0,0,0,0
1,0.0691751798815625,0.708523036362034,0.114436611785236,-0.497407499044258,-1.04893226915989,-0.0952274996308677,-0.161253561120035,-0.0080692548713915,0.231938972367635,-0.0336704990879196,0.0212950610644939,-0.344930078122387,-0.41824118198838,0,0,0,0,0,1,0,0,0,0,0,0,0,0,0
0,0.112564542277893,0.20212166224198,-0.11175749558793,0.328472342803258,0.870669100801985,-0.114138685531115,-0.0680797166384738,-0.0597102571081968,0.20159442436817,-0.296104308757216,-0.0849732828378919,-0.13409224907321,-0.586629061686803,0,0,0,0,0,0,0,0,1,0,0,0,0,0,0
7,0.254828806546592,-1.1896804517011,-0.185836392391643,0.0337135503658814,0.432378373616573,0.115616885156074,0.0374203708994746,-0.0603111767171222,-0.677144898038281,0.0242713308303368,0.203712916440532,-0.0108573381338584,0.488764985760184,0,1,0,0,0,0,0,0,0,0,0,0,0,0,0
2,0.023091510796329,0.204370067569543,0.0557543615539738,-0.0511528926784768,-0.160987922761077,-0.0558121569713096,0.0279002802068757,0.0046504745238389,0.280045534472674,0.183368890667539,-0.119853294100876,0.0438803902353811,0.0636669719030161,0,0,0,0,1,0,0,0,0,0,0,0,0,0,0
0,-0.0559937123343961,0.737355984188718,0.0456345416979,-0.519455753829913,-0.57165234615473,-0.0595600967739867,-0.086952947791053,-0.020656916217257,0.0262494141363219,0.253473177424736,0.0642236604609029,0.0305059026868617,-0.963196169629541,0,0,0,0,0,0,0,0,0,1,0,0,0,0,0
9,0.0480227349576076,-0.248424030694684,-0.167257398412775,0.848110722411308,1.04532856995099,0.097196257531288,0.0157791034327441,-0.0090941630803003,-0.109783614805836,-0.0423773578952433,0.170026041176358,0.302612292672641,0.657519642277668,0,0,0,0,0,0,0,1,0,0,0,0,0,0,0
4,0.071019312495213,0.27498823558506,-0.0202794734400265,-0.429662160460204,-0.381989919163092,0.0221799249812008,-0.297791067506893,-0.071215552518593,0.0366203432904779,-0.1451499847902,-0.17443933804153,-0.0421664534722838,-0.801481473163254,0,0,0,0,0,0,0,0,0,0,1,0,0,0,0
3,-0.191418422437611,0.328028568002445,0.10744632501246,-0.142323053670935,-0.18393657135561,-0.0342691825032003,-0.119106522410278,0.0261083103441038,0.130772491530259,-0.0957598240038487,-0.0508438401615341,0.0492310322380759,-0.312384714885909,0,0,0,1,0,0,0,0,0,0,0,0,0,0,0
6,0.0610640796598272,0.0188485106707776,-0.0054825029346487,0.248503984145596,-0.0030583740983781,-0.0790698839023771,-0.0236601403084315,0.0061859891661588,0.130554599146318,-0.102041426280646,0.0214207056432827,-0.266051459227471,0.508598408844789,0,0,0,0,0,0,0,0,0,0,0,0,0,0,0
4,-0.11035243740802,-0.174308306872078,-0.0292252863378935,0.097523292276935,-0.451143746246349,-0.0675944746267476,-0.129995289294804,-0.0017793605862845,-0.172540028585432,-0.128884267401023,-0.0562554147903751,-0.175100682090826,-0.390228408791967,0,0,0,0,1,0,0,0,0,0,0,0,0,0,0
3,0.115441946504084,-0.0561786755273792,0.0096778876440593,-0.143297127204833,-0.623750117054991,0.0031365749089962,-0.0920142456893166,0.0097076746407643,-0.241292723787712,-0.0744848405328683,-0.088915697582629,-0.137469696540994,-0.860762438277142,0,0,0,0,0,0,0,0,0,0,0,1,0,0,0
0,0.352578027031172,0.549486627663828,0.0700172962762412,-0.0988840717715783,-0.72834460246251,-0.211561183875412,-0.200363844109875,-0.0888298159048562,0.460210242602685,-0.0161698472509926,-0.28560330894127,-0.364300769261127,-0.696067078267244,0,0,1,0,0,0,0,0,0,0,0,0,0,0,0
0,-0.0379225917352493,-0.0274991727288838,0.0231101525933629,-0.0655506552725172,0.0488953672590708,-0.162936778169971,0.0861204822287934,-0.0303711041414806,0.0923165816061435,-0.237880186229642,-0.117185053172398,-0.154197163650544,-0.575414391021688,0,0,0,0,1,0,0,0,0,0,0,0,0,0,0
2,-0.0459079018190376,0.561793155792752,0.0229671449435214,0.44844135138449,0.286111720770279,-0.0085596477976008,-0.0165454405728634,-0.0061270000558153,0.289210625225447,-0.106257096741068,0.0355450100976184,-0.0903427363699384,-0.127243977748534,0,0,0,0,0,0,0,1,0,0,0,0,0,0,0
4,0.170353050064651,-0.115768630288072,-0.0441520058474385,0.129100562745544,0.553413778018463,-0.0471187236740393,0.108402332547301,-0.0192071256628534,0.0009536812095216,0.136644902658455,-0.0127162050415726,-0.0779108142585255,0.340443140208679,0,0,0,1,0,0,0,0,0,0,0,0,0,0,0
5,0.124983531201144,-0.126304277185298,0.110252460814332,0.680355155401495,0.170648162602775,-0.0002509504521772,-0.0935127959946811,-0.0175079785380698,-0.425420414679026,0.0868488419616363,-0.0995386444990644,0.531692506681957,-0.0377357293395208,0,0,0,0,0,0,0,0,0,0,0,0,0,0,1
