target,Acid,Anthoc,Brix,BunchN,GrapeW,NDVI06,NDVI08,pH,Potass,SPAD06,SPAD08,SproutN,WoodW,Treatment_T1b,Treatment_T2a,Treatment_T2b,Treatment_T3a,Treatment_T3b,Treatment_T4a,Treatment_T4b,Treatment_T5a,Treatment_T5b,Treatment_T6a,Treatment_T6b,Treatment_T7a,Treatment_T7b,Treatment_T8a,Treatment_T8b
1,-0.278523296670437,0.254478006132622,0.0493770851196039,0.178493156628065,0.448171069482983,0.161256673500493,0.0569958584538128,0.0729665578993117,0.23412497099592,-0.0392938669433139,-0.0398101415079412,0.0679428113715363,-0.0293459881409072,0,0,0,0,0,0,0,0,0,0,0,0,0,1,0
3,0.0633347775815555,-0.0156200256619277,0.0032000655936061,0.706919116707784,0.497154495197359,-0.0987559997745545,-0.0130406695584888,-0.0046264636421327,-0.0819300324709106,-0.0921637435052835,-0.0304055439838638,0.104766350433525,-0.172909725312884,0,0,0,0,0,0,0,0,0,1,0,0,0,0,0
7,0.19721363393873,0.350747006647677,0.0228233724771605,0.394124007067182,0.569236106884356,-0.0573319332643138,-0.125741507517232,-0.0313412198426674,-0.0504615353748265,0.0823750329695516,-0.124924847397864,0.118493224724436,0.031612314464572,0,0,0,0,0,0,0,0,0,0,0,0,1,0,0
2,-0.0980812037514865,-0.135275586102385,-0.0157881067742562,0.570286178006069,0.614791794223508,-0.172753881609301,-0.112636545071246,-0.0011199639164638,0.0510853243617098,0.0116167927944511,-0.0091347420364111,0.136117021844352,0.128995128150176,1,0,0,0,0,0,0,0,0,0,0,0,0,0,0
1,0.254984830249994,0.0445317564332349,-0.0240514570087251,0.032061207731055,-0.603261049074956,-0.252032054123783,-0.242488794505529,-0.0664504747347657,-0.0733732417803388,-0.110432372850051,-0.205267730959246,-0.32701795955867,-0.686913939190037,0,0,0,1,0,0,0,0,0,0,0,0,0,0,0
3,-0.171721882425939,-0.289187526797355,0.0608235294643344,0.373150700534537,0.117940789019415,-0.0337732461712639,-0.281902072992407,0.0095855222149518,-0.364084111596605,-0.15494972668387,-0.173823689475365,-0.0236178797644261,-0.60330431175371,0,0,0,0,0,0,0,0,1,0,0,0,0,0,0
3,-0.0482504938698343,-0.119069065038582,-0.0327564344615262,0.0400241759175325,-0.114055355165531,0.18752983812121,-0.0566960011738084,0.024420955389764,0.0888340517055135,-0.0341061582522403,-0.0800205785758912,0.110046066563315,-0.0948306799872991,0,0,0,0,0,0,0,1,0,0,0,0,0,0,0
9,-0.0225306163297718,0.470483315398105,0.0932751007666052,0.367140017977335,0.871301510898108,-0.0229290864762842,0.170918922605983,-0.0023466812953257,-0.062156653557701,-0.0784687897459511,0.117710518449646,0.178287432994592,0.583947861215333,0,0,0,0,0,0,0,0,0,0,0,1,0,0,0
2,-0.0611860474378904,-0.37825324560236,0.0957811839727638,0.1712663736273,-0.477245668882683,-0.0014386510480272,-0.14843231148552,0.0322377592279782,-0.180936913569507,0.0793602219322731,-0.0581779087872389,-0.0956100756750141,-0.0050156803474458,0,0,0,0,1,0,0,0,0,0,0,0,0,0,0
4,0.0590330200015179,-0.142108812920666,-0.0886786511155264,-0.471032728263145,0.0217867043289247,0.118919176358603,0.158169731601051,-0.0209283802471069,0.184204273959084,-0.014499850518751,0.0803071501391016,-0.114621497006424,-0.0689333548654812,0,0,0,0,0,0,0,0,0,0,1,0,0,0,0
3,0.296321604546326,-0.12585234933891,0.0604604925861777,0.392212934845958,-0.407126867141381,-0.385106374670552,-0.300797346615995,-0.0843344728139699,-0.29916214925769,-0.328509273397902,-0.270070968522053,-0.214943593113068,-0.887047256207825,0,0,0,0,0,0,1,0,0,0,0,0,0,0,0
7,0.0226824616783132,0.0358333655876909,-0.110749224250255,0.68437542887916,0.812817416359007,-0.0107891697753436,0.0502948839163653,-0.0078829751711211,-0.174871847780218,0.152726837472399,0.0544695832461234,0.229070744242523,0.0519584433568292,0,0,0,0,0,0,0,1,0,0,0,0,0,0,0
7,-0.0310608809283212,0.185390664424187,-0.146362663023016,0.0660165277834236,0.708312532423948,0.122724502067845,0.128986095463558,-0.0467393312731977,-0.309695861143356,-0.158600049060067,-0.231762821915814,-0.0206060893556032,-0.667695810556385,0,0,0,0,0,0,0,0,1,0,0,0,0,0,0
5,0.0360127652150802,-0.0424622239861928,-0.0538451371163306,-0.419500620355991,-0.217696473737875,0.113459943541205,0.104184264209787,-0.0140244426133989,0.0275782199415253,-0.152483067317626,0.0816170385976256,0.0311096895053475,0.210934608784137,0,0,0,0,0,0,0,0,0,0,0,0,1,0,0
5,-0.0497122746986878,0.187458449484078,-0.0096877138710803,-0.501048372092701,-0.667130408439435,0.0088735191972867,0.0579804307618355,0.0291918617564614,0.235311876113178,-0.0265216067671694,0.0102462004051978,-0.0930581163080575,-0.3673935740347,0,0,0,0,0,0,0,0,0,1,0,0,0,0,0
7,-0.107280537441251,0.0546956017020013,-0.0518255964241007,0.237127042265058,0.384215728036801,0.0146793769924359,-0.0295979661269187,0.0060301846881547,0.106701333325584,0.0340094296854401,0.0335009799964824,0.199395636505858,-0.0858794597600231,0,0,0,0,0,0,0,0,0,0,0,0,0,1,0
4,-0.0834424562541249,-0.0782455971377319,-0.102592511683009,-0.253340544096302,0.705883066966653,-0.0474171228103488,0.0942116938089666,0.0097965522092549,0.214845496447219,0.0085164028455454,0.153623161184495,0.066371012264911,0.265706130682797,0,0,0,0,0,0,0,0,0,0,0,0,0,0,0
4,0.0976218915440176,0.0567715420201222,0.0128259506083508,0.18812287836978,-0.262094394772937,-0.0066760335908107,-0.159200109560828,-0.0090778850192426,-0.0931871422875605,-0.178597119240323,-0.162246918090029,-0.0993705152816372,-0.667632563760437,0,0,0,0,0,0,0,0,0,0,0,0,1,0,0
7,-0.15327833365579,0.187040830131176,0.0807138394609772,-0.115391172144647,-0.831537099946562,-0.0080754243347994,-0.15978936276982,0.0222439778521375,-0.0719379696425564,-0.137084596959291,-0.095205704321224,-0.269922060208005,-0.788449381384198,0,0,0,0,0,0,0,0,0,0,1,0,0,0,0
7,-0.139840016843969,0.256256689557905,0.117343339029135,-0.282984460647916,-0.652769082948268,0.0771461076113209,-0.0227640082536662,0.0237869622154803,-0.102952270589556,0.031543339158258,-0.0249512162576231,0.278083836223203,-0.127218118112727,0,0,0,0,0,0,0,0,0,0,1,0,0,0,0
7,-0.140929894638275,0.108171843258237,0.0821108791023547,-0.354278403050375,-0.280580366395403,0.0689674907605198,0.152465963613193,0.0411408014972315,0.108637995461002,0.100471173470443,0.0264777246254497,0.149769648441758,0.193420894953415,0,0,0,0,0,0,0,0,0,0,0,0,0,0,1
8,-0.095881207009481,0.362330995075152,0.0611374528005787,-0.0172823642705716,0.109440902902477,-0.105734664905574,0.0446255700768683,0.0436471039866691,-0.125126088457851,-0.0278235859663173,-0.0309613698965633,0.136633651453609,-0.0250907454740437,0,0,0,0,0,0,0,0,0,0,1,0,0,0,0
8,0.220999727269603,0.520145899847323,-0.0011451943876572,-0.375661284755093,-0.671774882689021,0.0853257399714335,-0.165179528777117,-0.0444314761028672,0.0361035408867415,-0.0348074172942339,-0.0703308895742248,-0.227501486838437,-0.401981553468719,0,0,0,1,0,0,0,0,0,0,0,0,0,0,0
1,-0.442721154023671,-0.726370483248963,0.103111232495892,0.0956372453084213,0.645985453550493,0.0521196062511133,0.255796904981248,0.138726218339361,0.0648871274732197,0.117874988627735,0.16983685794583,0.0791645380685497,0.880653050045229,0,0,0,0,0,0,1,0,0,0,0,0,0,0,0
0,-0.0236873432530344,-0.429679223413761,-0.0719727548188655,-0.250910886340503,-0.0123661599483944,-0.0509906674577201,-0.117022768744206,-0.042669296734933,-0.0911673653037267,-0.0997220995740715,-0.0558908485084742,-0.0792124922719414,0.153177686523486,0,0,0,0,0,0,0,0,0,0,0,0,0,0,0
3,-0.175311510417663,-0.282790514974236,0.0022575234051333,-0.696582576471057,-0.429236712308954,-0.0438023896425634,0.237007910002134,0.0423396045740492,0.151713971638928,0.0227072335211888,0.0753187727938041,0.0251843186900143,-0.0421988349324879,0,0,0,0,0,0,0,0,0,0,1,0,0,0,0
5,-0.250479863576053,0.0532017360691668,-0.0385350723805385,-0.248220225429476,-0.398421703639492,0.174824660896309,0.254284021870977,0.0539740514246905,0.0090904562609617,0.0156074211262075,0.126457439333855,0.0928141839214294,0.335434648398563,0,0,0,0,0,0,0,0,0,0,0,1,0,0,0
1,-0.358381711395311,-0.400268839197692,-0.002397702376721,-0.10373469190913,-0.281329541851562,0.0708027935592619,0.0549285666553333,0.093689403637775,0.191804308483826,0.0501706047135286,0.0447642756678666,-0.111719667184859,0.0019892628633611,0,0,1,0,0,0,0,0,0,0,0,0,0,0,0
9,0.632943104065564,0.457567185141344,-0.143261209858336,0.715161081784522,-0.232648272118746,-0.120478060823058,-0.0944293729259998,-0.144486844857101,-0.0645008420748458,-0.0942034157010183,-0.194820309797452,0.107222909142612,-0.185688831230107,0,0,0,0,0,0,0,1,0,0,0,0,0,0,0
9,-0.164605400999877,0.281174783540955,0.150026253390214,0.0726469923145315,0.531879712434226,0.144105726438286,-0.128447893246223,0.0667399242828704,-0.0053523746145993,0.0422498807299608,0.119515371891876,-0.055838240902893,0.35478641969344,0,0,0,0,0,0,0,0,0,0,0,0,0,0,1
9,0.265065512749525,0.925542998847297,0.0098602781341407,0.0828268640176261,-1.09033949543227,-0.176593478010905,-0.27165690038999,-0.110046966778465,-0.261675477514551,-0.302121647174215,-0.292988043656665,-0.0592528099392734,-1.15719323524232,0,0,0,0,0,0,0,0,0,0,0,1,0,0,0
0,-0.110723314298325,-0.597594461048096,-0.0208486607519047,1.17330209097791,2.11442945354327,0.147416114156581,0.130799414008599,0.0131058553043688,-0.0608216796159629,0.252650292669375,0.148484750519277,0.433568726360336,0.406148168890843,0,0,0,0,0,0,0,0,1,0,0,0,0,0,0
9,-0.0789036307167938,0.139219280591849,0.0439365475304348,-0.28192529880266,-0.312754422358632,-0.0938190679436261,0.195536704005713,0.0168229769278876,0.184410672868998,-0.0264319466369503,0.0912953850197158,-0.18914404888011,-0.122649194686081,0,0,0,1,0,0,0,0,0,0,0,0,0,0,0
5,-0.0113771403625976,-0.223376335234328,0.0407394917233372,0.578839874678542,0.8703035484632,0.0878472671842098,0.0709568725346415,-0.0029325401755176,-0.218646659048425,0.172769334607431,0.29588169714419,0.266138767641815,0.500997642563835,1,0,0,0,0,0,0,0,0,0,0,0,0,0,0
9,-0.195404203050276,0.222308603511987,0.0510758491063288,-0.427509400852809,-0.352167282874026,-0.0780693427568995,0.1392454340419,0.0390793675355526,0.0795608448279929,0.0003157680206391,-0.0303971513962024,0.0429933951337113,-0.0918394919963625,0,0,0,0,0,0,0,0,0,0,0,0,0,0,1
7,-0.152508424553166,0.170554258864322,0.183781726306035,-0.0998597295343042,-0.535339081875431,0.0721509131631622,0.197530735095437,0.0574529360980058,-0.0625146167381615,0.0777985376424473,-0.0435836295056894,0.0923561282889789,0.135259491049897,0,0,0,0,0,0,0,0,0,0,0,0,0,0,1
9,0.17016955831402,0.934842317674243,0.122831971362621,-0.931104318565596,-0.619636050631944,0.0043564296260401,0.158802792749995,-0.0125679991420585,-0.153141387283309,-0.110821109970117,0.0703186097844655,-0.0053371996305767,0.0483790613459458,0,0,0,0,0,0,0,0,0,0,1,0,0,0,0
1,-0.0880174888425243,-0.158940082446879,-0.0410876343814389,-0.640112293848996,-0.376581328220728,-0.0148482506527889,0.0875658019213419,-0.0199738501376879,-0.236787733685841,0.0070862621363213,0.157661770803955,-0.173764087826794,-0.242247784174048,0,0,0,0,0,1,0,0,0,0,0,0,0,0,0
3,-0.117466793474664,0.0707690590715179,-0.0520911704137583,-0.546547626561262,0.146185028908821,-0.0433347891650264,0.0931205803172183,0.0167550411986738,0.0735803379012857,0.0823254785817993,0.0799225354845712,0.187887013544663,0.211664124791476,0,0,0,0,0,0,0,0,0,1,0,0,0,0,0
6,0.232921526388028,0.0083190776671405,0.0631046703348442,0.389978303339404,-0.130402857590116,0.0917030794614618,-0.0005545864760514,-0.0450060894697863,-0.0854988359626932,-0.039809573641637,-0.009952017831171,-0.120814826956686,-0.118783654988817,0,0,1,0,0,0,0,0,0,0,0,0,0,0,0
4,-0.192425925651848,-0.275900651143541,0.0437158294937125,0.114082826900385,-0.123750819147955,-0.111892659818371,-0.0004003627753157,0.0733004576470947,0.0165435370838611,0.0041419008932484,-0.0069831194752526,0.128845733448836,-0.185972691117084,0,0,0,0,0,0,0,0,0,0,1,0,0,0,0
6,-0.0622841595761129,0.282490536362464,0.189853941640475,0.705112448658594,0.296450311625055,-0.0183956133097553,-0.277526353428556,0.0256967572856857,-0.268629735348824,-0.261397039773278,-0.132763240970476,0.0724536278604861,-0.93336148368098,0,0,0,0,0,0,0,0,0,0,0,0,1,0,0
9,0.0576147551790216,0.436689037596448,0.127966954484041,0.141864870948293,-0.215792969442411,-0.0169459395413298,-0.0835028139318351,0.022872652408992,0.152172779735152,-0.0058067793804586,-0.112859054174035,0.187519859944003,0.0242733313280539,0,0,0,0,0,0,0,0,0,0,0,0,1,0,0
2,0.0888246673107647,-0.178991581432715,-0.0201300724857634,0.0675079277943457,0.551509824385085,0.0346646098874494,0.122668118612404,0.0048221616572465,0.112320732299703,0.0946052496422739,0.190039629248236,0.183228880525246,0.483641204017142,0,0,0,0,0,0,0,0,0,1,0,0,0,0,0
5,-0.082412903544992,-0.238201572535994,-0.055395152236257,-0.315465995330755,0.0324155822078975,0.0427194435398468,-0.0853699174084054,-0.0033728496804574,-0.174604476125633,0.0053701127739682,-0.0486514202390513,0.281301951986256,-0.0097112980505067,0,0,0,0,0,0,0,0,0,1,0,0,0,0,0
4,0.275830164850124,0.407814505342231,0.0827672824313179,0.454550259195105,-0.488352806998423,-0.0426816518943055,-0.307635295247862,-0.0652082364240646,-0.0852427071455201,-0.0780039859820191,-0.169507826202719,0.130938442552715,-0.450530472589463,0,0,0,0,0,0,0,0,0,0,0,1,0,0,0
5,0.139471295281143,0.145353259091444,-0.0810169450630962,0.0192859000457342,-0.0278217003904047,-0.0949761955052379,-0.086188160477064,-0.017237756270092,0.143474229095353,0.0959531663253796,0.0526090354377034,-0.112299835819738,-0.268496217866995,0,0,0,0,1,0,0,0,0,0,0,0,0,0,0
1,0.0987079797906251,-0.17195147468143,-0.102426110108007,0.036538249847896,0.788244640831638,0.295385432838944,0.134891436773722,0.0097212761995657,0.265041151349377,0.356216544589327,0.487522690509538,0.24508789217242,1.26381405127278,0,0,0,0,0,0,0,0,0,1,0,0,0,0,0
9,0.243040667892453,0.115453311737618,0.0443557290573829,0.259079096024151,-0.131883159648731,-0.299547231003316,0.0191920362770108,-0.0449170905275907,0.0242185788196985,-0.025911844204403,-0.149933205602441,0.0691123055474417,-0.678412192250037,0,0,0,0,0,0,0,1,0,0,0,0,0,0,0
7,-0.118974977820871,0.45225244388939,0.022099761442084,0.0414178015487758,-0.143293137611537,-0.151394064115424,-0.151103301377346,0.0092370516129632,-0.52972774406161,-0.0479509557979637,0.0297986187151227,0.0936319137060809,0.0475618125830595,0,0,0,0,0,0,0,1,0,0,0,0,0,0,0
9,0.109263489181918,0.299311005506761,-0.0855219846845331,-0.313426110901809,-0.677645470084278,-0.200977253158474,0.0871045693890112,-0.0152773769703322,0.0631100574882151,-0.079619665187277,-0.0482415131327581,-0.0752221983794908,-0.165198958884059,0,1,0,0,0,0,0,0,0,0,0,0,0,0,0
6,-0.104075541646118,-0.0222609633714893,-0.0236189896985711,-0.596872537786983,0.100279282367467,0.0076533936211756,-0.116783911637807,-0.0182743687661633,-0.344632915871295,-0.1723440031273,-0.132610609917932,-0.288471870065023,0.029548169910736,0,0,0,0,0,0,0,0,0,1,0,0,0,0,0
6,-0.0688393092908085,0.104711467058263,0.0930797518189401,-0.29344492423057,-0.804116127318297,-0.0696000725288021,-0.111989134085465,0.0466476991816648,0.177234833932046,-0.0967421542173283,-0.27049370424145,0.051535284687031,-0.982719732986871,0,0,0,0,0,0,0,0,0,0,0,0,0,1,0
9,0.0480863783047962,0.757048894238847,0.168592179322143,-0.148017793413733,-0.537831379777689,0.0095817620915593,-0.108717970204534,0.013569541083214,0.0600450706178252,-0.0741417198633633,0.0410721525748651,-0.310899773822833,-0.0398063238539343,0,0,0,0,0,0,1,0,0,0,0,0,0,0,0
7,-0.117627153752532,0.117754307534838,-0.0251063306753217,0.121550093711721,-0.299112427233737,-0.0024797959186804,0.176525245194559,0.0217408822519497,-0.023479556808719,-0.0403392711622857,-0.0325739163784327,0.175650738442245,0.094116306548048,0,0,0,0,0,0,0,0,0,0,1,0,0,0,0
2,-0.0353795992334854,0.0618674576084592,0.0730585803936264,0.0835305377568409,-0.569411526246153,0.028479785578941,-0.132371098557281,-0.0014142151948252,-0.181323643907183,-0.0399943391506234,0.0951912771153886,0.0448187606222465,-0.582445307151909,0,0,0,0,0,0,0,0,0,0,0,0,1,0,0
8,0.0622243835364363,0.370825209488773,0.102952465263638,0.464603291297852,0.0719709779255192,-0.0816246484772441,0.101739059649788,0.0184051752414798,0.123020850611498,0.0889952895332589,0.0772870457109957,0.133246865199872,0.584834674966034,0,0,0,0,0,0,0,0,0,0,0,1,0,0,0
1,-0.0596576550735065,-0.0145334916683255,-0.0768879796996239,-0.0290263247598289,0.351680098312305,0.0208123059508397,-0.124891595166721,-0.0270962901626897,-0.0098385166675483,-0.0026209785671138,0.0805753883098085,-0.0089742958720985,-0.259989018646112,0,0,0,0,0,0,0,0,0,0,0,0,0,0,0
1,0.138242499501852,-0.607934991312464,-0.124106120444359,-0.017131957987077,0.0588350135001135,-0.0552231126331515,-0.0912023004533923,-0.0189823680535601,-0.248618751527952,-0.0136699630337765,-0.026912680216843,-0.0972102593185429,-0.144944683904798,0,0,0,0,0,0,0,1,0,0,0,0,0,0,0
1,0.0834562438718049,-0.63097206102566,-0.0865515415277454,0.225985645222467,0.448582558302829,0.009294307223424,-0.0627022635934319,-0.0019562223198051,0.0680166505344815,0.0615998947365773,-0.0063737554181381,0.153936039247325,0.382599602864257,0,1,0,0,0,0,0,0,0,0,0,0,0,0,0
9,-0.0550587359464194,0.568804864145274,0.182440808011781,-0.122425675550689,-0.375244279090057,-0.109521733500065,0.0520337959364941,0.0383754825172092,-0.019199422474752,-0.0301743733518396,-0.0148448035361507,0.0139387901063396,-0.159781796209769,0,0,0,0,0,0,0,0,0,0,0,0,0,0,1
1,0.0561464635979972,-0.0571076252413595,-0.0711412061996004,0.194681969745273,0.179842985305951,-0.0251456836125162,0.12915225390438,-0.0315819750701003,-0.161638384011695,0.0525936236041756,0.159317124745082,0.278273763426227,-0.13976458754482,0,0,0,0,0,0,0,0,0,0,0,0,0,1,0
3,0.0270369673296563,-0.0753088239750937,-0.0687619337603614,-0.472469837314185,-0.952181747441163,0.0434042776610635,-0.0208767467631011,0.0077412356738694,-0.0111524817514606,-0.0769093467653167,-0.0579179705529212,-0.0107042311054163,-0.287143016053554,0,0,0,0,0,0,0,0,0,0,0,0,0,1,0
0,0.106963679240304,-0.686067784831843,-0.0299341547705831,-0.165333671970277,0.228768611941706,0.0047205858662707,-0.0047767151855118,-0.071357238567274,-0.344838774389158,0.0358790191191048,0.0456167612732921,0.0094600616183301,0.499241669243497,0,0,0,0,0,0,0,0,0,0,1,0,0,0,0
2,-0.37980772151714,0.0142515341370972,0.0676069181068666,-0.71978209720859,-0.96770673414989,0.0727833379263672,-0.0891921396971589,0.0773963457117362,0.0632885434012451,0.005646960189269,-0.108527543556994,-0.195108967624545,0.0054001542163023,0,0,0,0,0,0,1,0,0,0,0,0,0,0,0
3,0.176677595899812,-0.102926598240336,-0.0338260405888093,-0.351965220242382,-0.433207197899382,-0.0746041444059024,-0.213943087630798,-0.0440423219966708,0.0782426134564298,-0.194550377779492,-0.166256420109596,-0.355284785109446,-0.564873838712489,0,0,0,0,0,0,0,0,0,1,0,0,0,0,0
0,-0.123161913274284,-0.848174422000439,-0.0905804083138735,-0.0319602610503166,0.824012593291668,-0.0031324042605841,0.0669853954491216,0.0099200132891893,-0.144873881653746,0.0610086033268148,0.123702729921932,0.24938158665454,0.635078492857067,0,0,0,0,0,0,0,0,0,0,1,0,0,0,0
9,-0.0286852920257334,0.352412505477009,0.0417482386735799,-0.427218970001916,-0.479655711025525,0.0185657396823458,-0.136154059628318,0.04807063969994,0.208708620709999,0.0647545058124925,0.0069743704434508,-0.0488854937422908,0.0577687637987399,0,0,0,1,0,0,0,0,0,0,0,0,0,0,0
7,0.113002824801716,0.0319984509379776,0.0037512771106812,0.443360029065065,0.651392561004724,0.115942987458298,0.375102203343777,0.0009304389604179,-0.0132836825142764,0.01097632628769,0.0406321863049075,0.104306407946278,0.394867074534492,0,0,0,0,0,0,0,0,0,0,0,1,0,0,0
7,0.0135138420863962,0.103030748328972,0.22325020390131,0.1000947384959,-0.310894953838772,0.119054998053735,0.0068086821763793,0.0752483061615194,-0.101916673601401,-0.0267780629300197,0.312970314619021,-0.10409116205836,-0.0461308169504869,0,0,0,0,1,0,0,0,0,0,0,0,0,0,0
5,0.0719249066403626,0.162421499262013,0.0195692534838698,0.335841374086928,0.279176436862912,0.173917212926858,-0.0416323004373125,0.0024516529702733,0.0828204016945756,0.0623716457111357,0.0512213198102561,0.300033387713177,0.503694520044217,0,0,0,0,0,0,0,0,0,0,0,0,0,1,0
8,-0.0363732097155362,0.392275599225866,0.0209084466224388,0.070294556753763,0.0322387118881362,-0.104672289705058,-0.161888553137672,0.0133905967073753,0.0248876180982705,0.0100763059182684,-0.259978315832677,-0.091945152538239,-0.394165076745289,0,0,0,0,0,0,0,0,0,0,0,0,0,0,0
2,-0.264173894488282,0.140417953513129,0.0818591599610231,-0.92020125826578,-0.907388964942978,0.134436820110422,0.183526586596181,0.0634794882874053,0.0595106296546156,0.0657110428789128,0.142060913536494,-0.0302807013847791,0.450956623966986,0,0,1,0,0,0,0,0,0,0,0,0,0,0,0
5,0.105842624885603,-0.0817275049053677,-0.0222021553332908,0.0796025962096257,-0.0245609033061574,-0.0046105554756128,-0.0419631417507082,-0.0063255041167676,0.0055759204616596,-0.0964917949494095,-0.114605925738513,-0.0454948185899798,-0.389505894644779,1,0,0,0,0,0,0,0,0,0,0,0,0,0,0
7,0.115076839798281,0.224973560878402,0.0203472382591653,-0.255768448224769,-0.700280437408531,0.0264858389938024,-0.0832529866355958,-0.0308662009381133,0.0357306874752052,-0.0608511109641101,-0.119225459548736,-0.0646115084734736,-0.130776465726843,0,0,0,0,0,0,0,0,0,0,1,0,0,0,0
9,-0.121070884647324,0.246435514444489,-0.0291053129136309,0.0309489017414523,-0.107371678991101,0.135490431414329,-0.0825201817304445,0.0398641292808937,-0.077458919529564,-0.0199641322098218,0.0230802590827367,0.256187011112749,0.0566953566929246,0,0,0,0,0,0,0,0,0,1,0,0,0,0,0
8,-0.126467651474886,0.0927625051706143,0.0267656777130494,-0.692874701363989,-0.78463298667048,-0.125463581678751,0.143471925913428,-0.0009051726320662,0.0822272070136147,-0.0301982788972948,-0.0476753092186798,-0.206679676448764,-0.0262476423383357,0,0,1,0,0,0,0,0,0,0,0,0,0,0,0
6,0.164975417078267,0.303723094114107,-0.0016916392100553,-0.501162889023721,-0.492071545233843,-0.0758339772882439,-0.0510703690859866,-0.0545008251966741,-0.0799632081022414,-0.170189989276285,-0.0547968638537644,-0.426301850908743,-0.15468614323924,0,0,0,0,1,0,0,0,0,0,0,0,0,0,0
2,-0.154534687686868,0.136857122736661,0.122442470075644,-0.748060353306055,-0.773378958367002,0.0846280847659553,-0.084579059315605,0.019380488943684,0.111568993687991,-0.108975361471482,0.0546692412972052,-0.0569037619577933,-0.422786404227316,0,0,0,0,0,0,0,0,0,0,0,0,0,0,1
9,0.07727720390764,0.631999070475772,0.118563965603322,-0.265944420926745,-1.42799004893207,-0.237241663043212,-0.106474888507949,-0.0331042550362992,-0.10516531772127,-0.125301891863116,-0.16327852212556,-0.186352239206024,-0.418385687169528,0,0,0,0,0,0,0,0,0,0,1,0,0,0,0
8,0.0384126097313778,0.249943585613886,0.0025311163297388,0.198267427988605,-0.125826220311893,0.102597981576859,0.0442858576673405,0.0145894785536228,-0.0383613315871729,0.0896615605867916,0.069930287103983,0.287075192776246,0.516310950834145,0,0,0,0,0,0,0,0,0,0,1,0,0,0,0
6,-0.164436621151216,0.238148936903135,0.0413530827620486,-0.29396940375335,-0.068115379799635,0.0199729468066545,-0.202821128742115,0.0361747913973107,0.216478107818323,-0.0357804182624765,0.121517117083306,-0.324264562469862,-0.155454522232,0,0,0,0,1,0,0,0,0,0,0,0,0,0,0
9,0.105548307561083,0.395301965763965,0.0454233845869369,-0.32332178956512,-0.0512659232193274,0.116385778206564,0.0572175698584581,-0.03637823545859,-0.108225915610401,0.0877128698480125,0.143963919716359,-0.340837688950382,-0.29103442374288,0,0,1,0,0,0,0,0,0,0,0,0,0,0,0
3,-0.0209192289086075,-0.129962376044121,-0.0210455133584733,0.727189892022624,0.839585434302709,-0.0036793482738957,0.133147009223864,0.0054708879341471,0.131924090356734,0.167093253525428,0.084942736876615,0.115832168615137,0.0073776570818419,0,0,0,0,0,0,0,0,1,0,0,0,0,0,0
6,-0.164171937461095,0.446785519362919,0.016648229163335,0.0327128426723878,-0.139097771202383,-0.127603705679033,-0.148501210976464,0.0267051339059267,0.0571875004314917,-0.183636771532886,-0.135494785691751,-0.229578032966672,-0.0666385231614704,0,0,0,0,0,0,0,0,0,0,0,0,0,0,0
1,0.0450397253859219,-0.222541088198677,0.0513160128173569,-0.69417455302582,-0.582088454165805,-0.0082533107119536,-0.109719754756984,-0.0326722942795965,-0.0290372043919321,-0.0111479564222438,-0.0176932695353239,-0.0747040461724585,-0.0354800437819024,0,0,0,0,0,0,1,0,0,0,0,0,0,0,0
5,0.237581876762756,0.0491737520842397,-0.041100286232914,0.139439906632501,0.768799442610235,0.108155101520176,-0.0071361089871856,-0.055851516667683,-0.137979305750857,-0.136542536560086,-0.168705187223162,0.077024427674796,0.16719243590274,0,0,0,0,0,0,0,0,0,1,0,0,0,0,0
6,0.109866904328201,0.145092095465632,0.0120709221176103,0.541745067959942,0.353698169358535,0.0681624567595282,-0.0075688770953168,-0.0093980629201219,0.169203828587896,0.0217702248495127,-0.135010013304923,0.0865983301157686,-0.321985065193603,0,0,0,1,0,0,0,0,0,0,0,0,0,0,0
8,0.0658148746684173,0.542123740007599,-0.0198498133167978,-0.778270058343898,-1.10895177917608,-0.228921513222785,0.106216260767011,-0.0425799617761725,0.0841484456000862,-0.25513983996457,-0.155413577081683,-0.354794345669989,-0.61105125450444,0,0,0,0,0,0,0,0,0,1,0,0,0,0,0
3,-0.306194350300487,0.138224636133924,0.0173034268015535,-0.0148184655402359,-0.102510892636858,0.209760782845015,0.148835049935897,0.0704684884061824,-0.192777258428602,-0.0804678755572129,0.0602742305714554,0.285900879765575,-0.0754701712580056,0,0,0,0,0,0,0,0,0,0,0,0,0,1,0
0,-0.0895340168478674,-0.847357282240486,0.135222116131983,-0.467208949057836,-0.0650444537454058,0.0677627907621103,-0.0348888696832237,0.0733925485265022,0.220361116584809,-0.0136087040738745,0.160755432669006,-0.0478969538458225,0.484389142344768,0,0,0,0,0,0,1,0,0,0,0,0,0,0,0
0,0.17231375501241,-0.731741028850704,-0.0504582393108278,0.30817686496577,0.404538894897848,0.074979377267892,0.0373002594005328,-0.019638812803239,-0.0396132107651192,0.179848012347618,0.157714360341875,0.363454061148814,0.75298919308843,0,0,0,0,0,0,0,0,0,0,0,0,1,0,0
0,0.164982469459192,-1.06394174950768,-0.12733295344615,0.617535203084663,0.770043791895858,-0.116115452403129,0.106363466325026,-0.0581148972428042,-0.232827435057214,0.0317376921411926,0.0520979614122279,0.188487270816806,0.25915588164786,0,0,0,0,0,0,0,0,0,0,0,1,0,0,0
1,-0.0632319211058603,-0.125038341741388,-0.0188251260334541,-0.462768371452276,-0.807174345217282,-0.121569210242247,0.0207966586791623,0.0053095032537632,-0.0510542719943045,-0.0397493559662668,-0.0544574061365633,-0.0505181327634228,-0.37752948827691,0,0,0,0,0,0,0,0,0,0,0,0,0,1,0
3,-0.216187378259895,0.141243051370859,-0.0335454304609021,0.129188674221645,0.692913882210771,0.132174598051582,0.0727628058636385,0.0315139467829669,0.107632442251554,0.141487013326049,0.217543919342267,0.0379927947099244,0.358754081479094,0,0,0,0,0,0,0,0,0,0,0,0,0,0,0
0,-0.0337347556524812,-0.314370984373299,0.0198916204073307,0.286902631029361,0.305787299490675,0.0391908753589094,0.150381325176877,0.0361140625325906,0.0323887194755807,-0.0153911285970872,0.066871964953625,0.0787314072329641,0.108976953697225,0,0,0,0,0,0,0,0,0,0,0,1,0,0,0
0,-0.0837996980464071,-0.433566055336368,-0.139176937189706,-0.144112323598787,0.246548008708692,0.0216139338403886,-0.0904164043391557,-0.0106696748862432,0.192357825284124,0.114838303838014,0.0890359120975239,-0.209963269573344,0.0093165905916413,0,0,0,0,0,0,0,0,0,0,0,0,0,0,0
0,-0.202014767722111,-0.803201928280564,0.0035862680838968,0.364919634780383,0.423533361387611,0.180853922378865,0.149805121476217,0.0585038236618622,0.143286093543647,0.156060513113206,0.133241985354277,0.124270234272627,0.598033529308703,0,0,0,0,0,0,0,0,0,0,0,0,1,0,0
9,0.160402247434541,0.620831346785672,0.0961500580270643,-0.476816497618811,-1.62070966470014,-0.226924993765387,-0.385869880831719,-0.0320759237107919,0.0036893981185822,-0.202866701995905,-0.157643046969109,-0.2380721448088,-1.00381677013526,0,0,0,0,0,1,0,0,0,0,0,0,0,0,0
9,0.210431180310674,0.393300606744541,-0.0373202112308896,-0.58227488088623,-0.370484699672001,-0.093022138231433,0.108583221024929,-0.0409503253570016,-0.112667258409517,-0.130652930703693,-0.0638912158310346,-0.303637717896649,0.092662255353802,0,0,0,0,0,0,0,0,0,0,1,0,0,0,0
0,0.009953686438048,-0.548285281683815,-0.0272286847976726,0.0088486415669878,-0.0223609411091061,0.0495058132742538,-0.262778475163008,-0.0204610355046653,-0.247259365494815,0.0169799150445804,-0.0472729288648688,-0.138098629549435,-0.621936689384382,1,0,0,0,0,0,0,0,0,0,0,0,0,0,0
8,0.0988254821839722,0.287245229012771,-0.0170326864025929,0.505221381995206,0.771470393121705,-0.0468802686718018,0.0526823809358269,-0.0161988622337911,-0.0804550114248958,0.0120600207545326,-0.0217895214585762,-0.0204681350640035,-0.364896499287105,0,0,0,0,0,0,0,0,0,0,0,1,0,0,0
1,0.131462225097704,-0.335607966530599,-0.0977049544750945,0.536749903225916,0.995562877112565,-0.0524201474264749,0.0558484598415589,-0.0329123496786882,-0.190082775919191,0.0573447381343109,0.0938210448075791,0.160734927255999,0.570523660895373,0,0,0,0,0,0,0,0,1,0,0,0,0,0,0
5,0.0957300531639707,-0.12958453593759,-0.106207572371899,-0.0300090095335191,0.379038146732855,0.0227577026330737,0.0396103616584364,-0.0057229098831949,0.0903681973983772,-0.124324935447958,0.0742689975143337,0.111911711660063,0.0207746607891946,0,0,0,0,0,0,0,0,0,0,1,0,0,0,0
2,-0.191996437894651,0.163719986182936,-0.0238570917768324,-0.113634443705083,0.190420476447656,-0.0735062911238329,0.0002586067669195,0.0548408750867552,0.0015384079833711,0.0685548986672143,-0.0059080774649711,0.0523407072070125,-0.066126739006569,0,0,0,1,0,0,0,0,0,0,0,0,0,0,0
3,-0.246512600859307,0.135809630490267,-0.0377129373005402,0.509149845761034,0.708241985950138,0.088104288110691,-0.0599487596244762,0.0644174647964478,-0.0311890355864924,0.0079113026975456,-0.0939386865549982,0.355614959465562,-0.40918388965334,0,0,0,0,0,0,0,0,0,0,0,1,0,0,0
3,0.192910830622674,-0.186513368538453,-0.0802396525014605,-0.31161689486341,-0.107095842943726,-0.104640559600191,-0.0612719554634447,-0.018898717890894,0.0295947750624787,-0.0925459430933344,-0.15242529035247,-0.382542195403528,-0.0665786801262648,0,0,0,0,0,0,0,0,0,0,0,0,0,0,0
7,0.0258190515507807,0.110163237888624,-0.0393151473594653,-0.16531270521641,-0.454295430775705,-0.084920231234428,-0.131804373322145,0.0159792319444322,0.106119461738087,0.0502834320061215,0.0520099668940042,-0.140367883968488,0.168596862435725,0,0,0,1,0,0,0,0,0,0,0,0,0,0,0
8,0.40851086104979,0.576104404035091,0.0245187741067835,0.497370805252392,-0.142076162795605,-0.153779071122203,-0.0911524702243114,-0.0923017750026819,-0.24468187532295,-0.226913542490342,-0.14544625956354,-0.0362920795274261,-0.847786406935912,0,0,0,0,0,0,0,0,0,0,0,1,0,0,0
4,0.188889595322941,0.177045490821485,0.0205063253040863,0.575389105913122,0.477202729442479,-0.173404734255024,-0.0353922507854652,-0.0392085448123573,0.15004310164206,-0.095380546584246,-0.148230207103293,-0.478248066350785,-0.52003570322792,0,0,0,1,0,0,0,0,0,0,0,0,0,0,0
7,0.130928955891226,0.715238924078601,0.124218690423302,-0.842119272113269,-0.182573149653584,-0.0199578418475942,0.0871984328994374,0.0128955126594599,0.109719600801193,0.177585193454502,0.0736376456043412,-0.231119660912227,0.451140835567039,0,0,0,0,0,0,1,0,0,0,0,0,0,0,0
5,0.0985111706665056,-0.211788794228438,0.0992632773338063,-0.267900925629883,-0.267962644286099,-0.0478096386210532,-0.0513685396526972,-0.0124449290285804,-0.0175872310537266,-0.0093396224199143,-0.0962577075322801,-0.117734221954259,-0.139100878438416,0,0,0,0,0,0,1,0,0,0,0,0,0,0,0
4,-0.123568084342123,-0.020323328957722,0.0393195821544578,0.133437687066139,0.772611737366123,0.0783563271849135,0.100841734200882,0.0491118697925799,0.0912618110014216,0.13506436917222,0.0832302642467492,0.293143389013458,0.379836248849294,0,0,0,0,0,0,0,0,0,0,0,0,1,0,0
3,0.0141527062132543,-0.139570939388167,-0.105042612936888,-0.251881657566721,0.0811658265145427,-0.0638385509615981,-0.215247042695618,-0.0259580531518794,0.186083209998078,0.0211811344507441,-0.0971630712881953,-0.321351013832496,-0.630348465912387,0,1,0,0,0,0,0,0,0,0,0,0,0,0,0
8,0.26335564735077,-0.157231219256688,0.0277351632059689,-0.375742544224523,-0.877526719263081,-0.128906869010484,-0.0860866832825483,-0.0466203861902267,0.0420865082305928,0.0111382688100153,-0.176094768976611,-0.116502660658087,-0.282492964380467,0,0,0,0,0,0,1,0,0,0,0,0,0,0,0
5,0.189908548629667,0.243859776168004,0.0680798961945902,0.129743790868896,-0.47888258786543,-0.122210103805598,-0.16947665903201,-0.0660583425711826,-0.0929542649818058,-0.0432270517692994,-0.0803200208711232,-0.0604358949427795,-0.0157368207560585,0,0,0,0,0,0,0,0,1,0,0,0,0,0,0
5,-0.272547263934948,0.32544450956908,0.0742689267261866,-0.103046931746757,0.137232070394777,0.193185140606467,0.162772732040605,0.0702763960138124,0.151162760799829,0.0771080365137447,0.130491629066226,0.229809906917106,-0.103890835477195,0,0,0,0,0,0,0,0,0,0,0,0,0,0,1
3,-0.0012281246888137,0.113220349276337,0.0929824649517036,0.865176490771057,0.594352931522409,-0.175633405502842,-0.286793266769505,-0.0117878085586496,0.0242697381976886,-0.208745745546592,-0.217318289729742,-0.0683181999462978,-0.796428210341886,0,0,0,0,0,0,0,0,1,0,0,0,0,0,0
8,0.135363182964798,0.349450468509148,-0.04523298152508,-0.464094033335094,-0.15553283628139,0.102542026636767,0.0482630514552855,-0.0348517913135758,0.24899211589073,0.0548110207807946,0.0246285948432757,0.156789515861069,-0.0675198302910328,0,0,0,0,0,0,0,0,1,0,0,0,0,0,0
4,0.0385974002328348,-0.0838116641189687,0.0327260509121974,0.410613158066731,0.0953826514538691,-0.0239892901375531,0.0002722663002015,-0.0328651903510736,-0.146846116665747,-0.144421598491967,-0.0606347465097388,0.0418001415144665,-0.532357026059458,0,0,0,0,0,0,0,0,1,0,0,0,0,0,0
2,0.0028751647795576,-0.050478173917285,-0.0711083249245131,0.0382034840252209,0.390916951170002,-0.102130338047063,0.0290525107475795,0.0149389788418915,0.299656355870341,0.130610632172331,0.0059243873605154,-0.133697980226286,0.188705175497976,0,0,0,0,0,0,0,0,0,0,0,0,0,0,0
5,0.0242394468534544,0.236799100798941,0.0511254416924229,0.0517751285862293,-0.275939605121034,-0.014070601144932,-0.214928733964682,-0.0188809416595932,0.04029848483397,0.0739482528800458,-0.0228777424117139,-0.0231842115957408,-0.256242017730673,0,1,0,0,0,0,0,0,0,0,0,0,0,0,0
3,-0.0988687490724361,-0.458283943103095,-0.0337396555811617,-0.0490649418362427,0.114302120321541,0.190090871603126,0.24272441463779,0.034876727331778,0.165508846833594,0.12545943725431,0.402762201974566,0.142213431817586,0.609895132491679,0,0,0,0,0,0,0,0,0,0,0,0,1,0,0
9,0.113580017301388,0.637172486442115,-0.0047577091711131,-0.161145944769476,-0.27176711451456,-0.0094588851640012,-0.163023118173781,-0.0343859499406831,0.0109791576765841,-0.110553939937338,-0.179303596106885,-0.395005958693105,-0.354404416386292,1,0,0,0,0,0,0,0,0,0,0,0,0,0,0
2,-0.0422063276944686,-0.256703553817568,0.0644625579838191,0.132949262906938,-0.0229450482237881,0.11374661189843,0.0609465796907758,0.0315105233193464,0.0080005346835607,0.13101063556187,-0.0680304091706536,0.0511908753935365,0.132292636744884,0,0,0,0,1,0,0,0,0,0,0,0,0,0,0
5,-0.160886084124642,0.0997392669117167,0.0036400722918086,-0.32829995970705,-0.240963007671215,0.0867682681751402,0.10767281890577,0.0030562322212824,-0.215997608930193,-0.0843470391684555,0.0684888262352241,-0.186301007930231,-0.262598299455221,1,0,0,0,0,0,0,0,0,0,0,0,0,0,0
6,0.340371432319021,0.169601564782965,0.044833629435863,0.136227965559238,0.315653497830956,-0.074499205476001,-0.297160259178791,-0.0662356578557217,0.113212996754452,-0.0402411485690851,-0.142540582437011,-0.193592406464634,-0.233592824906101,1,0,0,0,0,0,0,0,0,0,0,0,0,0,0
8,0.217888516852233,-0.145221480005067,-0.0362605923959707,0.155822881761749,-0.0234311503951703,-0.0417342156572968,0.239180715713045,-0.0406318519375465,0.0617704039062143,-0.0834332945040286,-0.014647097800125,-0.0830564809409298,0.141996279986279,0,0,0,0,0,0,1,0,0,0,0,0,0,0,0
5,-0.186478461491607,0.105319572867741,0.0607593760620799,0.255215065339584,0.0555439699356705,0.0904726625136041,-0.0617608797984562,0.0636746293686254,-0.168174807626021,0.114382520330904,0.0028719728897232,0.197469080097417,0.627061062256052,0,0,0,0,0,0,0,0,0,0,0,0,0,1,0
6,0.148952433867683,0.1717373202051,0.0165898211578984,-0.591790827372364,-0.888274426373827,-0.155521409872687,0.0128613968121597,-0.0525283060918654,-0.18821607451308,-0.253356293702114,-0.337865370779273,-0.310038808760217,-0.487400436970537,0,0,0,0,0,1,0,0,0,0,0,0,0,0,0
0,0.305453737819846,-0.379317123638969,-0.0703640953775835,-0.197386624311713,0.160951037335382,-0.156287171906136,-0.367197099188058,-0.122659921313832,-0.328115184867486,-0.131063447276112,-0.117134014757131,-0.462335223437865,-0.0875565069467693,0,0,1,0,0,0,0,0,0,0,0,0,0,0,0
5,0.354234401441397,0.147672028896863,-0.041700447762203,0.711544090222541,0.591867260831137,0.0431757440868214,-0.0542666137248563,-0.0862686352990414,-0.0306233393320347,-0.0899647662850155,-0.0914612441555745,-0.180408184465363,-0.420463395316288,1,0,0,0,0,0,0,0,0,0,0,0,0,0,0
8,-0.0536339352483196,0.414874027997946,0.0378052153303075,-1.14469131291462,-1.2957999352257,-0.0060793495994827,0.0533816976245079,-0.0004018831376973,0.0902187476875164,-0.153591670879935,-0.250461979704957,-0.257854621686324,-0.331546553710752,0,0,0,0,0,1,0,0,0,0,0,0,0,0,0
4,-0.0063461112139147,-0.13001352425209,0.0146141916086723,-0.0623123395915999,0.642941666846734,0.042354606261307,-0.0441273738871924,0.0162411451263329,0.173148487101656,0.117008096791436,-0.0326050021098872,-0.113707813739763,0.0274721973518356,0,1,0,0,0,0,0,0,0,0,0,0,0,0,0
3,0.0660533140978563,0.0324301913035977,-0.0947777721391918,-0.342095453166609,-0.395527182906737,-0.0251120259016634,-0.0017580960041304,-0.0714148117642401,-0.194041914212927,-0.125940311089032,-0.136279232060671,-0.108348041574849,-0.511332850475496,0,0,0,0,0,0,0,0,0,1,0,0,0,0,0
3,0.210605166659939,-0.109487403315629,-0.0293550406730795,-0.151302956497463,-0.388821522808976,-0.171447503526026,-0.109834914354315,-0.0529018151231755,0.059449569820671,-0.0886573226213658,-0.239347220381766,-0.0145621375499957,-0.563653516057464,1,0,0,0,0,0,0,0,0,0,0,0,0,0,0
2,-0.0371931144072221,-0.327439638744103,-0.0618493076338196,-0.0542703239286059,0.300275591033547,0.114422477586531,-0.11701803873339,-0.0277035516789427,-0.240037250916609,0.0528482036156993,0.142083119237798,-0.0970604138613616,0.0492231658868894,0,0,0,0,0,0,0,0,0,0,0,0,0,0,0
3,0.116908579463184,0.182018738327879,-0.0287984544384275,-0.320430125822073,-0.481674440136901,0.0071197660332906,-0.20568157203222,-0.0545890439947686,-0.110636071573247,-0.195539954457821,-0.102943502279236,-0.0048107692435156,-0.699250181521027,0,0,0,0,0,0,0,0,0,0,0,0,0,1,0
8,-0.0041078658737766,0.169223527590013,0.0499078305669509,0.123015831499066,-0.176859617660147,-0.117771118528745,0.049828791202464,0.0354481530055027,-0.0631343196927388,-0.0581356180209716,-0.100723778316043,0.161141679763204,-0.528113325018591,0,0,0,0,0,0,0,0,0,0,0,0,0,1,0
2,-0.0506538895565173,-0.512924830288114,-0.069918784948794,0.0686777368688665,0.355599783057962,0.0492071683237307,-0.0346154450110268,0.006332976211374,-0.0945768861773906,0.119986402393713,0.0940147187268706,0.0202961825184385,0.213785291389213,0,0,0,0,0,0,0,0,0,1,0,0,0,0,0
9,0.263534344330066,0.420620637869799,-0.0037243799634518,-0.0262351651957058,-0.345930922984409,-0.290214158764374,-0.367359925587435,-0.094020946629579,-0.287320343754133,-0.169480389124357,-0.121824877744234,0.0506889072759336,-0.602147995484527,0,0,0,0,0,0,0,0,0,0,0,0,0,1,0
0,0.183416509341311,-0.183095888222535,0.0019414792185969,0.230977535023496,0.401566186126229,-0.0981172722190428,0.0464079131620257,-0.0226845593701876,-0.0240272485411173,-0.0058664201770474,0.151247264083576,-0.244805122326349,0.088710488344807,0,0,0,0,0,0,0,0,0,0,0,0,0,0,0
8,0.11911594215781,0.658182457453435,0.008934939729337,-0.193617859695959,-0.145449454276438,-0.153970244104697,-0.165985151115716,-0.0314003424014845,-0.0177409574018851,-0.0508931540502338,-0.171695049060597,0.0055893756529323,-1.22745210333228,0,0,0,0,0,0,0,0,0,1,0,0,0,0,0
1,-0.149284074169257,-0.624271352314044,-0.0599860733205173,-0.0404798447793503,0.354544600617029,0.0784367418286573,0.231148007869899,0.0248142838137193,-0.165065509703841,0.190201162673563,0.215645075181947,-0.0358481871260206,0.57747529272691,0,0,0,0,0,0,0,0,0,0,0,0,0,0,1
4,-0.184828820744275,-0.0443543731811303,-0.0101038764221878,-0.394939167862968,-0.0950945256594059,0.112595711789417,0.172209504365149,-0.0175339007767529,-0.155697737315311,-0.0186668055799304,0.258239085179486,0.0551605648942435,0.745551573296998,0,0,0,0,0,0,0,0,0,0,0,1,0,0,0
0,-0.0127297411733855,-0.38852826063092,-0.137160281614057,-0.184515872863475,1.23138930840213,0.15345173740148,0.191331788317165,-0.005981176839819,0.0468876704778104,0.0395683696563076,0.0556341453146935,-0.0706341234251075,-0.11703141159252,0,0,0,0,0,0,0,0,0,0,0,1,0,0,0
4,-0.215296961462877,-0.0308430188017228,0.189737867400003,0.0450899481455429,-0.498751352905515,0.112636555226131,0.0763794908087346,0.0949655278026337,-0.0939027955450948,0.169492145060823,0.133741855917042,-0.196719926713718,0.232755923488984,0,0,0,0,1,0,0,0,0,0,0,0,0,0,0
3,-0.0086081353452573,-0.151684580845105,0.127905946213101,-0.0042526678074654,-0.669299527182699,-0.0251850335729006,-0.219555807640178,0.0187221830821989,0.030671186390338,0.0153975001117295,-0.114488888617392,-0.0321643227831124,-0.158290063656127,0,0,1,0,0,0,0,0,0,0,0,0,0,0,0
5,0.0481858435578933,0.14326815827725,0.17534493709136,-0.224613067720136,-0.42829633134911,-0.188286353046691,-0.283386273440207,-0.0220853709176342,-0.0416914027874362,-0.154147193457168,-0.0601937482944708,-0.40063631563871,0.0841105602991149,0,0,0,0,0,1,0,0,0,0,0,0,0,0,0
5,0.101604934339906,0.156066640535189,-0.0969685538715045,0.02966980772149,0.178431608255908,-0.141468262267582,-0.0313236437334645,-0.056257406443467,-0.127478170906052,-0.128531616574069,-0.18199713284137,-0.406915473823657,-0.004417387302324,0,0,0,0,0,0,0,0,0,0,0,0,0,0,0
8,-0.0067652281026363,0.436270891445053,0.0038208593822456,-0.396997992840325,-0.341826459382968,-0.0266516970346599,0.150974809057397,-0.004529237053393,-0.0720769788902947,0.0332688700983545,0.0278104981727795,0.0081468688293638,-0.279329733265307,0,0,0,0,0,0,0,0,0,0,1,0,0,0,0
4,-0.0964747261549012,0.131928259839466,0.0628714592790642,-0.467795255489488,-0.332299730834983,0.0630658273051469,-0.0997126080236426,0.0167684723666531,0.0930637619117729,0.15751284562589,0.194741407693737,-0.0982580019790661,0.15705522793064,0,0,1,0,0,0,0,0,0,0,0,0,0,0,0
0,-0.192184210801288,0.101753423391881,0.0054769366063204,-0.669005677579342,-0.291371747536458,0.0803979911282045,-0.0970866758401086,0.002397900620873,-0.0342034838542179,0.0399655784636078,0.0427092389846798,-0.310885427508284,-0.0058691725552942,0,0,0,1,0,0,0,0,0,0,0,0,0,0,0
5,-0.0067125151977055,-0.0187479868289697,0.122001322617243,-0.212644244591013,-0.16093517058619,-0.0245817246735592,0.0648810178346077,0.0351149076294932,0.102833489866182,0.132648267957946,0.214589994698583,0.1078661632551,0.867895582248228,0,0,0,0,0,0,1,0,0,0,0,0,0,0,0
1,-0.0056315095806336,-0.469301658795203,-0.161230988154821,-0.345445450100834,-0.881363075851696,-0.167461074345032,-0.0687899468782897,-0.020993795136521,0.200906811071859,0.0785151991426883,-0.0905733865390809,-0.250153884504814,-0.484439589303899,0,0,0,0,0,0,0,0,0,0,0,0,0,0,0
5,0.255922088039931,-0.177874877194322,-0.0738592619285508,0.0823075869782645,-0.502579806002471,-0.0291194866781275,-0.177102964441768,-0.0727021316420966,0.0421297714470977,-0.0904902860614682,-0.160917724649152,-0.0141951675055521,-0.499049188758432,0,0,0,0,0,0,1,0,0,0,0,0,0,0,0
5,-0.1680667240181,0.0776857240367818,0.0181784696607897,-1.18013102316338,-0.651577913920943,0.0867995551727969,0.0711009000642173,0.0257170736605545,0.134159272113163,-0.067272768980827,0.0521078847735639,-0.227255973178235,0.44042642821236,0,0,1,0,0,0,0,0,0,0,0,0,0,0,0
1,0.080138786932131,-0.10886268729814,-0.131750108089913,-0.171823237937452,-0.0809394069342716,-0.0188565889784451,-0.0707095501646212,-0.0187560004850841,0.104621427072433,0.0304735891526461,0.0213367493023201,0.176774379071012,0.381942964676328,0,0,0,0,1,0,0,0,0,0,0,0,0,0,0
2,-0.0988369673298354,-0.0476484933986851,-0.0312918235477803,0.405375013765449,0.20744244989021,0.072342372218071,-0.0778032466239381,0.0288617541040943,-0.0071677541694683,0.102357431125059,-0.0664755014920557,0.232499319777096,-0.0460741636515945,0,0,0,0,0,0,0,0,0,0,0,0,0,0,1
1,0.0221325697574354,-0.529148715757895,-0.160213101951983,0.416959641152392,0.778695823072573,0.0397792187603174,0.0225756194275779,-0.0362536132604987,-0.0266618750226216,0.137876256629374,0.196827466939551,0.0114691393492015,0.286061363811565,0,0,0,0,0,0,0,0,0,0,0,0,0,0,0
8,0.0382428324171361,0.249222979498189,0.0725463998645087,0.750249419870729,0.125440461722075,0.136200865066893,-0.0066219759213537,-0.0154338610820769,-0.203952134462584,-0.038025085700129,0.066524743769834,0.297259881640478,-0.0038595090173399,0,0,0,0,0,0,0,0,0,0,0,0,1,0,0
4,0.073539386983668,-0.0312851238943143,0.0313261824535591,-0.0920502999217546,-0.202009026435709,-0.0749480824365014,-0.0323161316211922,0.0064741859743336,0.077510858777522,-0.0871849334967108,-0.0650826708772348,-0.160459642962307,-0.191279490896688,0,0,0,0,0,1,0,0,0,0,0,0,0,0,0
0,-0.0855678795111301,-0.576831090746047,0.0139940709156534,-0.425397073253984,-0.110156446385279,-0.0321541405518508,0.0361952023195449,-0.0020580204085369,-0.28197345982506,-0.0964391117225765,-0.140942102599816,-0.088728542855309,0.106409772666709,0,1,0,0,0,0,0,0,0,0,0,0,0,0,0
8,-0.088012193785267,0.532603262966554,0.0476136267927929,-0.240192020368182,0.20466539952466,-0.0399566221439421,0.0473191525650938,0.0070890335733621,-0.0560839709165378,-0.133308798705864,-0.171236629828355,0.0355592149983606,-0.55025509834609,0,0,0,0,0,0,0,0,0,0,0,0,0,1,0
5,0.11007703679458,-0.423118402659074,-0.125411755655056,-0.0737199537868219,-0.264541870279107,-0.112369942921749,-0.0307241920354699,-0.0594574574443743,0.0168521762142518,-0.227660070550272,0.130655458996404,-0.212964109537029,-0.108975622066592,0,0,0,0,0,0,0,1,0,0,0,0,0,0,0
0,-0.174548994931051,-0.424885010883967,0.0135613943945689,0.165960454333562,0.461405598419321,0.172134738440071,0.240066020102648,0.0212828053256318,-0.114676663235332,0.0958042680155442,0.269746424924931,0.101245007562836,0.704705400467528,0,0,0,0,0,0,0,0,0,0,0,0,0,0,1
6,-0.28758478177047,0.290020825714009,0.0547041622908952,-0.152270753976054,-0.313813310563248,-0.0642928600616892,0.0461662957029037,0.0347665663690462,-0.108238511145575,0.122345970688679,-0.0217051101761334,0.197200679068553,-0.159171671090313,0,0,0,0,0,0,0,0,0,0,0,0,0,1,0
6,-0.0239597950405157,0.314894989302952,0.104498871761171,-0.437750969642313,-0.60813649391861,-0.0418534062587314,-0.0483398055523351,-0.0151291108962582,0.0842070371178705,-0.192727035870132,-0.0840754908564744,-0.227043254215197,-0.841983841046277,0,0,0,0,0,0,0,0,0,0,1,0,0,0,0
3,-0.120716394203964,-0.0249582959086475,-0.113800373787601,-0.513245034656434,-0.394868300660913,0.0351830264824577,0.147816305531073,0.0439153808399219,-0.0035589170829405,-0.0483087479461365,-0.0951949466199817,0.0531488180942509,-0.093165949316858,0,0,0,0,0,1,0,0,0,0,0,0,0,0,0
5,-0.097892737376147,-0.158284757593303,0.0905087043031921,0.563466321765039,-0.146934781907949,-0.0152542752178314,0.0461389940734783,0.0254366164416766,-0.218844179234972,-0.085643750161369,-0.0243399088704352,0.286052171302841,-0.0435837369220584,0,0,0,0,0,0,0,0,1,0,0,0,0,0,0
5,0.0374091103654876,0.207723154981449,-0.0885266434662357,-0.381715446682343,-0.715703220728346,0.109365433642845,-0.202177431738045,-0.0271533490501279,-0.0868384392864398,0.0206099835402709,-0.0456217233140275,-0.149064951251898,-0.347996772721348,0,0,1,0,0,0,0,0,0,0,0,0,0,0,0
7,0.103054050953415,0.388848044999384,0.0769198863467963,-0.148947721155023,-0.435750365127264,-0.101104885565482,-0.267320008592215,-0.0065825028797129,-0.0912077983165553,-0.0719162853697128,-0.0161675742252179,-0.139630406364049,-0.373953907547491,0,0,0,0,0,0,1,0,0,0,0,0,0,0,0
4,-0.184461212751562,0.265877688586327,-0.0288314267769458,-0.656078600930753,-0.580123726583406,0.073517948937636,0.0121391553397664,0.0122717244256648,-0.0860228372158681,0.0910964173511337,0.003627153089933,-0.179840404886315,-0.376402873906776,0,1,0,0,0,0,0,0,0,0,0,0,0,0,0
8,-0.0836445608781737,0.729112647336646,0.0368603849062313,0.0149817848390336,0.122648681708173,-0.0054785225552386,-0.0159781227075451,0.0100340178784207,0.193532913039624,-0.0670553208664979,-0.164690670850755,-0.249611191215975,-0.159026100595012,1,0,0,0,0,0,0,0,0,0,0,0,0,0,0
3,-0.309610027960509,0.0321766768881201,0.0311230713931489,-0.0698720294661617,0.784890237611499,0.159915551531347,0.154577045254562,0.0770378443940595,0.203183532408409,0.0853945821753824,0.145849338426762,-0.088597089438796,0.855772726228859,0,0,0,0,0,0,0,0,0,0,0,0,0,0,0
1,-0.119742151681434,-0.461320201200778,0.0725928211922704,-0.463758757802506,0.2207065318343,0.145590649710549,0.233301036238264,0.0296473641935789,0.0408154509174758,-0.0368502100509699,0.0531722437076013,-0.186053821468839,0.0255736544848802,0,0,1,0,0,0,0,0,0,0,0,0,0,0,0
1,-0.324408581419395,-0.395957454451813,0.0074116890743617,0.0599004535870328,0.0746406039462177,0.0147427398815928,0.068193413373711,0.0667109000924559,-0.154705227027004,0.125188699706355,0.146881339505669,0.456617572085409,0.467791063494588,0,0,0,0,0,0,0,0,0,0,0,0,0,1,0
2,0.0597920986236797,-0.300954188350361,-0.143414926824422,-0.112250692956836,-0.135652845812897,-0.149889259927267,-0.0709875236119728,-0.0405214792172504,-0.184891563627486,-0.183877661468198,-0.0043510672005012,-0.0490667679652694,-0.516713023932123,0,0,0,0,0,0,0,0,0,1,0,0,0,0,0
9,-0.0631273954613252,0.220411252605019,0.0708196763633536,0.484396039723236,0.471436056944142,0.0072555537041604,0.0006942775880657,0.0467687199640487,0.268757709539367,-0.0293849051999095,0.0086275036545973,0.148398897251568,0.128822398814333,0,0,0,0,0,0,0,0,1,0,0,0,0,0,0
5,-0.0299445178599807,0.265370236291033,0.0010690473002376,-0.422357272862573,-0.566738820973918,0.0205095924327099,0.140964157929291,0.0058007948938079,-0.145967398525753,-0.0835456558540184,-0.0875799990420243,0.2089762924055,-0.133167855245295,0,0,0,0,0,0,0,0,0,0,0,0,1,0,0
0,-0.140113000955511,-0.715992378165961,-0.135212280215642,0.25394552830064,1.17546836049917,0.0674801130818184,0.256552687332166,-0.0001536777784765,-0.200367995307332,0.102615041782298,0.290578533430905,-0.0042621999961138,0.746431019845311,0,0,0,0,0,0,0,1,0,0,0,0,0,0,0
6,-0.0790678626998663,-0.208016762399805,-0.0212488785944801,-0.333417756837128,0.0548051072297161,-0.0684521672492951,0.100482881288514,0.0101930150467109,0.115361674267886,-0.092836558344231,-0.0245308428043184,-0.161681640868775,-0.104509962863118,0,0,0,0,0,1,0,0,0,0,0,0,0,0,0
4,0.183831405649848,0.0324497832449834,-0.132016925972042,0.590763615981481,0.905956517859087,0.0582300939389138,-0.0011836371478547,-0.0586842993779512,-0.121730386690838,-0.0221559698662326,-0.101128703444566,0.171252252230576,0.123009425883537,0,0,0,0,0,0,0,0,1,0,0,0,0,0,0
1,0.301012770393458,0.141111828507058,-0.147178271675927,0.692006502653425,-0.0339311993687638,-0.0903853923984111,-0.290072651084522,-0.0663259041934908,0.114072260177238,-0.159398440831024,-0.208747006246374,0.0108043418350261,-0.809794083102912,0,0,0,0,0,0,0,1,0,0,0,0,0,0,0
1,-0.219483360357163,-0.229994090384563,0.0409025841835288,0.326687118617827,-0.379695535337028,0.0164861987872134,0.0496880684878387,0.0590029024084185,-0.0423597872781343,-0.0200216472142677,0.0229445394415399,0.328293020853529,0.0093965208640838,0,0,0,0,0,0,0,0,0,0,0,0,0,0,1
1,-0.129907709691677,-0.470691900849402,0.0057539756961212,-0.0813814538255938,0.339099036462601,0.272848074615701,0.01126223683108,0.0022084185433855,-0.163815922130026,0.0926186448187634,0.238990908127276,-0.165202432234525,-0.129854972099135,0,0,0,0,1,0,0,0,0,0,0,0,0,0,0
7,0.26136929888751,0.107308646484466,-0.0169468843176388,0.293669538760112,0.205472263022902,-0.0529442980589065,-0.0193352472838402,-0.0410975756244717,-0.0124971494692148,0.096045355617495,-0.0359866980721264,0.118418738087549,-0.0978998223340879,0,0,0,0,0,0,0,0,0,0,0,0,0,1,0
0,-0.248879557278247,-0.536128343688961,-0.104560140988459,0.0966831608017317,0.593848732732601,0.147108791684462,0.322528965739544,0.0449014711020697,-0.0742921691896902,0.102919709591782,0.312513048208665,0.358215381172321,0.171302232985117,0,0,0,0,0,0,0,0,0,0,1,0,0,0,0
9,0.0832236905914411,0.379912227118593,0.056885128116053,-0.21191923070715,-0.564824868566854,0.0425195893940704,-0.0071598823660335,-0.0153707115019583,0.0884173153302824,-0.15049005191464,-0.0335186009019925,-0.0571424247002198,-0.0030998813490208,0,0,0,0,0,0,0,0,0,0,1,0,0,0,0
3,-0.0651688132612963,0.167010432085718,-0.0092663112190699,0.156648429703982,0.0062782080211323,-0.1370891310675,-0.172569326144214,0.0319580111739291,0.308602966934388,0.0766534872174881,0.0199731397422439,0.2046281877688,0.133198725580399,0,0,0,0,0,0,0,0,0,0,0,0,1,0,0
2,-0.130630904418029,-0.191195230307498,-0.039472045433151,0.486552919062368,0.474624536797028,0.159200174610099,0.0673640020461566,0.0455378885253675,0.0517961040466947,0.121093497398352,0.154563862968034,0.154715365287898,0.658851995725997,0,0,0,0,0,0,0,0,0,0,0,0,0,0,1
2,-0.005148286706043,-0.293552893057723,-0.141214991274785,0.252910560039669,0.091662992047138,0.104979253659204,0.103314916715554,-0.0103909033762964,0.0138393920789289,-9.78154460130262e-05,0.0365435301544958,-0.0703691004371796,0.0266311504364677,0,0,0,0,0,0,0,0,0,0,0,0,0,0,0
1,-0.0039976909885979,-0.0724063829054973,-0.0893491311446425,-0.385461980607358,-0.127988216936963,0.0267011584698026,-0.205634453678024,-0.018126215292235,-0.0800962293187934,-0.120722760478413,-0.187919627094881,-0.0641481606814205,-0.362427164796507,0,0,0,0,0,0,0,0,0,0,0,0,0,1,0
0,0.0923949806459615,-0.212240068297646,-0.181595042861698,0.064557556824666,-0.0241145360584041,-0.0797325823831522,-0.058227618169742,-0.0618584842718945,-0.195053844283898,-0.0350685920075013,-0.18014806262369,-0.219607308780958,-0.717374958010205,0,0,0,0,0,0,0,0,0,0,0,0,0,0,0
7,-0.0661159939528127,0.211301843941726,0.0165548119152417,0.158586824479214,-0.567649441699102,-0.0750228155899738,-0.0887633528497693,-0.0023680280417014,0.0387694179856025,-0.0772460072607356,-0.0948748225032472,-0.179404861369507,-0.622686236736709,0,0,0,0,0,0,0,0,0,0,0,0,0,0,0
9,0.0145317661655704,-0.235264644551109,0.0771068707630711,0.190418280180372,0.661446300236973,-0.0629861838328622,0.275179985820937,0.0090846280598939,-0.110474230830273,0.214363470628713,0.183419712756146,0.0243387353787047,0.687107085882862,0,0,0,0,0,0,1,0,0,0,0,0,0,0,0
1,0.0687830392308313,-0.144371625246967,-0.107077000566533,-0.189694209024616,-0.430974881022953,-0.0013057237425053,-0.144139234249183,-0.0453624957636581,-0.064183793191171,-0.118129188596854,-0.126479461247584,0.0194994340192233,-0.254450613809424,0,0,0,0,0,0,0,0,0,1,0,0,0,0,0
5,-0.0415195955175943,0.0198923611753149,0.0802840542592389,0.1115422567078,-0.314997531244271,-0.0839512650366762,0.0807432436505536,0.00059373133347,-0.19512328415683,-0.0795283585995938,0.0689329899814098,0.0724988508830235,-0.338075904506467,0,0,0,0,0,0,0,0,0,0,0,0,1,0,0
2,0.171215196304387,-0.0323950112551439,-0.0675122067451776,0.123058570804237,0.0224096394382315,-0.0845460537176459,-0.0981742834630821,-0.0846584875631457,-0.0703107718358422,-0.156188157068373,-0.170139975468285,-0.127884904838589,-0.661740965226166,0,0,0,1,0,0,0,0,0,0,0,0,0,0,0
1,0.0472821794150695,-0.114196922894188,-0.116190051424254,-0.0687195520743969,0.0943705243304176,0.125931736141487,0.229585687641393,-0.0186457848840056,0.264412410288846,-0.0120356456421339,0.151256337223959,-0.153512544066268,0.33290739350755,1,0,0,0,0,0,0,0,0,0,0,0,0,0,0
4,-0.175298444697621,-0.0809916587105321,0.0860992492394711,0.0275408166659544,0.358354965841048,0.0672571941633995,0.0654665686223493,0.0220846135679812,0.0638477474863654,0.03057900285935,-0.011848810225846,-0.17136461108158,0.0766927389276085,0,0,0,0,0,1,0,0,0,0,0,0,0,0,0
1,0.235812194719942,-0.371919245648793,-0.0631328622610264,-0.400853521052218,0.470465615799693,0.059304326494863,-0.0136200925457848,-0.0505479950967112,-0.0480288379927815,-0.0501366043045229,0.0791132426433219,-0.232834132379795,0.609800755306857,0,0,0,1,0,0,0,0,0,0,0,0,0,0,0
8,-0.0473232535897822,0.110565535418547,0.0800626515948786,-0.0141848146249363,0.433711874724371,0.0330125342307317,-0.0111851604077106,0.0151125685269074,-0.176984745880514,-0.0418121804333507,-0.0154032536739895,-0.0752696950286352,-0.248386555643817,0,0,0,1,0,0,0,0,0,0,0,0,0,0,0
5,-0.0199235805441916,0.0289565799881792,0.0328151182252977,-0.24598752834789,0.216170447357451,0.0306546317914045,-0.0442849422328917,0.013669868644091,0.0771199859461081,0.0389907701821706,0.0883746128151335,0.223851194883965,-0.104064057085505,0,0,0,0,0,0,0,0,0,0,1,0,0,0,0
9,-0.0042035076136317,0.610516892780383,0.0617912441233524,0.362882075159941,0.369394452293987,-0.228489620851765,-0.228989887845304,-0.0492636703101269,-0.121421825097336,-0.132798080814767,-0.126933451358257,-0.181008081563681,-0.440712674664069,0,1,0,0,0,0,0,0,0,0,0,0,0,0,0
2,-0.100814177510934,-0.115501268886108,0.0009793773163807,0.220153068488701,0.310926963819247,0.0893771870257799,0.157641211751987,0.0354771039074813,0.107864662655018,0.0116590180964068,0.0654811522814734,0.315196871999838,0.57325093721524,0,0,0,0,0,0,0,0,0,1,0,0,0,0,0
5,-0.158854163502578,-0.0785385317161714,0.0788503023188585,0.727517520250068,0.513816207349092,-0.0650289478497317,-0.0814423121805482,0.0577776703926885,-0.0276132314498565,-0.0553568216901935,0.0018235336556811,-0.0332646658265544,-0.204928558482097,1,0,0,0,0,0,0,0,0,0,0,0,0,0,0
0,-0.0567073482979972,0.0729959288531173,-0.104117562289492,0.331254996637624,0.199820898104471,0.0310544485917065,-0.146058480983431,-0.026723781569241,0.003792967515635,0.0823769876361772,-0.0285479975380498,-0.116306245890894,-0.260545703979622,0,1,0,0,0,0,0,0,0,0,0,0,0,0,0
4,-0.107625248940711,-0.391410657502115,0.0453627256000212,0.371731029475894,0.992996408784738,0.153695116505191,0.0814900966736646,0.0337866085577011,-0.212995706405773,-0.0616038257581195,0.119525028343195,0.323421743682531,0.127879337409715,0,0,0,0,0,0,0,0,0,0,0,0,0,1,0
4,-0.358988656884725,-0.209693821580057,-0.0027126546752401,-0.829278620320556,-0.20486812041943,0.0815134794775489,0.197659837169455,0.0878432702379174,-0.148752496359348,0.234813590379932,0.181939311044584,-0.154741198976872,0.637858566999937,0,1,0,0,0,0,0,0,0,0,0,0,0,0,0
8,0.186143647061514,0.303626028294112,0.0041537036662101,-0.308357194529103,-0.796449677313866,-0.301570689731989,-0.142111645913615,-0.0599968472080813,-0.146895722211549,-0.248262204917421,-0.162353986690081,-0.384294021640734,-0.635631268669259,0,0,0,0,0,0,0,0,0,1,0,0,0,0,0
0,-0.118428213233626,-0.57944146729847,0.0230487665271699,0.243929750180508,0.0537261260272569,0.0527632548761184,0.118116721061155,0.0544107172750071,0.0988218727572499,0.0691255890420422,0.029619338261202,0.311108459686589,0.834607407265811,0,0,0,0,0,0,0,0,0,0,1,0,0,0,0
9,0.0738461820814401,0.415521113812068,0.0128634679877978,-0.306373978382573,-0.931633360024399,-0.151455706756771,-0.192024940552707,0.0071670646546874,-0.0603255861868953,-0.276238911097304,-0.149908624378732,-0.288657511701874,-0.494953469105822,0,0,0,0,0,0,0,0,0,1,0,0,0,0,0
8,0.182739104782243,-0.185829318994799,-0.0164525615999927,0.0242764138648519,-0.0141404042468826,0.0016148380933853,-0.0138898574713097,-0.0310678009111748,-0.04161891602603,-0.0733978155652183,0.0919712561692407,-0.135019950987277,0.341160822363472,0,0,0,0,0,0,1,0,0,0,0,0,0,0,0
6,-0.233360139379221,0.403416635172623,0.0684389349558279,-0.325402121166818,-0.359412467885637,0.0691452326284778,0.216386862222901,0.086260565727842,0.352769478411834,0.133468674833936,0.0784749158239399,0.145525566010375,0.211085345673402,0,0,0,0,0,0,0,0,0,1,0,0,0,0,0
7,0.0289005268368276,-0.130119922740585,0.0441271064186548,0.175879861788231,-0.221209457049606,-0.010314023987647,-0.0696271586778139,-0.0217357215401044,-0.101764783640425,0.106450074459667,0.0396297619433121,0.0116968073586103,0.434880226116156,0,0,0,0,0,0,1,0,0,0,0,0,0,0,0
1,-0.13661163355503,0.0204502574747972,0.107893480431323,-0.172682715661791,0.30033582976506,0.0961406623952406,0.191630251374803,0.0426312955225272,0.141520884751381,0.0310763371731785,0.189570125600869,-0.0944082187826385,0.430208914391675,0,0,0,0,0,0,1,0,0,0,0,0,0,0,0
4,-0.0447384548157809,0.165291260938309,0.0334025490603827,8.27586732726759e-05,-0.668076974582506,-0.068029962425685,-0.0942282022381211,-0.0055108479984544,0.279183056495274,-0.0130649164583891,0.0568193334929431,-0.150631457951249,-0.39958051459173,1,0,0,0,0,0,0,0,0,0,0,0,0,0,0
4,0.154335133571813,-0.51636869546562,0.0187319437349102,0.243152549821536,0.43186096337,-0.0127210811340577,-0.0071718569949311,-0.0021540179993413,0.15256602211342,0.13915282489748,0.0004242034779401,0.17537342133921,0.400580439969814,0,0,0,0,0,0,0,0,0,0,0,0,1,0,0
9,0.121453565861978,0.112650694963929,-0.0106592937061006,-0.0104684753718287,-0.0009029277105509,-0.107547793958756,-0.0565862162931684,-0.0394300262916772,-0.19537981987404,-0.0718403658163534,0.0173434530106581,0.0416825290470673,0.0881331830142544,0,0,0,0,0,0,0,0,0,1,0,0,0,0,0
5,-0.0110129114888499,-0.309109670480078,0.0399092689491805,-0.0471663916657878,0.316962005923405,0.0186243317911792,0.308887343128492,0.0353291417498602,0.0051295837996934,0.107279872174176,0.0877287856924766,0.201780740851404,0.962901131559238,0,0,0,0,0,0,0,0,0,0,1,0,0,0,0
0,-0.0374610593191306,-0.0295796188627264,-0.0812947064546183,-0.209851722710829,0.136752082486418,0.0459062085514924,0.0283539781869643,-0.0310132308629677,0.0483423288775562,-0.0935910598391244,-0.15406396801601,-0.357348015145556,-0.240654713771848,0,1,0,0,0,0,0,0,0,0,0,0,0,0,0
3,0.0082013356396993,-0.0276829722764768,-0.0890760040017033,0.345419119044846,0.639626867133797,0.153008277718726,0.0751717158577368,-0.0384603723560739,-0.160145496190642,0.069585863060392,0.127977500702882,-0.0481002553629379,0.416782685228428,0,0,0,0,0,1,0,0,0,0,0,0,0,0,0
3,-0.132096611130051,-0.127883910715368,-0.103795546861511,0.612606550442744,1.46232172648065,0.14216456636474,-0.007463013986644,-0.006466148516529,0.0211822928538747,0.0686722230609808,0.0799016562280103,0.0641296454849257,0.135795834936036,0,0,0,0,0,0,0,1,0,0,0,0,0,0,0
2,-0.0864082222107434,-0.151593652979451,-0.0659258891003234,0.0999116743175716,0.526628590907293,0.150655094559723,0.171179147147727,0.0259842048305692,0.060511188239987,0.0486426989080583,0.090387218550158,-0.138732706710008,0.231279419267448,0,0,0,0,0,0,0,0,0,0,0,0,0,0,0
2,-0.109327044412231,-0.24709779291959,0.0539750087691983,-0.130956195122456,0.25490429598714,0.126213139061836,0.301528130058801,0.0830015505440268,0.128388494267559,0.112839555203079,0.274045391480648,0.0110288310188641,1.04406173021019,0,0,0,0,0,0,1,0,0,0,0,0,0,0,0
2,-0.0972053460687399,-0.248056438029223,-0.0687397809319856,-0.155135698222612,0.355763306106568,-0.0151921564140426,-0.109692353524732,0.0022131376858783,-0.0189041033023265,0.0292681254647944,0.119565868793151,-0.0210756279103158,0.0006845844668052,0,0,0,0,0,0,0,0,0,1,0,0,0,0,0
7,0.0468785097877383,0.159796424582557,0.0789674548123861,0.052891494346656,-0.203151364639708,0.0083386043049232,-0.0307575103920931,0.0260218668777243,0.288674059753615,0.0223447228997162,-0.0318050854536492,-0.284012455258317,0.0756163749884483,1,0,0,0,0,0,0,0,0,0,0,0,0,0,0
0,0.198700905439377,-0.424431632198401,-0.136645317450154,0.694419347271147,0.202506512243347,-0.0813628148625418,-0.0505984648714039,-0.0353640330643035,-0.0182188204749452,-0.120496011858253,-0.0940277893764687,-0.324798040875165,-0.376779205362718,0,0,0,0,0,0,0,0,0,1,0,0,0,0,0
1,-0.033463659392778,0.341852063395643,0.011854552487613,0.745248838456323,0.40365828778021,-0.0423878691638065,-0.0329413327809306,-0.0168720919758327,-0.284728134779097,0.002251688788002,-0.0086220182644169,0.163982251535459,-0.21974089281222,0,0,0,0,0,0,0,0,1,0,0,0,0,0,0
3,0.0619964883693812,-0.199007711158399,0.0244424208885924,-0.211018980827232,-0.203471573201892,-0.0293100703061791,-0.0126470941395321,0.0293118756471944,-0.179724531851341,0.0454334452445343,0.0495675889869754,-0.0196096359227339,0.185586671962206,1,0,0,0,0,0,0,0,0,0,0,0,0,0,0
7,-0.0309768525755643,-0.0458439523186023,-0.150039520100228,0.305796578935852,0.556473863212931,-0.0087301183274677,-0.148461823282167,-0.0162306983632278,-0.0874654073551707,0.158390446335276,0.173177616184314,0.042319526090004,0.352799635278503,0,1,0,0,0,0,0,0,0,0,0,0,0,0,0
1,0.0543309711795552,-0.317491384484458,-0.155372914270812,0.571542844988846,0.462807973115644,-0.0139490393907425,-0.0193540024733163,-0.0393125625232213,-0.267845501129036,-0.0565563475163932,0.154281809122028,0.0228552478132922,0.108339510877621,0,0,0,0,0,0,0,1,0,0,0,0,0,0,0
9,0.260523989849615,0.686496556174461,-0.160270104464942,1.01716084458281,0.707942262508183,0.0154330043744105,-0.0626344615162161,-0.0701206888075997,0.0638904253377257,0.0387567177911218,-0.0779223564632924,0.283214053600983,0.167330763964493,0,0,0,0,0,0,0,0,1,0,0,0,0,0,0
8,0.148740635246887,-0.0334035105979354,-0.0434752278419942,0.178509062026571,-0.372294895801549,-0.15827857029967,-0.126161278501154,0.0147513718176858,0.220919120757528,-0.107099356255869,-0.231154417952367,-0.102210630144726,-0.48318277244538,0,0,0,1,0,0,0,0,0,0,0,0,0,0,0
6,0.298294207039255,0.196121194234852,-0.0011156897453997,-0.380513549076499,-0.705524110135521,0.0378959522252534,-0.192486849246411,-0.0394992099222497,0.1877330023265,0.0104074392434782,-0.0688632442053629,-0.0890089274247114,-0.552635815175798,0,0,0,0,0,1,0,0,0,0,0,0,0,0,0
2,-0.387227340234187,-0.278470191604688,-0.0909967555871942,0.228151800279777,0.562517850492394,0.0199676693524662,0.13476756894639,0.0505100545827472,-0.112873213877374,0.0821753323127893,0.101635264594393,0.0327822329426894,0.0708185391712823,0,0,0,0,0,0,0,0,0,1,0,0,0,0,0
2,0.0355719072465125,0.0162886482621948,0.0108594090491203,0.465532631778195,0.0696770576441322,-0.157946233618279,-0.316493312548267,0.0036833228151289,0.187568128520304,0.0427745140251233,-0.159288807845906,-0.17043620375983,-0.454440815448069,0,0,0,0,1,0,0,0,0,0,0,0,0,0,0
3,-0.255117924126088,0.400072045142333,0.0543669945689985,0.212358130874153,0.172256830535556,0.216427143003739,0.0707004660916985,0.0362848894752663,-0.029136461214233,0.142068395536226,0.112171879648632,-0.0686155871211805,-0.14493201920137,0,0,0,1,0,0,0,0,0,0,0,0,0,0,0
3,-0.0110390185188094,-0.380912509638318,0.0239601471452454,-0.496565085189645,0.104159099996715,-0.0009723238141662,0.0971568328992796,-0.0047018136190512,0.095542766662106,-0.0744435533467018,0.0290311620842328,-0.0186123014376022,0.408090834730826,0,0,1,0,0,0,0,0,0,0,0,0,0,0,0
6,-0.0762807112015964,-0.091833762862417,-0.126100079915264,-0.442677066232709,-0.0303712187400095,0.0857731436823531,0.310827015765253,-0.023031187662999,0.137852709935718,-0.0159537955529415,0.0311335648840359,-0.236087768989656,-0.0752670476697897,0,1,0,0,0,0,0,0,0,0,0,0,0,0,0
9,0.179371852665545,0.491404566145603,0.0979210624323693,0.306251939190277,0.0927353898535547,-0.050748914999058,-0.0350694449426028,0.0164889981932608,0.153747822918377,0.0389678551777566,0.131623731711849,0.14158724779887,0.136532394854973,0,0,0,0,0,0,0,0,0,0,0,0,0,1,0
0,0.10371207445778,-0.522077960551718,-0.0445742949147315,0.317324065399609,0.327356258147921,0.0069923941467918,-0.192725524146184,-0.0246088151658079,-0.008886839764762,-0.0353830529208765,-0.148489813854761,0.111406100417623,-0.21469171140749,0,0,0,0,0,0,0,0,0,0,0,0,1,0,0
7,0.052367845218589,0.591267903716594,0.036168165466799,-0.030863544861092,-0.399271595407798,-0.0064427843398445,-0.0618992614121006,-0.0334023274553867,-0.245272716167229,-0.142238153859974,-0.0552158211779085,-0.107905265697298,-0.515361974189142,0,0,0,0,0,0,0,1,0,0,0,0,0,0,0
6,0.0572073574635139,-0.132833593181276,-0.040885632546054,0.458258998242249,0.35898830967302,0.0240731288202249,-0.0131348333224915,0.0086986233192093,-0.309999504012766,0.0018692794925949,-0.0554824216219909,0.238226521938511,-0.115521780136778,0,0,0,0,0,0,0,0,0,0,0,1,0,0,0
7,0.285759650882212,0.0305131398960893,0.087482447378944,1.04068656676415,0.519991034198637,-0.0124437288260642,-0.142876396623796,-0.0503175404676095,-0.0100773573611236,-0.0492077826492937,-0.138311396798985,0.131981362874273,-0.455696847243985,0,0,0,0,0,0,0,0,1,0,0,0,0,0,0
0,0.0130838271584319,-0.38081939454034,-0.0332164740939522,-0.191152952360888,-0.10834013990232,-0.0419251102248184,-0.157099246317695,-0.0687061106466691,-0.167892048556592,-0.163845123134136,-0.184762637765289,-0.504251242382122,-0.48967888020424,0,0,1,0,0,0,0,0,0,0,0,0,0,0,0
6,-0.0058398924289765,-0.1889737473715,0.0774188106043688,0.0590144289346621,0.0409686480296546,-0.0144824751550152,-0.0592908723728175,-0.0014456695841206,-0.176694677321619,-0.0571460870096294,-0.136134880546727,-0.315940841855188,-0.439454301577503,0,0,0,0,0,0,0,0,0,0,0,0,1,0,0
3,-0.147665224687564,0.0379210287959203,0.0034511721946401,-0.580385394022059,-0.381469569346404,-0.0476534623236983,0.104955820059612,-0.0259377241407103,-0.346601953442302,-0.112865454516762,0.0540803281452268,-0.373217016118193,-0.345438777321198,0,1,0,0,0,0,0,0,0,0,0,0,0,0,0
1,0.128408510116046,-0.0284536574410366,0.0565878680189412,-0.258250117933901,-0.634286131898413,-0.189574311395295,-0.0566381986599143,-0.0164550306931195,-0.0198349931505679,-0.0853169091798654,-0.0406515748518259,-0.139229362262018,-0.369802685657961,1,0,0,0,0,0,0,0,0,0,0,0,0,0,0
