target,Acid,Anthoc,Brix,GrapeW,NDVI06,NDVI08,pH,Polyph,Potass,SPAD06,SPAD08,SproutN,WoodW,Treatment_T1b,Treatment_T2a,Treatment_T2b,Treatment_T3a,Treatment_T3b,Treatment_T4a,Treatment_T4b,Treatment_T5a,Treatment_T5b,Treatment_T6a,Treatment_T6b,Treatment_T7a,Treatment_T7b,Treatment_T8a,Treatment_T8b
8,-0.244386687619488,-0.658235146313604,0.0417529371129206,0.651003435485054,-0.0108001302680255,0.0319049085552579,0.0481216404608324,-0.151512218604652,0.0115552067254898,0.0243010755259313,0.0538987125378226,-0.0446608849118099,0.398427469114517,0,0,0,0,1,0,0,0,0,0,0,0,0,0,0
8,0.125731050983564,0.312873658911161,-0.024232843943786,0.031718175610876,-0.143178452228184,-0.163053856544767,-0.0326327917684036,0.313393327071981,-0.0169103333439836,-0.163809580825551,-0.0996575780715397,-0.323787801782392,-0.577323546070105,0,0,0,1,0,0,0,0,0,0,0,0,0,0,0
0,-0.0533433172427167,1.0488712049133,0.155109148816672,-0.964387412226558,-0.120808988090108,0.024469979811084,0.0195869949220839,0.676486777650072,0.163087837899987,-0.169006325248599,-0.225041381654643,-0.316565057089759,-0.729938633301791,0,0,0,0,0,0,0,0,0,0,0,0,0,0,1
7,0.13452295267673,0.0617209353810009,0.11939532732652,-0.672617461177809,-0.0169671504106983,-0.236109140246723,-0.0059759832610251,0.0408090861882246,0.0202066139945659,-0.0677124813641294,0.013130462837492,0.006595349136915,-0.0362729877268527,0,0,0,0,1,0,0,0,0,0,0,0,0,0,0
5,-0.0022975913851051,-0.182386487643448,-0.0297523230644353,1.03255965405412,-0.0988974242380953,0.247269305158943,-0.0298354270668162,-0.199448465357881,-0.365354723189248,-0.0412465335629203,0.0862041894345822,-0.0872893427411489,0.590293327342372,0,0,0,0,0,0,0,0,0,0,1,0,0,0,0
2,0.220961245775968,-0.0937097085837564,-0.088123416157273,-0.244046363916734,-0.143915072678586,-0.132848507461657,-0.083934269927778,-0.137553518966048,-0.206393393396134,-0.114063148500707,-0.130851622980495,0.0068334994640052,-0.050439339239489,0,0,0,0,0,0,0,1,0,0,0,0,0,0,0
6,-0.106029319979876,0.0904627825758055,0.0768482637478269,-0.559432409505787,-0.138696908739585,-0.217623370161507,0.0277971451935189,0.0548079477858771,-0.0847851877069169,0.0923016283094212,-0.0620874475122828,0.23130000077461,0.079445485465048,1,0,0,0,0,0,0,0,0,0,0,0,0,0,0
3,-0.173391844706284,-0.264126872209519,-0.0787193963584756,-0.0968078465848589,-0.0659657489502363,-0.0731742968397488,0.0375282672564042,0.0817947294096627,0.0468417054928267,0.125235057819288,0.118645046303231,0.170432417323477,0.360053042620286,0,0,0,1,0,0,0,0,0,0,0,0,0,0,0
0,0.127369266902507,0.429601383806668,0.108123698428097,-1.2257199508082,-0.117176048407308,-0.0176698166968749,-0.0329162624191568,0.133208217837401,-0.0159789164326259,-0.169051505268735,-0.167447510382648,-0.158207587617629,-0.706003042094415,0,0,0,0,0,0,1,0,0,0,0,0,0,0,0
4,0.2255612939895,0.157734711890929,0.0521988091824141,-0.932583921741599,-0.171816006326417,-0.155107404447411,-0.0152749943939942,0.295868547511321,0.0182970259371892,-0.0692718332277436,-0.172113439296155,-0.272975753872682,-0.596184022201515,0,0,0,0,1,0,0,0,0,0,0,0,0,0,0
1,0.151750514793271,0.922886511435872,0.127760918274095,-1.32568977185145,-0.23517710673489,-0.241054784431139,-0.0217136384141835,0.394728057614259,-0.0583175011203314,-0.336412157170795,-0.353176463719976,-0.379934581313875,-1.29988120332319,0,0,0,0,1,0,0,0,0,0,0,0,0,0,0
8,0.2159945377904,0.37639383154359,0.0881830116024877,-0.0217301405522438,-0.087588611543883,-0.10040637969896,-0.0355921947708299,0.458622170761888,-0.145330577296751,-0.0226783838734373,-0.070796252194045,0.0800958099516395,-0.436665876004433,0,0,0,0,0,0,0,0,0,0,0,0,1,0,0
4,0.215963120765353,0.137143443174566,-0.0551390341999444,-0.0317935877598208,-0.0539883923027182,0.0387903627778327,-0.0140751234878119,0.095860726693513,0.0739737217048908,0.005807014326148,-0.0700370017407041,-0.0011790615501371,0.167826133779116,0,0,0,1,0,0,0,0,0,0,0,0,0,0,0
8,-0.101949058441321,-0.322049287508703,0.0285151313523146,1.12268730610432,-0.0941836726064971,0.0092542509583779,0.020952227957531,-0.0632129652163769,-0.348678734058545,0.0148792899850348,-0.0682728392805123,0.169345091373454,0.271540559210432,0,0,0,0,0,0,0,0,0,0,0,1,0,0,0
2,0.183420282610413,-0.297115628452211,-0.114269281604824,0.012022148364146,0.157514767790018,-0.102122208910022,-0.0654502961761535,-0.0987490137179732,0.0931909417497482,-0.208945253423883,-0.0666788194891861,-0.22423063364703,-0.626554738987696,0,0,0,0,0,0,0,1,0,0,0,0,0,0,0
9,-0.174798345966473,-0.376005764689361,-0.171487914592848,1.38681288907024,0.0247150607782762,0.138065610087703,-0.0047706853298946,-0.434073141072385,0.0127752199406698,0.13487013333489,0.141868848301279,0.372011834633422,0.162251475706974,0,0,0,0,0,0,0,1,0,0,0,0,0,0,0
3,0.0661203246273094,0.0749807709948743,0.0864063189762104,-0.266243557454627,-0.113541636077679,-0.0013269829093262,0.0078773790036949,-0.230044842015173,-0.041650736384172,0.0740738967591338,0.0227545315708083,0.0110458660167986,0.0083386060801962,0,0,0,0,0,1,0,0,0,0,0,0,0,0,0
9,0.105339325565583,-0.332460610594295,0.0060950828513162,0.525914879651627,0.0677275322309007,-0.0080044349126217,-0.0011981035962649,-0.133456620491951,0.008453577718924,0.0184711919399723,0.148818646606061,0.251107757233139,0.0033921312740964,0,0,0,0,0,0,0,0,0,0,0,0,1,0,0
7,0.143641261391009,-0.541509178286556,-0.122785697020431,0.44736717907825,0.0996836233368251,0.150160854513156,-0.0570107586860764,-0.240546554029226,-0.0296008306220644,-0.107925401249579,-0.030886674368149,0.116252174913761,-0.0775386332989761,0,0,0,0,0,0,0,0,0,0,0,1,0,0,0
0,0.15501886405697,0.455082301141205,0.0154622475214609,-0.964183514650472,-0.134702292479227,-0.129233285026873,-0.0247016922487817,0.262586992158337,0.0749747508103606,-0.0628884595134639,-0.0149919735538685,-0.425509394701525,-0.777404229148666,0,0,0,1,0,0,0,0,0,0,0,0,0,0,0
9,0.0433129863044122,-0.304032878797587,-0.0315372315461664,0.395680571680632,-0.0525489541368188,-0.0409694950660551,-0.0043399148321052,-0.185328245510478,-0.0541572531892537,0.102905104665923,-0.0285014042939355,0.137870987629246,0.306432680268592,0,0,0,0,0,0,0,1,0,0,0,0,0,0,0
6,0.335091623266721,0.0720357846194229,-0.0651012161256015,-0.619187036118044,-0.0372597937904895,-0.238056106327163,-0.0977252600024149,0.11511192631761,-0.305484177122384,-0.093302071987421,-0.264328214645768,-0.094738005153406,-0.328394287643926,0,0,0,0,0,0,0,0,0,0,0,0,0,0,0
1,-0.174575755136342,0.0691635374286838,0.0967789528712656,0.252323412288558,0.0286664306871436,0.0666624414447005,0.0202948999114812,0.13225218224044,-0.0636070836970098,0.0275875296135655,0.0875112473364767,-0.326505265114095,0.0431950885492765,1,0,0,0,0,0,0,0,0,0,0,0,0,0,0
6,0.0582178125843111,-0.203359152655694,-0.115732539333629,0.248057593556043,0.0180813705959984,0.111709769848357,-0.0104648244036518,0.0405303948988315,0.11826873339954,0.05994617098351,0.0097640021462743,0.0020154117927088,0.268916813763683,0,0,0,0,0,0,0,0,0,1,0,0,0,0,0
2,0.0128847007458078,-0.504618300398015,-0.0958977657333284,0.168998995401423,0.11283854347175,0.168952176119288,0.0238035033184664,-0.121633111648489,0.359187380289228,0.086814218845432,0.130160829838469,0.0312461514838303,0.62115040109013,1,0,0,0,0,0,0,0,0,0,0,0,0,0,0
3,-0.224560896867833,0.0246941245898511,0.0153402731536413,-0.127796943930094,-0.0436311632024935,0.037123558372766,0.0651680687770649,0.0012250546727725,0.373025265903959,0.152085701350503,0.0976271023475775,-0.102939695261163,0.25601761672248,0,1,0,0,0,0,0,0,0,0,0,0,0,0,0
6,-0.280517631572664,0.181412322081631,0.107411236002441,0.35469236715631,-0.0077914016639464,-0.0690175426064945,0.0463365070833857,0.197329573448516,-0.0798957956410961,0.042916843645066,0.0171172124764541,0.35551075454955,0.534906451100415,0,0,0,0,0,0,0,0,0,0,1,0,0,0,0
8,0.0691752474716535,-0.363936420438629,-0.0469667814746564,0.583453198145642,0.0121793990422033,-0.202945701664822,-0.0085143735074916,-0.287772258758981,0.126566318028909,-0.0123556914723013,-0.137388832098429,0.0103818839381672,-0.416646224098768,1,0,0,0,0,0,0,0,0,0,0,0,0,0,0
8,-0.113171518982358,0.0808252003913767,0.0607829682084793,0.156381338647097,-0.144656588731862,-0.190476387314901,0.0140755518828985,0.180045396077982,-0.0005967056216832,-0.0743999289564224,-0.124315623684934,-0.199719696315767,-0.27833399093412,0,0,0,0,1,0,0,0,0,0,0,0,0,0,0
2,-0.0942438028252441,0.0892372401176608,-0.0367586691362321,-0.108637881397106,0.0885937105157191,-0.344364109250982,-0.0123008560969196,0.0176452233019974,0.0111461141526152,-0.045536702834004,0.0541248283188136,-0.119631673182589,-0.629519793772871,0,0,0,0,0,0,0,0,0,1,0,0,0,0,0
5,-0.15570296381953,0.0258544003618737,0.0940328844868034,0.16030030055478,-0.0274636925922438,0.185814144253753,0.0618324018575912,-0.103202946364007,-0.0465971242120251,0.133867421739638,0.121494045321428,0.219736441636853,0.994626358801207,0,0,0,0,0,0,0,0,0,0,0,0,0,0,1
3,-0.0008581830452551,-0.0341161330900668,-0.025600712255188,-0.172655069002193,0.104623864593897,0.127228108061959,-0.0044392857806657,-0.0823674013000707,-0.115431741861812,-0.0177223471420287,-0.0112236261854622,0.0405091384170035,0.0752642341671056,0,0,0,1,0,0,0,0,0,0,0,0,0,0,0
5,-0.0016965813253328,0.0918508296239114,-0.0666820518779108,0.724088608950091,-0.0864425158011303,0.14650544422852,-0.000993523484326,-0.0717857616941362,0.121176998050559,0.131678253377182,0.156235335219726,0.301025363268196,0.378584687108229,0,0,0,0,0,0,0,0,1,0,0,0,0,0,0
5,-0.0709804990716434,-0.323205877198951,0.0162866151492827,-0.542238997732828,-0.0455860889639652,0.0290725506954098,-0.00071066990306,-0.319173058194128,-0.255018952096559,-0.0922257025001847,0.0184783774185163,0.100791254176431,0.0956431395797299,0,0,0,0,0,0,0,0,0,0,0,0,1,0,0
6,-0.219008337987334,0.493689971186894,0.015288576345247,0.362798712763929,0.000702573071827,0.13626988867192,0.0775628263308848,0.134136357579303,0.0533693982659849,0.0858201897432551,0.0348495630465882,-0.250343004180567,0.0791847795022905,0,0,0,1,0,0,0,0,0,0,0,0,0,0,0
5,0.0218373801410656,0.304662998896596,0.0030740566765688,0.002945010853389,0.120777320475035,-0.0531580563069215,0.0044972229220223,0.157307436923351,-0.0343878233146875,0.0065217225565429,0.0105712256583697,0.454697335988759,-0.110107808322025,0,0,0,0,0,0,0,0,0,0,0,0,0,0,1
0,-0.0395321437435945,-0.267040566296326,0.091736948128805,-1.40082419353229,0.0025494159311495,-0.0510942138736151,0.0534828034102396,-0.086279973288663,-0.0060412147577629,-0.0227638281074337,-0.0663553951919444,0.0238848813796865,-0.193694482254221,0,0,0,0,0,0,1,0,0,0,0,0,0,0,0
1,-0.048247748410627,-0.113970702006353,0.0186016992457334,-0.310938053058636,0.0819943094190521,0.156572897303606,0.0241194081663358,-0.115033996740445,0.0014835064001086,-0.0189970930551704,0.0595768266720872,-0.157098555327393,0.0154242193246413,0,0,1,0,0,0,0,0,0,0,0,0,0,0,0
2,-0.139179617413075,0.407289219693546,0.190545549816059,-1.13923724452964,0.138370106049824,-0.125727662920796,0.0412699189006639,0.117090646091038,-0.147367887106373,0.0455709601572063,0.0183314129055164,0.219375425695256,-0.157994857492245,0,0,0,0,0,0,1,0,0,0,0,0,0,0,0
8,0.0568475927263728,0.261047979287433,-0.0515561293236413,0.443551717360676,0.15059528025058,0.136373336756817,0.0132333338271811,0.181853584384612,0.087223727318825,0.145830014254256,0.221266009684086,0.0934741645403864,0.0711796538767818,0,1,0,0,0,0,0,0,0,0,0,0,0,0,0
1,0.362455720855051,0.0797791656906692,-0.067816659572148,-1.05350490433204,-0.1274967951265,-0.053697716694596,-0.0898815490237379,0.0896487001344817,0.0985374370185344,-0.0888108971089173,0.0068147924569773,-0.161709716972255,-0.279559520954293,1,0,0,0,0,0,0,0,0,0,0,0,0,0,0
5,0.153454711791645,-0.0742881640007826,-0.0700268464290921,0.283815448043645,-0.0121812210807391,-0.0034789726194478,-0.0758027060627441,-0.073441668791245,-0.0381184527014758,0.0450587099362421,0.136490202190928,-0.157110305318089,0.522142818102817,0,1,0,0,0,0,0,0,0,0,0,0,0,0,0
5,-0.347801031601616,0.0308550449529362,0.0256055088801544,0.0795237719334118,0.0476097373464702,0.107681722062153,0.108515517045184,-0.151928568721865,0.375400295074554,0.0448513860154416,0.0210470746059646,0.205120651934728,0.223194164871931,0,0,0,1,0,0,0,0,0,0,0,0,0,0,0
7,-0.0259892071425926,-0.0907705803823766,0.0512500386635058,0.131283957194284,-0.0122993898298815,0.100158197941886,0.0403938073482167,0.0330713435288762,0.145980419567635,0.0693839792950323,0.118765665100942,0.0997461021028287,0.0786609448938355,0,0,0,0,0,0,0,0,0,0,0,0,0,0,1
5,0.135224535935295,0.472523304168501,0.0005644687968086,0.0480433049975385,-0.0872403138999651,-0.164099534126896,-0.0605070819193079,0.195456672802679,-0.0378876652127097,-0.186059619056519,-0.0635620857883081,-0.158768063154888,-0.559047844060989,0,0,0,0,0,0,0,0,0,1,0,0,0,0,0
3,-0.011194863692188,0.0586884723849766,0.0764827849997128,-0.370919409899678,-0.0410864372651599,-0.186958786191536,0.0163497242346946,-0.117233986094977,-0.0793350200544999,0.0097679870025077,-0.0693295154354474,0.22949565140762,-0.126822441496746,0,0,0,0,0,0,0,0,0,1,0,0,0,0,0
1,-0.122527543085005,0.644745237115113,0.142203037678269,-0.875817103874951,0.094874226602919,0.0140382726562361,0.0471867273548848,0.295844860414703,-0.156725733439162,0.0167473825329117,0.0916197226757342,-0.102622018860185,0.211313960247304,0,0,0,0,0,0,0,0,0,0,1,0,0,0,0
1,-0.231548458657374,0.235816007431596,0.0009082735088699,0.167445215273956,0.0738639460611552,0.0021901150644336,-0.0101525209930956,-0.0221536861546095,-0.411680277697321,0.011471266793119,0.136599084935393,0.0622269421164706,0.0976339195443505,0,0,0,0,0,0,0,0,0,1,0,0,0,0,0
2,0.350760860197242,0.219673781026014,-0.0497942809684993,-0.479921428809609,-0.26213782995599,-0.259657465281206,-0.0680075768457326,0.360549517248028,0.045105235715764,-0.0546881729188519,-0.185245976659954,-0.234562846061421,-0.231379110598904,0,0,1,0,0,0,0,0,0,0,0,0,0,0,0
1,-0.0691118676479665,0.441332530681317,0.0547984656569522,-0.684656299597645,0.184512667510875,-0.0450719416644419,0.03762118559349,0.212149009852814,0.152680527837236,-0.0361194424474275,-0.0491906166458991,0.0923047245570039,-0.494701999713215,0,0,0,0,0,0,0,0,0,0,0,0,0,0,1
5,-0.0464476662379616,-0.0914759034538784,0.048347105769307,0.18443707450019,0.189849844751993,-0.103730068114376,0.051242879367469,-0.130542182441131,0.23260698691822,0.112766085966084,0.0480766453800834,-0.16535599999622,0.0353055902642794,0,0,0,0,1,0,0,0,0,0,0,0,0,0,0
2,-0.150220747900413,-0.0048261417957416,0.165568855753984,-0.574500599791934,-0.0512778196550015,-0.0282793088338767,0.034520747769471,-0.0624568409747357,-0.0091229712154267,-0.196915237477815,0.0159377932588662,-0.223265898689297,-0.687821540631386,0,0,0,0,1,0,0,0,0,0,0,0,0,0,0
5,-0.160254178077891,-0.435369829566146,-0.0317118323906875,0.752598199156216,0.0606535986781801,0.150032089745791,0.0212680879064432,-0.425368165765524,-0.0991170786585291,0.214862146902382,0.275667794147776,0.047341762467546,1.15555786969757,0,0,0,0,0,0,0,0,0,0,0,0,0,1,0
9,0.264338149492889,-0.293794479570895,-0.153617816301756,0.793387560027495,0.0097518438746935,0.051044884353148,-0.0529176209851973,-0.202857694400897,0.172560010439119,0.0350101167935667,0.0075717313272532,0.375178255186269,0.671340296808089,0,0,0,0,0,0,0,1,0,0,0,0,0,0,0
3,-0.107564638786391,0.629232735237223,0.132004277178306,-0.61369252186363,0.0466817798750464,0.0711031945488492,0.071837223359247,0.529204001157129,0.232275980952797,0.100252210920756,0.176753552342377,0.0742471371740208,-0.0784643020608529,0,0,0,0,0,0,0,0,0,0,1,0,0,0,0
5,-0.137443522818944,-0.248185059715136,-0.16635608855536,0.86586993720385,0.0376873421993094,0.108269550010261,-0.0104743658060177,-0.158862204526415,-0.319025264544442,0.0413837859458511,0.0243925146341596,0.134984033728097,0.106501734241223,0,0,0,0,0,0,0,1,0,0,0,0,0,0,0
8,-0.0285102755969518,0.181531387260056,0.0506500816815878,0.122532330242548,-0.0661981982848416,0.080754064944651,0.0179145740800199,0.178192917541756,-0.138215813260907,0.120209693945123,0.012613003312109,-0.225360190854716,0.113822593534047,1,0,0,0,0,0,0,0,0,0,0,0,0,0,0
8,-0.12208795603275,-0.172332006190869,0.0241270406411125,0.537918190759659,0.0860499414429831,0.0110334912629403,0.0370945138397085,-0.107363896721195,0.149090107948763,0.169876839935128,0.116634393886425,0.305180138782577,0.559755925355376,0,0,0,0,0,0,0,0,0,0,0,0,0,1,0
3,-0.0525147177508133,0.695111093201418,0.0312349104578315,0.0948617758912838,0.155496843610284,0.0149132425352435,0.0123875891355839,0.321374527448189,0.132492934425553,-0.0329817613011351,0.0052243977687965,0.0864168957048957,-0.159133714221118,0,0,0,0,0,0,0,0,0,1,0,0,0,0,0
7,0.127799944660494,-0.309198942854755,0.0115988815193308,0.417857547142747,0.116994084623603,0.0691420424418904,0.0564670812860145,-0.105077129789354,0.397418277147168,0.18825708096181,0.100281536288402,-0.110407909170598,0.531320003082371,0,0,1,0,0,0,0,0,0,0,0,0,0,0,0
4,-0.0283939574935119,0.670716431873584,0.10369644945705,-0.300578343729162,-0.0112150914318016,0.0114050495239699,0.014839147469601,0.584137524042447,0.253073145104976,-0.104838036556566,-0.0801597930181389,0.0666103285526951,-0.607640208764094,0,0,0,0,0,0,0,0,0,0,0,0,0,0,1
9,-0.065092804397086,-0.384818612121322,-0.0571710203336653,1.41703640711595,0.295301667177731,0.0666251022590857,-0.0072056688311671,-0.443447988181018,0.0332390563198451,0.243045023525032,0.250495469616422,0.489351177441509,0.612091426366149,0,0,0,0,0,0,0,0,0,0,0,1,0,0,0
0,-0.0458302648544299,-0.105763207628658,-0.0131813263496914,-0.427333710789697,0.10614996878532,-0.0411061761979498,-0.0100051403857332,-0.15803100331929,-0.0862541042745735,0.150356143921465,0.227255340456203,0.0288130961453025,-0.14594318741474,0,0,0,0,0,1,0,0,0,0,0,0,0,0,0
2,0.305993860996144,0.537872510110559,0.0060221016233302,-0.872138780484147,0.0558209191530523,-0.0570093020116041,-0.0649646981097098,0.495483722961698,0.136361561127853,-0.163117476047023,-0.107745720443312,0.0178471935504333,-0.624628149729557,0,0,0,0,0,0,1,0,0,0,0,0,0,0,0
3,-0.0048866909625174,-0.76632576551987,-0.0024202063546941,0.0288598932724842,0.0731571570216775,0.0739406740451104,-0.0121961096337011,-0.209368079174031,-0.0905674195929476,-0.104501836646527,-0.0211414201205749,0.228988540056459,0.0816243509389238,0,0,0,0,0,0,0,0,0,0,0,0,0,0,1
9,0.0976759104715203,0.0795043036695987,0.16529150366165,0.356568320189431,0.0749680431758638,-0.0047295543309946,0.0066778243074947,-0.140159649336576,-0.0938403242848632,-0.0277541654199905,-0.0628027889091592,0.190762800253984,0.545752558740692,0,0,0,0,0,0,0,0,1,0,0,0,0,0,0
5,-0.216635004849574,0.24159601528707,0.352182977372835,-0.218504806183104,0.126656637502957,-0.142469382217233,0.0442028095563069,-0.0205215681668866,0.104686887392352,-0.0615294046943275,-0.0504054124844716,-0.140986914849216,-0.279465929143244,0,0,0,0,1,0,0,0,0,0,0,0,0,0,0
8,-0.200458799980583,0.250680149364008,0.195014453539278,0.135551254069069,0.120740304878775,-0.0364682323179479,0.103909838197422,0.0990483808596101,0.382796153038334,0.174767821441924,0.18086968043408,0.279846833062565,0.289273856714157,0,0,0,0,0,0,0,0,1,0,0,0,0,0,0
7,-0.160781768418465,-0.373592126294419,-0.133482670395336,0.802403943595064,0.162604237182018,0.287229853765772,0.0196603027882741,-0.469183530472887,0.145221183078323,-0.0276860745927383,0.113286283316945,-0.109100775449337,0.406382760741253,0,0,0,0,1,0,0,0,0,0,0,0,0,0,0
6,-0.0489554750769891,0.0206120159541986,0.011433893300485,0.645905764593163,0.2267611940213,-0.0271850568523223,0.0253689059580987,-0.0999073379360887,-0.0197904688547598,0.108587885984053,0.283307652422813,0.123428770455243,0.335871759949715,0,0,1,0,0,0,0,0,0,0,0,0,0,0,0
4,-0.082820256252391,-0.349971018782611,-0.120131589516358,0.477452221935369,-0.121798466239134,0.0703447900934603,-0.0266118248977411,-0.208795781750161,-0.167774176378604,-0.0730099582534721,-0.0047430698366323,0.127915328323022,0.164992258939742,0,0,0,0,0,0,0,0,0,0,0,0,1,0,0
5,-0.0316332983626349,-0.0274937532041935,-0.0760440857130595,0.0096083429272345,0.115361982497427,0.0797421575441245,-0.0229651566866893,-0.0063432522983941,-0.130583408445348,-0.0752743658443875,0.0194995154012804,0.010720991838462,-0.219770299859933,0,0,0,0,0,0,0,0,0,0,0,1,0,0,0
9,-0.449402247540206,0.140215135328208,0.0123981737949164,1.33132419030355,0.254279246768798,0.250457932398985,0.0796594335327721,-0.156565579870483,0.014665156455627,0.0268556137734005,0.239826540839519,0.316764903331727,0.727355640843298,0,0,0,0,0,0,0,0,0,0,0,1,0,0,0
2,0.152289396332366,1.08522272857981,0.044308002255729,-0.967333905356932,-0.192597133386296,-0.296022984937753,-0.0757930163432789,0.66088768135306,-0.0031941461436664,-0.226143325102098,-0.345010120616803,-0.196663618814348,-1.24540577782949,0,0,0,0,0,0,0,1,0,0,0,0,0,0,0
5,0.10864002079942,-0.440321155134754,-0.0618492160740772,0.419058626458055,-0.0864700668493691,0.0397252589740902,-0.0457477905534074,-0.277323373606787,-0.131399124384314,0.0210403457021844,-0.104455814218146,0.142451281160258,0.0377542015851781,0,0,0,0,0,0,0,0,0,0,1,0,0,0,0
1,-0.0158464419743469,0.498019120186185,0.0264168566552461,-0.580110058852322,-0.0977479548785151,-0.233210429692238,-0.0077453940676595,0.176648065904932,-0.0610923187628543,-0.0057718049114671,-0.148011453352349,-0.3706802175617,-0.721537053975306,0,0,0,1,0,0,0,0,0,0,0,0,0,0,0
8,-0.0756417195846305,-0.305253892578876,0.0027918676545559,0.680574190215141,0.220844971473621,0.383949799163952,0.0102415833911726,-0.0638167951157041,-0.14891511381463,0.13422947768526,0.233415578308196,-0.0846429305649367,0.346441834674467,1,0,0,0,0,0,0,0,0,0,0,0,0,0,0
9,0.178110347273208,-0.155237242195586,-0.0382666129163844,0.634409891414026,0.201880591858097,0.085739976053472,-0.0598367813751471,-0.33179403549961,-0.214897491698406,-0.0225395135615843,0.0417858918652833,0.16547969431114,-0.1353615651912,0,0,0,0,0,0,0,0,1,0,0,0,0,0,0
1,0.193194390698947,0.183774491576651,0.102369529788738,-0.199633271343468,-0.097574952480525,0.0430455705259963,0.0103754513335447,0.19109328427338,0.184055087823279,-0.0334806512779829,-0.128439105864806,-0.211786706579864,0.175291095855772,0,0,1,0,0,0,0,0,0,0,0,0,0,0,0
3,0.108406772387655,0.0656421122717654,-0.0377604989240796,-0.487135487671891,-0.178766318769441,-0.0602367257015624,-0.0431341050180327,0.141097199328511,-0.0326592488420028,0.0310628321316369,-0.144373604887557,0.105801703214313,-0.510033320264765,0,0,0,0,0,1,0,0,0,0,0,0,0,0,0
8,-0.129991373689694,0.215709073667246,0.0417465164737037,0.637349464289168,0.113967672004364,-0.0184540382073053,0.0184881300408935,-0.0796372187016582,-0.317784422685368,0.16647201640143,0.194170243072702,0.394930239297713,0.684959991882864,0,0,0,0,0,0,0,0,0,0,1,0,0,0,0
4,-0.135838923697915,-0.502187796860484,0.0056549665252091,-0.198313046696359,0.0249569197871345,0.0639028631675308,0.0505751013238999,0.0352353772574484,-0.119597686858221,0.0070503417203496,0.0871166530937713,0.180210138652096,0.21838926117737,0,0,1,0,0,0,0,0,0,0,0,0,0,0,0
2,0.136369534148468,0.456694002490522,0.225640517724403,-1.25389926766772,-0.109854231726455,0.011470232332643,-0.0081557615186827,0.307948282621638,-0.125111220247023,-0.189250928361026,-0.162447657534304,0.103259815461827,-0.401030251123732,0,0,0,0,0,0,0,0,0,0,0,0,0,0,1
0,-0.134169664883609,-0.205697068490931,-0.0030646820510263,-0.0908334438090067,0.114661314291701,0.262695778280433,0.0462519816566977,-0.0424503167793698,0.0793904508919251,-0.0724385532620489,0.0405370254075086,-0.121599344488204,0.0214867953133809,0,0,0,0,0,0,1,0,0,0,0,0,0,0,0
9,0.0405849995243795,0.171080357964173,0.0703567565748144,-0.523084864976978,-0.255324404579188,-0.178903786833093,0.0332972719768746,0.350889858683936,0.0580882385101288,-0.190165266597814,-0.312103291202093,0.131107210828282,-0.965297709782946,0,0,0,0,0,0,0,0,0,0,0,1,0,0,0
8,-0.280947653848156,-0.385165683358538,-0.0911834121802368,0.625749233022788,-0.0442453843603881,-0.0113702968341777,0.0749182499203803,-0.280704933526958,-0.0746131479801535,0.0665922126436675,-0.149617671163076,0.233091212048308,-0.154627632148965,0,0,0,0,0,0,0,1,0,0,0,0,0,0,0
4,0.369022757983611,0.782093263572305,-0.0231827585187179,-0.626028348346515,-0.295820367804017,-0.152794937933556,-0.125841894132386,0.519701708719119,-0.111654445269111,-0.320463473080284,-0.375018263683391,-0.210010802691501,-0.965474676946431,0,0,0,0,0,0,0,0,0,1,0,0,0,0,0
1,-0.294661581806149,0.129694899653637,0.135683171581422,-0.102489955191127,0.175473572196235,0.0474685371087445,0.122855141937565,-0.0794559435926313,0.278180299198415,0.240129876975855,0.188077554554278,0.17587897347041,0.419036390156436,0,0,0,0,0,0,1,0,0,0,0,0,0,0,0
4,0.043273019838517,-0.281042579476206,0.0437964421957667,-0.286224154091231,-0.0555679953216153,0.0554377860791,-0.0255129856509884,0.107097557081429,-0.09492891554928,-0.0370282475562319,0.161173452252566,-0.099579153064677,0.15277145114591,0,0,0,0,0,0,1,0,0,0,0,0,0,0,0
4,0.0573188801022094,-0.0076015981037649,0.0278992592646232,-0.0451172064945371,0.0830323267935123,0.0212096413193275,0.0058218435600245,0.0935668949905368,0.243442649312871,0.102360967934384,0.0629419799176391,-0.12184441163952,-0.195309546501257,0,0,0,1,0,0,0,0,0,0,0,0,0,0,0
5,-0.0268533530393486,-0.107581588177045,-0.0831456693907262,0.50054491522614,0.076865415272589,0.189824884236592,-0.0363399669022353,0.102464974553634,-0.227697192996593,0.106001609399317,0.138796219512305,0.215816584766262,-0.0588871125575104,0,0,0,0,0,0,0,1,0,0,0,0,0,0,0
2,-0.155733900209008,0.485088413515159,-0.0597126518564088,-0.131664271183078,0.0394215133373741,-0.29325224734269,-0.0236674655949315,0.158241977249744,0.0430885539218463,-0.0304289382863349,-0.0232774331548578,-0.158378386683959,-0.193997438544491,1,0,0,0,0,0,0,0,0,0,0,0,0,0,0
4,0.0695632876722942,0.235768878498381,-0.002269598522957,0.58131408956869,-0.0809037870096743,-0.0787945052459772,-0.0227051766983725,0.112642437224835,-0.0941314625880213,-0.08223514386274,-0.0936946006664535,-0.163013924347581,-0.146994874600919,0,1,0,0,0,0,0,0,0,0,0,0,0,0,0
2,0.0269038610447351,-0.150280165120333,-0.0612539198509388,-0.240957117707899,-0.0262552216524349,0.128107581431608,-0.0013808428511053,-0.640244348186716,-0.217691986288084,-0.0209971765171878,0.0815587369429181,0.248636351425694,0.329502819117156,0,0,0,0,0,0,0,0,1,0,0,0,0,0,0
0,0.243855396222168,0.305438374417876,0.0733631333476927,-1.56820401297963,-0.185347886992175,-0.334473586998832,-0.0279874679030231,0.202706581332834,0.1026132948698,-0.283503629306712,-0.323290948351903,0.0308671954133859,-0.663848229396633,0,0,0,0,0,0,0,0,0,0,0,0,0,0,1
1,0.103864217040854,0.241428568504842,0.0183912735761163,-1.2654327632271,0.0184329524378791,-0.154058871030743,-0.003650439454203,0.0172590734624694,0.0488129386921747,-0.129064954589468,-0.0789887107895269,-0.256117804337817,-0.779427727471911,0,1,0,0,0,0,0,0,0,0,0,0,0,0,0
8,-0.42454493301016,-0.591712592681325,-0.0797267343525624,1.2465794398845,0.367612659142232,0.199060382269029,0.0724368523309995,-0.436777746112807,-0.16736114247074,0.441228073689505,0.292092190261945,0.344156329420139,0.975323640923862,0,0,0,0,0,0,0,0,0,0,0,1,0,0,0
2,0.132136014824775,0.349998754412858,0.0472183631398615,-0.82734261644085,0.005630406309732,-0.0226236558259072,-0.0277064263338062,0.031069730820422,0.155725845519306,-0.0343045033742426,-0.0924835375650843,0.101039647242985,-0.405701769306282,0,0,0,0,0,0,0,0,0,0,1,0,0,0,0
0,-0.0969399478778154,-0.124630475937539,0.0471861022821976,-0.68844131812904,-0.0031196818781784,0.0257035660091374,0.0254001342020941,-0.0306070485469245,0.13520623405722,-0.0291947977261179,-0.120889187157996,-0.108776958815888,0.0079420472079827,0,0,1,0,0,0,0,0,0,0,0,0,0,0,0
6,-0.218889049783365,-0.0792403373851165,-0.0580517040073211,0.973543355833838,0.0869610628814968,0.078638507465634,0.0490891237722028,-0.249085171461024,0.0528596808079207,0.159793258037283,0.201576551759215,0.259009943509319,0.958380345212608,0,0,0,0,0,0,0,0,0,0,0,1,0,0,0
5,0.324179002121314,0.422435371213508,0.0370884386715414,-0.626137434487801,-0.0932062221623449,-0.105166975009773,-0.0969733642940721,0.260230959255442,0.241489835143636,-0.20690861206581,-0.182099629025861,-0.175808593637091,-0.617965479845227,0,0,0,0,1,0,0,0,0,0,0,0,0,0,0
5,0.0497645868746501,0.281672673539107,0.0866761562076868,-0.39624801661602,-0.0090841398164477,-0.217270073308984,0.04292646320474,0.526967783069029,0.119425187205661,-0.0024628405138043,-0.133583763138286,0.211269983135716,-0.0624494189533199,0,0,0,0,0,0,0,0,0,0,0,0,1,0,0
8,0.0704515974024156,-0.214828568957464,-0.127873241248435,0.381626537506353,0.0623755883818101,-0.106011019128525,-0.0469758330604078,-0.0988764676512885,-0.108797723342926,-0.0613422900192991,-0.0628816706794643,0.161843997924276,0.117306438083563,0,0,0,0,0,0,0,0,0,0,0,1,0,0,0
1,0.0135212505809571,0.864679612380422,0.114500961389868,-0.707344009318617,-0.0302780098302949,-0.194634128159627,-0.003732359799161,0.249702292152908,0.250017300428122,-0.0600317953407646,-0.19450343431794,-0.206219321845133,-0.718955678783346,0,0,0,0,1,0,0,0,0,0,0,0,0,0,0
6,-0.167645909573596,-0.64871789224736,-0.185012264220386,0.884436078475287,0.10011846722352,-0.108342186863099,0.0540181015288486,-0.600918820023661,0.291797128638971,0.195354337448226,0.104451471609516,0.0816277918066778,0.89079791842134,0,1,0,0,0,0,0,0,0,0,0,0,0,0,0
5,0.02941375160562,-0.285356654036867,-0.0890107135581294,0.377020340278349,-0.110979411578728,-0.114232199974433,-0.0460685568771309,0.0789087616613177,-0.272305411698106,0.0131930620458674,-0.0055017586587745,0.208624822306252,0.285788553274842,0,0,0,0,0,0,0,0,0,0,0,0,0,0,1
8,0.0565777230725758,-0.587978622921368,-0.0788288469497346,0.210832719021586,0.142921306421916,-0.0129012958455897,-0.0386905810063506,-0.326488771638748,0.0239750873715389,-0.114052764421367,-0.0624249777475477,0.0741057075727318,-0.251240017375215,0,0,0,0,0,0,0,0,0,0,0,0,1,0,0
6,-0.0741927233504855,-0.408579024558642,-0.0654109763596463,1.04131459488928,0.0611822582047088,-0.0096661085505537,0.000411547604829,0.0509258573556262,-0.299643730601001,0.121537217987455,0.0767148012975743,0.0650883191226227,0.429745175468103,0,0,0,0,0,0,0,1,0,0,0,0,0,0,0
2,-0.215648488467069,-0.203226524908031,0.0191853208575114,0.131355091667879,0.0489726446779479,-0.125022026210255,0.0511106112455682,-0.285508411756079,-0.14461440268021,0.0986983717614559,0.2842284003378,0.0796701996835461,0.368863503664172,0,0,0,0,1,0,0,0,0,0,0,0,0,0,0
0,0.237643871858525,-0.129948427670996,-0.032713672489703,-0.73735899368042,-0.131876194867566,0.0237944903261368,-0.0294866233522794,0.130056790722118,0.174292444359774,-0.0131027263153668,-0.061114443553662,-0.0566380188111257,-0.298271406022339,0,0,0,0,0,1,0,0,0,0,0,0,0,0,0
7,-0.224737400691322,-0.218898983383809,-0.07049211760284,0.988892967077139,0.0559957273516754,0.0033328635043495,0.0162769878211866,-0.244907128153729,-0.153613122294861,0.0344573733116635,-0.130760769007848,0.250822314784941,0.145364748933879,0,0,0,0,0,0,0,1,0,0,0,0,0,0,0
8,0.11102113971198,-0.0175813846247626,-0.044566173706736,0.414571332479049,-0.114363785155157,-0.139196122438829,-0.0709226610971362,-0.0777586611411173,-0.139331402113971,-0.121784771062937,-0.218202042696452,-0.195711178125633,-0.123771485910427,0,0,0,0,0,0,0,0,0,0,0,0,0,0,0
6,-0.0762401511928846,-0.450884964530925,-0.086808889805837,0.552288025178748,-0.0385007840676557,0.153532033853236,-0.0230629897991716,-0.472555415123764,-0.197320413113657,-0.178959292432348,-0.0876775492503541,-0.0892359599095865,0.396238917542113,0,0,0,0,0,0,0,0,0,0,0,1,0,0,0
9,-0.0115663970998267,0.11157401383668,-0.0397888682006648,0.410307731875862,-0.10695801911547,0.0389496117100826,-0.0011890565737254,0.15130942443555,-0.19450074170442,0.0214259263702211,-0.0427904446041303,-0.0443139523447253,-0.261616770670065,0,0,0,0,0,0,0,1,0,0,0,0,0,0,0
9,-0.288438128793727,-0.168047023651893,-0.111770436920852,1.42836435176052,0.0941463239826941,0.266939235899326,0.0702039863121254,-0.233356200851325,-0.0268829559095585,0.229049128407281,0.226011859145662,0.336729220997312,0.72143042584093,0,0,0,0,0,0,0,0,0,0,0,1,0,0,0
9,0.0106541122531934,-0.161025191021769,0.0238536592268932,0.354009866787874,0.0251052656496353,0.0615738519279497,-0.013290027042002,-0.161384321432917,0.0286166006812905,0.053653360311133,0.0699549878245759,0.224624081240577,0.292835013126991,0,0,0,0,0,0,0,0,0,0,0,0,1,0,0
4,0.18765703032758,0.241850628841569,-0.0895215937288002,-0.0967467970266165,-0.039507669254457,-0.106403522258446,-0.0578187933723715,0.16536197251119,-0.118061304207334,0.122583892215101,0.003128828765375,-0.111026824354255,-0.39188119387952,0,1,0,0,0,0,0,0,0,0,0,0,0,0,0
2,0.117220229496746,0.48355770072355,0.10437531856091,-1.33310446873873,-0.116757844306668,-0.0856760181913375,-0.0361807045159802,0.269765603573881,-0.135863451814361,-0.0982533011979968,0.0403645859269431,-0.125813845536546,-0.181452377962106,0,0,0,0,0,1,0,0,0,0,0,0,0,0,0
5,-0.183211772158716,0.117219545421683,-0.0969309768001729,0.319794343421377,-0.0929515983721081,0.015829925158366,0.0580340527686284,0.300362084331867,0.127177343103656,0.097646210689815,0.0650780547144001,0.0603040293342182,0.0156561106592794,0,0,0,0,0,0,0,0,0,0,0,0,0,1,0
6,0.0634854617937321,-0.323955965809028,-0.111024284264023,0.27861049327866,0.0172727719562543,0.0078472322182641,0.0046962854011163,-0.125556023419443,0.307091688906167,0.198806181097353,0.0289712246619142,-0.0259616337220373,0.421856336991705,0,1,0,0,0,0,0,0,0,0,0,0,0,0,0
8,-0.296766240436297,0.0129501176693799,0.0072617865288488,0.380224372485175,-0.0576078149742873,0.137943596024735,0.057669599040336,0.102725290529025,0.0687926311331868,0.188130061486324,0.262759788250323,0.435069191146553,0.631826966003005,0,0,0,0,0,0,0,0,0,0,0,0,1,0,0
1,-0.004906136939012,0.130741904483617,0.0072720706831139,-0.1070532616353,-0.0154630613902199,0.081690459433789,0.0028694794915029,-0.0729310857287602,0.0062028327766318,-0.0546043106086555,-0.166018884029789,-0.0353237890951186,0.183973206144864,0,0,0,0,0,0,0,0,0,0,1,0,0,0,0
6,0.218664698730301,0.0618651512076602,-0.0552782030910916,0.0311660658766604,0.120706221550804,-0.0042696730264175,-0.0652370636220476,-0.176905635320911,-0.135027583781541,-0.0136342765971713,0.0773551171745733,0.271440583705914,0.303442270066763,0,0,0,0,0,0,0,0,0,0,0,1,0,0,0
1,-0.152046589219991,-0.511263702690415,0.0465946403386244,-0.649447265613985,-0.100263521353148,0.0124779535734916,0.0501694527427892,-0.252134279522026,0.183114746797184,-0.0238544021116801,0.0235107391038275,0.196837649264142,-0.0764062580257164,0,0,0,0,0,0,0,0,0,0,0,0,1,0,0
6,-0.017129005006434,0.327084160589405,0.003787649026255,0.0037726290994069,0.0120754637776745,-0.137677587384776,-0.0140290546085968,0.0090148589886046,-0.134638479854457,-0.0966878186970514,-0.192267528697766,-0.149642217018701,-0.681063839069013,0,0,0,0,1,0,0,0,0,0,0,0,0,0,0
7,0.13593905162687,-0.426451559167494,-0.0755533817386077,1.08322742759622,-0.0977195909321998,0.197772154109913,-0.0407652699315141,-0.156010803160489,-0.114319162544076,-0.0020889075907808,0.0934598586610065,-0.156896920316729,0.820653125521283,1,0,0,0,0,0,0,0,0,0,0,0,0,0,0
7,-0.207774405084467,-0.30921345968937,-0.123422456958302,0.640516110962378,0.160752691507906,0.0758047061984305,0.0319447675860484,0.263602794231621,0.0436567820930583,0.0952141099678323,0.0643567345307368,0.216456211947597,0.0197494669668679,0,0,0,0,0,0,0,0,0,0,0,0,1,0,0
3,-0.250728781946534,-0.792853981726422,-0.133788272745719,1.09616151630914,0.0237171950677035,0.317146729163416,0.0310455234030372,-0.767781145035972,0.182749301591445,0.132268106320124,0.0142985239250181,-0.0236846186294298,0.482302924208,0,0,0,0,0,1,0,0,0,0,0,0,0,0,0
6,0.220378434746349,0.385422152178475,0.0372741932128367,-0.851568287818319,-0.0372693363758706,-0.310290207852213,-0.0493169556059633,0.210648970894166,0.0283209957568452,-0.149258681835578,-0.163356753982037,0.0859761999783879,-0.504799585114493,0,0,0,0,0,0,0,0,0,0,1,0,0,0,0
4,0.236847491229771,-0.0382550980860625,0.0148343089325496,-0.828754373839344,-0.299686334278422,-0.222398930795335,-0.07174449101305,0.167480879758269,-0.0352317610605441,-0.197252663750469,-0.324617853664335,-0.0482262966087993,-1.05375100102098,0,0,0,0,0,0,0,0,0,0,0,0,0,1,0
0,-0.0020380289844096,-0.548672038383561,-0.0329894588235115,-0.413703917932185,-0.196075742042946,0.0847949354927667,0.0041941266313747,-0.581464271754541,-0.146871500689469,-0.0058591898741145,-0.0628286571132413,-0.026035986923641,0.0642871416370113,0,0,0,0,0,0,1,0,0,0,0,0,0,0,0
7,-0.0427195254798085,0.0584618550471648,-0.0111660400663682,-0.0554934845319783,-0.0084187996104096,0.0784870018941834,-0.0145060709390518,0.0771392697796874,-0.226453170754181,0.0818594172277371,-0.0262290008891256,-0.0014365003301826,-0.123853848517075,1,0,0,0,0,0,0,0,0,0,0,0,0,0,0
3,-0.0355042518533496,0.0253283153962014,0.0533490987648698,-0.242800575147958,0.0746204492411333,0.160148303584307,0.0396977288697715,-0.0472094901516139,0.213842242574407,-0.0395403014932117,-0.0326123003425171,0.0730138303065114,0.150727178222181,0,0,0,0,0,0,0,0,0,0,0,1,0,0,0
2,0.0435815547834139,0.193174081005504,0.124547239640904,-0.959759635944052,-0.110702223786189,-0.206744202600707,-0.0005930530494408,-0.124133096476762,0.0279610386130731,-0.191047397199325,-0.187026001868859,-0.13411514737754,-0.60515537101716,0,0,1,0,0,0,0,0,0,0,0,0,0,0,0
9,-0.053652099118017,-0.858260735665124,-0.175693696088043,1.03447188549606,0.122840014662347,0.357433500885092,0.0311314921324678,-0.196806271309742,-0.131946843900012,0.166463979117291,0.401525437574962,0.42297485776069,1.05623070341568,0,0,0,0,0,0,0,0,0,0,0,1,0,0,0
1,-0.119853992435232,-0.30301790035783,0.0169195731684626,-0.539336875190811,-0.094500308775414,0.164975477266704,0.0620399248894123,-0.268564283714769,0.263569933745413,-0.0821798601482506,-0.120734682882632,-0.358674306518626,-0.632416873016858,0,0,0,0,1,0,0,0,0,0,0,0,0,0,0
8,0.293698756647515,-0.349401408122738,-0.121982379787854,0.102831087860963,-0.0915114763155854,0.0105315930248702,-0.0598481729875531,-0.122471552252728,0.203218789481973,-0.100227462735454,-0.06268797285574,-0.141415292621663,-0.15856760292928,0,0,0,0,0,0,0,0,0,0,0,0,1,0,0
9,0.0679280222790207,-0.293892122742244,0.0419025007348779,1.20662677935043,0.155238650681645,-0.154717918891463,0.0111045227295189,0.081183574388488,-0.101117465434049,0.0434551179652319,0.0588924532601901,0.19295730718365,0.854746948422675,0,0,0,0,0,0,0,0,0,0,0,0,0,0,1
4,-0.0321716465471091,0.779101904088083,0.131138160163126,-0.62961552566099,0.0155191357011896,0.128167330261872,0.0203898538603988,0.36402156700933,0.01387368497151,0.0364993095969635,0.0727260188906198,0.213345539920702,-0.0545247537047329,0,0,0,0,0,0,0,0,0,0,1,0,0,0,0
9,0.369588875341586,0.318819545907742,0.0589859673260038,-0.489578730886963,-0.0414917171775472,-0.0493095351113178,-0.0318466706206084,0.405672067109991,0.01037597331569,-0.0724383396507461,-0.0679227565306332,-0.159692692319349,-0.309937837130522,1,0,0,0,0,0,0,0,0,0,0,0,0,0,0
0,-0.0052650135443563,0.271893099525508,0.0564326426879382,-1.17163337911755,-0.342571297337956,0.225316049844562,0.0052809233517474,0.328565019046325,0.243446080320517,-0.118542794143776,-0.120616154491007,-0.151505897041601,-0.388173386487327,0,0,0,0,0,0,1,0,0,0,0,0,0,0,0
5,0.24164134608767,0.37014951544024,-0.123749049867949,-0.502834312856814,-0.206257498353043,-0.285121885895206,-0.0339891689164291,0.118268477909587,0.198502168680898,0.0668336077985851,-0.0414915403520269,0.0878122316424696,0.220679842253024,0,0,0,0,0,0,0,0,1,0,0,0,0,0,0
8,0.0994590015614374,0.638415964457165,0.072207661675892,-0.168155773817851,-0.0199758188969703,0.0020822385977217,-0.0191254793770913,0.510258284572346,0.0561206156052499,-0.0879869928238863,-0.222857092821683,-0.108795446176562,-0.535130636091359,0,1,0,0,0,0,0,0,0,0,0,0,0,0,0
2,0.016902235845159,-0.646630172303816,-0.029849132300549,-0.416888658579913,0.0266985326327534,0.0726082542665146,-0.0060485815662572,-0.424203904503478,-0.13350844528968,-0.0318725766893341,0.0228841143051152,-0.360769399541186,0.0536798597518504,1,0,0,0,0,0,0,0,0,0,0,0,0,0,0
8,-0.195511547029174,-0.399714650833164,0.0008295459713078,0.871018148444602,0.0401507607925966,0.17831876785581,0.0100098256416879,-0.206574371983058,-0.119965701047213,0.221961311176166,0.150444092422022,0.242475409553662,0.58115487075041,0,0,0,0,0,0,0,0,0,0,1,0,0,0,0
9,0.189920444705322,-0.537773619197415,0.0466803449404605,0.715184219717088,0.0707616628706849,0.006439472323521,-0.0118199555289618,-0.194199238873979,-0.0932018166679666,0.108897282355264,0.114035133689611,0.357544724969129,0.745192877674703,0,0,0,0,0,0,0,0,0,0,0,0,0,0,1
7,0.172192383222325,0.203109221652102,-0.0764102766770338,-0.290882512620383,-0.0993597745404682,-0.144016812876288,-0.0344303779578969,0.180179357357857,0.140351865253345,-0.223724916913148,-0.13994985987344,-0.0566684233058554,-0.916289951436239,0,0,0,0,0,0,0,1,0,0,0,0,0,0,0
4,-0.0056580785767134,0.037520623903433,0.100769917897656,-0.466078292173836,-0.0997721451860625,-0.072734352584888,0.0317737598886044,0.0630645118266746,0.13676941974777,0.0001204869387261,-0.0481539273686027,0.0883971825921155,-0.36944376080722,0,0,0,0,0,1,0,0,0,0,0,0,0,0,0
7,-0.0941096074632214,-0.348259732154227,0.0784630798355956,0.431647844175461,0.0799207649339339,0.0641086862409758,0.0537165826466548,-0.121463070247947,-0.025930388326367,-0.0745495303491908,0.0598632410322432,-0.253807103012685,0.413797573203193,1,0,0,0,0,0,0,0,0,0,0,0,0,0,0
1,-0.100178026671223,-0.162378195583698,-0.089076077197579,0.331355710340556,0.171886130378991,0.169013825844363,0.0131985104799978,-0.184411695777093,0.12459436182551,0.0011631079134297,0.163034350935206,-0.326316149797417,0.195149414255475,0,1,0,0,0,0,0,0,0,0,0,0,0,0,0
3,-0.362704122568584,-0.345955934183602,-0.118781699220992,1.34713242792429,0.164472664369522,0.13075207753392,0.0419067939265685,-0.520290574090055,-0.0839254200316701,0.194908743257056,0.293531943150126,0.285774077827905,1.11805322662347,0,0,0,0,0,0,0,0,0,0,0,1,0,0,0
7,0.140865320499608,0.40187793593742,0.0496825487015354,-0.433352427112807,-0.118886757950735,-0.0858492569837601,-0.034781435768897,0.201434332997391,-0.100498274270248,-0.0044574381395704,0.038148647522143,0.22320962520363,-0.0824007907840785,0,0,0,0,0,0,0,0,0,0,0,1,0,0,0
8,-0.0925682062601513,-0.389461228500949,0.0815695971681478,0.228694712437587,0.128399338584101,0.305026933044143,0.0322110824380132,0.182112457690281,-0.0089127119947814,0.129945464180746,0.196436965066507,-0.0614797004100908,0.339625259049669,0,0,0,0,1,0,0,0,0,0,0,0,0,0,0
7,-0.146948411146644,-0.548581762619735,0.0373298473938918,0.251633994223163,0.0345572640910838,-0.102595671811168,0.0441510540171678,-0.64735292675121,0.0433700623640272,0.10154645253199,0.136232360312146,-0.0821505412531191,0.536467713197445,1,0,0,0,0,0,0,0,0,0,0,0,0,0,0
3,-0.0975014234222568,0.247382647920209,0.0138907449792529,-0.346715427565443,-0.168335660338725,-0.161443434624692,-0.0223699909334088,0.296651867433539,-0.306181630607623,-0.0474024039134726,-0.149407662492024,-0.110255583416813,-0.566916322136988,0,0,0,0,0,0,0,0,0,0,0,0,0,0,0
0,-0.0277908870083705,-0.104188348253762,-0.0141004541978335,-1.04380996827532,0.0166897093247916,-0.0206019883464934,0.0251577509339738,-0.205097343009458,0.284733056898295,-0.0492433646226234,-0.0313609300037749,-0.155134920070351,-0.2710359682529,0,1,0,0,0,0,0,0,0,0,0,0,0,0,0
7,0.0341251652806507,0.369120507169623,-0.0625124970911743,0.300457191618868,-0.133920677577603,-0.0079365610357361,-0.0493188126311298,0.349388423717113,-0.24004665879331,-0.283805719863845,-0.179527562424703,-0.155192175606527,-0.770517546591287,0,0,0,0,0,0,0,0,0,1,0,0,0,0,0
6,-0.0587641958642263,0.308738161906492,-0.0615486351828328,-0.171561929147177,-0.0838531965707486,-0.0776247435594131,0.0255573364902337,0.370417177359417,0.239335583334342,0.119520640291719,0.0313619734527304,0.0789217109192231,0.478881822190446,0,1,0,0,0,0,0,0,0,0,0,0,0,0,0
3,0.160207971077131,0.151504518875753,-0.0455911439165065,0.0525367200425213,0.0478182966130244,0.0239468699564314,-0.0083572929897554,0.168783046627331,0.125684778793845,0.0564877203093583,0.15504950504498,-0.243780552423637,0.0403231929300246,0,0,0,0,0,0,0,0,0,0,0,0,0,0,0
9,-0.077423945542383,-0.381911287780912,-0.107211826031509,1.46031118477283,0.246461852076624,0.142717782996102,0.0047857797489651,-0.121729237953103,0.180254520375176,0.120106079372418,0.247684807631298,0.278902488356849,0.581199296948216,0,0,0,0,0,0,0,0,0,0,1,0,0,0,0
3,0.0760386597435158,0.635576243991993,0.018492908973553,0.205695527908769,-0.0027043002452945,-0.106547835726686,-0.044121116447689,0.469420950260155,-0.22289339548337,0.021812487958786,-0.107778802831313,-0.231822661902905,0.0517066683408413,0,0,0,1,0,0,0,0,0,0,0,0,0,0,0
2,-0.0319941283169103,0.234345297713377,0.118865067568819,-0.88945651218325,-0.078122778595632,-0.237540961304911,-0.0024564928149449,0.210346508418524,0.253729104030225,-0.117964715312143,-0.148220754671092,0.186244799829696,-0.440241517852683,0,0,0,0,0,0,0,0,0,0,0,0,0,0,1
6,0.0699200526843843,0.44748554794008,0.0535604766584205,-0.275328508283952,-0.0418700766129999,-0.261496197350403,-0.0344365805923565,0.250977660124964,-0.177626495568752,-0.0672920196497375,-0.159537106449914,0.128954336298634,-0.48198124787405,0,0,0,0,0,0,0,0,0,0,0,0,0,1,0
5,-0.0358250902943882,-0.722475397933665,-0.0867475959007862,0.245545449119792,-0.135395343322914,0.163169448586501,-0.0111168737002982,-0.321445929062786,-0.0840960899921983,0.0072983875467003,-0.0092094010209646,-0.120991359213271,-0.127910795202611,0,0,0,1,0,0,0,0,0,0,0,0,0,0,0
4,-0.0260803408809227,-0.178490401556095,-0.0645860632889185,-0.4233473774112,-0.215361343370231,-0.1518821746276,0.0067714400680407,-0.299173570207991,-0.117854849473646,-0.0175152569178232,-0.21749326873432,0.287938560001805,-0.305906120520315,0,0,0,0,0,0,0,0,0,0,0,0,1,0,0
2,0.400247941101991,0.330366049857683,-0.0287917796584608,-0.395899837546002,-0.202032123436171,-0.283623410546637,-0.114569161772691,0.0439452099928102,-0.0343467003692712,-0.189763181899667,-0.301508288368974,-0.0006154425326946,-0.698856292125999,0,0,0,0,0,0,0,0,0,0,0,0,0,1,0
8,-0.0286506136663529,-0.0225237211390007,-0.0222767508270967,0.16546811888903,0.0428221873610402,-0.0162400438281762,0.0141087086148518,-0.0351310896306004,0.17912331945212,0.0925531276246336,0.0348363675871585,0.175351424103335,0.238923107674853,0,0,0,0,0,0,0,0,0,0,1,0,0,0,0
6,-0.115757971484577,-0.35984115027687,-0.0945818738509544,0.807365561983977,0.093331930112193,0.178327963001368,-0.0212390745533938,-0.298589564420592,-0.19408318335851,0.12337588493716,0.253046181061502,0.10906214603261,0.104240142237626,0,0,0,0,0,0,0,1,0,0,0,0,0,0,0
8,0.127320894112139,-0.400701572795159,-0.0658368702426011,0.806098072162474,0.0695459972972549,-0.0075696157120755,-0.0462062296611964,-0.291909349319997,-0.187426459674704,-0.0290943574523325,-0.0750561155375648,0.143163344152146,0.275099778151289,0,0,0,0,0,0,0,1,0,0,0,0,0,0,0
4,0.113714694532951,-0.067603674869836,-0.041864714025139,-0.19139948003373,-0.233151502982349,-0.0366456102956545,-0.0644983033943471,-0.15300074639101,-0.176414950214169,-0.104166528749374,-0.0920149763392794,-0.213341674940551,-0.299176998146969,0,0,0,0,0,0,0,0,0,0,0,0,0,0,0
2,0.0703242635119412,0.127787359442719,0.0574879510987286,-0.687270966911574,-0.106772050529892,-0.284796248798337,-0.0358901919769534,-0.0454067520183551,-0.188031864080482,-0.0562118325465243,-0.24593860584439,-0.347305633356825,-1.23348370335579,0,0,1,0,0,0,0,0,0,0,0,0,0,0,0
9,0.351748520522875,-0.162588440775768,-0.0154980500448222,-0.0788816393751604,-0.193878310066954,-0.206562801771543,-0.0612099016520609,-0.235467571237858,0.198648069905993,0.0642222040187408,-0.0135237120159513,0.0778166017471155,0.105030229670991,0,0,0,0,1,0,0,0,0,0,0,0,0,0,0
2,0.107152536365887,-0.244999516939035,0.022400886887377,0.162149573666076,-0.0779267379182326,-0.082170711769685,-0.0146353381641686,-0.259977700136376,-0.110266672926483,-0.105076696124556,-0.0714940121693117,-0.0149612508381527,0.113873715272855,0,0,0,0,1,0,0,0,0,0,0,0,0,0,0
4,0.0322734027479556,0.746563540333383,0.108180174758744,-1.07460414393502,-0.028032112035587,-0.109995889337217,0.0048802939396537,0.585640909841232,0.0451985342410011,-0.166449487685301,-0.199982143380929,-0.469919316921657,-0.641928934859933,0,0,0,1,0,0,0,0,0,0,0,0,0,0,0
4,0.0357271466539505,0.256178283004675,0.0086618025879854,0.0612560991871514,0.031557744653028,-0.167929154239824,-0.0406357916677598,-0.0228737721000013,-0.0967755634643102,-0.0760070120759835,0.0191142368088359,-0.0737194001362323,-0.356078983027382,1,0,0,0,0,0,0,0,0,0,0,0,0,0,0
7,-0.153242566346044,-0.121608467329254,0.0333541717292788,0.518895063424741,0.023316201835344,0.076602957992904,0.0652178025992529,0.0165429484090229,0.143642816572958,0.21906978061316,0.31734672137982,-0.0362186940826531,0.897075243435392,1,0,0,0,0,0,0,0,0,0,0,0,0,0,0
7,0.14566332897313,-0.290630695847206,-0.0228682464466181,-0.222135211536419,0.0006720246816361,-0.202804111965438,-0.0365347864192011,-0.172691164283919,-0.0783042684574032,-0.0789080590739948,-0.191881069345616,0.0793468722444882,-1.07866304390502,0,0,0,0,0,0,0,0,0,0,1,0,0,0,0
2,-0.0204061790427259,0.265330455224689,0.147357730245938,-0.032298920882964,0.0897346402926989,-0.04752471948547,-0.016669396610283,0.203697962549057,-0.162775188858727,-0.004054855672599,-0.0116598478315633,-0.378796787050473,-0.0743415527641552,0,0,1,0,0,0,0,0,0,0,0,0,0,0,0
3,0.0662528340938454,-0.28029445973716,0.0215588998027246,-0.0477978896658588,-0.0829349918676742,-0.170187911385482,-0.0106329082744758,-0.239138969758509,-0.185969859101584,-0.0303003386132605,0.0190700477632509,0.12152048096008,-0.012065856786951,0,0,0,0,0,0,0,0,0,0,0,0,0,1,0
5,-0.177028887136697,0.21194194114788,0.014588760111949,-0.163076641642814,-0.131244358536521,-0.0872886555350941,0.0458360226139396,0.0101248395692477,0.113063314197237,-0.153518267302368,-0.122568307350354,-0.0961818711718172,-0.59809907781046,0,0,0,0,0,0,0,0,0,0,1,0,0,0,0
8,0.31067720843938,-0.111507393395778,-0.12544906838751,0.834609526865988,-0.0134726167369053,-0.237773175427607,-0.112732141342598,-0.250472845163282,-0.461771223152828,-0.136292926614928,0.0426431256058006,-0.194398851232938,0.0463046805337911,0,0,0,0,0,0,0,0,0,0,0,0,0,0,0
8,0.31266904280796,-0.576058358890827,-0.184661158984071,0.835975346001763,-0.0559359395690182,0.0884894660926742,-0.0800735663784559,-0.0195337416653298,-0.19955335081383,-0.0059182709968518,0.0260428908415804,0.0158579123030431,-0.214361724850119,0,0,0,0,0,0,0,1,0,0,0,0,0,0,0
4,-0.0364839819102063,-0.0886542987288363,0.0195685085971771,0.0516902461564523,0.0120488191327816,-0.0789368566528095,0.0010847618494828,0.0078200917292162,-0.149827111560463,-0.0636582182132095,-0.0839618965351535,0.0948044687741511,-0.278039386249764,0,0,0,0,0,0,0,0,0,0,0,0,1,0,0
3,-0.137168154150332,-0.887594110354,-0.140145037089446,0.158407616022834,0.138812584564342,0.0502715041990536,0.0632475903912551,-0.591040371932051,0.128709082694122,0.322342985304525,0.336640250970708,0.486447533831598,0.960144068174672,0,0,0,0,0,0,0,0,0,1,0,0,0,0,0
6,-0.0540220673802018,0.20172594518611,-0.0210880480464313,-0.084417735288467,0.0312937666072986,-0.0860947885947847,-0.0004490085875402,0.356618433864062,-0.0213626979623446,0.0548410646936531,0.0237783618484121,-0.261730451416889,-0.17136729786268,1,0,0,0,0,0,0,0,0,0,0,0,0,0,0
5,0.342415941424744,0.0762159474165549,0.0789189971882389,-0.583116384270403,-0.106094108846097,-0.208328929625436,-0.086114947905814,0.0088111485855808,0.234188910049474,-0.212357662699545,-0.187258928074952,-0.307118110273554,-0.973321432633114,1,0,0,0,0,0,0,0,0,0,0,0,0,0,0
2,-0.259192012699553,0.680472571594431,0.045217814077106,-0.47269029058932,-0.0376313531196009,-0.169876296823917,0.075152862103933,0.175084953386235,0.416088101711415,-0.0625660886447496,-0.0258842013595199,0.0148648450477,-0.227713359423641,0,0,0,0,0,0,0,0,0,0,0,0,0,1,0
6,0.160286577773895,0.687414061667026,0.0347866714923482,-0.593371905307559,-0.182981421699577,-0.0998963413101823,-0.0280420156530194,0.288361219391391,0.265657963556661,-0.063365465886202,-0.0852124319660758,0.0187356763897663,-0.0068840648305147,0,0,0,0,0,0,0,0,1,0,0,0,0,0,0
5,-0.115027335805796,0.0422836101065466,-0.0247024373995932,-0.222997559845095,0.0011816028613877,-0.030139133849785,0.0290738563599387,-0.0987288155352901,0.160786036812398,-0.0293042965060527,-0.0875956141981804,-0.375161357081083,-0.0439452819755642,1,0,0,0,0,0,0,0,0,0,0,0,0,0,0
6,-0.0528720709018586,-0.260101984410624,-0.0541859840536087,0.291095012939674,0.0334530629735657,-0.0636658211908102,0.02274293386946,-0.247708893863791,-0.110726140510315,-0.0366268534766325,0.0096563689342939,0.0039113605845292,0.0463818543574651,0,1,0,0,0,0,0,0,0,0,0,0,0,0,0
7,0.0548362059793671,0.41016594066335,0.018344691609213,-0.311490379894137,-0.116323159441833,-0.155513246961215,-0.010307868982504,0.171723990389163,0.246442756573425,0.0688783354937464,-0.142885549112275,0.108030431083241,-0.217538704015266,0,0,0,0,0,0,0,0,0,0,0,0,1,0,0
4,-0.214506237605824,-0.673730824445438,-0.0161599965296656,0.370461400748264,0.0827050422800744,0.0222109733481408,0.0583531142624988,-0.439452105059809,0.165095464735283,0.232893454603092,0.154895412673107,0.0548329594279283,0.429778105857076,0,0,0,0,1,0,0,0,0,0,0,0,0,0,0
2,-0.117679498602518,-0.0424788650705868,0.137547950780179,-0.755153848077878,-0.321012934324805,-0.066980413081515,0.0252380690093208,0.0152015083911093,-0.107277279842905,-0.134586487832598,-0.08062852221234,-0.0471092804003368,-0.438670703626027,0,0,0,0,0,0,1,0,0,0,0,0,0,0,0
7,0.0119793538145224,-0.32842667954427,-0.0218080919857341,0.0090092519063001,0.0072750678062331,-0.055137145139114,0.0100124713897321,-0.251094046270182,-0.0101323086947815,-0.0351471574808744,-0.049241965310049,0.173477670226127,0.0414480371935077,0,0,0,0,0,0,0,0,0,1,0,0,0,0,0
6,-0.300249411652719,-0.314838233113982,0.0454518412408128,0.23455629070204,0.0325583121055529,0.147408408577093,0.0997968389499001,0.0014533318407707,0.296614363559815,0.216781628887426,0.10624300086526,0.0992677368469905,0.484337316373694,0,0,0,1,0,0,0,0,0,0,0,0,0,0,0
6,0.0679084180242454,0.205362112254325,0.0239714258456673,0.271353559714845,0.0683179743959586,-0.0691812474709198,-0.0250081675236822,0.19937301767486,-0.334904080250531,-0.0945030199528414,-0.0609361245758423,0.0407338350195756,0.103703075022536,0,0,0,0,0,0,0,0,0,0,0,1,0,0,0
7,0.229122163383785,-0.257242864931282,0.0076326872379422,-0.205171247764608,-0.114911100454305,0.062177151895123,-0.0616940860202504,-0.154482406752634,-0.426005496602195,-0.150851165916769,-0.102700173994981,-0.144275408432976,-0.0318051271561533,0,0,0,0,0,0,1,0,0,0,0,0,0,0,0
9,0.0966026106417649,-0.417433091509712,0.0216317055109825,0.48989731901186,0.0543917152606281,-0.0331149522130182,-0.0175182211370958,-0.282679254877254,-0.083449086774693,0.110692709389444,0.0376600803425731,0.228952924222004,0.848248682158877,0,0,0,0,0,0,0,0,0,0,1,0,0,0,0
6,-0.0188454383938165,-0.343877769016491,-0.150690766297756,0.246319512334668,0.0255231688329183,0.0653750238105702,0.0238599497678267,-0.373528868961387,0.0535150547214898,-0.0381216074106475,-0.0904953939483607,0.132965967605632,-0.237351425189997,0,0,0,0,0,0,0,1,0,0,0,0,0,0,0
8,0.160824627185339,0.529497146386039,-0.10636812399942,-0.0939692517394172,0.0218992243127698,-0.149193984573676,-0.0684213689083003,0.105883334617682,-0.0159754692803502,-0.0523691265356892,0.0264359939303455,-0.270050494675387,-0.479971933560698,0,0,0,0,0,0,0,0,0,0,0,0,0,0,0
8,-0.120106338300052,0.579407926225584,0.121332910708158,0.113394690656091,-0.0483166612977629,-0.165305773803494,0.0434226353351478,0.27702565224972,0.148894587415989,-0.0475458339492222,-0.118477829907485,0.201028888271268,-0.239999963189895,0,0,0,0,0,0,0,0,0,0,0,0,0,0,1
3,0.0046761972700868,0.0385737337856031,0.0452939452167703,-0.581522840541104,-0.0703861500826707,0.101176715768416,0.0411084893515372,0.38400681074522,0.237822858157949,0.0025765079147976,0.160326838556494,0.180824461662863,0.163933670141471,0,0,0,0,0,0,0,0,0,0,0,0,0,0,1
6,0.250769951766233,-0.135485961990657,-0.131194675229697,0.402925780322664,-0.0384171982946998,-0.0765857461864082,-0.0622359438314298,-0.253814610016257,0.0556229357249024,0.0926355547597201,0.0865785643640684,-0.0847367215819428,0.0138131351396322,0,0,0,0,0,0,0,0,0,0,0,0,0,0,0
5,0.0265301226435655,-0.306936766995299,-0.0352601454415458,0.0568876013065421,0.0193927980282195,-0.0521397307054131,-0.0254301448425795,-0.029557102354564,-0.220092654699093,-0.124714282171603,-0.0092550535453802,-0.280967203601405,-0.435072598354645,0,0,0,1,0,0,0,0,0,0,0,0,0,0,0
6,-0.0395325953675479,0.0684375181663757,-0.050883979626987,0.605535470161796,0.0875923262608312,0.0880072729480803,-0.022249103294122,0.0078138793110076,-0.0566255879195426,0.26300961092412,0.108568459601508,0.244062296411372,0.270087677283861,0,0,1,0,0,0,0,0,0,0,0,0,0,0,0
1,-0.0914414262291136,-0.0175623972828351,-0.0908276193345379,-0.358302627857813,-0.139712985296071,-0.172805904232839,-0.0014729188556185,0.133312632577762,0.134814245158727,-0.0691103281254467,0.0783455258394621,-0.122257395439388,0.104671059909185,0,0,0,0,0,0,0,0,0,1,0,0,0,0,0
6,0.0618011916292621,-0.365179845386747,-0.0459761978300943,0.369016532796572,-0.0539639859146509,0.204012822617649,-0.0187643266976935,-0.136113707092494,0.34996114520681,0.0302793045327558,0.0911829819822591,-0.151796248940288,0.265534741658711,0,0,0,1,0,0,0,0,0,0,0,0,0,0,0
6,-0.0100722602768243,0.0112663606978581,-0.0862291450470902,0.31250216038298,0.0331829286653209,0.0448347736970494,-0.0417254846251061,-0.237245843373724,-0.0552499428351203,-0.153883744601683,-0.125180939018599,-0.177445358967219,-0.78030874353375,1,0,0,0,0,0,0,0,0,0,0,0,0,0,0
3,0.189298673281628,-0.0412081346035704,-0.064879121942027,-0.0597646341218998,0.0174724814478536,-0.0961675434473969,-0.064211017608898,-0.0401854329966665,0.140729779525694,-0.060394874054045,-0.0378842528539033,0.0124902286387126,-0.364053935444413,0,0,0,0,0,0,0,0,0,1,0,0,0,0,0
4,0.0713704825055168,-0.066539022861514,-0.0250118885690294,-0.147978921431458,0.088809879589414,0.171080934357911,-0.0213859322533084,-0.093471403698326,0.0010795075053705,-0.0418899887883072,0.0026940002528059,0.135512723916302,0.282401667054464,0,0,0,0,0,0,0,0,1,0,0,0,0,0,0
7,-0.0753752110409413,-0.303698714387333,0.0841619153052987,0.39154603274044,0.0875407570872182,0.0513877942779728,0.0523591670541567,-0.105036550238429,0.14236811062953,0.200569912053052,0.163620649377769,0.360235586322492,1.06450385793618,0,0,0,0,0,0,0,0,0,0,0,0,0,1,0
5,0.0902164933630628,-0.159235567649816,-0.0288815924156282,-0.4635511374099,0.105580963464465,-0.0332104897380957,-0.0198660286613639,-0.538120902924343,0.210350481278835,0.0265085525012901,0.0822983947143537,-0.0907111530619968,-0.143937818349433,0,0,0,1,0,0,0,0,0,0,0,0,0,0,0
6,-0.159515103006634,0.282160930503743,0.198526970316266,0.263722168536906,0.0158238299104327,0.040629108495771,0.0608611858146655,-0.147923330237028,0.0180460817365304,-0.0115106179463478,-0.100148663249102,0.101960359794927,-0.0590948200832809,0,0,0,0,0,0,0,0,1,0,0,0,0,0,0
5,-0.0674558211346767,-0.649363798509961,-0.12142066072933,0.23340731948036,-0.0854356862412219,0.214412945219499,-0.0086958206073883,-0.272203921832524,0.0738863873726898,0.0439301321435256,0.0062100010344834,0.203925060450777,0.393991118882719,0,0,0,0,0,0,0,0,1,0,0,0,0,0,0
7,-0.0907568590406907,0.403138488865653,-0.0008296725534594,0.152532929723664,-0.0966131522585397,-0.0666048254606755,0.0064603559786023,0.104398634334164,0.101515169031708,-0.047811616559858,-0.307460520360857,0.175652454252096,-0.554285977105873,0,0,0,0,0,0,0,0,0,0,0,0,0,1,0
9,0.0319128322428827,-0.584310746158882,-0.161472609103531,1.12634610299775,0.0883033057564473,0.21478280449319,-0.0074420678802839,-0.320483392025205,-0.0046661856192668,0.0777322549099123,0.164784453461797,0.381833451859223,0.609191671319902,0,0,0,0,0,0,0,0,1,0,0,0,0,0,0
0,0.060649966262187,0.547029226475397,0.0123386969323689,-0.991350835735373,-0.0378713509787695,-0.195244209859126,-0.0449082467983336,0.318970192141549,-0.327873303864004,-0.0314483703773364,-0.0869814768115288,-0.26914727707712,-0.461191950987891,0,0,0,0,0,0,0,0,0,0,0,0,0,0,0
7,-0.104286229989147,-0.190607253450156,0.152301884516711,0.589607956552771,0.180802531031087,0.235461676826716,0.0248113876421628,-0.200231814651856,0.103462431555599,0.0257658710544529,0.246223013936298,0.170354846363304,0.450978450673506,0,0,0,0,0,0,0,0,0,0,0,0,0,0,1
7,0.361039568247947,0.0343384240801504,-0.0492963832998069,-0.843890586518797,0.0130084484813089,-0.0976230992400504,-0.0797672850394692,-0.01961322665894,-0.19519521751378,-0.0605171316871604,-0.0505381028457666,-0.158199124760791,-0.283732688574585,0,0,0,0,0,0,0,0,0,0,0,0,0,0,0
2,0.234766228593907,0.0186849669724203,-0.0520348636689618,-0.54531282380648,-0.013482899025392,-0.0799090960861746,-0.0695811805698018,0.0651424623537405,-0.0032510858746504,-0.0700668475555756,-0.0857122442124762,-0.136703946284205,-0.567382795372534,0,0,0,0,0,0,0,0,0,1,0,0,0,0,0
7,0.04161864394266,0.205828194607699,-0.0438063694317933,0.506892578579875,0.0894046206052882,0.150456618303136,-0.0374032603035492,-0.0260621293219565,-0.102607455095221,-0.0259828501373715,0.191453678808891,0.179731767833292,0.476931201884301,0,0,0,0,0,0,0,0,0,0,0,1,0,0,0
9,-0.068877325486406,-0.616274164348079,-0.0903016713191145,1.33816062642181,0.0451247504849652,0.160490753945755,-0.0057953624828374,-0.334808647149191,-0.245353421379086,0.25844277518745,0.145910433936024,0.576382731666023,0.986938109119729,0,0,0,0,0,0,0,0,1,0,0,0,0,0,0
5,-0.159450173798903,-0.120672550499486,0.0016868784509069,0.206392649091991,0.0917789275235012,-0.0591965457300426,0.0227807991241486,-0.102027024919091,-0.0870414543597303,0.178438941298986,0.0114543066110906,0.0650826300238557,-0.114019937467969,0,0,0,0,0,0,0,0,0,0,0,0,0,0,0
9,0.0404604849893827,-0.398159705694556,-0.224150170243748,0.652355248284992,-0.221587673760096,0.237362782452015,-0.0234909020518515,-0.254887571250493,0.0375120452576642,-0.0623231830218419,-0.0704115825472661,0.0458204552518483,-0.220294011007494,0,0,0,0,0,0,0,1,0,0,0,0,0,0,0
5,0.24392546071769,0.53373372579507,-0.156951767282072,-0.140697139058612,0.0462553250474955,-0.102195315948249,-0.0832561411259858,0.54528504919852,0.109492963431882,-0.026494639812002,-0.153863990241903,0.0591575589744436,-0.0270758636840995,0,0,0,0,0,0,0,1,0,0,0,0,0,0,0
1,0.0705260086435614,-0.0677978286066314,-0.0510989573115068,-0.0148256671531201,-0.0250081644419946,-0.188487518521687,-0.0571219794811777,-0.352956531088105,-0.0945172185152345,-0.239130157356228,-0.155735609068074,-0.323173593046223,-0.302582442809401,0,1,0,0,0,0,0,0,0,0,0,0,0,0,0
9,-0.0521170824011943,-0.19715785923836,-0.0697094044852839,0.77433524971194,0.0174434473791614,-0.0174624262765347,0.0048725182121426,-0.202122418222841,-0.182117776098286,-0.166703237318872,0.0775071672977878,-0.0995125088848675,-0.21945477498515,0,0,0,0,0,0,0,0,1,0,0,0,0,0,0
3,-0.280641705371035,-0.408227811968315,0.119994957072336,0.623861513304491,0.0247873915171056,0.0986710623256253,0.0896558358452087,-0.314240368702717,-0.0195076535701213,0.0811737843874905,0.367774225541163,-0.0788815786896182,0.851701302656435,0,0,1,0,0,0,0,0,0,0,0,0,0,0,0
2,-0.244668230833479,-0.313069947446045,0.0252235079951645,0.321084896621785,0.044656178479282,0.0205178981195441,0.0353131947743505,-0.135342372495345,-0.0211537529940161,-0.132416783288164,0.0222535104328312,-0.199763390938882,-0.386152954944682,0,0,0,0,1,0,0,0,0,0,0,0,0,0,0
3,-0.169003170149714,0.0553120266392277,-0.0498051782722391,0.358219878346055,0.0012300926192147,-0.0200188783439122,0.0064959427008048,-0.017848710789516,-0.0980259396147848,-0.0232200127293948,0.0431649781332064,0.0627144053907087,0.174357255999378,0,0,0,0,0,0,0,0,0,0,0,1,0,0,0
4,0.0112649340113253,0.586021174157468,-0.0267445689748878,-0.607196028305328,-0.0989418634524397,-0.174309573773918,-0.0166976855796821,0.411204087130849,-0.0059489568881818,-0.178161979187909,-0.222492471371961,-0.0077411110162551,-0.828667871335589,0,0,0,0,0,0,0,0,0,1,0,0,0,0,0
3,0.227748665201553,0.101071833905816,0.146880306035702,-1.13240410064499,-0.203834041626059,-0.258799864445442,-0.0611245746984883,0.0884140222868524,-0.0064861726788626,-0.269501348149633,-0.26695872166443,-0.435114095165274,-1.45919228847176,0,0,0,0,0,0,1,0,0,0,0,0,0,0,0
9,-0.125972277987401,0.155044615413522,-0.0441763916546998,0.452172667806681,-0.0032798963362319,-0.0595696361852549,-0.0266257957306644,-0.478568644943035,-0.0870773677198434,-0.0478680982195725,0.0094909512805459,0.247501459311536,-0.212292434828022,0,0,0,0,0,0,0,1,0,0,0,0,0,0,0
0,0.0885054822080495,0.583334327280153,-0.0237844260724596,-1.04554624660069,0.0327665718598161,-0.0045878636541097,-0.054330700610674,0.135744970357777,0.0794827502785335,-0.120568491139163,0.0621133412905904,-0.34534476362504,-0.409126028328504,0,0,0,0,0,1,0,0,0,0,0,0,0,0,0
8,0.204934656931626,0.167292495200032,-0.0678028448677895,0.429164221475601,-0.184922609431984,0.0272991827056315,-0.0435748878499422,0.0513567636208516,0.377998263648436,0.0214580954848573,0.0562598262945585,0.0244572455594628,-0.0413467998249003,0,0,0,0,0,0,0,0,0,0,0,1,0,0,0
9,0.481092931484782,-0.219997581549839,-0.113380364388895,-0.0132519637981622,-0.0509202689852068,-0.177381773034906,-0.12645659423283,-0.0209887869147287,-0.136850761220853,-0.0993149980380739,-0.0921515096487415,-0.147083531123714,-0.0740786040335767,0,0,0,0,0,0,0,0,1,0,0,0,0,0,0
5,-0.384272326946063,-0.185217653872586,0.0099448901238136,0.0089958558738923,0.0867239024972652,0.227085103719803,0.0763942895552278,-0.369141368948346,-0.0914639143983467,-0.0306471929532285,0.027610268065336,0.275878170161108,0.150018016523956,0,0,0,0,0,0,0,0,0,0,0,0,0,1,0
9,-0.0495113128307559,-0.341144846032658,-0.167045277184926,1.19823980283981,0.0355928225106048,0.10329440078175,-0.0362494451680241,-0.188886999510931,-0.0724148442059518,0.0763927990563763,0.181993366105969,0.0988677993482328,0.5031862907624,0,0,0,0,0,0,0,1,0,0,0,0,0,0,0
3,-0.165884079230193,-0.0237476906252809,0.106977488208647,-0.45484064365178,-0.0043272537510637,-0.201379422169552,0.0399699770985319,-0.0534222785942683,0.0560349935462682,0.0641855783276758,-0.0275771603003641,-0.024650534445488,-0.296921454328415,0,0,0,0,1,0,0,0,0,0,0,0,0,0,0
4,-0.101819097147992,-0.859667258777042,-0.132700421619718,0.529400861437104,0.096876612094991,0.366904622798533,0.0270926498205297,-0.553349945802553,-0.0417372014559011,0.0767416565412895,0.106765998641166,0.283094052011677,0.723295825471239,0,0,0,0,0,0,0,0,1,0,0,0,0,0,0
8,-0.18915123880997,-0.394673983276611,-0.0524481578794584,0.850998830890851,0.0444422337373707,0.0740383353881532,0.0003879191024044,-0.297191713335951,-0.0509286489610485,0.201519544189196,-0.014094354195466,0.380630285083851,0.152969399503815,0,0,0,0,0,0,0,0,0,0,0,1,0,0,0
2,-0.11739740886469,-0.697435015461913,-0.0582824827218702,-0.469117637350887,-0.0340435842321399,-0.0051735742451875,0.0299076916046509,-0.45116700003432,-0.0086534102333511,-0.0283515425241699,0.213162791046785,-0.180905554375886,-0.0306491985460204,0,0,0,0,0,1,0,0,0,0,0,0,0,0,0
5,-0.281007886186918,-0.590118464212845,-0.0512047857748229,0.424929040135317,0.0968084274049164,-0.131823604079077,0.0629929199710053,-0.427315478464889,0.0407161676789889,0.106078162907767,0.0176448602965351,0.16832668537141,0.165716799921268,0,0,0,0,0,0,1,0,0,0,0,0,0,0,0
7,0.200367332504275,-0.563255471425441,-0.136523551425185,0.790914166492915,0.0175512732628439,0.023705717031458,-0.0381550427646376,-0.509261078713638,-0.0327164075577009,-0.0390953824066636,-0.0853418301218756,-0.13415183490216,0.172984973207666,0,0,0,0,0,0,0,0,0,1,0,0,0,0,0
9,-0.103128218140632,0.0343465399643472,0.0643386502657431,0.49935966919491,-0.0104708241305028,0.123208230314976,0.0331635193833646,0.0378353111331002,0.145662564676216,-0.0522411292695883,0.0061438870058754,0.271005113436039,0.103984382253984,0,0,0,0,0,0,0,0,0,0,0,0,1,0,0
4,0.244652322507699,0.388493325534328,0.0835465077851259,-0.536072352896397,-0.0982452229565921,-0.25492780366033,-0.0403270304868971,0.442791870633057,0.015730253122964,-0.0466364908163599,-0.176247039881051,-0.121437855601075,-0.55986585511987,0,0,0,0,0,0,0,0,0,0,0,0,0,0,0
6,0.158347683193339,0.111181850612815,-0.0422087759473399,0.0652957056061293,0.0418784979041062,-0.0964933974519943,-0.0371899672997328,0.317234459515494,0.0748598026027558,0.039044644723478,0.0799764134368404,0.130160642956558,0.131718370935624,0,0,0,0,0,0,0,0,0,0,1,0,0,0,0
7,-0.0440927299004269,-0.219031254221739,-0.0200890476659333,-0.160357871352941,-0.0724755694737774,-0.0990924367698562,0.0343496426004287,-0.353164874816097,-0.197071528879847,-0.030629284862855,-0.0241652883985464,0.178374363996873,-0.148562600549424,0,0,0,0,0,0,0,0,0,0,1,0,0,0,0
7,0.224495234003478,-0.265083727584675,-0.0516746433513532,-0.227520255585667,-0.204701707481223,-0.106481948312443,-0.0433472177192651,0.266575680969153,-0.0927006774049379,-0.0768108301928848,-0.183154812814209,0.207986368939003,-0.437803229600422,0,0,0,0,0,0,0,0,0,0,0,0,1,0,0
7,-0.116764847760332,-0.0228627687138747,-0.0262318505694656,0.626298647627703,-0.0742774427024792,0.204775680635043,0.0279957894368939,0.305210916536714,0.151567859901909,0.063087880758944,-0.0091626774858801,0.0789155315971982,0.572291005114308,0,0,0,0,0,0,0,0,0,0,1,0,0,0,0
